NAME N100_rc_0.7_rGamma_1_dc_0.035_dGamma_0.0005_jeu_100_50_8.txt
NUM_ITEMS 100
SOURCE r_100_50_8
PARAMETERS
r_c 0.7
r_Gamma 1
d_c 0.035
d_Gamma 0.0005

BOUNDS
c_lb 0.00
c_ub 166.05
Gamma_lb 16
Gamma_ub 17
B_i_1_lb 0.00 0.00 0.00 0.00 0.00 0.00 0.00 0.00 0.00 0.00 0.00 0.00 0.00 0.00 0.00 0.00 0.00 0.00 0.00 0.00 0.00 0.00 0.00 0.00 0.00 0.00 0.00 0.00 0.00 0.00 0.00 0.00 0.00 0.00 0.00 0.00 0.00 0.00 0.00 0.00 0.00 0.00 0.00 0.00 0.00 0.00 0.00 0.00 0.00 0.00 0.00 0.00 0.00 0.00 0.00 0.00 0.00 0.00 0.00 0.00 0.00 0.00 0.00 0.00 0.00 0.00 0.00 0.00 0.00 0.00 0.00 0.00 0.00 0.00 0.00 0.00 0.00 0.00 0.00 0.00 0.00 0.00 0.00 0.00 0.00 0.00 0.00 0.00 0.00 0.00 0.00 0.00 0.00 0.00 0.00 0.00 0.00 0.00 0.00 0.00
B_i_1_ub 100.55 93.46 87.72 73.86 77.44 67.21 86.14 92.31 100.75 63.27 68.98 92.51 97.21 77.47 85.65 82.49 70.74 76.73 103.90 67.44 87.84 77.01 96.73 95.09 83.41 86.27 94.07 86.21 87.04 82.57 76.00 95.29 73.54 82.95 82.83 93.16 93.34 78.46 90.02 91.98 66.10 84.19 69.91 88.42 64.01 82.30 84.41 73.64 72.19 91.50 84.14 95.58 77.27 98.51 81.69 79.79 78.78 70.85 93.61 87.07 81.02 84.67 95.24 94.60 82.24 78.74 92.66 72.50 82.02 75.09 90.61 89.60 92.71 86.20 76.23 96.82 93.12 77.64 77.53 86.24 86.57 81.07 90.09 81.17 81.77 85.39 82.06 60.24 82.38 78.31 77.16 76.97 80.24 91.71 86.48 71.03 69.62 72.32 96.30 86.69
B_i_0_lb 0.00 0.00 0.00 0.00 0.00 0.00 0.00 0.00 0.00 0.00 0.00 0.00 0.00 0.00 0.00 0.00 0.00 0.00 0.00 0.00 0.00 0.00 0.00 0.00 0.00 0.00 0.00 0.00 0.00 0.00 0.00 0.00 0.00 0.00 0.00 0.00 0.00 0.00 0.00 0.00 0.00 0.00 0.00 0.00 0.00 0.00 0.00 0.00 0.00 0.00 0.00 0.00 0.00 0.00 0.00 0.00 0.00 0.00 0.00 0.00 0.00 0.00 0.00 0.00 0.00 0.00 0.00 0.00 0.00 0.00 0.00 0.00 0.00 0.00 0.00 0.00 0.00 0.00 0.00 0.00 0.00 0.00 0.00 0.00 0.00 0.00 0.00 0.00 0.00 0.00 0.00 0.00 0.00 0.00 0.00 0.00 0.00 0.00 0.00 0.00
B_i_0_ub 101.65 93.60 88.11 74.00 77.97 67.35 86.25 92.87 101.24 64.22 69.08 93.36 99.31 77.86 85.65 83.19 71.09 77.68 105.02 67.58 88.34 77.15 97.15 95.72 84.26 86.79 95.58 86.49 87.74 82.57 76.28 95.75 73.68 84.18 82.83 93.26 93.34 78.84 90.16 92.86 66.46 84.19 70.02 89.02 64.08 82.37 84.73 73.89 72.19 91.57 84.74 95.76 77.97 98.51 81.75 80.21 79.28 70.89 94.28 88.44 82.04 84.77 95.66 95.82 83.02 78.74 93.04 72.71 82.23 75.09 91.28 90.86 93.10 86.90 76.58 97.17 94.70 77.88 77.77 86.24 86.88 81.74 90.44 81.24 81.88 85.50 82.65 60.24 82.52 78.95 77.16 77.39 80.24 92.48 86.62 71.24 69.69 72.81 97.10 87.18
c_i_1_lb 64.40 21.70 0.00 0.00 0.00 0.70 40.60 0.00 58.10 0.00 0.00 50.40 0.00 16.10 0.00 0.00 0.00 0.00 0.00 2.10 15.40 0.00 0.00 0.00 4.90 34.30 0.00 0.00 0.00 42.70 0.00 0.00 50.40 0.00 38.50 39.90 0.00 0.00 38.50 4.20 0.00 51.10 0.00 61.60 0.00 0.00 0.00 0.00 42.70 41.30 13.30 0.00 0.00 61.60 0.00 50.40 0.00 70.00 11.20 0.00 0.00 18.90 16.10 0.00 0.00 0.00 0.00 0.00 11.20 0.00 21.70 30.80 0.00 0.00 0.00 8.40 48.30 63.70 0.00 7.70 49.00 0.00 0.00 30.80 0.00 15.40 0.00 42.00 0.00 0.00 18.90 0.00 0.00 41.30 0.00 66.50 0.00 0.00 62.30 66.50
c_i_1_ub 164.95 115.16 87.72 73.86 77.44 67.91 126.74 92.31 158.85 63.27 68.98 142.91 97.21 93.57 85.65 82.49 70.74 76.73 103.90 69.54 103.24 77.01 96.73 95.09 88.31 120.57 94.07 86.21 87.04 125.27 76.00 95.29 123.94 82.95 121.33 133.06 93.34 78.46 128.52 96.18 66.10 135.29 69.91 150.02 64.01 82.30 84.41 73.64 114.89 132.80 97.44 95.58 77.27 160.11 81.69 130.19 78.78 140.85 104.81 87.07 81.02 103.57 111.34 94.60 82.24 78.74 92.66 72.50 93.22 75.09 112.31 120.40 92.71 86.20 76.23 105.22 141.42 141.34 77.53 93.94 135.57 81.07 90.09 111.97 81.77 100.79 82.06 102.24 82.38 78.31 96.06 76.97 80.24 133.01 86.48 137.53 69.62 72.32 158.60 153.19
c_i_0_lb 64.40 21.70 0.00 0.00 0.00 0.70 40.60 0.00 58.10 0.00 0.00 50.40 0.00 16.10 0.00 0.00 0.00 0.00 0.00 2.10 15.40 0.00 0.00 0.00 4.90 34.30 0.00 0.00 0.00 42.70 0.00 0.00 50.40 0.00 38.50 39.90 0.00 0.00 38.50 4.20 0.00 51.10 0.00 61.60 0.00 0.00 0.00 0.00 42.70 41.30 13.30 0.00 0.00 61.60 0.00 50.40 0.00 70.00 11.20 0.00 0.00 18.90 16.10 0.00 0.00 0.00 0.00 0.00 11.20 0.00 21.70 30.80 0.00 0.00 0.00 8.40 48.30 63.70 0.00 7.70 49.00 0.00 0.00 30.80 0.00 15.40 0.00 42.00 0.00 0.00 18.90 0.00 0.00 41.30 0.00 66.50 0.00 0.00 62.30 66.50
c_i_0_ub 166.05 115.30 88.11 74.00 77.97 68.05 126.85 92.87 159.34 64.22 69.08 143.76 99.31 93.96 85.65 83.19 71.09 77.68 105.02 69.68 103.74 77.15 97.15 95.72 89.16 121.09 95.58 86.49 87.74 125.27 76.28 95.75 124.08 84.18 121.33 133.16 93.34 78.84 128.66 97.06 66.46 135.29 70.02 150.62 64.08 82.37 84.73 73.89 114.89 132.87 98.04 95.76 77.97 160.11 81.75 130.61 79.28 140.89 105.48 88.44 82.04 103.67 111.76 95.82 83.02 78.74 93.04 72.71 93.43 75.09 112.98 121.66 93.10 86.90 76.58 105.57 143.00 141.58 77.77 93.94 135.88 81.74 90.44 112.04 81.88 100.90 82.65 102.24 82.52 78.95 96.06 77.39 80.24 133.78 86.62 137.74 69.69 72.81 159.40 153.68
c_1_lb 0.00
c_1_ub 164.95
c_0_lb 0.00
c_0_ub 166.05

BOUND_TIMES
k_max_time 0.001368
Gamma_ub_time 0.000121
B_i_1_lb_time 0.007665
B_i_1_ub_time 0.028560
B_i_0_lb_time 0.007721
B_i_0_ub_time 0.028293

DDRO_PARAMETERS
a_0 16
b_0i 0 0 0 0 0 0 0 0 0 0 0 0 0 0 0 0 0 0 1 0 0 0 0 0 0 0 0 0 0 0 0 0 0 0 0 0 0 0 0 0 0 0 0 0 0 0 0 0 0 0 0 0 0 0 0 0 0 0 0 0 0 0 0 0 0 0 0 0 0 0 0 0 0 0 0 0 0 0 0 0 0 0 0 0 0 0 0 0 0 0 0 0 0 0 0 0 0 0 0 0
a_i 64.40 21.70 0.00 0.00 0.00 0.70 40.60 0.00 58.10 0.00 0.00 50.40 0.00 16.10 0.00 0.00 0.00 0.00 0.00 2.10 15.40 0.00 0.00 0.00 4.90 34.30 0.00 0.00 0.00 42.70 0.00 0.00 50.40 0.00 38.50 39.90 0.00 0.00 38.50 4.20 0.00 51.10 0.00 61.60 0.00 0.00 0.00 0.00 42.70 41.30 13.30 0.00 0.00 61.60 0.00 50.40 0.00 70.00 11.20 0.00 0.00 18.90 16.10 0.00 0.00 0.00 0.00 0.00 11.20 0.00 21.70 30.80 0.00 0.00 0.00 8.40 48.30 63.70 0.00 7.70 49.00 0.00 0.00 30.80 0.00 15.40 0.00 42.00 0.00 0.00 18.90 0.00 0.00 41.30 0.00 66.50 0.00 0.00 62.30 66.50
b_ij
0 0.00 0.00 0.88 0.00 0.00 0.18 0.00 3.29 0.60 0.00 1.61 0.00 0.00 0.00 3.47 0.00 0.00 3.01 1.09 0.00 0.00 3.12 0.00 0.00 0.00 2.56 2.84 1.54 0.00 0.00 1.05 2.31 0.00 0.00 0.00 1.47 1.09 0.00 0.00 0.46 1.58 2.94 0.00 2.91 0.00 0.35 1.54 3.36 0.00 0.04 0.00 0.67 2.38 0.49 2.77 1.93 0.00 0.00 0.00 0.00 0.00 2.52 2.66 3.50 0.00 0.18 0.00 0.00 0.00 0.00 0.00 2.28 3.15 3.01 0.91 0.00 2.63 1.61 0.00 0.00 0.00 0.00 3.22 2.63 0.00 3.26 2.56 3.43 0.35 2.10 0.32 1.68 0.00 1.93 0.67 0.81 3.08 0.81 0.00 3.01
1 0.00 0.00 0.95 0.00 3.22 0.00 0.00 0.00 0.00 1.12 1.30 0.00 3.08 0.00 0.77 0.00 0.00 0.28 0.00 0.00 3.19 0.00 0.11 0.00 0.00 1.89 2.98 3.12 0.00 1.58 0.00 0.00 0.00 2.59 0.00 0.00 1.79 0.00 2.84 1.68 0.00 0.00 2.21 0.00 0.00 0.00 0.00 0.39 1.93 3.12 1.75 0.81 2.94 1.09 0.60 0.00 2.63 2.52 0.00 0.00 0.00 0.00 0.14 2.24 0.39 0.00 0.00 1.75 0.00 0.00 0.00 2.84 0.00 0.00 1.37 0.00 0.39 0.00 2.24 3.01 0.00 0.00 2.77 2.73 0.11 0.00 0.88 3.47 2.31 3.08 0.91 2.21 2.45 0.98 0.00 1.30 0.98 0.00 2.73 3.22
2 0.88 0.95 0.00 0.00 3.50 2.28 0.00 3.08 2.66 0.00 0.00 0.00 0.00 0.63 0.00 1.19 0.00 0.56 0.00 0.00 0.21 3.19 0.00 0.00 2.14 0.00 1.33 0.00 2.84 1.05 3.33 0.32 0.00 1.05 0.00 0.00 3.36 0.14 2.70 1.12 2.38 0.21 0.42 0.00 1.79 0.11 0.00 0.00 0.00 2.49 2.52 2.00 0.35 0.21 0.00 0.00 0.00 0.00 0.00 0.00 1.65 2.38 0.00 0.00 2.07 0.00 2.91 2.98 0.00 0.00 1.19 2.56 0.00 1.47 0.00 1.96 3.26 0.00 0.00 0.46 1.33 0.60 0.00 0.00 3.15 0.00 2.14 0.00 0.00 0.67 0.00 0.63 2.80 0.00 0.00 2.63 1.86 0.00 0.00 0.00
3 0.00 0.00 0.00 0.00 2.00 1.68 0.00 2.91 0.00 1.40 0.00 2.07 2.84 1.75 0.00 2.49 0.00 0.00 2.45 0.32 0.00 3.15 0.00 3.05 0.00 0.00 1.72 0.00 3.33 0.00 0.00 0.14 0.00 3.12 0.00 0.00 0.00 0.00 0.00 2.42 0.63 0.00 3.43 0.00 0.00 0.00 0.60 0.00 0.00 2.63 0.00 0.00 0.00 0.00 0.81 1.54 0.00 3.01 0.00 0.00 0.67 0.00 1.44 0.00 0.39 2.70 0.42 0.00 0.98 3.47 1.37 0.00 0.00 0.00 0.00 0.00 0.00 0.00 1.47 3.01 0.00 0.00 1.33 0.00 0.98 0.00 0.00 0.00 0.00 0.00 1.58 0.98 0.00 0.28 1.26 1.23 0.53 0.56 0.00 0.00
4 0.00 3.22 3.50 2.00 0.00 0.42 0.53 0.00 2.14 0.00 0.28 2.63 0.00 0.14 1.09 0.00 0.00 1.33 0.00 0.00 1.16 0.56 0.00 2.35 1.19 0.00 0.00 1.40 1.40 3.01 0.00 2.91 2.38 0.00 0.00 0.00 2.31 0.11 0.00 0.00 0.00 0.35 0.70 0.00 0.39 0.00 0.00 0.00 0.00 0.39 0.32 0.21 0.00 3.36 0.00 0.00 2.10 0.77 0.00 1.86 0.00 0.98 1.02 0.00 2.31 1.93 0.00 0.00 0.00 0.00 1.72 0.00 1.51 0.74 3.36 0.00 1.02 1.33 0.00 0.00 0.46 0.00 0.21 0.21 0.00 0.00 0.00 0.07 2.24 2.24 2.00 0.00 0.00 3.22 1.02 0.91 2.14 1.89 0.00 1.26
5 0.18 0.00 2.28 1.68 0.42 0.00 0.00 3.26 0.00 0.00 0.00 1.09 0.00 1.09 0.00 2.24 0.00 0.00 0.00 0.00 0.00 0.00 2.28 0.95 0.00 0.00 2.31 2.59 0.00 0.00 0.00 1.16 0.11 1.40 0.00 0.00 3.40 0.35 3.15 0.84 0.00 0.35 1.61 2.10 0.00 0.56 0.14 2.03 0.00 0.00 0.56 0.42 0.00 1.30 0.14 1.26 1.09 0.00 0.00 0.00 0.49 0.00 0.00 0.00 1.68 0.00 0.42 0.00 2.10 0.00 0.00 0.00 0.00 0.00 0.00 0.74 3.36 0.18 2.03 1.68 0.00 0.00 0.00 0.00 0.81 2.94 0.00 0.11 0.00 0.00 0.00 0.00 0.00 0.00 3.19 2.52 0.00 1.37 0.00 1.79
6 0.00 0.00 0.00 0.00 0.53 0.00 0.00 0.00 0.00 2.56 0.00 0.00 0.00 1.02 0.00 0.00 0.00 0.00 0.88 0.04 0.00 0.00 2.98 0.49 0.00 0.18 0.46 3.33 2.45 0.00 0.88 1.86 2.87 0.84 0.00 3.19 3.12 3.01 0.00 1.33 0.00 0.28 0.11 0.00 0.00 0.00 2.49 0.00 2.59 2.52 0.00 0.00 0.00 0.00 0.18 0.00 2.14 0.00 0.00 1.26 2.24 0.00 3.19 1.79 0.00 0.00 2.87 0.00 0.39 0.00 1.68 0.74 3.33 1.47 0.00 2.00 1.82 0.00 1.19 0.00 0.91 0.00 0.00 2.73 2.59 1.89 0.00 1.44 1.86 0.00 2.98 0.00 3.22 0.00 0.56 1.26 0.00 0.00 2.52 0.00
7 3.29 0.00 3.08 2.91 0.00 3.26 0.00 0.00 1.23 0.00 0.00 1.16 1.72 0.00 0.00 0.00 0.00 1.54 1.68 0.00 2.42 0.53 0.00 0.00 0.00 0.49 0.00 0.00 0.00 2.24 2.49 1.44 1.82 0.53 2.63 3.40 0.00 1.16 1.26 0.00 0.00 1.79 1.86 1.51 0.00 2.03 0.00 1.51 0.00 0.00 1.16 1.96 0.00 0.00 0.00 0.00 0.00 0.00 2.63 0.53 2.73 2.38 2.10 0.00 1.58 0.00 0.00 0.00 0.00 0.70 0.00 3.12 1.93 2.59 1.02 0.00 0.00 2.91 2.38 0.00 0.00 0.00 0.00 2.66 0.00 0.91 0.67 0.00 2.28 0.00 3.50 0.00 0.00 1.93 3.36 3.43 0.07 0.00 0.60 0.07
8 0.60 0.00 2.66 0.00 2.14 0.00 0.00 1.23 0.00 3.08 1.61 2.49 1.54 1.72 0.00 2.70 0.00 2.42 3.40 0.00 0.00 0.91 2.59 2.24 0.67 0.00 0.00 2.80 0.00 2.56 0.00 0.00 0.70 3.50 0.00 2.31 0.00 0.00 0.00 3.33 0.00 0.00 0.00 0.00 0.00 1.47 1.19 3.08 0.00 0.42 2.03 2.38 0.00 3.08 0.00 2.63 0.00 2.63 2.73 1.16 0.74 1.86 2.94 0.00 0.00 0.11 3.08 3.01 0.00 0.32 0.00 2.63 0.00 0.00 2.94 0.00 0.00 2.14 3.47 0.00 0.00 0.00 0.00 2.45 0.00 1.37 0.00 0.00 3.22 0.00 0.00 0.00 2.94 0.25 0.00 0.00 0.00 0.00 0.00 1.58
9 0.00 1.12 0.00 1.40 0.00 0.00 2.56 0.00 3.08 0.00 0.84 1.26 2.10 0.00 0.00 0.00 0.00 0.00 3.33 0.00 0.00 2.73 0.00 0.53 0.00 0.53 0.00 0.00 0.00 0.00 0.00 0.00 1.40 1.61 0.00 0.00 0.04 2.10 0.00 2.59 0.00 0.00 0.00 0.00 0.00 0.67 0.00 1.58 0.00 0.00 0.00 0.00 2.87 0.00 0.00 2.31 0.21 1.47 0.00 1.37 1.40 0.67 3.15 2.17 1.37 0.00 0.00 0.63 1.44 0.00 0.00 0.00 0.00 0.00 0.00 2.87 0.00 0.00 1.12 0.00 0.00 0.00 0.42 0.00 0.00 0.00 0.00 0.11 2.17 1.93 0.00 0.00 0.00 1.05 1.68 0.00 0.00 2.21 2.45 0.00
10 1.61 1.30 0.00 0.00 0.28 0.00 0.00 0.00 1.61 0.84 0.00 3.33 0.00 0.00 1.72 0.00 0.00 0.00 3.08 0.46 3.12 0.00 0.98 3.33 0.11 0.00 2.21 2.45 0.00 0.98 0.56 1.44 0.00 2.56 0.32 0.00 0.46 0.21 0.00 2.98 0.74 0.00 0.00 0.00 0.00 0.00 1.96 0.00 1.40 0.00 0.00 0.00 1.54 1.23 0.00 0.00 0.00 2.73 0.00 0.00 0.00 2.77 0.00 0.14 1.33 0.00 2.66 0.14 0.21 2.73 0.00 0.00 1.58 0.00 0.63 0.00 0.00 0.00 3.05 1.58 0.00 0.28 0.00 0.00 1.61 0.00 0.49 0.00 0.00 0.00 0.00 0.95 0.00 0.60 0.77 0.00 0.00 0.00 2.80 0.00
11 0.00 0.00 0.00 2.07 2.63 1.09 0.00 1.16 2.49 1.26 3.33 0.00 3.40 3.33 0.21 2.49 0.00 0.18 0.25 0.00 2.80 0.00 0.00 2.31 1.65 0.00 0.00 0.00 2.87 0.00 0.63 0.00 0.00 0.00 0.00 1.19 0.00 0.98 0.00 0.00 0.53 3.22 3.19 3.26 0.00 0.00 0.00 0.28 0.00 0.00 0.00 2.24 0.00 0.00 0.00 1.65 3.50 0.00 2.49 0.00 2.03 2.10 2.49 0.39 0.00 0.00 2.31 0.56 1.51 0.00 0.00 0.00 0.98 3.50 0.00 0.60 1.12 0.00 2.21 2.49 0.67 0.00 0.00 1.96 3.22 2.45 0.00 0.00 0.00 3.08 0.00 0.00 1.58 0.00 0.00 0.00 0.46 0.49 0.00 2.21
12 0.00 3.08 0.00 2.84 0.00 0.00 0.00 1.72 1.54 2.10 0.00 3.40 0.00 0.00 0.00 1.54 3.33 0.00 0.67 0.00 0.00 0.00 2.45 3.15 0.00 3.33 3.12 0.70 2.59 0.00 0.67 2.66 0.00 2.94 0.00 0.00 0.00 0.00 2.10 2.94 0.00 0.00 0.00 0.32 0.00 0.00 2.66 0.00 2.03 1.58 0.00 0.63 0.70 0.00 1.65 0.00 0.32 0.00 0.00 0.53 2.28 1.75 0.00 1.96 2.00 0.00 2.03 0.00 0.00 0.00 2.03 1.82 3.12 0.00 2.07 2.84 2.59 0.00 1.09 1.58 3.19 1.82 2.87 3.36 0.00 0.00 3.01 0.60 0.00 0.00 0.00 1.02 0.00 0.00 0.00 0.11 1.44 2.52 2.10 0.00
13 0.00 0.00 0.63 1.75 0.14 1.09 1.02 0.00 1.72 0.00 0.00 3.33 0.00 0.00 1.68 0.00 1.47 1.44 0.00 0.63 0.00 1.40 3.12 0.00 0.00 0.00 1.54 3.43 0.00 0.00 0.00 0.00 0.00 1.37 1.96 2.21 0.00 2.03 0.00 1.82 0.00 0.00 0.00 1.61 1.96 0.00 0.00 0.14 0.00 3.15 0.00 0.00 0.00 0.53 2.98 3.08 1.23 1.05 3.19 1.33 2.73 0.00 0.00 1.09 0.00 1.89 0.42 2.70 0.00 2.70 0.00 0.00 0.00 0.00 0.39 0.00 0.00 0.00 0.00 1.33 0.00 0.00 3.26 2.31 1.89 0.00 0.00 0.00 2.14 2.63 0.00 0.00 0.39 0.00 0.00 0.39 0.00 2.38 0.00 0.14
14 3.47 0.77 0.00 0.00 1.09 0.00 0.00 0.00 0.00 0.00 1.72 0.21 0.00 1.68 0.00 0.00 0.00 0.00 0.00 0.00 3.12 0.00 0.00 3.26 2.63 0.00 2.00 2.80 0.49 1.19 1.23 0.00 3.01 0.00 0.63 2.77 2.66 1.89 0.00 2.28 0.18 0.00 0.00 0.67 0.00 1.37 2.94 2.24 2.14 0.00 0.00 2.77 0.00 0.95 2.28 0.00 1.26 1.30 0.00 0.00 1.54 0.00 2.45 0.00 0.00 1.05 2.00 0.39 3.36 0.00 0.00 0.00 1.19 1.82 0.00 0.00 0.42 0.77 0.00 0.00 0.00 0.00 2.21 0.04 0.00 0.74 0.18 0.00 0.00 1.75 0.00 2.80 0.00 0.00 3.50 3.29 0.00 0.53 0.00 0.00
15 0.00 0.00 1.19 2.49 0.00 2.24 0.00 0.00 2.70 0.00 0.00 2.49 1.54 0.00 0.00 0.00 0.11 1.79 0.95 2.35 3.33 0.00 1.23 0.00 0.00 0.00 2.38 0.00 2.28 2.98 1.26 0.84 0.00 3.26 0.00 0.00 0.56 0.00 1.33 0.00 2.49 0.00 0.00 0.00 0.00 2.94 3.19 0.00 0.00 0.00 2.66 3.26 0.00 3.33 0.00 0.00 2.00 1.19 0.70 1.86 0.00 0.00 2.03 0.00 0.00 0.00 0.00 0.00 0.00 2.03 3.36 0.00 0.00 0.00 1.12 2.35 0.00 0.00 0.00 0.00 0.00 3.08 1.47 0.00 0.00 0.00 2.03 0.00 0.00 0.00 0.00 3.15 0.00 0.00 0.00 0.00 1.37 0.00 0.39 0.60
16 0.00 0.00 0.00 0.00 0.00 0.00 0.00 0.00 0.00 0.00 0.00 0.00 3.33 1.47 0.00 0.11 0.00 0.70 0.00 2.35 0.00 2.66 3.40 0.00 0.67 0.63 0.91 0.00 2.03 1.61 1.86 0.07 0.14 0.42 0.00 0.00 0.00 0.00 0.00 0.00 0.95 0.00 0.00 2.35 2.63 1.72 0.95 0.00 1.61 0.00 1.37 0.46 0.00 0.00 0.00 0.04 0.00 1.37 0.00 0.00 0.04 0.00 0.77 1.40 2.56 0.00 0.60 0.00 2.52 0.00 2.38 1.51 0.00 0.00 0.00 2.42 0.00 3.47 0.00 0.00 0.00 0.49 3.43 0.00 0.00 0.67 2.03 0.00 1.72 0.00 2.63 2.94 1.26 0.00 0.00 0.67 0.00 1.12 1.05 0.00
17 3.01 0.28 0.56 0.00 1.33 0.00 0.00 1.54 2.42 0.00 0.00 0.18 0.00 1.44 0.00 1.79 0.70 0.00 0.00 0.49 1.82 0.04 0.77 3.47 1.09 1.40 2.52 2.00 0.00 0.00 0.00 0.00 1.16 0.95 0.00 0.00 0.67 2.03 0.00 0.00 0.00 0.00 2.80 0.00 0.00 2.38 0.00 3.05 0.00 1.26 0.00 0.00 0.67 0.00 2.87 1.72 3.50 0.14 0.00 0.32 0.14 0.00 0.00 0.00 2.38 0.00 2.21 1.12 1.37 0.00 0.39 0.00 0.63 2.94 0.00 0.00 1.16 0.00 0.00 0.00 0.00 0.00 3.26 0.00 0.00 0.00 0.00 0.00 3.01 0.00 1.75 0.00 0.11 0.77 1.33 0.00 2.45 0.00 2.31 3.33
18 1.09 0.00 0.00 2.45 0.00 0.00 0.88 1.68 3.40 3.33 3.08 0.25 0.67 0.00 0.00 0.95 0.00 0.00 0.00 2.10 0.84 0.00 0.00 2.87 1.51 0.00 0.00 0.00 2.63 2.80 2.84 1.86 0.00 2.45 2.87 1.05 2.00 0.07 0.00 0.00 0.00 1.40 3.22 0.00 0.00 0.00 0.00 0.00 1.86 0.00 0.46 2.66 0.00 0.00 0.14 1.12 0.00 2.63 2.91 1.93 2.28 1.16 1.72 3.22 0.00 0.00 0.00 0.00 3.05 3.05 2.98 1.51 0.32 1.65 2.80 0.00 0.00 0.00 0.00 0.00 0.00 2.28 3.40 0.00 0.00 2.66 1.93 1.02 0.95 0.00 2.66 2.87 2.35 0.00 3.15 0.00 0.11 2.31 0.00 0.00
19 0.00 0.00 0.00 0.32 0.00 0.00 0.04 0.00 0.00 0.00 0.46 0.00 0.00 0.63 0.00 2.35 2.35 0.49 2.10 0.00 0.00 0.88 2.87 0.42 0.18 0.00 0.00 0.00 1.79 0.00 0.00 3.15 0.00 0.00 2.35 0.63 0.00 0.56 0.91 0.07 0.00 0.00 0.00 0.00 0.00 0.00 0.14 2.52 0.00 0.00 3.26 0.00 0.14 2.52 0.25 0.49 0.00 3.19 0.00 0.00 0.00 0.00 0.00 2.14 0.07 2.84 0.00 2.66 0.88 0.00 0.91 0.00 3.40 0.00 0.00 1.72 3.33 0.21 0.77 0.00 0.00 0.00 1.12 0.00 1.75 0.00 0.00 1.96 0.14 1.23 0.46 0.21 0.00 0.84 0.00 0.00 2.17 0.00 2.73 1.44
20 0.00 3.19 0.21 0.00 1.16 0.00 0.00 2.42 0.00 0.00 3.12 2.80 0.00 0.00 3.12 3.33 0.00 1.82 0.84 0.00 0.00 0.00 0.00 0.00 2.73 3.47 3.15 0.00 0.25 2.17 2.94 0.00 0.00 0.00 2.07 0.00 1.33 3.22 0.00 0.00 0.00 0.00 2.17 0.00 3.19 0.39 1.93 2.17 0.00 0.00 0.00 3.08 0.00 0.00 2.59 0.00 2.73 2.24 0.00 2.38 2.94 3.05 0.00 0.00 0.00 0.77 0.00 0.00 3.50 0.00 0.00 0.25 0.88 1.51 0.91 0.21 1.72 0.00 0.07 0.00 0.00 0.11 1.30 0.00 0.00 0.00 0.60 0.77 0.00 0.84 0.00 0.00 2.56 0.00 0.00 0.00 0.00 0.67 0.00 0.00
21 3.12 0.00 3.19 3.15 0.56 0.00 0.00 0.53 0.91 2.73 0.00 0.00 0.00 1.40 0.00 0.00 2.66 0.04 0.00 0.88 0.00 0.00 0.00 1.54 0.00 1.30 0.00 0.70 0.28 0.00 0.00 0.00 0.74 1.05 0.81 0.00 0.00 0.00 0.00 0.00 2.45 0.95 0.00 0.00 0.00 0.00 0.00 2.21 0.70 2.77 0.56 0.07 1.72 2.49 0.04 2.56 0.00 0.00 1.47 0.00 0.00 0.00 1.72 0.00 0.00 2.31 0.00 0.00 0.63 2.14 3.05 0.00 0.42 0.00 0.00 0.95 0.00 3.43 0.00 0.00 2.42 0.00 3.15 0.35 0.70 3.36 2.63 1.72 0.00 1.09 0.00 0.56 0.95 0.00 1.79 0.56 2.49 0.00 0.00 0.00
22 0.00 0.11 0.00 0.00 0.00 2.28 2.98 0.00 2.59 0.00 0.98 0.00 2.45 3.12 0.00 1.23 3.40 0.77 0.00 2.87 0.00 0.00 0.00 2.63 2.14 0.00 3.26 1.12 0.25 0.00 2.87 0.00 0.60 0.00 0.00 3.26 0.70 0.00 0.00 0.00 0.00 0.00 0.00 0.00 0.00 0.00 0.00 0.00 0.04 3.15 1.79 1.86 0.00 1.40 0.00 2.31 2.14 0.39 0.00 2.52 0.00 0.88 3.50 0.00 0.49 0.00 1.09 0.00 0.00 0.00 0.00 0.00 2.00 3.26 1.61 0.00 3.50 0.00 2.42 0.00 0.00 3.40 0.00 3.50 0.07 0.11 1.79 0.00 0.00 0.00 1.72 0.00 0.00 0.88 3.19 3.29 0.00 2.59 3.05 0.00
23 0.00 0.00 0.00 3.05 2.35 0.95 0.49 0.00 2.24 0.53 3.33 2.31 3.15 0.00 3.26 0.00 0.00 3.47 2.87 0.42 0.00 1.54 2.63 0.00 0.70 0.98 0.00 0.00 0.00 0.00 3.15 0.00 0.49 0.00 0.00 0.00 0.00 0.00 2.52 1.05 0.00 3.15 2.35 0.00 1.75 0.00 0.70 0.00 0.00 0.00 0.00 0.21 2.14 2.98 2.70 0.00 0.00 1.23 0.00 0.81 0.00 1.26 0.00 0.74 2.80 1.40 0.28 0.00 0.00 0.00 3.43 2.91 0.00 0.00 0.00 2.94 1.37 0.00 0.00 0.00 1.58 2.94 0.00 0.63 3.43 3.05 0.00 1.26 0.07 1.23 3.29 0.00 0.25 0.84 0.25 0.46 0.00 0.39 1.54 0.63
24 0.00 0.00 2.14 0.00 1.19 0.00 0.00 0.00 0.67 0.00 0.11 1.65 0.00 0.00 2.63 0.00 0.67 1.09 1.51 0.18 2.73 0.00 2.14 0.70 0.00 0.00 1.82 0.00 0.00 2.56 0.00 0.00 0.00 1.79 3.43 0.00 0.00 2.03 3.29 0.00 3.05 2.91 2.45 0.00 0.77 0.00 1.47 0.00 0.00 1.26 2.87 2.98 0.56 1.86 0.00 0.53 1.40 0.00 2.03 0.14 0.00 0.00 0.00 0.56 1.54 0.00 2.94 3.36 0.00 0.53 1.93 1.02 1.96 0.70 1.68 0.00 1.54 0.53 0.00 1.05 1.19 2.63 0.00 2.80 3.15 0.00 1.16 0.00 0.00 1.82 0.00 1.40 0.00 0.00 0.00 0.00 0.00 0.74 0.00 0.00
25 2.56 1.89 0.00 0.00 0.00 0.00 0.18 0.49 0.00 0.53 0.00 0.00 3.33 0.00 0.00 0.00 0.63 1.40 0.00 0.00 3.47 1.30 0.00 0.98 0.00 0.00 1.51 0.00 0.00 0.00 3.08 2.24 3.36 0.56 0.00 0.00 1.12 0.60 0.81 1.89 0.00 2.84 0.60 0.98 0.00 0.00 0.00 1.72 2.10 1.51 0.00 0.00 2.38 0.00 0.00 2.35 0.00 2.38 0.00 0.00 0.53 2.07 0.00 1.44 0.00 0.00 1.40 0.00 0.00 3.43 0.00 0.00 0.04 3.12 2.84 3.36 0.00 1.23 0.00 2.45 0.00 0.00 1.09 0.00 1.82 2.91 0.70 0.00 0.39 3.01 0.00 3.47 0.00 3.01 0.00 2.52 0.46 0.00 0.21 0.00
26 2.84 2.98 1.33 1.72 0.00 2.31 0.46 0.00 0.00 0.00 2.21 0.00 3.12 1.54 2.00 2.38 0.91 2.52 0.00 0.00 3.15 0.00 3.26 0.00 1.82 1.51 0.00 2.17 2.31 0.00 0.00 0.84 0.00 0.21 0.00 0.32 0.00 1.68 0.39 0.00 0.11 0.00 2.98 3.40 0.42 2.49 0.00 0.00 2.77 0.04 1.37 0.00 3.19 0.00 2.42 0.98 0.00 1.30 0.00 0.00 3.33 0.98 0.00 0.00 0.00 0.00 2.17 3.29 0.00 0.63 2.56 0.49 2.70 0.00 0.00 3.08 1.40 1.09 0.00 0.00 0.00 0.00 0.00 1.61 1.93 1.19 0.00 1.51 0.67 0.91 0.00 3.01 1.02 3.26 0.00 0.04 1.65 0.00 1.79 0.00
27 1.54 3.12 0.00 0.00 1.40 2.59 3.33 0.00 2.80 0.00 2.45 0.00 0.70 3.43 2.80 0.00 0.00 2.00 0.00 0.00 0.00 0.70 1.12 0.00 0.00 0.00 2.17 0.00 0.00 0.00 2.31 0.00 0.00 3.33 0.00 0.42 0.49 3.12 0.46 0.88 0.00 0.77 0.00 0.00 0.00 0.14 0.00 0.00 0.81 0.00 0.28 0.00 0.28 1.33 0.00 0.00 0.00 2.59 0.00 1.89 0.00 1.05 0.00 0.00 0.00 0.00 0.00 0.60 1.23 2.59 0.00 2.77 0.00 0.00 2.14 0.00 2.24 2.56 0.00 3.15 2.52 0.00 0.00 1.12 0.00 0.00 3.01 0.63 0.00 0.00 0.00 0.00 0.00 0.00 2.98 1.68 0.00 1.65 3.22 2.52
28 0.00 0.00 2.84 3.33 1.40 0.00 2.45 0.00 0.00 0.00 0.00 2.87 2.59 0.00 0.49 2.28 2.03 0.00 2.63 1.79 0.25 0.28 0.25 0.00 0.00 0.00 2.31 0.00 0.00 2.70 2.70 0.25 0.00 3.47 0.95 2.63 3.33 0.00 2.21 0.00 0.00 0.00 1.54 0.04 0.00 2.56 0.98 0.00 0.81 2.94 0.00 2.24 3.50 0.00 0.00 0.00 1.33 0.00 2.70 0.00 0.32 0.00 0.00 0.00 1.37 0.00 2.28 0.21 0.00 0.00 0.39 2.45 0.00 0.84 0.00 1.19 0.00 0.00 0.00 0.00 0.14 0.00 3.26 0.00 0.00 0.00 0.00 1.26 2.98 2.84 0.00 0.00 0.00 0.00 0.00 0.04 0.00 0.00 2.80 2.45
29 0.00 1.58 1.05 0.00 3.01 0.00 0.00 2.24 2.56 0.00 0.98 0.00 0.00 0.00 1.19 2.98 1.61 0.00 2.80 0.00 2.17 0.00 0.00 0.00 2.56 0.00 0.00 0.00 2.70 0.00 0.00 1.79 2.00 0.00 2.38 0.00 0.00 0.00 1.09 2.07 1.58 0.00 0.35 3.43 0.00 0.07 2.77 0.00 0.00 1.82 1.82 0.00 0.00 0.74 1.65 2.98 0.42 1.54 2.63 1.19 0.00 0.00 0.53 0.00 0.00 0.00 0.00 1.40 0.00 0.00 1.37 0.00 0.00 0.00 1.26 3.15 2.03 0.00 0.00 2.98 0.00 0.00 0.35 0.00 0.00 2.10 0.00 3.19 0.00 0.00 1.65 1.19 0.00 3.05 0.60 0.00 0.00 0.00 0.00 0.00
30 1.05 0.00 3.33 0.00 0.00 0.00 0.88 2.49 0.00 0.00 0.56 0.63 0.67 0.00 1.23 1.26 1.86 0.00 2.84 0.00 2.94 0.00 2.87 3.15 0.00 3.08 0.00 2.31 2.70 0.00 0.00 0.00 0.00 0.00 1.37 1.54 0.00 0.00 0.00 0.74 0.00 0.00 0.00 0.00 0.00 2.03 0.00 3.43 0.00 0.00 0.00 0.39 0.84 0.00 0.00 0.00 0.00 2.70 0.00 0.88 0.00 1.58 0.67 0.00 0.07 2.87 1.09 0.67 0.00 0.00 0.49 2.17 1.79 2.49 0.63 1.26 0.00 0.53 1.61 0.00 1.02 0.88 1.09 0.00 1.75 0.04 0.00 0.00 0.00 0.00 0.00 0.00 3.01 0.00 0.21 0.53 3.47 0.28 0.21 0.00
31 2.31 0.00 0.32 0.14 2.91 1.16 1.86 1.44 0.00 0.00 1.44 0.00 2.66 0.00 0.00 0.84 0.07 0.00 1.86 3.15 0.00 0.00 0.00 0.00 0.00 2.24 0.84 0.00 0.25 1.79 0.00 0.00 0.00 0.28 2.17 2.49 2.24 2.66 0.00 3.05 2.14 2.63 1.37 1.23 2.80 0.00 2.42 0.35 0.00 1.54 0.00 0.00 1.72 0.39 2.73 2.00 0.00 0.00 0.00 0.63 0.63 0.56 0.25 0.00 3.08 0.00 1.58 0.00 1.47 3.43 2.14 1.02 0.39 0.00 0.81 2.56 2.73 0.00 2.98 0.00 2.42 3.05 0.00 1.89 0.60 0.00 0.56 0.00 0.00 0.00 2.03 0.00 0.00 3.19 0.00 1.96 0.00 1.82 3.08 0.00
32 0.00 0.00 0.00 0.00 2.38 0.11 2.87 1.82 0.70 1.40 0.00 0.00 0.00 0.00 3.01 0.00 0.14 1.16 0.00 0.00 0.00 0.74 0.60 0.49 0.00 3.36 0.00 0.00 0.00 2.00 0.00 0.00 0.00 0.00 2.07 2.03 0.00 0.00 0.00 0.00 0.00 1.65 0.00 0.00 0.00 1.79 0.00 0.00 1.44 2.17 1.44 0.00 1.72 2.73 0.00 1.40 2.63 0.00 0.00 2.63 1.19 0.00 0.00 0.00 3.22 0.00 0.00 0.00 2.98 2.98 0.00 0.00 1.93 1.26 3.26 0.00 0.91 0.00 0.56 0.88 1.23 0.60 0.00 1.26 3.22 0.00 0.67 0.00 0.00 0.70 0.00 0.00 0.00 0.00 0.00 0.00 0.00 0.00 2.35 0.00
33 0.00 2.59 1.05 3.12 0.00 1.40 0.84 0.53 3.50 1.61 2.56 0.00 2.94 1.37 0.00 3.26 0.42 0.95 2.45 0.00 0.00 1.05 0.00 0.00 1.79 0.56 0.21 3.33 3.47 0.00 0.00 0.28 0.00 0.00 0.00 0.00 1.61 2.31 3.43 2.91 0.95 0.00 0.00 0.00 0.00 0.00 0.00 0.00 2.38 0.00 2.45 2.28 0.00 2.28 0.00 0.00 2.07 0.53 0.00 0.70 2.21 0.00 2.45 2.35 0.00 0.00 1.44 2.98 0.74 2.80 0.00 0.00 0.04 0.14 0.00 0.00 0.00 0.00 0.00 0.00 0.00 2.24 0.00 0.00 0.00 0.00 0.00 0.18 0.00 0.88 0.00 0.00 0.00 0.00 0.00 0.00 0.00 1.44 0.00 3.33
34 0.00 0.00 0.00 0.00 0.00 0.00 0.00 2.63 0.00 0.00 0.32 0.00 0.00 1.96 0.63 0.00 0.00 0.00 2.87 2.35 2.07 0.81 0.00 0.00 3.43 0.00 0.00 0.00 0.95 2.38 1.37 2.17 2.07 0.00 0.00 1.68 1.05 0.00 3.22 3.43 0.67 0.00 0.00 0.00 0.00 0.00 3.29 0.00 2.91 1.93 0.77 0.00 0.32 0.00 0.00 0.00 0.00 0.00 2.49 0.00 2.45 0.00 0.00 0.00 0.00 0.00 0.00 0.00 2.70 0.00 0.00 0.00 2.00 0.00 0.00 2.66 3.29 0.00 0.00 0.63 0.00 2.45 0.63 0.00 3.08 1.44 0.00 0.00 0.00 2.87 0.46 0.00 0.00 0.98 2.14 3.01 2.24 2.03 0.00 0.00
35 1.47 0.00 0.00 0.00 0.00 0.00 3.19 3.40 2.31 0.00 0.00 1.19 0.00 2.21 2.77 0.00 0.00 0.00 1.05 0.63 0.00 0.00 3.26 0.00 0.00 0.00 0.32 0.42 2.63 0.00 1.54 2.49 2.03 0.00 1.68 0.00 2.98 1.93 1.23 2.17 1.96 3.33 0.00 1.72 0.00 2.00 1.47 0.00 0.00 0.00 0.00 2.10 0.46 1.12 1.12 3.01 1.09 1.44 1.86 0.35 0.00 2.17 1.68 0.00 0.00 0.00 0.00 0.00 0.88 0.00 3.22 2.07 0.18 0.00 0.00 2.49 0.00 1.47 2.98 3.40 0.00 0.53 1.86 0.00 0.00 0.00 0.00 0.00 0.00 0.11 0.00 2.94 0.04 2.73 0.00 2.07 0.00 1.79 0.00 0.00
36 1.09 1.79 3.36 0.00 2.31 3.40 3.12 0.00 0.00 0.04 0.46 0.00 0.00 0.00 2.66 0.56 0.00 0.67 2.00 0.00 1.33 0.00 0.70 0.00 0.00 1.12 0.00 0.49 3.33 0.00 0.00 2.24 0.00 1.61 1.05 2.98 0.00 3.47 2.73 0.00 0.00 0.95 0.00 0.00 1.51 0.00 0.00 1.65 0.00 0.00 3.01 1.44 0.00 3.01 0.00 0.63 3.05 0.95 0.00 1.79 0.00 0.25 0.60 0.00 0.00 3.40 0.00 0.00 0.00 0.04 1.75 0.42 3.08 0.00 0.18 0.00 0.00 0.00 0.21 0.00 0.00 1.72 3.08 0.00 1.79 0.00 2.17 0.00 3.12 0.56 3.01 0.00 1.09 2.63 1.23 0.00 0.00 0.00 2.49 2.63
37 0.00 0.00 0.14 0.00 0.11 0.35 3.01 1.16 0.00 2.10 0.21 0.98 0.00 2.03 1.89 0.00 0.00 2.03 0.07 0.56 3.22 0.00 0.00 0.00 2.03 0.60 1.68 3.12 0.00 0.00 0.00 2.66 0.00 2.31 0.00 1.93 3.47 0.00 1.47 0.00 0.00 1.79 0.00 2.66 0.00 0.00 1.12 0.74 0.00 3.26 0.07 0.00 0.00 0.00 0.00 0.00 0.00 0.00 0.56 0.11 0.21 0.00 2.77 3.29 0.00 0.18 0.49 0.00 0.25 0.00 0.00 1.33 0.00 0.00 0.00 3.01 0.60 0.00 0.00 0.00 3.22 0.00 2.45 0.00 0.00 2.03 2.03 0.60 0.00 0.00 0.00 1.33 0.25 0.74 1.30 2.49 1.93 0.00 2.00 0.11
38 0.00 2.84 2.70 0.00 0.00 3.15 0.00 1.26 0.00 0.00 0.00 0.00 2.10 0.00 0.00 1.33 0.00 0.00 0.00 0.91 0.00 0.00 0.00 2.52 3.29 0.81 0.39 0.46 2.21 1.09 0.00 0.00 0.00 3.43 3.22 1.23 2.73 1.47 0.00 2.35 0.00 1.54 0.00 0.00 0.00 2.31 0.00 0.00 1.96 2.87 0.84 0.00 2.66 0.00 0.00 0.00 0.00 0.00 1.65 1.61 0.00 1.82 0.00 1.16 0.00 0.74 2.00 0.00 1.37 2.14 0.00 1.72 1.02 0.00 1.47 2.45 2.49 0.00 0.53 1.61 2.21 0.60 3.29 2.56 0.00 0.00 2.00 0.00 1.09 0.00 0.56 3.08 0.00 0.00 0.42 0.00 0.81 0.00 3.12 2.63
39 0.46 1.68 1.12 2.42 0.00 0.84 1.33 0.00 3.33 2.59 2.98 0.00 2.94 1.82 2.28 0.00 0.00 0.00 0.00 0.07 0.00 0.00 0.00 1.05 0.00 1.89 0.00 0.88 0.00 2.07 0.74 3.05 0.00 2.91 3.43 2.17 0.00 0.00 2.35 0.00 0.00 0.00 0.25 1.68 2.28 0.00 3.19 0.00 3.12 0.00 0.88 0.00 0.77 0.00 0.00 0.00 3.08 0.00 2.45 2.56 0.00 1.93 0.84 0.00 0.00 0.00 0.00 1.26 0.60 0.04 3.22 2.03 0.00 0.00 0.00 0.00 3.05 0.00 1.47 0.00 0.88 0.35 0.00 2.45 2.91 2.80 0.14 0.00 0.00 3.01 0.00 0.00 0.00 0.00 0.00 0.00 0.00 0.00 3.05 0.00
40 1.58 0.00 2.38 0.63 0.00 0.00 0.00 0.00 0.00 0.00 0.74 0.53 0.00 0.00 0.18 2.49 0.95 0.00 0.00 0.00 0.00 2.45 0.00 0.00 3.05 0.00 0.11 0.00 0.00 1.58 0.00 2.14 0.00 0.95 0.67 1.96 0.00 0.00 0.00 0.00 0.00 0.00 0.00 0.00 0.14 2.38 1.12 2.66 0.00 2.10 2.73 1.30 0.00 0.00 0.00 0.00 0.00 0.00 2.38 1.89 0.00 0.00 0.00 1.86 0.18 0.00 1.47 0.07 0.00 1.82 0.00 0.00 0.42 0.00 0.00 0.00 1.23 0.00 0.00 0.00 0.63 0.00 1.72 0.00 0.00 3.29 0.00 0.46 0.00 2.56 0.00 3.50 0.00 0.00 2.73 0.00 3.26 2.00 0.00 0.49
41 2.94 0.00 0.21 0.00 0.35 0.35 0.28 1.79 0.00 0.00 0.00 3.22 0.00 0.00 0.00 0.00 0.00 0.00 1.40 0.00 0.00 0.95 0.00 3.15 2.91 2.84 0.00 0.77 0.00 0.00 0.00 2.63 1.65 0.00 0.00 3.33 0.95 1.79 1.54 0.00 0.00 0.00 0.00 1.79 1.12 1.61 0.53 0.49 2.52 0.00 0.00 2.52 0.00 1.02 0.00 0.00 0.00 0.95 0.00 3.40 3.08 0.00 2.73 0.18 0.00 0.00 3.47 1.16 0.00 2.98 3.40 0.49 0.00 0.00 0.00 0.18 2.07 1.37 0.00 0.00 2.56 2.98 2.24 0.00 0.00 0.00 0.00 0.00 1.40 0.00 0.00 0.00 1.68 0.00 0.00 0.00 0.00 2.42 0.00 2.70
42 0.00 2.21 0.42 3.43 0.70 1.61 0.11 1.86 0.00 0.00 0.00 3.19 0.00 0.00 0.00 0.00 0.00 2.80 3.22 0.00 2.17 0.00 0.00 2.35 2.45 0.60 2.98 0.00 1.54 0.35 0.00 1.37 0.00 0.00 0.00 0.00 0.00 0.00 0.00 0.25 0.00 0.00 0.00 0.00 2.03 0.00 2.31 2.73 0.00 0.00 0.53 0.00 0.00 0.00 2.49 1.05 0.00 0.84 3.22 0.00 1.30 0.00 0.00 0.00 0.00 1.93 0.46 0.00 0.00 0.00 3.40 0.00 0.00 2.31 0.39 2.73 0.00 0.18 1.61 0.00 3.15 0.11 0.91 0.00 0.00 0.00 0.00 0.56 0.00 1.30 0.00 0.63 0.00 0.60 0.00 0.00 0.00 0.07 0.00 0.00
43 2.91 0.00 0.00 0.00 0.00 2.10 0.00 1.51 0.00 0.00 0.00 3.26 0.32 1.61 0.67 0.00 2.35 0.00 0.00 0.00 0.00 0.00 0.00 0.00 0.00 0.98 3.40 0.00 0.04 3.43 0.00 1.23 0.00 0.00 0.00 1.72 0.00 2.66 0.00 1.68 0.00 1.79 0.00 0.00 0.00 0.00 0.00 3.33 1.86 0.00 1.33 0.00 0.42 0.00 0.53 0.70 0.00 0.32 0.60 0.00 3.43 1.02 3.33 0.39 3.08 0.00 1.19 2.59 0.00 0.00 0.00 1.93 3.33 2.07 1.82 3.19 1.58 0.00 0.00 0.00 0.00 2.31 3.08 1.12 1.65 0.00 0.00 0.00 0.00 2.24 0.00 2.42 3.15 0.00 0.00 0.84 0.14 0.00 3.29 0.00
44 0.00 0.00 1.79 0.00 0.39 0.00 0.00 0.00 0.00 0.00 0.00 0.00 0.00 1.96 0.00 0.00 2.63 0.00 0.00 0.00 3.19 0.00 0.00 1.75 0.77 0.00 0.42 0.00 0.00 0.00 0.00 2.80 0.00 0.00 0.00 0.00 1.51 0.00 0.00 2.28 0.14 1.12 2.03 0.00 0.00 0.00 0.00 0.00 0.00 0.00 0.00 0.00 0.14 0.00 2.00 1.72 0.00 1.23 1.40 0.18 0.00 1.44 3.40 2.31 0.00 0.00 0.53 0.00 0.00 0.00 0.00 0.49 1.82 0.00 0.07 0.25 2.77 1.58 1.61 1.44 0.98 1.58 0.00 0.00 2.42 1.96 1.26 0.70 1.61 0.00 0.00 0.00 0.00 2.10 0.28 0.00 0.67 0.00 3.36 0.00
45 0.35 0.00 0.11 0.00 0.00 0.56 0.00 2.03 1.47 0.67 0.00 0.00 0.00 0.00 1.37 2.94 1.72 2.38 0.00 0.00 0.39 0.00 0.00 0.00 0.00 0.00 2.49 0.14 2.56 0.07 2.03 0.00 1.79 0.00 0.00 2.00 0.00 0.00 2.31 0.00 2.38 1.61 0.00 0.00 0.00 0.00 0.00 0.00 0.00 0.00 0.18 2.77 1.37 0.00 3.33 0.00 2.00 0.00 0.00 0.00 0.00 2.03 0.00 1.16 2.14 0.00 3.19 1.16 2.38 0.00 2.10 0.00 0.00 0.00 2.59 0.11 0.00 2.56 0.88 0.00 0.00 0.00 0.00 1.65 0.63 0.00 1.93 1.65 0.00 1.16 3.15 0.04 3.29 2.98 0.00 0.00 1.61 3.36 0.00 0.00
46 1.54 0.00 0.00 0.60 0.00 0.14 2.49 0.00 1.19 0.00 1.96 0.00 2.66 0.00 2.94 3.19 0.95 0.00 0.00 0.14 1.93 0.00 0.00 0.70 1.47 0.00 0.00 0.00 0.98 2.77 0.00 2.42 0.00 0.00 3.29 1.47 0.00 1.12 0.00 3.19 1.12 0.53 2.31 0.00 0.00 0.00 0.00 1.09 0.00 0.00 0.00 0.00 0.84 0.00 0.00 2.42 0.00 0.00 0.00 0.00 0.00 0.00 0.95 1.12 2.38 1.79 0.70 1.86 0.00 2.52 0.00 0.98 0.00 3.05 0.00 0.00 0.00 0.00 0.07 3.29 2.91 0.00 2.14 2.31 0.77 1.51 3.01 0.00 0.00 0.00 0.00 0.00 1.82 0.00 2.21 0.00 2.45 2.63 0.00 0.00
47 3.36 0.39 0.00 0.00 0.00 2.03 0.00 1.51 3.08 1.58 0.00 0.28 0.00 0.14 2.24 0.00 0.00 3.05 0.00 2.52 2.17 2.21 0.00 0.00 0.00 1.72 0.00 0.00 0.00 0.00 3.43 0.35 0.00 0.00 0.00 0.00 1.65 0.74 0.00 0.00 2.66 0.49 2.73 3.33 0.00 0.00 1.09 0.00 0.81 0.00 1.51 2.59 0.00 3.19 0.63 0.00 0.39 0.00 1.79 0.81 2.07 0.91 0.00 0.00 0.00 2.66 0.14 0.00 0.00 0.00 1.09 1.09 0.00 0.00 0.00 0.00 0.00 0.00 0.32 0.00 1.40 0.00 1.86 0.00 0.00 0.00 0.00 0.70 0.00 0.28 0.00 0.00 2.91 0.00 0.00 0.00 3.15 0.77 0.49 0.00
48 0.00 1.93 0.00 0.00 0.00 0.00 2.59 0.00 0.00 0.00 1.40 0.00 2.03 0.00 2.14 0.00 1.61 0.00 1.86 0.00 0.00 0.70 0.04 0.00 0.00 2.10 2.77 0.81 0.81 0.00 0.00 0.00 1.44 2.38 2.91 0.00 0.00 0.00 1.96 3.12 0.00 2.52 0.00 1.86 0.00 0.00 0.00 0.81 0.00 0.00 1.96 0.00 0.00 2.52 0.00 0.00 0.00 0.00 0.00 1.54 0.00 1.26 0.00 0.81 0.00 0.00 0.00 2.73 0.00 0.00 0.00 0.00 0.91 0.00 2.63 0.00 0.00 3.08 2.42 0.00 0.00 0.00 0.00 0.00 0.00 0.00 0.00 0.00 1.96 0.81 0.00 0.91 2.87 3.05 1.58 0.00 0.00 0.00 1.05 2.31
49 0.04 3.12 2.49 2.63 0.39 0.00 2.52 0.00 0.42 0.00 0.00 0.00 1.58 3.15 0.00 0.00 0.00 1.26 0.00 0.00 0.00 2.77 3.15 0.00 1.26 1.51 0.04 0.00 2.94 1.82 0.00 1.54 2.17 0.00 1.93 0.00 0.00 3.26 2.87 0.00 2.10 0.00 0.00 0.00 0.00 0.00 0.00 0.00 0.00 0.00 0.00 1.86 2.10 0.07 0.00 2.31 3.19 0.00 0.00 0.00 0.00 1.26 0.00 0.00 1.12 3.12 3.43 2.03 0.00 0.00 0.32 0.00 3.43 0.00 0.00 0.00 0.70 0.00 0.74 0.00 0.11 0.00 0.00 3.43 0.00 3.36 0.00 0.00 0.00 1.05 3.43 0.00 2.59 0.00 0.00 2.52 1.12 3.40 0.00 0.00
50 0.00 1.75 2.52 0.00 0.32 0.56 0.00 1.16 2.03 0.00 0.00 0.00 0.00 0.00 0.00 2.66 1.37 0.00 0.46 3.26 0.00 0.56 1.79 0.00 2.87 0.00 1.37 0.28 0.00 1.82 0.00 0.00 1.44 2.45 0.77 0.00 3.01 0.07 0.84 0.88 2.73 0.00 0.53 1.33 0.00 0.18 0.00 1.51 1.96 0.00 0.00 2.98 0.00 0.00 3.50 2.52 0.00 0.00 0.00 0.00 0.00 0.00 0.60 3.33 0.88 0.95 0.00 3.47 1.40 3.08 0.14 0.81 0.00 0.84 0.00 0.00 2.10 1.65 0.00 1.51 2.21 0.60 0.00 0.70 1.09 0.00 0.00 0.00 0.00 0.42 0.00 0.00 0.00 1.89 2.94 2.91 0.00 0.00 2.38 0.00
51 0.67 0.81 2.00 0.00 0.21 0.42 0.00 1.96 2.38 0.00 0.00 2.24 0.63 0.00 2.77 3.26 0.46 0.00 2.66 0.00 3.08 0.07 1.86 0.21 2.98 0.00 0.00 0.00 2.24 0.00 0.39 0.00 0.00 2.28 0.00 2.10 1.44 0.00 0.00 0.00 1.30 2.52 0.00 0.00 0.00 2.77 0.00 2.59 0.00 1.86 2.98 0.00 0.00 1.96 1.12 0.00 0.67 0.81 1.23 0.00 2.98 2.07 1.37 3.50 3.05 2.56 0.91 0.00 2.21 0.00 0.00 0.56 1.79 3.19 2.91 3.29 3.12 2.21 0.00 0.00 0.00 0.00 0.60 0.00 0.14 0.00 0.00 1.40 0.00 0.00 3.08 0.00 0.18 0.00 0.00 0.00 0.00 1.93 0.00 0.00
52 2.38 2.94 0.35 0.00 0.00 0.00 0.00 0.00 0.00 2.87 1.54 0.00 0.70 0.00 0.00 0.00 0.00 0.67 0.00 0.14 0.00 1.72 0.00 2.14 0.56 2.38 3.19 0.28 3.50 0.00 0.84 1.72 1.72 0.00 0.32 0.46 0.00 0.00 2.66 0.77 0.00 0.00 0.00 0.42 0.14 1.37 0.84 0.00 0.00 2.10 0.00 0.00 0.00 0.00 0.00 0.21 0.00 0.00 0.00 0.00 2.94 1.54 0.00 2.63 1.37 0.00 0.84 0.00 3.22 0.00 1.40 3.12 1.75 2.70 1.68 0.00 2.28 0.00 0.07 0.00 2.21 1.86 2.66 0.00 1.89 0.00 0.00 0.00 0.00 1.30 0.35 0.00 0.74 1.44 0.00 1.23 1.47 1.30 0.00 0.00
53 0.49 1.09 0.21 0.00 3.36 1.30 0.00 0.00 3.08 0.00 1.23 0.00 0.00 0.53 0.95 3.33 0.00 0.00 0.00 2.52 0.00 2.49 1.40 2.98 1.86 0.00 0.00 1.33 0.00 0.74 0.00 0.39 2.73 2.28 0.00 1.12 3.01 0.00 0.00 0.00 0.00 1.02 0.00 0.00 0.00 0.00 0.00 3.19 2.52 0.07 0.00 1.96 0.00 0.00 1.23 0.00 0.00 2.35 0.00 1.33 3.15 3.01 0.95 0.00 1.58 1.82 2.07 2.87 3.29 1.09 3.15 0.00 0.00 0.00 2.87 3.15 0.00 2.38 1.79 0.00 2.45 0.00 3.01 0.46 0.00 3.22 0.00 0.53 0.00 0.07 1.05 0.00 1.30 1.51 0.00 0.00 0.00 0.00 0.00 0.00
54 2.77 0.60 0.00 0.81 0.00 0.14 0.18 0.00 0.00 0.00 0.00 0.00 1.65 2.98 2.28 0.00 0.00 2.87 0.14 0.25 2.59 0.04 0.00 2.70 0.00 0.00 2.42 0.00 0.00 1.65 0.00 2.73 0.00 0.00 0.00 1.12 0.00 0.00 0.00 0.00 0.00 0.00 2.49 0.53 2.00 3.33 0.00 0.63 0.00 0.00 3.50 1.12 0.00 1.23 0.00 2.14 0.00 1.23 0.00 0.00 2.52 0.07 3.01 0.00 1.37 3.05 0.00 0.00 0.00 1.51 0.00 0.00 0.00 0.00 0.00 2.17 0.00 0.74 0.28 1.40 0.00 0.56 0.00 1.86 0.00 1.37 0.00 1.16 3.12 0.00 0.00 3.43 1.16 0.00 3.43 1.44 0.00 2.59 0.00 0.00
55 1.93 0.00 0.00 1.54 0.00 1.26 0.00 0.00 2.63 2.31 0.00 1.65 0.00 3.08 0.00 0.00 0.04 1.72 1.12 0.49 0.00 2.56 2.31 0.00 0.53 2.35 0.98 0.00 0.00 2.98 0.00 2.00 1.40 0.00 0.00 3.01 0.63 0.00 0.00 0.00 0.00 0.00 1.05 0.70 1.72 0.00 2.42 0.00 0.00 2.31 2.52 0.00 0.21 0.00 2.14 0.00 0.00 0.00 0.00 0.00 0.00 0.00 0.00 2.07 0.00 1.26 2.56 0.00 2.03 0.00 0.00 3.19 3.22 0.00 0.00 0.00 0.00 1.58 0.00 0.00 0.00 2.07 0.00 1.47 0.00 0.00 0.00 0.00 0.00 1.12 1.12 0.42 0.00 0.00 0.00 0.63 2.70 0.00 2.42 3.01
56 0.00 2.63 0.00 0.00 2.10 1.09 2.14 0.00 0.00 0.21 0.00 3.50 0.32 1.23 1.26 2.00 0.00 3.50 0.00 0.00 2.73 0.00 2.14 0.00 1.40 0.00 0.00 0.00 1.33 0.42 0.00 0.00 2.63 2.07 0.00 1.09 3.05 0.00 0.00 3.08 0.00 0.00 0.00 0.00 0.00 2.00 0.00 0.39 0.00 3.19 0.00 0.67 0.00 0.00 0.00 0.00 0.00 0.25 2.07 3.08 0.21 0.00 0.84 2.31 1.72 0.25 0.00 0.70 0.00 2.80 0.00 0.00 0.00 0.00 0.42 1.26 0.00 0.00 0.49 2.38 0.00 1.93 0.49 0.00 3.01 0.11 0.00 0.00 0.00 1.68 0.56 0.00 0.00 2.38 2.42 0.00 0.00 0.00 2.49 0.00
57 0.00 2.52 0.00 3.01 0.77 0.00 0.00 0.00 2.63 1.47 2.73 0.00 0.00 1.05 1.30 1.19 1.37 0.14 2.63 3.19 2.24 0.00 0.39 1.23 0.00 2.38 1.30 2.59 0.00 1.54 2.70 0.00 0.00 0.53 0.00 1.44 0.95 0.00 0.00 0.00 0.00 0.95 0.84 0.32 1.23 0.00 0.00 0.00 0.00 0.00 0.00 0.81 0.00 2.35 1.23 0.00 0.25 0.00 2.77 0.00 0.00 0.25 0.00 0.00 0.00 0.00 1.93 0.95 0.00 0.00 0.00 0.00 0.00 1.23 0.00 0.00 0.49 0.00 0.00 0.00 2.28 1.09 0.00 0.14 0.39 0.00 3.05 0.00 0.00 1.37 0.04 0.00 0.00 2.07 0.00 0.00 1.44 2.14 0.00 0.84
58 0.00 0.00 0.00 0.00 0.00 0.00 0.00 2.63 2.73 0.00 0.00 2.49 0.00 3.19 0.00 0.70 0.00 0.00 2.91 0.00 0.00 1.47 0.00 0.00 2.03 0.00 0.00 0.00 2.70 2.63 0.00 0.00 0.00 0.00 2.49 1.86 0.00 0.56 1.65 2.45 2.38 0.00 3.22 0.60 1.40 0.00 0.00 1.79 0.00 0.00 0.00 1.23 0.00 0.00 0.00 0.00 2.07 2.77 0.00 0.67 0.00 2.17 0.00 3.19 1.93 0.00 0.00 0.00 0.00 1.79 0.35 0.07 3.12 0.74 0.00 0.00 0.88 2.98 2.49 2.77 2.21 3.15 2.31 3.40 0.00 2.24 2.66 0.00 0.00 0.84 0.00 0.00 0.00 2.49 0.00 3.43 0.00 0.07 0.00 1.68
59 0.00 0.00 0.00 0.00 1.86 0.00 1.26 0.53 1.16 1.37 0.00 0.00 0.53 1.33 0.00 1.86 0.00 0.32 1.93 0.00 2.38 0.00 2.52 0.81 0.14 0.00 0.00 1.89 0.00 1.19 0.88 0.63 2.63 0.70 0.00 0.35 1.79 0.11 1.61 2.56 1.89 3.40 0.00 0.00 0.18 0.00 0.00 0.81 1.54 0.00 0.00 0.00 0.00 1.33 0.00 0.00 3.08 0.00 0.67 0.00 0.00 0.00 1.40 1.82 3.12 0.00 0.00 0.84 0.00 0.00 2.31 3.47 0.00 2.52 0.00 0.00 0.49 1.96 3.08 2.35 0.00 2.17 0.00 0.00 3.47 0.00 1.82 0.00 2.07 0.00 1.96 0.00 0.00 3.47 2.28 0.00 2.28 0.11 2.70 2.10
60 0.00 0.00 1.65 0.67 0.00 0.49 2.24 2.73 0.74 1.40 0.00 2.03 2.28 2.73 1.54 0.00 0.04 0.14 2.28 0.00 2.94 0.00 0.00 0.00 0.00 0.53 3.33 0.00 0.32 0.00 0.00 0.63 1.19 2.21 2.45 0.00 0.00 0.21 0.00 0.00 0.00 3.08 1.30 3.43 0.00 0.00 0.00 2.07 0.00 0.00 0.00 2.98 2.94 3.15 2.52 0.00 0.21 0.00 0.00 0.00 0.00 0.00 0.00 0.74 0.00 0.67 0.00 0.00 0.46 0.00 3.33 2.14 0.00 1.72 0.70 0.88 0.25 0.00 0.00 2.73 0.35 1.79 0.00 2.84 1.68 1.54 0.00 0.00 1.93 0.00 0.00 0.00 0.00 0.56 0.00 0.00 0.00 0.00 3.01 0.46
61 2.52 0.00 2.38 0.00 0.98 0.00 0.00 2.38 1.86 0.67 2.77 2.10 1.75 0.00 0.00 0.00 0.00 0.00 1.16 0.00 3.05 0.00 0.88 1.26 0.00 2.07 0.98 1.05 0.00 0.00 1.58 0.56 0.00 0.00 0.00 2.17 0.25 0.00 1.82 1.93 0.00 0.00 0.00 1.02 1.44 2.03 0.00 0.91 1.26 1.26 0.00 2.07 1.54 3.01 0.07 0.00 0.00 0.25 2.17 0.00 0.00 0.00 3.19 0.49 0.00 0.00 0.00 0.11 3.29 0.00 0.00 0.14 0.00 1.23 1.65 0.00 1.19 0.00 2.73 0.00 1.33 2.94 0.00 0.00 0.70 0.39 2.49 2.45 0.56 2.10 0.53 0.00 2.49 1.79 3.33 1.58 0.00 0.00 2.21 0.00
62 2.66 0.14 0.00 1.44 1.02 0.00 3.19 2.10 2.94 3.15 0.00 2.49 0.00 0.00 2.45 2.03 0.77 0.00 1.72 0.00 0.00 1.72 3.50 0.00 0.00 0.00 0.00 0.00 0.00 0.53 0.67 0.25 0.00 2.45 0.00 1.68 0.60 2.77 0.00 0.84 0.00 2.73 0.00 3.33 3.40 0.00 0.95 0.00 0.00 0.00 0.60 1.37 0.00 0.95 3.01 0.00 0.84 0.00 0.00 1.40 0.00 3.19 0.00 3.08 2.10 0.00 0.00 0.00 0.00 2.38 0.88 0.00 0.00 2.87 0.00 2.84 2.31 2.70 2.17 0.00 2.77 0.00 1.58 0.00 0.00 1.96 1.96 2.56 0.88 0.00 1.37 0.04 0.63 0.00 0.00 0.00 0.60 0.00 2.17 0.98
63 3.50 2.24 0.00 0.00 0.00 0.00 1.79 0.00 0.00 2.17 0.14 0.39 1.96 1.09 0.00 0.00 1.40 0.00 3.22 2.14 0.00 0.00 0.00 0.74 0.56 1.44 0.00 0.00 0.00 0.00 0.00 0.00 0.00 2.35 0.00 0.00 0.00 3.29 1.16 0.00 1.86 0.18 0.00 0.39 2.31 1.16 1.12 0.00 0.81 0.00 3.33 3.50 2.63 0.00 0.00 2.07 2.31 0.00 3.19 1.82 0.74 0.49 3.08 0.00 0.00 3.36 0.60 2.70 0.00 0.00 2.84 0.00 1.54 0.00 2.80 0.00 0.00 2.03 1.40 3.22 2.66 0.00 0.00 0.00 0.00 2.17 2.52 0.00 3.47 2.21 0.00 0.95 3.12 2.98 0.00 0.00 0.00 0.00 0.53 0.00
64 0.00 0.39 2.07 0.39 2.31 1.68 0.00 1.58 0.00 1.37 1.33 0.00 2.00 0.00 0.00 0.00 2.56 2.38 0.00 0.07 0.00 0.00 0.49 2.80 1.54 0.00 0.00 0.00 1.37 0.00 0.07 3.08 3.22 0.00 0.00 0.00 0.00 0.00 0.00 0.00 0.18 0.00 0.00 3.08 0.00 2.14 2.38 0.00 0.00 1.12 0.88 3.05 1.37 1.58 1.37 0.00 1.72 0.00 1.93 3.12 0.00 0.00 2.10 0.00 0.00 0.00 3.08 1.26 0.00 0.18 1.61 0.00 2.87 0.00 0.00 3.26 0.00 0.00 0.00 2.00 0.00 0.00 0.00 0.56 0.00 3.15 0.00 1.05 2.17 1.89 0.00 0.00 1.65 0.00 0.00 1.93 0.00 0.00 1.02 0.00
65 0.18 0.00 0.00 2.70 1.93 0.00 0.00 0.00 0.11 0.00 0.00 0.00 0.00 1.89 1.05 0.00 0.00 0.00 0.00 2.84 0.77 2.31 0.00 1.40 0.00 0.00 0.00 0.00 0.00 0.00 2.87 0.00 0.00 0.00 0.00 0.00 3.40 0.18 0.74 0.00 0.00 0.00 1.93 0.00 0.00 0.00 1.79 2.66 0.00 3.12 0.95 2.56 0.00 1.82 3.05 1.26 0.25 0.00 0.00 0.00 0.67 0.00 0.00 3.36 0.00 0.00 2.87 0.00 1.82 3.22 0.00 3.12 0.00 0.00 0.49 0.00 0.74 0.00 0.00 1.33 0.00 0.18 0.00 2.24 1.79 0.00 1.30 0.00 1.09 0.00 0.00 3.36 1.40 0.00 1.02 1.23 0.00 1.72 0.77 3.26
66 0.00 0.00 2.91 0.42 0.00 0.42 2.87 0.00 3.08 0.00 2.66 2.31 2.03 0.42 2.00 0.00 0.60 2.21 0.00 0.00 0.00 0.00 1.09 0.28 2.94 1.40 2.17 0.00 2.28 0.00 1.09 1.58 0.00 1.44 0.00 0.00 0.00 0.49 2.00 0.00 1.47 3.47 0.46 1.19 0.53 3.19 0.70 0.14 0.00 3.43 0.00 0.91 0.84 2.07 0.00 2.56 0.00 1.93 0.00 0.00 0.00 0.00 0.00 0.60 3.08 2.87 0.00 0.04 0.00 0.00 0.00 2.84 0.00 0.84 0.00 0.00 2.21 2.70 0.00 3.36 0.32 0.00 0.00 0.77 1.96 0.00 0.04 0.00 2.84 1.65 0.49 3.15 2.38 0.00 0.00 0.04 0.81 0.00 0.60 2.42
67 0.00 1.75 2.98 0.00 0.00 0.00 0.00 0.00 3.01 0.63 0.14 0.56 0.00 2.70 0.39 0.00 0.00 1.12 0.00 2.66 0.00 0.00 0.00 0.00 3.36 0.00 3.29 0.60 0.21 1.40 0.67 0.00 0.00 2.98 0.00 0.00 0.00 0.00 0.00 1.26 0.07 1.16 0.00 2.59 0.00 1.16 1.86 0.00 2.73 2.03 3.47 0.00 0.00 2.87 0.00 0.00 0.70 0.95 0.00 0.84 0.00 0.11 0.00 2.70 1.26 0.00 0.04 0.00 0.00 0.25 0.00 2.03 1.93 1.30 0.00 0.00 0.21 2.94 0.00 2.49 0.00 0.00 0.00 1.82 0.00 0.00 0.00 0.00 0.98 1.05 0.46 0.00 0.00 2.80 0.00 0.00 0.00 0.11 0.00 1.47
68 0.00 0.00 0.00 0.98 0.00 2.10 0.39 0.00 0.00 1.44 0.21 1.51 0.00 0.00 3.36 0.00 2.52 1.37 3.05 0.88 3.50 0.63 0.00 0.00 0.00 0.00 0.00 1.23 0.00 0.00 0.00 1.47 2.98 0.74 2.70 0.88 0.00 0.25 1.37 0.60 0.00 0.00 0.00 0.00 0.00 2.38 0.00 0.00 0.00 0.00 1.40 2.21 3.22 3.29 0.00 2.03 0.00 0.00 0.00 0.00 0.46 3.29 0.00 0.00 0.00 1.82 0.00 0.00 0.00 0.11 1.61 2.66 1.65 0.39 0.56 0.00 2.70 0.00 0.67 0.00 0.00 3.08 1.75 0.00 2.24 2.07 0.00 3.50 0.39 0.77 0.00 0.42 0.00 3.43 0.00 2.56 0.77 0.00 0.00 0.00
69 0.00 0.00 0.00 3.47 0.00 0.00 0.00 0.70 0.32 0.00 2.73 0.00 0.00 2.70 0.00 2.03 0.00 0.00 3.05 0.00 0.00 2.14 0.00 0.00 0.53 3.43 0.63 2.59 0.00 0.00 0.00 3.43 2.98 2.80 0.00 0.00 0.04 0.00 2.14 0.04 1.82 2.98 0.00 0.00 0.00 0.00 2.52 0.00 0.00 0.00 3.08 0.00 0.00 1.09 1.51 0.00 2.80 0.00 1.79 0.00 0.00 0.00 2.38 0.00 0.18 3.22 0.00 0.25 0.11 0.00 0.00 0.00 1.33 3.47 0.00 0.00 0.00 0.00 0.00 0.00 0.00 2.21 0.14 0.00 0.00 0.88 0.00 0.00 0.00 0.04 2.10 0.00 0.00 1.51 2.80 0.00 0.00 0.04 0.00 1.09
70 0.00 0.00 1.19 1.37 1.72 0.00 1.68 0.00 0.00 0.00 0.00 0.00 2.03 0.00 0.00 3.36 2.38 0.39 2.98 0.91 0.00 3.05 0.00 3.43 1.93 0.00 2.56 0.00 0.39 1.37 0.49 2.14 0.00 0.00 0.00 3.22 1.75 0.00 0.00 3.22 0.00 3.40 3.40 0.00 0.00 2.10 0.00 1.09 0.00 0.32 0.14 0.00 1.40 3.15 0.00 0.00 0.00 0.00 0.35 2.31 3.33 0.00 0.88 2.84 1.61 0.00 0.00 0.00 1.61 0.00 0.00 2.14 0.00 0.67 0.00 0.00 1.65 0.00 0.00 0.00 0.00 0.00 1.89 0.00 0.00 1.40 0.00 3.22 0.00 2.35 2.31 2.42 0.00 0.00 0.00 0.00 0.00 0.00 2.73 2.21
71 2.28 2.84 2.56 0.00 0.00 0.00 0.74 3.12 2.63 0.00 0.00 0.00 1.82 0.00 0.00 0.00 1.51 0.00 1.51 0.00 0.25 0.00 0.00 2.91 1.02 0.00 0.49 2.77 2.45 0.00 2.17 1.02 0.00 0.00 0.00 2.07 0.42 1.33 1.72 2.03 0.00 0.49 0.00 1.93 0.49 0.00 0.98 1.09 0.00 0.00 0.81 0.56 3.12 0.00 0.00 3.19 0.00 0.00 0.07 3.47 2.14 0.14 0.00 0.00 0.00 3.12 2.84 2.03 2.66 0.00 2.14 0.00 0.49 0.91 2.42 0.91 1.09 0.00 0.00 2.70 0.00 0.00 0.00 0.00 0.00 2.42 2.66 2.42 3.50 2.21 0.00 0.00 1.47 0.00 1.40 0.00 0.00 0.00 0.14 0.00
72 3.15 0.00 0.00 0.00 1.51 0.00 3.33 1.93 0.00 0.00 1.58 0.98 3.12 0.00 1.19 0.00 0.00 0.63 0.32 3.40 0.88 0.42 2.00 0.00 1.96 0.04 2.70 0.00 0.00 0.00 1.79 0.39 1.93 0.04 2.00 0.18 3.08 0.00 1.02 0.00 0.42 0.00 0.00 3.33 1.82 0.00 0.00 0.00 0.91 3.43 0.00 1.79 1.75 0.00 0.00 3.22 0.00 0.00 3.12 0.00 0.00 0.00 0.00 1.54 2.87 0.00 0.00 1.93 1.65 1.33 0.00 0.49 0.00 0.00 0.00 1.68 1.72 2.21 2.63 0.00 0.81 0.00 1.19 2.63 0.00 3.47 0.70 0.39 2.98 0.77 2.21 0.00 1.30 0.00 3.15 1.40 0.00 0.49 0.00 2.07
73 3.01 0.00 1.47 0.00 0.74 0.00 1.47 2.59 0.00 0.00 0.00 3.50 0.00 0.00 1.82 0.00 0.00 2.94 1.65 0.00 1.51 0.00 3.26 0.00 0.70 3.12 0.00 0.00 0.84 0.00 2.49 0.00 1.26 0.14 0.00 0.00 0.00 0.00 0.00 0.00 0.00 0.00 2.31 2.07 0.00 0.00 3.05 0.00 0.00 0.00 0.84 3.19 2.70 0.00 0.00 0.00 0.00 1.23 0.74 2.52 1.72 1.23 2.87 0.00 0.00 0.00 0.84 1.30 0.39 3.47 0.67 0.91 0.00 0.00 0.00 1.89 0.77 0.00 1.89 0.00 0.00 3.33 0.00 0.63 2.66 0.00 2.07 0.00 0.00 0.00 3.50 0.77 0.00 0.00 1.40 0.00 3.33 3.19 0.00 0.00
74 0.91 1.37 0.00 0.00 3.36 0.00 0.00 1.02 2.94 0.00 0.63 0.00 2.07 0.39 0.00 1.12 0.00 0.00 2.80 0.00 0.91 0.00 1.61 0.00 1.68 2.84 0.00 2.14 0.00 1.26 0.63 0.81 3.26 0.00 0.00 0.00 0.18 0.00 1.47 0.00 0.00 0.00 0.39 1.82 0.07 2.59 0.00 0.00 2.63 0.00 0.00 2.91 1.68 2.87 0.00 0.00 0.42 0.00 0.00 0.00 0.70 1.65 0.00 2.80 0.00 0.49 0.00 0.00 0.56 0.00 0.00 2.42 0.00 0.00 0.00 0.00 2.00 2.03 2.35 0.81 3.33 2.49 0.35 0.00 0.00 0.00 1.72 0.00 1.37 0.25 2.03 0.39 0.00 0.00 1.19 0.00 0.00 0.00 0.00 0.00
75 0.00 0.00 1.96 0.00 0.00 0.74 2.00 0.00 0.00 2.87 0.00 0.60 2.84 0.00 0.00 2.35 2.42 0.00 0.00 1.72 0.21 0.95 0.00 2.94 0.00 3.36 3.08 0.00 1.19 3.15 1.26 2.56 0.00 0.00 2.66 2.49 0.00 3.01 2.45 0.00 0.00 0.18 2.73 3.19 0.25 0.11 0.00 0.00 0.00 0.00 0.00 3.29 0.00 3.15 2.17 0.00 1.26 0.00 0.00 0.00 0.88 0.00 2.84 0.00 3.26 0.00 0.00 0.00 0.00 0.00 0.00 0.91 1.68 1.89 0.00 0.00 0.00 1.19 0.42 0.00 0.00 0.00 1.23 0.18 2.49 0.95 2.24 0.00 0.00 0.07 3.33 2.07 0.00 2.07 2.42 0.25 0.00 0.00 2.31 2.42
76 2.63 0.39 3.26 0.00 1.02 3.36 1.82 0.00 0.00 0.00 0.00 1.12 2.59 0.00 0.42 0.00 0.00 1.16 0.00 3.33 1.72 0.00 3.50 1.37 1.54 0.00 1.40 2.24 0.00 2.03 0.00 2.73 0.91 0.00 3.29 0.00 0.00 0.60 2.49 3.05 1.23 2.07 0.00 1.58 2.77 0.00 0.00 0.00 0.00 0.70 2.10 3.12 2.28 0.00 0.00 0.00 0.00 0.49 0.88 0.49 0.25 1.19 2.31 0.00 0.00 0.74 2.21 0.21 2.70 0.00 1.65 1.09 1.72 0.77 2.00 0.00 0.00 0.63 0.00 0.00 0.00 2.42 2.35 1.23 0.00 0.00 1.65 0.00 0.00 0.00 1.65 0.00 1.96 3.29 1.89 0.25 3.22 0.00 0.00 0.00
77 1.61 0.00 0.00 0.00 1.33 0.18 0.00 2.91 2.14 0.00 0.00 0.00 0.00 0.00 0.77 0.00 3.47 0.00 0.00 0.21 0.00 3.43 0.00 0.00 0.53 1.23 1.09 2.56 0.00 0.00 0.53 0.00 0.00 0.00 0.00 1.47 0.00 0.00 0.00 0.00 0.00 1.37 0.18 0.00 1.58 2.56 0.00 0.00 3.08 0.00 1.65 2.21 0.00 2.38 0.74 1.58 0.00 0.00 2.98 1.96 0.00 0.00 2.70 2.03 0.00 0.00 2.70 2.94 0.00 0.00 0.00 0.00 2.21 0.00 2.03 1.19 0.63 0.00 0.00 0.00 0.00 1.30 0.00 0.04 0.25 0.00 0.00 2.49 1.09 0.00 0.42 0.00 1.30 3.12 0.00 2.21 0.42 1.79 0.77 1.58
78 0.00 2.24 0.00 1.47 0.00 2.03 1.19 2.38 3.47 1.12 3.05 2.21 1.09 0.00 0.00 0.00 0.00 0.00 0.00 0.77 0.07 0.00 2.42 0.00 0.00 0.00 0.00 0.00 0.00 0.00 1.61 2.98 0.56 0.00 0.00 2.98 0.21 0.00 0.53 1.47 0.00 0.00 1.61 0.00 1.61 0.88 0.07 0.32 2.42 0.74 0.00 0.00 0.07 1.79 0.28 0.00 0.49 0.00 2.49 3.08 0.00 2.73 2.17 1.40 0.00 0.00 0.00 0.00 0.67 0.00 0.00 0.00 2.63 1.89 2.35 0.42 0.00 0.00 0.00 0.04 0.00 2.24 0.00 2.35 0.00 0.00 0.74 0.00 0.07 1.12 0.00 1.16 0.00 0.00 2.70 0.00 0.00 2.52 0.00 2.00
79 0.00 3.01 0.46 3.01 0.00 1.68 0.00 0.00 0.00 0.00 1.58 2.49 1.58 1.33 0.00 0.00 0.00 0.00 0.00 0.00 0.00 0.00 0.00 0.00 1.05 2.45 0.00 3.15 0.00 2.98 0.00 0.00 0.88 0.00 0.63 3.40 0.00 0.00 1.61 0.00 0.00 0.00 0.00 0.00 1.44 0.00 3.29 0.00 0.00 0.00 1.51 0.00 0.00 0.00 1.40 0.00 2.38 0.00 2.77 2.35 2.73 0.00 0.00 3.22 2.00 1.33 3.36 2.49 0.00 0.00 0.00 2.70 0.00 0.00 0.81 0.00 0.00 0.00 0.04 0.00 3.36 0.00 0.00 0.70 3.47 0.11 0.60 0.00 2.80 0.00 1.23 0.00 0.00 0.00 1.65 0.53 0.00 1.86 2.66 2.66
80 0.00 0.00 1.33 0.00 0.46 0.00 0.91 0.00 0.00 0.00 0.00 0.67 3.19 0.00 0.00 0.00 0.00 0.00 0.00 0.00 0.00 2.42 0.00 1.58 1.19 0.00 0.00 2.52 0.14 0.00 1.02 2.42 1.23 0.00 0.00 0.00 0.00 3.22 2.21 0.88 0.63 2.56 3.15 0.00 0.98 0.00 2.91 1.40 0.00 0.11 2.21 0.00 2.21 2.45 0.00 0.00 0.00 2.28 2.21 0.00 0.35 1.33 2.77 2.66 0.00 0.00 0.32 0.00 0.00 0.00 0.00 0.00 0.81 0.00 3.33 0.00 0.00 0.00 0.00 3.36 0.00 3.50 0.00 1.05 0.88 0.00 1.09 2.94 2.52 1.40 0.00 1.12 1.79 0.67 0.00 0.00 2.17 2.45 0.81 3.33
81 0.00 0.00 0.60 0.00 0.00 0.00 0.00 0.00 0.00 0.00 0.28 0.00 1.82 0.00 0.00 3.08 0.49 0.00 2.28 0.00 0.11 0.00 3.40 2.94 2.63 0.00 0.00 0.00 0.00 0.00 0.88 3.05 0.60 2.24 2.45 0.53 1.72 0.00 0.60 0.35 0.00 2.98 0.11 2.31 1.58 0.00 0.00 0.00 0.00 0.00 0.60 0.00 1.86 0.00 0.56 2.07 1.93 1.09 3.15 2.17 1.79 2.94 0.00 0.00 0.00 0.18 0.00 0.00 3.08 2.21 0.00 0.00 0.00 3.33 2.49 0.00 2.42 1.30 2.24 0.00 3.50 0.00 0.00 0.00 0.00 0.00 1.19 0.00 0.00 0.00 1.82 2.38 0.00 0.00 2.35 0.00 0.00 0.00 0.00 0.67
82 3.22 2.77 0.00 1.33 0.21 0.00 0.00 0.00 0.00 0.42 0.00 0.00 2.87 3.26 2.21 1.47 3.43 3.26 3.40 1.12 1.30 3.15 0.00 0.00 0.00 1.09 0.00 0.00 3.26 0.35 1.09 0.00 0.00 0.00 0.63 1.86 3.08 2.45 3.29 0.00 1.72 2.24 0.91 3.08 0.00 0.00 2.14 1.86 0.00 0.00 0.00 0.60 2.66 3.01 0.00 0.00 0.49 0.00 2.31 0.00 0.00 0.00 1.58 0.00 0.00 0.00 0.00 0.00 1.75 0.14 1.89 0.00 1.19 0.00 0.35 1.23 2.35 0.00 0.00 0.00 0.00 0.00 0.00 1.44 0.00 0.00 0.00 2.66 1.93 0.63 0.00 0.74 1.93 0.91 0.00 0.00 0.00 0.00 0.00 1.72
83 2.63 2.73 0.00 0.00 0.21 0.00 2.73 2.66 2.45 0.00 0.00 1.96 3.36 2.31 0.04 0.00 0.00 0.00 0.00 0.00 0.00 0.35 3.50 0.63 2.80 0.00 1.61 1.12 0.00 0.00 0.00 1.89 1.26 0.00 0.00 0.00 0.00 0.00 2.56 2.45 0.00 0.00 0.00 1.12 0.00 1.65 2.31 0.00 0.00 3.43 0.70 0.00 0.00 0.46 1.86 1.47 0.00 0.14 3.40 0.00 2.84 0.00 0.00 0.00 0.56 2.24 0.77 1.82 0.00 0.00 0.00 0.00 2.63 0.63 0.00 0.18 1.23 0.04 2.35 0.70 1.05 0.00 1.44 0.00 0.00 2.28 1.72 0.00 0.00 0.39 0.00 0.88 0.56 0.00 2.49 0.00 0.00 0.00 0.00 0.00
84 0.00 0.11 3.15 0.98 0.00 0.81 2.59 0.00 0.00 0.00 1.61 3.22 0.00 1.89 0.00 0.00 0.00 0.00 0.00 1.75 0.00 0.70 0.07 3.43 3.15 1.82 1.93 0.00 0.00 0.00 1.75 0.60 3.22 0.00 3.08 0.00 1.79 0.00 0.00 2.91 0.00 0.00 0.00 1.65 2.42 0.63 0.77 0.00 0.00 0.00 1.09 0.14 1.89 0.00 0.00 0.00 3.01 0.39 0.00 3.47 1.68 0.70 0.00 0.00 0.00 1.79 1.96 0.00 2.24 0.00 0.00 0.00 0.00 2.66 0.00 2.49 0.00 0.25 0.00 3.47 0.88 0.00 0.00 0.00 0.00 0.53 0.00 0.00 0.00 0.04 1.33 1.75 0.00 0.00 0.00 0.00 0.00 1.12 0.00 3.33
85 3.26 0.00 0.00 0.00 0.00 2.94 1.89 0.91 1.37 0.00 0.00 2.45 0.00 0.00 0.74 0.00 0.67 0.00 2.66 0.00 0.00 3.36 0.11 3.05 0.00 2.91 1.19 0.00 0.00 2.10 0.04 0.00 0.00 0.00 1.44 0.00 0.00 2.03 0.00 2.80 3.29 0.00 0.00 0.00 1.96 0.00 1.51 0.00 0.00 3.36 0.00 0.00 0.00 3.22 1.37 0.00 0.11 0.00 2.24 0.00 1.54 0.39 1.96 2.17 3.15 0.00 0.00 0.00 2.07 0.88 1.40 2.42 3.47 0.00 0.00 0.95 0.00 0.00 0.00 0.11 0.00 0.00 0.00 2.28 0.53 0.00 3.22 1.51 1.09 0.00 0.00 0.67 0.00 0.00 0.00 0.00 2.07 0.00 2.24 0.88
86 2.56 0.88 2.14 0.00 0.00 0.00 0.00 0.67 0.00 0.00 0.49 0.00 3.01 0.00 0.18 2.03 2.03 0.00 1.93 0.00 0.60 2.63 1.79 0.00 1.16 0.70 0.00 3.01 0.00 0.00 0.00 0.56 0.67 0.00 0.00 0.00 2.17 2.03 2.00 0.14 0.00 0.00 0.00 0.00 1.26 1.93 3.01 0.00 0.00 0.00 0.00 0.00 0.00 0.00 0.00 0.00 0.00 3.05 2.66 1.82 0.00 2.49 1.96 2.52 0.00 1.30 0.04 0.00 0.00 0.00 0.00 2.66 0.70 2.07 1.72 2.24 1.65 0.00 0.74 0.60 1.09 1.19 0.00 1.72 0.00 3.22 0.00 0.00 0.53 0.81 1.16 0.00 0.00 1.89 0.00 0.00 0.00 0.00 2.91 2.98
87 3.43 3.47 0.00 0.00 0.07 0.11 1.44 0.00 0.00 0.11 0.00 0.00 0.60 0.00 0.00 0.00 0.00 0.00 1.02 1.96 0.77 1.72 0.00 1.26 0.00 0.00 1.51 0.63 1.26 3.19 0.00 0.00 0.00 0.18 0.00 0.00 0.00 0.60 0.00 0.00 0.46 0.00 0.56 0.00 0.70 1.65 0.00 0.70 0.00 0.00 0.00 1.40 0.00 0.53 1.16 0.00 0.00 0.00 0.00 0.00 0.00 2.45 2.56 0.00 1.05 0.00 0.00 0.00 3.50 0.00 3.22 2.42 0.39 0.00 0.00 0.00 0.00 2.49 0.00 0.00 2.94 0.00 2.66 0.00 0.00 1.51 0.00 0.00 0.00 0.00 0.91 0.74 2.35 0.00 0.00 0.00 0.00 0.00 0.00 0.56
88 0.35 2.31 0.00 0.00 2.24 0.00 1.86 2.28 3.22 2.17 0.00 0.00 0.00 2.14 0.00 0.00 1.72 3.01 0.95 0.14 0.00 0.00 0.00 0.07 0.00 0.39 0.67 0.00 2.98 0.00 0.00 0.00 0.00 0.00 0.00 0.00 3.12 0.00 1.09 0.00 0.00 1.40 0.00 0.00 1.61 0.00 0.00 0.00 1.96 0.00 0.00 0.00 0.00 0.00 3.12 0.00 0.00 0.00 0.00 2.07 1.93 0.56 0.88 3.47 2.17 1.09 2.84 0.98 0.39 0.00 0.00 3.50 2.98 0.00 1.37 0.00 0.00 1.09 0.07 2.80 2.52 0.00 1.93 0.00 0.00 1.09 0.53 0.00 0.00 0.00 0.00 0.00 0.00 2.24 2.52 2.21 0.18 0.00 2.31 0.00
89 2.10 3.08 0.67 0.00 2.24 0.00 0.00 0.00 0.00 1.93 0.00 3.08 0.00 2.63 1.75 0.00 0.00 0.00 0.00 1.23 0.84 1.09 0.00 1.23 1.82 3.01 0.91 0.00 2.84 0.00 0.00 0.00 0.70 0.88 2.87 0.11 0.56 0.00 0.00 3.01 2.56 0.00 1.30 2.24 0.00 1.16 0.00 0.28 0.81 1.05 0.42 0.00 1.30 0.07 0.00 1.12 1.68 1.37 0.84 0.00 0.00 2.10 0.00 2.21 1.89 0.00 1.65 1.05 0.77 0.04 2.35 2.21 0.77 0.00 0.25 0.07 0.00 0.00 1.12 0.00 1.40 0.00 0.63 0.39 0.04 0.00 0.81 0.00 0.00 0.00 2.52 2.94 3.29 2.24 0.00 0.00 0.00 0.00 0.25 0.88
90 0.32 0.91 0.00 1.58 2.00 0.00 2.98 3.50 0.00 0.00 0.00 0.00 0.00 0.00 0.00 0.00 2.63 1.75 2.66 0.46 0.00 0.00 1.72 3.29 0.00 0.00 0.00 0.00 0.00 1.65 0.00 2.03 0.00 0.00 0.46 0.00 3.01 0.00 0.56 0.00 0.00 0.00 0.00 0.00 0.00 3.15 0.00 0.00 0.00 3.43 0.00 3.08 0.35 1.05 0.00 1.12 0.56 0.04 0.00 1.96 0.00 0.53 1.37 0.00 0.00 0.00 0.49 0.46 0.00 2.10 2.31 0.00 2.21 3.50 2.03 3.33 1.65 0.42 0.00 1.23 0.00 1.82 0.00 0.00 1.33 0.00 1.16 0.91 0.00 2.52 0.00 0.00 0.00 0.00 1.26 0.00 0.60 0.00 0.00 0.11
91 1.68 2.21 0.63 0.98 0.00 0.00 0.00 0.00 0.00 0.00 0.95 0.00 1.02 0.00 2.80 3.15 2.94 0.00 2.87 0.21 0.00 0.56 0.00 0.00 1.40 3.47 3.01 0.00 0.00 1.19 0.00 0.00 0.00 0.00 0.00 2.94 0.00 1.33 3.08 0.00 3.50 0.00 0.63 2.42 0.00 0.04 0.00 0.00 0.91 0.00 0.00 0.00 0.00 0.00 3.43 0.42 0.00 0.00 0.00 0.00 0.00 0.00 0.04 0.95 0.00 3.36 3.15 0.00 0.42 0.00 2.42 0.00 0.00 0.77 0.39 2.07 0.00 0.00 1.16 0.00 1.12 2.38 0.74 0.88 1.75 0.67 0.00 0.74 0.00 2.94 0.00 0.00 0.00 0.00 0.00 1.16 0.00 2.59 0.00 0.00
92 0.00 2.45 2.80 0.00 0.00 0.00 3.22 0.00 2.94 0.00 0.00 1.58 0.00 0.39 0.00 0.00 1.26 0.11 2.35 0.00 2.56 0.95 0.00 0.25 0.00 0.00 1.02 0.00 0.00 0.00 3.01 0.00 0.00 0.00 0.00 0.04 1.09 0.25 0.00 0.00 0.00 1.68 0.00 3.15 0.00 3.29 1.82 2.91 2.87 2.59 0.00 0.18 0.74 1.30 1.16 0.00 0.00 0.00 0.00 0.00 0.00 2.49 0.63 3.12 1.65 1.40 2.38 0.00 0.00 0.00 0.00 1.47 1.30 0.00 0.00 0.00 1.96 1.30 0.00 0.00 1.79 0.00 1.93 0.56 0.00 0.00 0.00 2.35 0.00 3.29 0.00 0.00 0.00 2.77 0.42 0.00 0.00 0.00 1.58 0.00
93 1.93 0.98 0.00 0.28 3.22 0.00 0.00 1.93 0.25 1.05 0.60 0.00 0.00 0.00 0.00 0.00 0.00 0.77 0.00 0.84 0.00 0.00 0.88 0.84 0.00 3.01 3.26 0.00 0.00 3.05 0.00 3.19 0.00 0.00 0.98 2.73 2.63 0.74 0.00 0.00 0.00 0.00 0.60 0.00 2.10 2.98 0.00 0.00 3.05 0.00 1.89 0.00 1.44 1.51 0.00 0.00 2.38 2.07 2.49 3.47 0.56 1.79 0.00 2.98 0.00 0.00 0.00 2.80 3.43 1.51 0.00 0.00 0.00 0.00 0.00 2.07 3.29 3.12 0.00 0.00 0.67 0.00 0.91 0.00 0.00 0.00 1.89 0.00 2.24 2.24 0.00 0.00 2.77 0.00 0.77 1.75 2.52 1.26 1.89 0.00
94 0.67 0.00 0.00 1.26 1.02 3.19 0.56 3.36 0.00 1.68 0.77 0.00 0.00 0.00 3.50 0.00 0.00 1.33 3.15 0.00 0.00 1.79 3.19 0.25 0.00 0.00 0.00 2.98 0.00 0.60 0.21 0.00 0.00 0.00 2.14 0.00 1.23 1.30 0.42 0.00 2.73 0.00 0.00 0.00 0.28 0.00 2.21 0.00 1.58 0.00 2.94 0.00 0.00 0.00 3.43 0.00 2.42 0.00 0.00 2.28 0.00 3.33 0.00 0.00 0.00 1.02 0.00 0.00 0.00 2.80 0.00 1.40 3.15 1.40 1.19 2.42 1.89 0.00 2.70 1.65 0.00 2.35 0.00 2.49 0.00 0.00 0.00 0.00 2.52 0.00 1.26 0.00 0.42 0.77 0.00 1.96 0.00 1.44 0.00 1.47
95 0.81 1.30 2.63 1.23 0.91 2.52 1.26 3.43 0.00 0.00 0.00 0.00 0.11 0.39 3.29 0.00 0.67 0.00 0.00 0.00 0.00 0.56 3.29 0.46 0.00 2.52 0.04 1.68 0.04 0.00 0.53 1.96 0.00 0.00 3.01 2.07 0.00 2.49 0.00 0.00 0.00 0.00 0.00 0.84 0.00 0.00 0.00 0.00 0.00 2.52 2.91 0.00 1.23 0.00 1.44 0.63 0.00 0.00 3.43 0.00 0.00 1.58 0.00 0.00 1.93 1.23 0.04 0.00 2.56 0.00 0.00 0.00 1.40 0.00 0.00 0.25 0.25 2.21 0.00 0.53 0.00 0.00 0.00 0.00 0.00 0.00 0.00 0.00 2.21 0.00 0.00 1.16 0.00 1.75 1.96 0.00 0.00 0.18 2.21 0.00
96 3.08 0.98 1.86 0.53 2.14 0.00 0.00 0.07 0.00 0.00 0.00 0.46 1.44 0.00 0.00 1.37 0.00 2.45 0.11 2.17 0.00 2.49 0.00 0.00 0.00 0.46 1.65 0.00 0.00 0.00 3.47 0.00 0.00 0.00 2.24 0.00 0.00 1.93 0.81 0.00 3.26 0.00 0.00 0.14 0.67 1.61 2.45 3.15 0.00 1.12 0.00 0.00 1.47 0.00 0.00 2.70 0.00 1.44 0.00 2.28 0.00 0.00 0.60 0.00 0.00 0.00 0.81 0.00 0.77 0.00 0.00 0.00 0.00 3.33 0.00 0.00 3.22 0.42 0.00 0.00 2.17 0.00 0.00 0.00 0.00 2.07 0.00 0.00 0.18 0.00 0.60 0.00 0.00 2.52 0.00 0.00 0.00 0.00 3.43 0.00
97 0.81 0.00 0.00 0.56 1.89 1.37 0.00 0.00 0.00 2.21 0.00 0.49 2.52 2.38 0.53 0.00 1.12 0.00 2.31 0.00 0.67 0.00 2.59 0.39 0.74 0.00 0.00 1.65 0.00 0.00 0.28 1.82 0.00 1.44 2.03 1.79 0.00 0.00 0.00 0.00 2.00 2.42 0.07 0.00 0.00 3.36 2.63 0.77 0.00 3.40 0.00 1.93 1.30 0.00 2.59 0.00 0.00 2.14 0.07 0.11 0.00 0.00 0.00 0.00 0.00 1.72 0.00 0.11 0.00 0.04 0.00 0.00 0.49 3.19 0.00 0.00 0.00 1.79 2.52 1.86 2.45 0.00 0.00 0.00 1.12 0.00 0.00 0.00 0.00 0.00 0.00 2.59 0.00 1.26 1.44 0.18 0.00 0.00 0.00 0.00
98 0.00 2.73 0.00 0.00 0.00 0.00 2.52 0.60 0.00 2.45 2.80 0.00 2.10 0.00 0.00 0.39 1.05 2.31 0.00 2.73 0.00 0.00 3.05 1.54 0.00 0.21 1.79 3.22 2.80 0.00 0.21 3.08 2.35 0.00 0.00 0.00 2.49 2.00 3.12 3.05 0.00 0.00 0.00 3.29 3.36 0.00 0.00 0.49 1.05 0.00 2.38 0.00 0.00 0.00 0.00 2.42 2.49 0.00 0.00 2.70 3.01 2.21 2.17 0.53 1.02 0.77 0.60 0.00 0.00 0.00 2.73 0.14 0.00 0.00 0.00 2.31 0.00 0.77 0.00 2.66 0.81 0.00 0.00 0.00 0.00 2.24 2.91 0.00 2.31 0.25 0.00 0.00 1.58 1.89 0.00 2.21 3.43 0.00 0.00 3.19
99 3.01 3.22 0.00 0.00 1.26 1.79 0.00 0.07 1.58 0.00 0.00 2.21 0.00 0.14 0.00 0.60 0.00 3.33 0.00 1.44 0.00 0.00 0.00 0.63 0.00 0.00 0.00 2.52 2.45 0.00 0.00 0.00 0.00 3.33 0.00 0.00 2.63 0.11 2.63 0.00 0.49 2.70 0.00 0.00 0.00 0.00 0.00 0.00 2.31 0.00 0.00 0.00 0.00 0.00 0.00 3.01 0.00 0.84 1.68 2.10 0.46 0.00 0.98 0.00 0.00 3.26 2.42 1.47 0.00 1.09 2.21 0.00 2.07 0.00 0.00 2.42 0.00 1.58 2.00 2.66 3.33 0.67 1.72 0.00 3.33 0.88 2.98 0.56 0.00 0.88 0.11 0.00 0.00 0.00 1.47 0.00 0.00 0.00 3.19 0.00

ITEMS
nominal_profits 92.00 31.00 0.00 0.00 0.00 1.00 58.00 0.00 83.00 0.00 0.00 72.00 0.00 23.00 0.00 0.00 0.00 0.00 0.00 3.00 22.00 0.00 0.00 0.00 7.00 49.00 0.00 0.00 0.00 61.00 0.00 0.00 72.00 0.00 55.00 57.00 0.00 0.00 55.00 6.00 0.00 73.00 0.00 88.00 0.00 0.00 0.00 0.00 61.00 59.00 19.00 0.00 0.00 88.00 0.00 72.00 0.00 100.00 16.00 0.00 0.00 27.00 23.00 0.00 0.00 0.00 0.00 0.00 16.00 0.00 31.00 44.00 0.00 0.00 0.00 12.00 69.00 91.00 0.00 11.00 70.00 0.00 0.00 44.00 0.00 22.00 0.00 60.00 0.00 0.00 27.00 0.00 0.00 59.00 0.00 95.00 0.00 0.00 89.00 95.00
weights 46 13 25 29 21 5 11 15 26 48 15 48 50 11 4 38 24 46 35 14 50 8 27 27 28 18 34 36 24 7 17 15 34 46 49 10 5 44 4 43 34 5 6 46 41 23 7 22 36 33 37 2 44 3 11 33 37 1 45 46 45 6 14 25 29 14 14 24 11 45 32 34 15 28 21 29 45 22 13 5 11 33 24 14 6 11 17 33 48 27 9 38 1 42 5 23 28 50 17 33
capacity 1041
k_max 64

COMMENTS
original_pairwise_profits
0 0.00 0.00 25.00 0.00 0.00 5.00 0.00 94.00 17.00 0.00 46.00 0.00 0.00 0.00 99.00 0.00 0.00 86.00 31.00 0.00 0.00 89.00 0.00 0.00 0.00 73.00 81.00 44.00 0.00 0.00 30.00 66.00 0.00 0.00 0.00 42.00 31.00 0.00 0.00 13.00 45.00 84.00 0.00 83.00 0.00 10.00 44.00 96.00 0.00 1.00 0.00 19.00 68.00 14.00 79.00 55.00 0.00 0.00 0.00 0.00 0.00 72.00 76.00 100.00 0.00 5.00 0.00 0.00 0.00 0.00 0.00 65.00 90.00 86.00 26.00 0.00 75.00 46.00 0.00 0.00 0.00 0.00 92.00 75.00 0.00 93.00 73.00 98.00 10.00 60.00 9.00 48.00 0.00 55.00 19.00 23.00 88.00 23.00 0.00 86.00
1 0.00 0.00 27.00 0.00 92.00 0.00 0.00 0.00 0.00 32.00 37.00 0.00 88.00 0.00 22.00 0.00 0.00 8.00 0.00 0.00 91.00 0.00 3.00 0.00 0.00 54.00 85.00 89.00 0.00 45.00 0.00 0.00 0.00 74.00 0.00 0.00 51.00 0.00 81.00 48.00 0.00 0.00 63.00 0.00 0.00 0.00 0.00 11.00 55.00 89.00 50.00 23.00 84.00 31.00 17.00 0.00 75.00 72.00 0.00 0.00 0.00 0.00 4.00 64.00 11.00 0.00 0.00 50.00 0.00 0.00 0.00 81.00 0.00 0.00 39.00 0.00 11.00 0.00 64.00 86.00 0.00 0.00 79.00 78.00 3.00 0.00 25.00 99.00 66.00 88.00 26.00 63.00 70.00 28.00 0.00 37.00 28.00 0.00 78.00 92.00
2 25.00 27.00 0.00 0.00 100.00 65.00 0.00 88.00 76.00 0.00 0.00 0.00 0.00 18.00 0.00 34.00 0.00 16.00 0.00 0.00 6.00 91.00 0.00 0.00 61.00 0.00 38.00 0.00 81.00 30.00 95.00 9.00 0.00 30.00 0.00 0.00 96.00 4.00 77.00 32.00 68.00 6.00 12.00 0.00 51.00 3.00 0.00 0.00 0.00 71.00 72.00 57.00 10.00 6.00 0.00 0.00 0.00 0.00 0.00 0.00 47.00 68.00 0.00 0.00 59.00 0.00 83.00 85.00 0.00 0.00 34.00 73.00 0.00 42.00 0.00 56.00 93.00 0.00 0.00 13.00 38.00 17.00 0.00 0.00 90.00 0.00 61.00 0.00 0.00 19.00 0.00 18.00 80.00 0.00 0.00 75.00 53.00 0.00 0.00 0.00
3 0.00 0.00 0.00 0.00 57.00 48.00 0.00 83.00 0.00 40.00 0.00 59.00 81.00 50.00 0.00 71.00 0.00 0.00 70.00 9.00 0.00 90.00 0.00 87.00 0.00 0.00 49.00 0.00 95.00 0.00 0.00 4.00 0.00 89.00 0.00 0.00 0.00 0.00 0.00 69.00 18.00 0.00 98.00 0.00 0.00 0.00 17.00 0.00 0.00 75.00 0.00 0.00 0.00 0.00 23.00 44.00 0.00 86.00 0.00 0.00 19.00 0.00 41.00 0.00 11.00 77.00 12.00 0.00 28.00 99.00 39.00 0.00 0.00 0.00 0.00 0.00 0.00 0.00 42.00 86.00 0.00 0.00 38.00 0.00 28.00 0.00 0.00 0.00 0.00 0.00 45.00 28.00 0.00 8.00 36.00 35.00 15.00 16.00 0.00 0.00
4 0.00 92.00 100.00 57.00 0.00 12.00 15.00 0.00 61.00 0.00 8.00 75.00 0.00 4.00 31.00 0.00 0.00 38.00 0.00 0.00 33.00 16.00 0.00 67.00 34.00 0.00 0.00 40.00 40.00 86.00 0.00 83.00 68.00 0.00 0.00 0.00 66.00 3.00 0.00 0.00 0.00 10.00 20.00 0.00 11.00 0.00 0.00 0.00 0.00 11.00 9.00 6.00 0.00 96.00 0.00 0.00 60.00 22.00 0.00 53.00 0.00 28.00 29.00 0.00 66.00 55.00 0.00 0.00 0.00 0.00 49.00 0.00 43.00 21.00 96.00 0.00 29.00 38.00 0.00 0.00 13.00 0.00 6.00 6.00 0.00 0.00 0.00 2.00 64.00 64.00 57.00 0.00 0.00 92.00 29.00 26.00 61.00 54.00 0.00 36.00
5 5.00 0.00 65.00 48.00 12.00 0.00 0.00 93.00 0.00 0.00 0.00 31.00 0.00 31.00 0.00 64.00 0.00 0.00 0.00 0.00 0.00 0.00 65.00 27.00 0.00 0.00 66.00 74.00 0.00 0.00 0.00 33.00 3.00 40.00 0.00 0.00 97.00 10.00 90.00 24.00 0.00 10.00 46.00 60.00 0.00 16.00 4.00 58.00 0.00 0.00 16.00 12.00 0.00 37.00 4.00 36.00 31.00 0.00 0.00 0.00 14.00 0.00 0.00 0.00 48.00 0.00 12.00 0.00 60.00 0.00 0.00 0.00 0.00 0.00 0.00 21.00 96.00 5.00 58.00 48.00 0.00 0.00 0.00 0.00 23.00 84.00 0.00 3.00 0.00 0.00 0.00 0.00 0.00 0.00 91.00 72.00 0.00 39.00 0.00 51.00
6 0.00 0.00 0.00 0.00 15.00 0.00 0.00 0.00 0.00 73.00 0.00 0.00 0.00 29.00 0.00 0.00 0.00 0.00 25.00 1.00 0.00 0.00 85.00 14.00 0.00 5.00 13.00 95.00 70.00 0.00 25.00 53.00 82.00 24.00 0.00 91.00 89.00 86.00 0.00 38.00 0.00 8.00 3.00 0.00 0.00 0.00 71.00 0.00 74.00 72.00 0.00 0.00 0.00 0.00 5.00 0.00 61.00 0.00 0.00 36.00 64.00 0.00 91.00 51.00 0.00 0.00 82.00 0.00 11.00 0.00 48.00 21.00 95.00 42.00 0.00 57.00 52.00 0.00 34.00 0.00 26.00 0.00 0.00 78.00 74.00 54.00 0.00 41.00 53.00 0.00 85.00 0.00 92.00 0.00 16.00 36.00 0.00 0.00 72.00 0.00
7 94.00 0.00 88.00 83.00 0.00 93.00 0.00 0.00 35.00 0.00 0.00 33.00 49.00 0.00 0.00 0.00 0.00 44.00 48.00 0.00 69.00 15.00 0.00 0.00 0.00 14.00 0.00 0.00 0.00 64.00 71.00 41.00 52.00 15.00 75.00 97.00 0.00 33.00 36.00 0.00 0.00 51.00 53.00 43.00 0.00 58.00 0.00 43.00 0.00 0.00 33.00 56.00 0.00 0.00 0.00 0.00 0.00 0.00 75.00 15.00 78.00 68.00 60.00 0.00 45.00 0.00 0.00 0.00 0.00 20.00 0.00 89.00 55.00 74.00 29.00 0.00 0.00 83.00 68.00 0.00 0.00 0.00 0.00 76.00 0.00 26.00 19.00 0.00 65.00 0.00 100.00 0.00 0.00 55.00 96.00 98.00 2.00 0.00 17.00 2.00
8 17.00 0.00 76.00 0.00 61.00 0.00 0.00 35.00 0.00 88.00 46.00 71.00 44.00 49.00 0.00 77.00 0.00 69.00 97.00 0.00 0.00 26.00 74.00 64.00 19.00 0.00 0.00 80.00 0.00 73.00 0.00 0.00 20.00 100.00 0.00 66.00 0.00 0.00 0.00 95.00 0.00 0.00 0.00 0.00 0.00 42.00 34.00 88.00 0.00 12.00 58.00 68.00 0.00 88.00 0.00 75.00 0.00 75.00 78.00 33.00 21.00 53.00 84.00 0.00 0.00 3.00 88.00 86.00 0.00 9.00 0.00 75.00 0.00 0.00 84.00 0.00 0.00 61.00 99.00 0.00 0.00 0.00 0.00 70.00 0.00 39.00 0.00 0.00 92.00 0.00 0.00 0.00 84.00 7.00 0.00 0.00 0.00 0.00 0.00 45.00
9 0.00 32.00 0.00 40.00 0.00 0.00 73.00 0.00 88.00 0.00 24.00 36.00 60.00 0.00 0.00 0.00 0.00 0.00 95.00 0.00 0.00 78.00 0.00 15.00 0.00 15.00 0.00 0.00 0.00 0.00 0.00 0.00 40.00 46.00 0.00 0.00 1.00 60.00 0.00 74.00 0.00 0.00 0.00 0.00 0.00 19.00 0.00 45.00 0.00 0.00 0.00 0.00 82.00 0.00 0.00 66.00 6.00 42.00 0.00 39.00 40.00 19.00 90.00 62.00 39.00 0.00 0.00 18.00 41.00 0.00 0.00 0.00 0.00 0.00 0.00 82.00 0.00 0.00 32.00 0.00 0.00 0.00 12.00 0.00 0.00 0.00 0.00 3.00 62.00 55.00 0.00 0.00 0.00 30.00 48.00 0.00 0.00 63.00 70.00 0.00
10 46.00 37.00 0.00 0.00 8.00 0.00 0.00 0.00 46.00 24.00 0.00 95.00 0.00 0.00 49.00 0.00 0.00 0.00 88.00 13.00 89.00 0.00 28.00 95.00 3.00 0.00 63.00 70.00 0.00 28.00 16.00 41.00 0.00 73.00 9.00 0.00 13.00 6.00 0.00 85.00 21.00 0.00 0.00 0.00 0.00 0.00 56.00 0.00 40.00 0.00 0.00 0.00 44.00 35.00 0.00 0.00 0.00 78.00 0.00 0.00 0.00 79.00 0.00 4.00 38.00 0.00 76.00 4.00 6.00 78.00 0.00 0.00 45.00 0.00 18.00 0.00 0.00 0.00 87.00 45.00 0.00 8.00 0.00 0.00 46.00 0.00 14.00 0.00 0.00 0.00 0.00 27.00 0.00 17.00 22.00 0.00 0.00 0.00 80.00 0.00
11 0.00 0.00 0.00 59.00 75.00 31.00 0.00 33.00 71.00 36.00 95.00 0.00 97.00 95.00 6.00 71.00 0.00 5.00 7.00 0.00 80.00 0.00 0.00 66.00 47.00 0.00 0.00 0.00 82.00 0.00 18.00 0.00 0.00 0.00 0.00 34.00 0.00 28.00 0.00 0.00 15.00 92.00 91.00 93.00 0.00 0.00 0.00 8.00 0.00 0.00 0.00 64.00 0.00 0.00 0.00 47.00 100.00 0.00 71.00 0.00 58.00 60.00 71.00 11.00 0.00 0.00 66.00 16.00 43.00 0.00 0.00 0.00 28.00 100.00 0.00 17.00 32.00 0.00 63.00 71.00 19.00 0.00 0.00 56.00 92.00 70.00 0.00 0.00 0.00 88.00 0.00 0.00 45.00 0.00 0.00 0.00 13.00 14.00 0.00 63.00
12 0.00 88.00 0.00 81.00 0.00 0.00 0.00 49.00 44.00 60.00 0.00 97.00 0.00 0.00 0.00 44.00 95.00 0.00 19.00 0.00 0.00 0.00 70.00 90.00 0.00 95.00 89.00 20.00 74.00 0.00 19.00 76.00 0.00 84.00 0.00 0.00 0.00 0.00 60.00 84.00 0.00 0.00 0.00 9.00 0.00 0.00 76.00 0.00 58.00 45.00 0.00 18.00 20.00 0.00 47.00 0.00 9.00 0.00 0.00 15.00 65.00 50.00 0.00 56.00 57.00 0.00 58.00 0.00 0.00 0.00 58.00 52.00 89.00 0.00 59.00 81.00 74.00 0.00 31.00 45.00 91.00 52.00 82.00 96.00 0.00 0.00 86.00 17.00 0.00 0.00 0.00 29.00 0.00 0.00 0.00 3.00 41.00 72.00 60.00 0.00
13 0.00 0.00 18.00 50.00 4.00 31.00 29.00 0.00 49.00 0.00 0.00 95.00 0.00 0.00 48.00 0.00 42.00 41.00 0.00 18.00 0.00 40.00 89.00 0.00 0.00 0.00 44.00 98.00 0.00 0.00 0.00 0.00 0.00 39.00 56.00 63.00 0.00 58.00 0.00 52.00 0.00 0.00 0.00 46.00 56.00 0.00 0.00 4.00 0.00 90.00 0.00 0.00 0.00 15.00 85.00 88.00 35.00 30.00 91.00 38.00 78.00 0.00 0.00 31.00 0.00 54.00 12.00 77.00 0.00 77.00 0.00 0.00 0.00 0.00 11.00 0.00 0.00 0.00 0.00 38.00 0.00 0.00 93.00 66.00 54.00 0.00 0.00 0.00 61.00 75.00 0.00 0.00 11.00 0.00 0.00 11.00 0.00 68.00 0.00 4.00
14 99.00 22.00 0.00 0.00 31.00 0.00 0.00 0.00 0.00 0.00 49.00 6.00 0.00 48.00 0.00 0.00 0.00 0.00 0.00 0.00 89.00 0.00 0.00 93.00 75.00 0.00 57.00 80.00 14.00 34.00 35.00 0.00 86.00 0.00 18.00 79.00 76.00 54.00 0.00 65.00 5.00 0.00 0.00 19.00 0.00 39.00 84.00 64.00 61.00 0.00 0.00 79.00 0.00 27.00 65.00 0.00 36.00 37.00 0.00 0.00 44.00 0.00 70.00 0.00 0.00 30.00 57.00 11.00 96.00 0.00 0.00 0.00 34.00 52.00 0.00 0.00 12.00 22.00 0.00 0.00 0.00 0.00 63.00 1.00 0.00 21.00 5.00 0.00 0.00 50.00 0.00 80.00 0.00 0.00 100.00 94.00 0.00 15.00 0.00 0.00
15 0.00 0.00 34.00 71.00 0.00 64.00 0.00 0.00 77.00 0.00 0.00 71.00 44.00 0.00 0.00 0.00 3.00 51.00 27.00 67.00 95.00 0.00 35.00 0.00 0.00 0.00 68.00 0.00 65.00 85.00 36.00 24.00 0.00 93.00 0.00 0.00 16.00 0.00 38.00 0.00 71.00 0.00 0.00 0.00 0.00 84.00 91.00 0.00 0.00 0.00 76.00 93.00 0.00 95.00 0.00 0.00 57.00 34.00 20.00 53.00 0.00 0.00 58.00 0.00 0.00 0.00 0.00 0.00 0.00 58.00 96.00 0.00 0.00 0.00 32.00 67.00 0.00 0.00 0.00 0.00 0.00 88.00 42.00 0.00 0.00 0.00 58.00 0.00 0.00 0.00 0.00 90.00 0.00 0.00 0.00 0.00 39.00 0.00 11.00 17.00
16 0.00 0.00 0.00 0.00 0.00 0.00 0.00 0.00 0.00 0.00 0.00 0.00 95.00 42.00 0.00 3.00 0.00 20.00 0.00 67.00 0.00 76.00 97.00 0.00 19.00 18.00 26.00 0.00 58.00 46.00 53.00 2.00 4.00 12.00 0.00 0.00 0.00 0.00 0.00 0.00 27.00 0.00 0.00 67.00 75.00 49.00 27.00 0.00 46.00 0.00 39.00 13.00 0.00 0.00 0.00 1.00 0.00 39.00 0.00 0.00 1.00 0.00 22.00 40.00 73.00 0.00 17.00 0.00 72.00 0.00 68.00 43.00 0.00 0.00 0.00 69.00 0.00 99.00 0.00 0.00 0.00 14.00 98.00 0.00 0.00 19.00 58.00 0.00 49.00 0.00 75.00 84.00 36.00 0.00 0.00 19.00 0.00 32.00 30.00 0.00
17 86.00 8.00 16.00 0.00 38.00 0.00 0.00 44.00 69.00 0.00 0.00 5.00 0.00 41.00 0.00 51.00 20.00 0.00 0.00 14.00 52.00 1.00 22.00 99.00 31.00 40.00 72.00 57.00 0.00 0.00 0.00 0.00 33.00 27.00 0.00 0.00 19.00 58.00 0.00 0.00 0.00 0.00 80.00 0.00 0.00 68.00 0.00 87.00 0.00 36.00 0.00 0.00 19.00 0.00 82.00 49.00 100.00 4.00 0.00 9.00 4.00 0.00 0.00 0.00 68.00 0.00 63.00 32.00 39.00 0.00 11.00 0.00 18.00 84.00 0.00 0.00 33.00 0.00 0.00 0.00 0.00 0.00 93.00 0.00 0.00 0.00 0.00 0.00 86.00 0.00 50.00 0.00 3.00 22.00 38.00 0.00 70.00 0.00 66.00 95.00
18 31.00 0.00 0.00 70.00 0.00 0.00 25.00 48.00 97.00 95.00 88.00 7.00 19.00 0.00 0.00 27.00 0.00 0.00 0.00 60.00 24.00 0.00 0.00 82.00 43.00 0.00 0.00 0.00 75.00 80.00 81.00 53.00 0.00 70.00 82.00 30.00 57.00 2.00 0.00 0.00 0.00 40.00 92.00 0.00 0.00 0.00 0.00 0.00 53.00 0.00 13.00 76.00 0.00 0.00 4.00 32.00 0.00 75.00 83.00 55.00 65.00 33.00 49.00 92.00 0.00 0.00 0.00 0.00 87.00 87.00 85.00 43.00 9.00 47.00 80.00 0.00 0.00 0.00 0.00 0.00 0.00 65.00 97.00 0.00 0.00 76.00 55.00 29.00 27.00 0.00 76.00 82.00 67.00 0.00 90.00 0.00 3.00 66.00 0.00 0.00
19 0.00 0.00 0.00 9.00 0.00 0.00 1.00 0.00 0.00 0.00 13.00 0.00 0.00 18.00 0.00 67.00 67.00 14.00 60.00 0.00 0.00 25.00 82.00 12.00 5.00 0.00 0.00 0.00 51.00 0.00 0.00 90.00 0.00 0.00 67.00 18.00 0.00 16.00 26.00 2.00 0.00 0.00 0.00 0.00 0.00 0.00 4.00 72.00 0.00 0.00 93.00 0.00 4.00 72.00 7.00 14.00 0.00 91.00 0.00 0.00 0.00 0.00 0.00 61.00 2.00 81.00 0.00 76.00 25.00 0.00 26.00 0.00 97.00 0.00 0.00 49.00 95.00 6.00 22.00 0.00 0.00 0.00 32.00 0.00 50.00 0.00 0.00 56.00 4.00 35.00 13.00 6.00 0.00 24.00 0.00 0.00 62.00 0.00 78.00 41.00
20 0.00 91.00 6.00 0.00 33.00 0.00 0.00 69.00 0.00 0.00 89.00 80.00 0.00 0.00 89.00 95.00 0.00 52.00 24.00 0.00 0.00 0.00 0.00 0.00 78.00 99.00 90.00 0.00 7.00 62.00 84.00 0.00 0.00 0.00 59.00 0.00 38.00 92.00 0.00 0.00 0.00 0.00 62.00 0.00 91.00 11.00 55.00 62.00 0.00 0.00 0.00 88.00 0.00 0.00 74.00 0.00 78.00 64.00 0.00 68.00 84.00 87.00 0.00 0.00 0.00 22.00 0.00 0.00 100.00 0.00 0.00 7.00 25.00 43.00 26.00 6.00 49.00 0.00 2.00 0.00 0.00 3.00 37.00 0.00 0.00 0.00 17.00 22.00 0.00 24.00 0.00 0.00 73.00 0.00 0.00 0.00 0.00 19.00 0.00 0.00
21 89.00 0.00 91.00 90.00 16.00 0.00 0.00 15.00 26.00 78.00 0.00 0.00 0.00 40.00 0.00 0.00 76.00 1.00 0.00 25.00 0.00 0.00 0.00 44.00 0.00 37.00 0.00 20.00 8.00 0.00 0.00 0.00 21.00 30.00 23.00 0.00 0.00 0.00 0.00 0.00 70.00 27.00 0.00 0.00 0.00 0.00 0.00 63.00 20.00 79.00 16.00 2.00 49.00 71.00 1.00 73.00 0.00 0.00 42.00 0.00 0.00 0.00 49.00 0.00 0.00 66.00 0.00 0.00 18.00 61.00 87.00 0.00 12.00 0.00 0.00 27.00 0.00 98.00 0.00 0.00 69.00 0.00 90.00 10.00 20.00 96.00 75.00 49.00 0.00 31.00 0.00 16.00 27.00 0.00 51.00 16.00 71.00 0.00 0.00 0.00
22 0.00 3.00 0.00 0.00 0.00 65.00 85.00 0.00 74.00 0.00 28.00 0.00 70.00 89.00 0.00 35.00 97.00 22.00 0.00 82.00 0.00 0.00 0.00 75.00 61.00 0.00 93.00 32.00 7.00 0.00 82.00 0.00 17.00 0.00 0.00 93.00 20.00 0.00 0.00 0.00 0.00 0.00 0.00 0.00 0.00 0.00 0.00 0.00 1.00 90.00 51.00 53.00 0.00 40.00 0.00 66.00 61.00 11.00 0.00 72.00 0.00 25.00 100.00 0.00 14.00 0.00 31.00 0.00 0.00 0.00 0.00 0.00 57.00 93.00 46.00 0.00 100.00 0.00 69.00 0.00 0.00 97.00 0.00 100.00 2.00 3.00 51.00 0.00 0.00 0.00 49.00 0.00 0.00 25.00 91.00 94.00 0.00 74.00 87.00 0.00
23 0.00 0.00 0.00 87.00 67.00 27.00 14.00 0.00 64.00 15.00 95.00 66.00 90.00 0.00 93.00 0.00 0.00 99.00 82.00 12.00 0.00 44.00 75.00 0.00 20.00 28.00 0.00 0.00 0.00 0.00 90.00 0.00 14.00 0.00 0.00 0.00 0.00 0.00 72.00 30.00 0.00 90.00 67.00 0.00 50.00 0.00 20.00 0.00 0.00 0.00 0.00 6.00 61.00 85.00 77.00 0.00 0.00 35.00 0.00 23.00 0.00 36.00 0.00 21.00 80.00 40.00 8.00 0.00 0.00 0.00 98.00 83.00 0.00 0.00 0.00 84.00 39.00 0.00 0.00 0.00 45.00 84.00 0.00 18.00 98.00 87.00 0.00 36.00 2.00 35.00 94.00 0.00 7.00 24.00 7.00 13.00 0.00 11.00 44.00 18.00
24 0.00 0.00 61.00 0.00 34.00 0.00 0.00 0.00 19.00 0.00 3.00 47.00 0.00 0.00 75.00 0.00 19.00 31.00 43.00 5.00 78.00 0.00 61.00 20.00 0.00 0.00 52.00 0.00 0.00 73.00 0.00 0.00 0.00 51.00 98.00 0.00 0.00 58.00 94.00 0.00 87.00 83.00 70.00 0.00 22.00 0.00 42.00 0.00 0.00 36.00 82.00 85.00 16.00 53.00 0.00 15.00 40.00 0.00 58.00 4.00 0.00 0.00 0.00 16.00 44.00 0.00 84.00 96.00 0.00 15.00 55.00 29.00 56.00 20.00 48.00 0.00 44.00 15.00 0.00 30.00 34.00 75.00 0.00 80.00 90.00 0.00 33.00 0.00 0.00 52.00 0.00 40.00 0.00 0.00 0.00 0.00 0.00 21.00 0.00 0.00
25 73.00 54.00 0.00 0.00 0.00 0.00 5.00 14.00 0.00 15.00 0.00 0.00 95.00 0.00 0.00 0.00 18.00 40.00 0.00 0.00 99.00 37.00 0.00 28.00 0.00 0.00 43.00 0.00 0.00 0.00 88.00 64.00 96.00 16.00 0.00 0.00 32.00 17.00 23.00 54.00 0.00 81.00 17.00 28.00 0.00 0.00 0.00 49.00 60.00 43.00 0.00 0.00 68.00 0.00 0.00 67.00 0.00 68.00 0.00 0.00 15.00 59.00 0.00 41.00 0.00 0.00 40.00 0.00 0.00 98.00 0.00 0.00 1.00 89.00 81.00 96.00 0.00 35.00 0.00 70.00 0.00 0.00 31.00 0.00 52.00 83.00 20.00 0.00 11.00 86.00 0.00 99.00 0.00 86.00 0.00 72.00 13.00 0.00 6.00 0.00
26 81.00 85.00 38.00 49.00 0.00 66.00 13.00 0.00 0.00 0.00 63.00 0.00 89.00 44.00 57.00 68.00 26.00 72.00 0.00 0.00 90.00 0.00 93.00 0.00 52.00 43.00 0.00 62.00 66.00 0.00 0.00 24.00 0.00 6.00 0.00 9.00 0.00 48.00 11.00 0.00 3.00 0.00 85.00 97.00 12.00 71.00 0.00 0.00 79.00 1.00 39.00 0.00 91.00 0.00 69.00 28.00 0.00 37.00 0.00 0.00 95.00 28.00 0.00 0.00 0.00 0.00 62.00 94.00 0.00 18.00 73.00 14.00 77.00 0.00 0.00 88.00 40.00 31.00 0.00 0.00 0.00 0.00 0.00 46.00 55.00 34.00 0.00 43.00 19.00 26.00 0.00 86.00 29.00 93.00 0.00 1.00 47.00 0.00 51.00 0.00
27 44.00 89.00 0.00 0.00 40.00 74.00 95.00 0.00 80.00 0.00 70.00 0.00 20.00 98.00 80.00 0.00 0.00 57.00 0.00 0.00 0.00 20.00 32.00 0.00 0.00 0.00 62.00 0.00 0.00 0.00 66.00 0.00 0.00 95.00 0.00 12.00 14.00 89.00 13.00 25.00 0.00 22.00 0.00 0.00 0.00 4.00 0.00 0.00 23.00 0.00 8.00 0.00 8.00 38.00 0.00 0.00 0.00 74.00 0.00 54.00 0.00 30.00 0.00 0.00 0.00 0.00 0.00 17.00 35.00 74.00 0.00 79.00 0.00 0.00 61.00 0.00 64.00 73.00 0.00 90.00 72.00 0.00 0.00 32.00 0.00 0.00 86.00 18.00 0.00 0.00 0.00 0.00 0.00 0.00 85.00 48.00 0.00 47.00 92.00 72.00
28 0.00 0.00 81.00 95.00 40.00 0.00 70.00 0.00 0.00 0.00 0.00 82.00 74.00 0.00 14.00 65.00 58.00 0.00 75.00 51.00 7.00 8.00 7.00 0.00 0.00 0.00 66.00 0.00 0.00 77.00 77.00 7.00 0.00 99.00 27.00 75.00 95.00 0.00 63.00 0.00 0.00 0.00 44.00 1.00 0.00 73.00 28.00 0.00 23.00 84.00 0.00 64.00 100.00 0.00 0.00 0.00 38.00 0.00 77.00 0.00 9.00 0.00 0.00 0.00 39.00 0.00 65.00 6.00 0.00 0.00 11.00 70.00 0.00 24.00 0.00 34.00 0.00 0.00 0.00 0.00 4.00 0.00 93.00 0.00 0.00 0.00 0.00 36.00 85.00 81.00 0.00 0.00 0.00 0.00 0.00 1.00 0.00 0.00 80.00 70.00
29 0.00 45.00 30.00 0.00 86.00 0.00 0.00 64.00 73.00 0.00 28.00 0.00 0.00 0.00 34.00 85.00 46.00 0.00 80.00 0.00 62.00 0.00 0.00 0.00 73.00 0.00 0.00 0.00 77.00 0.00 0.00 51.00 57.00 0.00 68.00 0.00 0.00 0.00 31.00 59.00 45.00 0.00 10.00 98.00 0.00 2.00 79.00 0.00 0.00 52.00 52.00 0.00 0.00 21.00 47.00 85.00 12.00 44.00 75.00 34.00 0.00 0.00 15.00 0.00 0.00 0.00 0.00 40.00 0.00 0.00 39.00 0.00 0.00 0.00 36.00 90.00 58.00 0.00 0.00 85.00 0.00 0.00 10.00 0.00 0.00 60.00 0.00 91.00 0.00 0.00 47.00 34.00 0.00 87.00 17.00 0.00 0.00 0.00 0.00 0.00
30 30.00 0.00 95.00 0.00 0.00 0.00 25.00 71.00 0.00 0.00 16.00 18.00 19.00 0.00 35.00 36.00 53.00 0.00 81.00 0.00 84.00 0.00 82.00 90.00 0.00 88.00 0.00 66.00 77.00 0.00 0.00 0.00 0.00 0.00 39.00 44.00 0.00 0.00 0.00 21.00 0.00 0.00 0.00 0.00 0.00 58.00 0.00 98.00 0.00 0.00 0.00 11.00 24.00 0.00 0.00 0.00 0.00 77.00 0.00 25.00 0.00 45.00 19.00 0.00 2.00 82.00 31.00 19.00 0.00 0.00 14.00 62.00 51.00 71.00 18.00 36.00 0.00 15.00 46.00 0.00 29.00 25.00 31.00 0.00 50.00 1.00 0.00 0.00 0.00 0.00 0.00 0.00 86.00 0.00 6.00 15.00 99.00 8.00 6.00 0.00
31 66.00 0.00 9.00 4.00 83.00 33.00 53.00 41.00 0.00 0.00 41.00 0.00 76.00 0.00 0.00 24.00 2.00 0.00 53.00 90.00 0.00 0.00 0.00 0.00 0.00 64.00 24.00 0.00 7.00 51.00 0.00 0.00 0.00 8.00 62.00 71.00 64.00 76.00 0.00 87.00 61.00 75.00 39.00 35.00 80.00 0.00 69.00 10.00 0.00 44.00 0.00 0.00 49.00 11.00 78.00 57.00 0.00 0.00 0.00 18.00 18.00 16.00 7.00 0.00 88.00 0.00 45.00 0.00 42.00 98.00 61.00 29.00 11.00 0.00 23.00 73.00 78.00 0.00 85.00 0.00 69.00 87.00 0.00 54.00 17.00 0.00 16.00 0.00 0.00 0.00 58.00 0.00 0.00 91.00 0.00 56.00 0.00 52.00 88.00 0.00
32 0.00 0.00 0.00 0.00 68.00 3.00 82.00 52.00 20.00 40.00 0.00 0.00 0.00 0.00 86.00 0.00 4.00 33.00 0.00 0.00 0.00 21.00 17.00 14.00 0.00 96.00 0.00 0.00 0.00 57.00 0.00 0.00 0.00 0.00 59.00 58.00 0.00 0.00 0.00 0.00 0.00 47.00 0.00 0.00 0.00 51.00 0.00 0.00 41.00 62.00 41.00 0.00 49.00 78.00 0.00 40.00 75.00 0.00 0.00 75.00 34.00 0.00 0.00 0.00 92.00 0.00 0.00 0.00 85.00 85.00 0.00 0.00 55.00 36.00 93.00 0.00 26.00 0.00 16.00 25.00 35.00 17.00 0.00 36.00 92.00 0.00 19.00 0.00 0.00 20.00 0.00 0.00 0.00 0.00 0.00 0.00 0.00 0.00 67.00 0.00
33 0.00 74.00 30.00 89.00 0.00 40.00 24.00 15.00 100.00 46.00 73.00 0.00 84.00 39.00 0.00 93.00 12.00 27.00 70.00 0.00 0.00 30.00 0.00 0.00 51.00 16.00 6.00 95.00 99.00 0.00 0.00 8.00 0.00 0.00 0.00 0.00 46.00 66.00 98.00 83.00 27.00 0.00 0.00 0.00 0.00 0.00 0.00 0.00 68.00 0.00 70.00 65.00 0.00 65.00 0.00 0.00 59.00 15.00 0.00 20.00 63.00 0.00 70.00 67.00 0.00 0.00 41.00 85.00 21.00 80.00 0.00 0.00 1.00 4.00 0.00 0.00 0.00 0.00 0.00 0.00 0.00 64.00 0.00 0.00 0.00 0.00 0.00 5.00 0.00 25.00 0.00 0.00 0.00 0.00 0.00 0.00 0.00 41.00 0.00 95.00
34 0.00 0.00 0.00 0.00 0.00 0.00 0.00 75.00 0.00 0.00 9.00 0.00 0.00 56.00 18.00 0.00 0.00 0.00 82.00 67.00 59.00 23.00 0.00 0.00 98.00 0.00 0.00 0.00 27.00 68.00 39.00 62.00 59.00 0.00 0.00 48.00 30.00 0.00 92.00 98.00 19.00 0.00 0.00 0.00 0.00 0.00 94.00 0.00 83.00 55.00 22.00 0.00 9.00 0.00 0.00 0.00 0.00 0.00 71.00 0.00 70.00 0.00 0.00 0.00 0.00 0.00 0.00 0.00 77.00 0.00 0.00 0.00 57.00 0.00 0.00 76.00 94.00 0.00 0.00 18.00 0.00 70.00 18.00 0.00 88.00 41.00 0.00 0.00 0.00 82.00 13.00 0.00 0.00 28.00 61.00 86.00 64.00 58.00 0.00 0.00
35 42.00 0.00 0.00 0.00 0.00 0.00 91.00 97.00 66.00 0.00 0.00 34.00 0.00 63.00 79.00 0.00 0.00 0.00 30.00 18.00 0.00 0.00 93.00 0.00 0.00 0.00 9.00 12.00 75.00 0.00 44.00 71.00 58.00 0.00 48.00 0.00 85.00 55.00 35.00 62.00 56.00 95.00 0.00 49.00 0.00 57.00 42.00 0.00 0.00 0.00 0.00 60.00 13.00 32.00 32.00 86.00 31.00 41.00 53.00 10.00 0.00 62.00 48.00 0.00 0.00 0.00 0.00 0.00 25.00 0.00 92.00 59.00 5.00 0.00 0.00 71.00 0.00 42.00 85.00 97.00 0.00 15.00 53.00 0.00 0.00 0.00 0.00 0.00 0.00 3.00 0.00 84.00 1.00 78.00 0.00 59.00 0.00 51.00 0.00 0.00
36 31.00 51.00 96.00 0.00 66.00 97.00 89.00 0.00 0.00 1.00 13.00 0.00 0.00 0.00 76.00 16.00 0.00 19.00 57.00 0.00 38.00 0.00 20.00 0.00 0.00 32.00 0.00 14.00 95.00 0.00 0.00 64.00 0.00 46.00 30.00 85.00 0.00 99.00 78.00 0.00 0.00 27.00 0.00 0.00 43.00 0.00 0.00 47.00 0.00 0.00 86.00 41.00 0.00 86.00 0.00 18.00 87.00 27.00 0.00 51.00 0.00 7.00 17.00 0.00 0.00 97.00 0.00 0.00 0.00 1.00 50.00 12.00 88.00 0.00 5.00 0.00 0.00 0.00 6.00 0.00 0.00 49.00 88.00 0.00 51.00 0.00 62.00 0.00 89.00 16.00 86.00 0.00 31.00 75.00 35.00 0.00 0.00 0.00 71.00 75.00
37 0.00 0.00 4.00 0.00 3.00 10.00 86.00 33.00 0.00 60.00 6.00 28.00 0.00 58.00 54.00 0.00 0.00 58.00 2.00 16.00 92.00 0.00 0.00 0.00 58.00 17.00 48.00 89.00 0.00 0.00 0.00 76.00 0.00 66.00 0.00 55.00 99.00 0.00 42.00 0.00 0.00 51.00 0.00 76.00 0.00 0.00 32.00 21.00 0.00 93.00 2.00 0.00 0.00 0.00 0.00 0.00 0.00 0.00 16.00 3.00 6.00 0.00 79.00 94.00 0.00 5.00 14.00 0.00 7.00 0.00 0.00 38.00 0.00 0.00 0.00 86.00 17.00 0.00 0.00 0.00 92.00 0.00 70.00 0.00 0.00 58.00 58.00 17.00 0.00 0.00 0.00 38.00 7.00 21.00 37.00 71.00 55.00 0.00 57.00 3.00
38 0.00 81.00 77.00 0.00 0.00 90.00 0.00 36.00 0.00 0.00 0.00 0.00 60.00 0.00 0.00 38.00 0.00 0.00 0.00 26.00 0.00 0.00 0.00 72.00 94.00 23.00 11.00 13.00 63.00 31.00 0.00 0.00 0.00 98.00 92.00 35.00 78.00 42.00 0.00 67.00 0.00 44.00 0.00 0.00 0.00 66.00 0.00 0.00 56.00 82.00 24.00 0.00 76.00 0.00 0.00 0.00 0.00 0.00 47.00 46.00 0.00 52.00 0.00 33.00 0.00 21.00 57.00 0.00 39.00 61.00 0.00 49.00 29.00 0.00 42.00 70.00 71.00 0.00 15.00 46.00 63.00 17.00 94.00 73.00 0.00 0.00 57.00 0.00 31.00 0.00 16.00 88.00 0.00 0.00 12.00 0.00 23.00 0.00 89.00 75.00
39 13.00 48.00 32.00 69.00 0.00 24.00 38.00 0.00 95.00 74.00 85.00 0.00 84.00 52.00 65.00 0.00 0.00 0.00 0.00 2.00 0.00 0.00 0.00 30.00 0.00 54.00 0.00 25.00 0.00 59.00 21.00 87.00 0.00 83.00 98.00 62.00 0.00 0.00 67.00 0.00 0.00 0.00 7.00 48.00 65.00 0.00 91.00 0.00 89.00 0.00 25.00 0.00 22.00 0.00 0.00 0.00 88.00 0.00 70.00 73.00 0.00 55.00 24.00 0.00 0.00 0.00 0.00 36.00 17.00 1.00 92.00 58.00 0.00 0.00 0.00 0.00 87.00 0.00 42.00 0.00 25.00 10.00 0.00 70.00 83.00 80.00 4.00 0.00 0.00 86.00 0.00 0.00 0.00 0.00 0.00 0.00 0.00 0.00 87.00 0.00
40 45.00 0.00 68.00 18.00 0.00 0.00 0.00 0.00 0.00 0.00 21.00 15.00 0.00 0.00 5.00 71.00 27.00 0.00 0.00 0.00 0.00 70.00 0.00 0.00 87.00 0.00 3.00 0.00 0.00 45.00 0.00 61.00 0.00 27.00 19.00 56.00 0.00 0.00 0.00 0.00 0.00 0.00 0.00 0.00 4.00 68.00 32.00 76.00 0.00 60.00 78.00 37.00 0.00 0.00 0.00 0.00 0.00 0.00 68.00 54.00 0.00 0.00 0.00 53.00 5.00 0.00 42.00 2.00 0.00 52.00 0.00 0.00 12.00 0.00 0.00 0.00 35.00 0.00 0.00 0.00 18.00 0.00 49.00 0.00 0.00 94.00 0.00 13.00 0.00 73.00 0.00 100.00 0.00 0.00 78.00 0.00 93.00 57.00 0.00 14.00
41 84.00 0.00 6.00 0.00 10.00 10.00 8.00 51.00 0.00 0.00 0.00 92.00 0.00 0.00 0.00 0.00 0.00 0.00 40.00 0.00 0.00 27.00 0.00 90.00 83.00 81.00 0.00 22.00 0.00 0.00 0.00 75.00 47.00 0.00 0.00 95.00 27.00 51.00 44.00 0.00 0.00 0.00 0.00 51.00 32.00 46.00 15.00 14.00 72.00 0.00 0.00 72.00 0.00 29.00 0.00 0.00 0.00 27.00 0.00 97.00 88.00 0.00 78.00 5.00 0.00 0.00 99.00 33.00 0.00 85.00 97.00 14.00 0.00 0.00 0.00 5.00 59.00 39.00 0.00 0.00 73.00 85.00 64.00 0.00 0.00 0.00 0.00 0.00 40.00 0.00 0.00 0.00 48.00 0.00 0.00 0.00 0.00 69.00 0.00 77.00
42 0.00 63.00 12.00 98.00 20.00 46.00 3.00 53.00 0.00 0.00 0.00 91.00 0.00 0.00 0.00 0.00 0.00 80.00 92.00 0.00 62.00 0.00 0.00 67.00 70.00 17.00 85.00 0.00 44.00 10.00 0.00 39.00 0.00 0.00 0.00 0.00 0.00 0.00 0.00 7.00 0.00 0.00 0.00 0.00 58.00 0.00 66.00 78.00 0.00 0.00 15.00 0.00 0.00 0.00 71.00 30.00 0.00 24.00 92.00 0.00 37.00 0.00 0.00 0.00 0.00 55.00 13.00 0.00 0.00 0.00 97.00 0.00 0.00 66.00 11.00 78.00 0.00 5.00 46.00 0.00 90.00 3.00 26.00 0.00 0.00 0.00 0.00 16.00 0.00 37.00 0.00 18.00 0.00 17.00 0.00 0.00 0.00 2.00 0.00 0.00
43 83.00 0.00 0.00 0.00 0.00 60.00 0.00 43.00 0.00 0.00 0.00 93.00 9.00 46.00 19.00 0.00 67.00 0.00 0.00 0.00 0.00 0.00 0.00 0.00 0.00 28.00 97.00 0.00 1.00 98.00 0.00 35.00 0.00 0.00 0.00 49.00 0.00 76.00 0.00 48.00 0.00 51.00 0.00 0.00 0.00 0.00 0.00 95.00 53.00 0.00 38.00 0.00 12.00 0.00 15.00 20.00 0.00 9.00 17.00 0.00 98.00 29.00 95.00 11.00 88.00 0.00 34.00 74.00 0.00 0.00 0.00 55.00 95.00 59.00 52.00 91.00 45.00 0.00 0.00 0.00 0.00 66.00 88.00 32.00 47.00 0.00 0.00 0.00 0.00 64.00 0.00 69.00 90.00 0.00 0.00 24.00 4.00 0.00 94.00 0.00
44 0.00 0.00 51.00 0.00 11.00 0.00 0.00 0.00 0.00 0.00 0.00 0.00 0.00 56.00 0.00 0.00 75.00 0.00 0.00 0.00 91.00 0.00 0.00 50.00 22.00 0.00 12.00 0.00 0.00 0.00 0.00 80.00 0.00 0.00 0.00 0.00 43.00 0.00 0.00 65.00 4.00 32.00 58.00 0.00 0.00 0.00 0.00 0.00 0.00 0.00 0.00 0.00 4.00 0.00 57.00 49.00 0.00 35.00 40.00 5.00 0.00 41.00 97.00 66.00 0.00 0.00 15.00 0.00 0.00 0.00 0.00 14.00 52.00 0.00 2.00 7.00 79.00 45.00 46.00 41.00 28.00 45.00 0.00 0.00 69.00 56.00 36.00 20.00 46.00 0.00 0.00 0.00 0.00 60.00 8.00 0.00 19.00 0.00 96.00 0.00
45 10.00 0.00 3.00 0.00 0.00 16.00 0.00 58.00 42.00 19.00 0.00 0.00 0.00 0.00 39.00 84.00 49.00 68.00 0.00 0.00 11.00 0.00 0.00 0.00 0.00 0.00 71.00 4.00 73.00 2.00 58.00 0.00 51.00 0.00 0.00 57.00 0.00 0.00 66.00 0.00 68.00 46.00 0.00 0.00 0.00 0.00 0.00 0.00 0.00 0.00 5.00 79.00 39.00 0.00 95.00 0.00 57.00 0.00 0.00 0.00 0.00 58.00 0.00 33.00 61.00 0.00 91.00 33.00 68.00 0.00 60.00 0.00 0.00 0.00 74.00 3.00 0.00 73.00 25.00 0.00 0.00 0.00 0.00 47.00 18.00 0.00 55.00 47.00 0.00 33.00 90.00 1.00 94.00 85.00 0.00 0.00 46.00 96.00 0.00 0.00
46 44.00 0.00 0.00 17.00 0.00 4.00 71.00 0.00 34.00 0.00 56.00 0.00 76.00 0.00 84.00 91.00 27.00 0.00 0.00 4.00 55.00 0.00 0.00 20.00 42.00 0.00 0.00 0.00 28.00 79.00 0.00 69.00 0.00 0.00 94.00 42.00 0.00 32.00 0.00 91.00 32.00 15.00 66.00 0.00 0.00 0.00 0.00 31.00 0.00 0.00 0.00 0.00 24.00 0.00 0.00 69.00 0.00 0.00 0.00 0.00 0.00 0.00 27.00 32.00 68.00 51.00 20.00 53.00 0.00 72.00 0.00 28.00 0.00 87.00 0.00 0.00 0.00 0.00 2.00 94.00 83.00 0.00 61.00 66.00 22.00 43.00 86.00 0.00 0.00 0.00 0.00 0.00 52.00 0.00 63.00 0.00 70.00 75.00 0.00 0.00
47 96.00 11.00 0.00 0.00 0.00 58.00 0.00 43.00 88.00 45.00 0.00 8.00 0.00 4.00 64.00 0.00 0.00 87.00 0.00 72.00 62.00 63.00 0.00 0.00 0.00 49.00 0.00 0.00 0.00 0.00 98.00 10.00 0.00 0.00 0.00 0.00 47.00 21.00 0.00 0.00 76.00 14.00 78.00 95.00 0.00 0.00 31.00 0.00 23.00 0.00 43.00 74.00 0.00 91.00 18.00 0.00 11.00 0.00 51.00 23.00 59.00 26.00 0.00 0.00 0.00 76.00 4.00 0.00 0.00 0.00 31.00 31.00 0.00 0.00 0.00 0.00 0.00 0.00 9.00 0.00 40.00 0.00 53.00 0.00 0.00 0.00 0.00 20.00 0.00 8.00 0.00 0.00 83.00 0.00 0.00 0.00 90.00 22.00 14.00 0.00
48 0.00 55.00 0.00 0.00 0.00 0.00 74.00 0.00 0.00 0.00 40.00 0.00 58.00 0.00 61.00 0.00 46.00 0.00 53.00 0.00 0.00 20.00 1.00 0.00 0.00 60.00 79.00 23.00 23.00 0.00 0.00 0.00 41.00 68.00 83.00 0.00 0.00 0.00 56.00 89.00 0.00 72.00 0.00 53.00 0.00 0.00 0.00 23.00 0.00 0.00 56.00 0.00 0.00 72.00 0.00 0.00 0.00 0.00 0.00 44.00 0.00 36.00 0.00 23.00 0.00 0.00 0.00 78.00 0.00 0.00 0.00 0.00 26.00 0.00 75.00 0.00 0.00 88.00 69.00 0.00 0.00 0.00 0.00 0.00 0.00 0.00 0.00 0.00 56.00 23.00 0.00 26.00 82.00 87.00 45.00 0.00 0.00 0.00 30.00 66.00
49 1.00 89.00 71.00 75.00 11.00 0.00 72.00 0.00 12.00 0.00 0.00 0.00 45.00 90.00 0.00 0.00 0.00 36.00 0.00 0.00 0.00 79.00 90.00 0.00 36.00 43.00 1.00 0.00 84.00 52.00 0.00 44.00 62.00 0.00 55.00 0.00 0.00 93.00 82.00 0.00 60.00 0.00 0.00 0.00 0.00 0.00 0.00 0.00 0.00 0.00 0.00 53.00 60.00 2.00 0.00 66.00 91.00 0.00 0.00 0.00 0.00 36.00 0.00 0.00 32.00 89.00 98.00 58.00 0.00 0.00 9.00 0.00 98.00 0.00 0.00 0.00 20.00 0.00 21.00 0.00 3.00 0.00 0.00 98.00 0.00 96.00 0.00 0.00 0.00 30.00 98.00 0.00 74.00 0.00 0.00 72.00 32.00 97.00 0.00 0.00
50 0.00 50.00 72.00 0.00 9.00 16.00 0.00 33.00 58.00 0.00 0.00 0.00 0.00 0.00 0.00 76.00 39.00 0.00 13.00 93.00 0.00 16.00 51.00 0.00 82.00 0.00 39.00 8.00 0.00 52.00 0.00 0.00 41.00 70.00 22.00 0.00 86.00 2.00 24.00 25.00 78.00 0.00 15.00 38.00 0.00 5.00 0.00 43.00 56.00 0.00 0.00 85.00 0.00 0.00 100.00 72.00 0.00 0.00 0.00 0.00 0.00 0.00 17.00 95.00 25.00 27.00 0.00 99.00 40.00 88.00 4.00 23.00 0.00 24.00 0.00 0.00 60.00 47.00 0.00 43.00 63.00 17.00 0.00 20.00 31.00 0.00 0.00 0.00 0.00 12.00 0.00 0.00 0.00 54.00 84.00 83.00 0.00 0.00 68.00 0.00
51 19.00 23.00 57.00 0.00 6.00 12.00 0.00 56.00 68.00 0.00 0.00 64.00 18.00 0.00 79.00 93.00 13.00 0.00 76.00 0.00 88.00 2.00 53.00 6.00 85.00 0.00 0.00 0.00 64.00 0.00 11.00 0.00 0.00 65.00 0.00 60.00 41.00 0.00 0.00 0.00 37.00 72.00 0.00 0.00 0.00 79.00 0.00 74.00 0.00 53.00 85.00 0.00 0.00 56.00 32.00 0.00 19.00 23.00 35.00 0.00 85.00 59.00 39.00 100.00 87.00 73.00 26.00 0.00 63.00 0.00 0.00 16.00 51.00 91.00 83.00 94.00 89.00 63.00 0.00 0.00 0.00 0.00 17.00 0.00 4.00 0.00 0.00 40.00 0.00 0.00 88.00 0.00 5.00 0.00 0.00 0.00 0.00 55.00 0.00 0.00
52 68.00 84.00 10.00 0.00 0.00 0.00 0.00 0.00 0.00 82.00 44.00 0.00 20.00 0.00 0.00 0.00 0.00 19.00 0.00 4.00 0.00 49.00 0.00 61.00 16.00 68.00 91.00 8.00 100.00 0.00 24.00 49.00 49.00 0.00 9.00 13.00 0.00 0.00 76.00 22.00 0.00 0.00 0.00 12.00 4.00 39.00 24.00 0.00 0.00 60.00 0.00 0.00 0.00 0.00 0.00 6.00 0.00 0.00 0.00 0.00 84.00 44.00 0.00 75.00 39.00 0.00 24.00 0.00 92.00 0.00 40.00 89.00 50.00 77.00 48.00 0.00 65.00 0.00 2.00 0.00 63.00 53.00 76.00 0.00 54.00 0.00 0.00 0.00 0.00 37.00 10.00 0.00 21.00 41.00 0.00 35.00 42.00 37.00 0.00 0.00
53 14.00 31.00 6.00 0.00 96.00 37.00 0.00 0.00 88.00 0.00 35.00 0.00 0.00 15.00 27.00 95.00 0.00 0.00 0.00 72.00 0.00 71.00 40.00 85.00 53.00 0.00 0.00 38.00 0.00 21.00 0.00 11.00 78.00 65.00 0.00 32.00 86.00 0.00 0.00 0.00 0.00 29.00 0.00 0.00 0.00 0.00 0.00 91.00 72.00 2.00 0.00 56.00 0.00 0.00 35.00 0.00 0.00 67.00 0.00 38.00 90.00 86.00 27.00 0.00 45.00 52.00 59.00 82.00 94.00 31.00 90.00 0.00 0.00 0.00 82.00 90.00 0.00 68.00 51.00 0.00 70.00 0.00 86.00 13.00 0.00 92.00 0.00 15.00 0.00 2.00 30.00 0.00 37.00 43.00 0.00 0.00 0.00 0.00 0.00 0.00
54 79.00 17.00 0.00 23.00 0.00 4.00 5.00 0.00 0.00 0.00 0.00 0.00 47.00 85.00 65.00 0.00 0.00 82.00 4.00 7.00 74.00 1.00 0.00 77.00 0.00 0.00 69.00 0.00 0.00 47.00 0.00 78.00 0.00 0.00 0.00 32.00 0.00 0.00 0.00 0.00 0.00 0.00 71.00 15.00 57.00 95.00 0.00 18.00 0.00 0.00 100.00 32.00 0.00 35.00 0.00 61.00 0.00 35.00 0.00 0.00 72.00 2.00 86.00 0.00 39.00 87.00 0.00 0.00 0.00 43.00 0.00 0.00 0.00 0.00 0.00 62.00 0.00 21.00 8.00 40.00 0.00 16.00 0.00 53.00 0.00 39.00 0.00 33.00 89.00 0.00 0.00 98.00 33.00 0.00 98.00 41.00 0.00 74.00 0.00 0.00
55 55.00 0.00 0.00 44.00 0.00 36.00 0.00 0.00 75.00 66.00 0.00 47.00 0.00 88.00 0.00 0.00 1.00 49.00 32.00 14.00 0.00 73.00 66.00 0.00 15.00 67.00 28.00 0.00 0.00 85.00 0.00 57.00 40.00 0.00 0.00 86.00 18.00 0.00 0.00 0.00 0.00 0.00 30.00 20.00 49.00 0.00 69.00 0.00 0.00 66.00 72.00 0.00 6.00 0.00 61.00 0.00 0.00 0.00 0.00 0.00 0.00 0.00 0.00 59.00 0.00 36.00 73.00 0.00 58.00 0.00 0.00 91.00 92.00 0.00 0.00 0.00 0.00 45.00 0.00 0.00 0.00 59.00 0.00 42.00 0.00 0.00 0.00 0.00 0.00 32.00 32.00 12.00 0.00 0.00 0.00 18.00 77.00 0.00 69.00 86.00
56 0.00 75.00 0.00 0.00 60.00 31.00 61.00 0.00 0.00 6.00 0.00 100.00 9.00 35.00 36.00 57.00 0.00 100.00 0.00 0.00 78.00 0.00 61.00 0.00 40.00 0.00 0.00 0.00 38.00 12.00 0.00 0.00 75.00 59.00 0.00 31.00 87.00 0.00 0.00 88.00 0.00 0.00 0.00 0.00 0.00 57.00 0.00 11.00 0.00 91.00 0.00 19.00 0.00 0.00 0.00 0.00 0.00 7.00 59.00 88.00 6.00 0.00 24.00 66.00 49.00 7.00 0.00 20.00 0.00 80.00 0.00 0.00 0.00 0.00 12.00 36.00 0.00 0.00 14.00 68.00 0.00 55.00 14.00 0.00 86.00 3.00 0.00 0.00 0.00 48.00 16.00 0.00 0.00 68.00 69.00 0.00 0.00 0.00 71.00 0.00
57 0.00 72.00 0.00 86.00 22.00 0.00 0.00 0.00 75.00 42.00 78.00 0.00 0.00 30.00 37.00 34.00 39.00 4.00 75.00 91.00 64.00 0.00 11.00 35.00 0.00 68.00 37.00 74.00 0.00 44.00 77.00 0.00 0.00 15.00 0.00 41.00 27.00 0.00 0.00 0.00 0.00 27.00 24.00 9.00 35.00 0.00 0.00 0.00 0.00 0.00 0.00 23.00 0.00 67.00 35.00 0.00 7.00 0.00 79.00 0.00 0.00 7.00 0.00 0.00 0.00 0.00 55.00 27.00 0.00 0.00 0.00 0.00 0.00 35.00 0.00 0.00 14.00 0.00 0.00 0.00 65.00 31.00 0.00 4.00 11.00 0.00 87.00 0.00 0.00 39.00 1.00 0.00 0.00 59.00 0.00 0.00 41.00 61.00 0.00 24.00
58 0.00 0.00 0.00 0.00 0.00 0.00 0.00 75.00 78.00 0.00 0.00 71.00 0.00 91.00 0.00 20.00 0.00 0.00 83.00 0.00 0.00 42.00 0.00 0.00 58.00 0.00 0.00 0.00 77.00 75.00 0.00 0.00 0.00 0.00 71.00 53.00 0.00 16.00 47.00 70.00 68.00 0.00 92.00 17.00 40.00 0.00 0.00 51.00 0.00 0.00 0.00 35.00 0.00 0.00 0.00 0.00 59.00 79.00 0.00 19.00 0.00 62.00 0.00 91.00 55.00 0.00 0.00 0.00 0.00 51.00 10.00 2.00 89.00 21.00 0.00 0.00 25.00 85.00 71.00 79.00 63.00 90.00 66.00 97.00 0.00 64.00 76.00 0.00 0.00 24.00 0.00 0.00 0.00 71.00 0.00 98.00 0.00 2.00 0.00 48.00
59 0.00 0.00 0.00 0.00 53.00 0.00 36.00 15.00 33.00 39.00 0.00 0.00 15.00 38.00 0.00 53.00 0.00 9.00 55.00 0.00 68.00 0.00 72.00 23.00 4.00 0.00 0.00 54.00 0.00 34.00 25.00 18.00 75.00 20.00 0.00 10.00 51.00 3.00 46.00 73.00 54.00 97.00 0.00 0.00 5.00 0.00 0.00 23.00 44.00 0.00 0.00 0.00 0.00 38.00 0.00 0.00 88.00 0.00 19.00 0.00 0.00 0.00 40.00 52.00 89.00 0.00 0.00 24.00 0.00 0.00 66.00 99.00 0.00 72.00 0.00 0.00 14.00 56.00 88.00 67.00 0.00 62.00 0.00 0.00 99.00 0.00 52.00 0.00 59.00 0.00 56.00 0.00 0.00 99.00 65.00 0.00 65.00 3.00 77.00 60.00
60 0.00 0.00 47.00 19.00 0.00 14.00 64.00 78.00 21.00 40.00 0.00 58.00 65.00 78.00 44.00 0.00 1.00 4.00 65.00 0.00 84.00 0.00 0.00 0.00 0.00 15.00 95.00 0.00 9.00 0.00 0.00 18.00 34.00 63.00 70.00 0.00 0.00 6.00 0.00 0.00 0.00 88.00 37.00 98.00 0.00 0.00 0.00 59.00 0.00 0.00 0.00 85.00 84.00 90.00 72.00 0.00 6.00 0.00 0.00 0.00 0.00 0.00 0.00 21.00 0.00 19.00 0.00 0.00 13.00 0.00 95.00 61.00 0.00 49.00 20.00 25.00 7.00 0.00 0.00 78.00 10.00 51.00 0.00 81.00 48.00 44.00 0.00 0.00 55.00 0.00 0.00 0.00 0.00 16.00 0.00 0.00 0.00 0.00 86.00 13.00
61 72.00 0.00 68.00 0.00 28.00 0.00 0.00 68.00 53.00 19.00 79.00 60.00 50.00 0.00 0.00 0.00 0.00 0.00 33.00 0.00 87.00 0.00 25.00 36.00 0.00 59.00 28.00 30.00 0.00 0.00 45.00 16.00 0.00 0.00 0.00 62.00 7.00 0.00 52.00 55.00 0.00 0.00 0.00 29.00 41.00 58.00 0.00 26.00 36.00 36.00 0.00 59.00 44.00 86.00 2.00 0.00 0.00 7.00 62.00 0.00 0.00 0.00 91.00 14.00 0.00 0.00 0.00 3.00 94.00 0.00 0.00 4.00 0.00 35.00 47.00 0.00 34.00 0.00 78.00 0.00 38.00 84.00 0.00 0.00 20.00 11.00 71.00 70.00 16.00 60.00 15.00 0.00 71.00 51.00 95.00 45.00 0.00 0.00 63.00 0.00
62 76.00 4.00 0.00 41.00 29.00 0.00 91.00 60.00 84.00 90.00 0.00 71.00 0.00 0.00 70.00 58.00 22.00 0.00 49.00 0.00 0.00 49.00 100.00 0.00 0.00 0.00 0.00 0.00 0.00 15.00 19.00 7.00 0.00 70.00 0.00 48.00 17.00 79.00 0.00 24.00 0.00 78.00 0.00 95.00 97.00 0.00 27.00 0.00 0.00 0.00 17.00 39.00 0.00 27.00 86.00 0.00 24.00 0.00 0.00 40.00 0.00 91.00 0.00 88.00 60.00 0.00 0.00 0.00 0.00 68.00 25.00 0.00 0.00 82.00 0.00 81.00 66.00 77.00 62.00 0.00 79.00 0.00 45.00 0.00 0.00 56.00 56.00 73.00 25.00 0.00 39.00 1.00 18.00 0.00 0.00 0.00 17.00 0.00 62.00 28.00
63 100.00 64.00 0.00 0.00 0.00 0.00 51.00 0.00 0.00 62.00 4.00 11.00 56.00 31.00 0.00 0.00 40.00 0.00 92.00 61.00 0.00 0.00 0.00 21.00 16.00 41.00 0.00 0.00 0.00 0.00 0.00 0.00 0.00 67.00 0.00 0.00 0.00 94.00 33.00 0.00 53.00 5.00 0.00 11.00 66.00 33.00 32.00 0.00 23.00 0.00 95.00 100.00 75.00 0.00 0.00 59.00 66.00 0.00 91.00 52.00 21.00 14.00 88.00 0.00 0.00 96.00 17.00 77.00 0.00 0.00 81.00 0.00 44.00 0.00 80.00 0.00 0.00 58.00 40.00 92.00 76.00 0.00 0.00 0.00 0.00 62.00 72.00 0.00 99.00 63.00 0.00 27.00 89.00 85.00 0.00 0.00 0.00 0.00 15.00 0.00
64 0.00 11.00 59.00 11.00 66.00 48.00 0.00 45.00 0.00 39.00 38.00 0.00 57.00 0.00 0.00 0.00 73.00 68.00 0.00 2.00 0.00 0.00 14.00 80.00 44.00 0.00 0.00 0.00 39.00 0.00 2.00 88.00 92.00 0.00 0.00 0.00 0.00 0.00 0.00 0.00 5.00 0.00 0.00 88.00 0.00 61.00 68.00 0.00 0.00 32.00 25.00 87.00 39.00 45.00 39.00 0.00 49.00 0.00 55.00 89.00 0.00 0.00 60.00 0.00 0.00 0.00 88.00 36.00 0.00 5.00 46.00 0.00 82.00 0.00 0.00 93.00 0.00 0.00 0.00 57.00 0.00 0.00 0.00 16.00 0.00 90.00 0.00 30.00 62.00 54.00 0.00 0.00 47.00 0.00 0.00 55.00 0.00 0.00 29.00 0.00
65 5.00 0.00 0.00 77.00 55.00 0.00 0.00 0.00 3.00 0.00 0.00 0.00 0.00 54.00 30.00 0.00 0.00 0.00 0.00 81.00 22.00 66.00 0.00 40.00 0.00 0.00 0.00 0.00 0.00 0.00 82.00 0.00 0.00 0.00 0.00 0.00 97.00 5.00 21.00 0.00 0.00 0.00 55.00 0.00 0.00 0.00 51.00 76.00 0.00 89.00 27.00 73.00 0.00 52.00 87.00 36.00 7.00 0.00 0.00 0.00 19.00 0.00 0.00 96.00 0.00 0.00 82.00 0.00 52.00 92.00 0.00 89.00 0.00 0.00 14.00 0.00 21.00 0.00 0.00 38.00 0.00 5.00 0.00 64.00 51.00 0.00 37.00 0.00 31.00 0.00 0.00 96.00 40.00 0.00 29.00 35.00 0.00 49.00 22.00 93.00
66 0.00 0.00 83.00 12.00 0.00 12.00 82.00 0.00 88.00 0.00 76.00 66.00 58.00 12.00 57.00 0.00 17.00 63.00 0.00 0.00 0.00 0.00 31.00 8.00 84.00 40.00 62.00 0.00 65.00 0.00 31.00 45.00 0.00 41.00 0.00 0.00 0.00 14.00 57.00 0.00 42.00 99.00 13.00 34.00 15.00 91.00 20.00 4.00 0.00 98.00 0.00 26.00 24.00 59.00 0.00 73.00 0.00 55.00 0.00 0.00 0.00 0.00 0.00 17.00 88.00 82.00 0.00 1.00 0.00 0.00 0.00 81.00 0.00 24.00 0.00 0.00 63.00 77.00 0.00 96.00 9.00 0.00 0.00 22.00 56.00 0.00 1.00 0.00 81.00 47.00 14.00 90.00 68.00 0.00 0.00 1.00 23.00 0.00 17.00 69.00
67 0.00 50.00 85.00 0.00 0.00 0.00 0.00 0.00 86.00 18.00 4.00 16.00 0.00 77.00 11.00 0.00 0.00 32.00 0.00 76.00 0.00 0.00 0.00 0.00 96.00 0.00 94.00 17.00 6.00 40.00 19.00 0.00 0.00 85.00 0.00 0.00 0.00 0.00 0.00 36.00 2.00 33.00 0.00 74.00 0.00 33.00 53.00 0.00 78.00 58.00 99.00 0.00 0.00 82.00 0.00 0.00 20.00 27.00 0.00 24.00 0.00 3.00 0.00 77.00 36.00 0.00 1.00 0.00 0.00 7.00 0.00 58.00 55.00 37.00 0.00 0.00 6.00 84.00 0.00 71.00 0.00 0.00 0.00 52.00 0.00 0.00 0.00 0.00 28.00 30.00 13.00 0.00 0.00 80.00 0.00 0.00 0.00 3.00 0.00 42.00
68 0.00 0.00 0.00 28.00 0.00 60.00 11.00 0.00 0.00 41.00 6.00 43.00 0.00 0.00 96.00 0.00 72.00 39.00 87.00 25.00 100.00 18.00 0.00 0.00 0.00 0.00 0.00 35.00 0.00 0.00 0.00 42.00 85.00 21.00 77.00 25.00 0.00 7.00 39.00 17.00 0.00 0.00 0.00 0.00 0.00 68.00 0.00 0.00 0.00 0.00 40.00 63.00 92.00 94.00 0.00 58.00 0.00 0.00 0.00 0.00 13.00 94.00 0.00 0.00 0.00 52.00 0.00 0.00 0.00 3.00 46.00 76.00 47.00 11.00 16.00 0.00 77.00 0.00 19.00 0.00 0.00 88.00 50.00 0.00 64.00 59.00 0.00 100.00 11.00 22.00 0.00 12.00 0.00 98.00 0.00 73.00 22.00 0.00 0.00 0.00
69 0.00 0.00 0.00 99.00 0.00 0.00 0.00 20.00 9.00 0.00 78.00 0.00 0.00 77.00 0.00 58.00 0.00 0.00 87.00 0.00 0.00 61.00 0.00 0.00 15.00 98.00 18.00 74.00 0.00 0.00 0.00 98.00 85.00 80.00 0.00 0.00 1.00 0.00 61.00 1.00 52.00 85.00 0.00 0.00 0.00 0.00 72.00 0.00 0.00 0.00 88.00 0.00 0.00 31.00 43.00 0.00 80.00 0.00 51.00 0.00 0.00 0.00 68.00 0.00 5.00 92.00 0.00 7.00 3.00 0.00 0.00 0.00 38.00 99.00 0.00 0.00 0.00 0.00 0.00 0.00 0.00 63.00 4.00 0.00 0.00 25.00 0.00 0.00 0.00 1.00 60.00 0.00 0.00 43.00 80.00 0.00 0.00 1.00 0.00 31.00
70 0.00 0.00 34.00 39.00 49.00 0.00 48.00 0.00 0.00 0.00 0.00 0.00 58.00 0.00 0.00 96.00 68.00 11.00 85.00 26.00 0.00 87.00 0.00 98.00 55.00 0.00 73.00 0.00 11.00 39.00 14.00 61.00 0.00 0.00 0.00 92.00 50.00 0.00 0.00 92.00 0.00 97.00 97.00 0.00 0.00 60.00 0.00 31.00 0.00 9.00 4.00 0.00 40.00 90.00 0.00 0.00 0.00 0.00 10.00 66.00 95.00 0.00 25.00 81.00 46.00 0.00 0.00 0.00 46.00 0.00 0.00 61.00 0.00 19.00 0.00 0.00 47.00 0.00 0.00 0.00 0.00 0.00 54.00 0.00 0.00 40.00 0.00 92.00 0.00 67.00 66.00 69.00 0.00 0.00 0.00 0.00 0.00 0.00 78.00 63.00
71 65.00 81.00 73.00 0.00 0.00 0.00 21.00 89.00 75.00 0.00 0.00 0.00 52.00 0.00 0.00 0.00 43.00 0.00 43.00 0.00 7.00 0.00 0.00 83.00 29.00 0.00 14.00 79.00 70.00 0.00 62.00 29.00 0.00 0.00 0.00 59.00 12.00 38.00 49.00 58.00 0.00 14.00 0.00 55.00 14.00 0.00 28.00 31.00 0.00 0.00 23.00 16.00 89.00 0.00 0.00 91.00 0.00 0.00 2.00 99.00 61.00 4.00 0.00 0.00 0.00 89.00 81.00 58.00 76.00 0.00 61.00 0.00 14.00 26.00 69.00 26.00 31.00 0.00 0.00 77.00 0.00 0.00 0.00 0.00 0.00 69.00 76.00 69.00 100.00 63.00 0.00 0.00 42.00 0.00 40.00 0.00 0.00 0.00 4.00 0.00
72 90.00 0.00 0.00 0.00 43.00 0.00 95.00 55.00 0.00 0.00 45.00 28.00 89.00 0.00 34.00 0.00 0.00 18.00 9.00 97.00 25.00 12.00 57.00 0.00 56.00 1.00 77.00 0.00 0.00 0.00 51.00 11.00 55.00 1.00 57.00 5.00 88.00 0.00 29.00 0.00 12.00 0.00 0.00 95.00 52.00 0.00 0.00 0.00 26.00 98.00 0.00 51.00 50.00 0.00 0.00 92.00 0.00 0.00 89.00 0.00 0.00 0.00 0.00 44.00 82.00 0.00 0.00 55.00 47.00 38.00 0.00 14.00 0.00 0.00 0.00 48.00 49.00 63.00 75.00 0.00 23.00 0.00 34.00 75.00 0.00 99.00 20.00 11.00 85.00 22.00 63.00 0.00 37.00 0.00 90.00 40.00 0.00 14.00 0.00 59.00
73 86.00 0.00 42.00 0.00 21.00 0.00 42.00 74.00 0.00 0.00 0.00 100.00 0.00 0.00 52.00 0.00 0.00 84.00 47.00 0.00 43.00 0.00 93.00 0.00 20.00 89.00 0.00 0.00 24.00 0.00 71.00 0.00 36.00 4.00 0.00 0.00 0.00 0.00 0.00 0.00 0.00 0.00 66.00 59.00 0.00 0.00 87.00 0.00 0.00 0.00 24.00 91.00 77.00 0.00 0.00 0.00 0.00 35.00 21.00 72.00 49.00 35.00 82.00 0.00 0.00 0.00 24.00 37.00 11.00 99.00 19.00 26.00 0.00 0.00 0.00 54.00 22.00 0.00 54.00 0.00 0.00 95.00 0.00 18.00 76.00 0.00 59.00 0.00 0.00 0.00 100.00 22.00 0.00 0.00 40.00 0.00 95.00 91.00 0.00 0.00
74 26.00 39.00 0.00 0.00 96.00 0.00 0.00 29.00 84.00 0.00 18.00 0.00 59.00 11.00 0.00 32.00 0.00 0.00 80.00 0.00 26.00 0.00 46.00 0.00 48.00 81.00 0.00 61.00 0.00 36.00 18.00 23.00 93.00 0.00 0.00 0.00 5.00 0.00 42.00 0.00 0.00 0.00 11.00 52.00 2.00 74.00 0.00 0.00 75.00 0.00 0.00 83.00 48.00 82.00 0.00 0.00 12.00 0.00 0.00 0.00 20.00 47.00 0.00 80.00 0.00 14.00 0.00 0.00 16.00 0.00 0.00 69.00 0.00 0.00 0.00 0.00 57.00 58.00 67.00 23.00 95.00 71.00 10.00 0.00 0.00 0.00 49.00 0.00 39.00 7.00 58.00 11.00 0.00 0.00 34.00 0.00 0.00 0.00 0.00 0.00
75 0.00 0.00 56.00 0.00 0.00 21.00 57.00 0.00 0.00 82.00 0.00 17.00 81.00 0.00 0.00 67.00 69.00 0.00 0.00 49.00 6.00 27.00 0.00 84.00 0.00 96.00 88.00 0.00 34.00 90.00 36.00 73.00 0.00 0.00 76.00 71.00 0.00 86.00 70.00 0.00 0.00 5.00 78.00 91.00 7.00 3.00 0.00 0.00 0.00 0.00 0.00 94.00 0.00 90.00 62.00 0.00 36.00 0.00 0.00 0.00 25.00 0.00 81.00 0.00 93.00 0.00 0.00 0.00 0.00 0.00 0.00 26.00 48.00 54.00 0.00 0.00 0.00 34.00 12.00 0.00 0.00 0.00 35.00 5.00 71.00 27.00 64.00 0.00 0.00 2.00 95.00 59.00 0.00 59.00 69.00 7.00 0.00 0.00 66.00 69.00
76 75.00 11.00 93.00 0.00 29.00 96.00 52.00 0.00 0.00 0.00 0.00 32.00 74.00 0.00 12.00 0.00 0.00 33.00 0.00 95.00 49.00 0.00 100.00 39.00 44.00 0.00 40.00 64.00 0.00 58.00 0.00 78.00 26.00 0.00 94.00 0.00 0.00 17.00 71.00 87.00 35.00 59.00 0.00 45.00 79.00 0.00 0.00 0.00 0.00 20.00 60.00 89.00 65.00 0.00 0.00 0.00 0.00 14.00 25.00 14.00 7.00 34.00 66.00 0.00 0.00 21.00 63.00 6.00 77.00 0.00 47.00 31.00 49.00 22.00 57.00 0.00 0.00 18.00 0.00 0.00 0.00 69.00 67.00 35.00 0.00 0.00 47.00 0.00 0.00 0.00 47.00 0.00 56.00 94.00 54.00 7.00 92.00 0.00 0.00 0.00
77 46.00 0.00 0.00 0.00 38.00 5.00 0.00 83.00 61.00 0.00 0.00 0.00 0.00 0.00 22.00 0.00 99.00 0.00 0.00 6.00 0.00 98.00 0.00 0.00 15.00 35.00 31.00 73.00 0.00 0.00 15.00 0.00 0.00 0.00 0.00 42.00 0.00 0.00 0.00 0.00 0.00 39.00 5.00 0.00 45.00 73.00 0.00 0.00 88.00 0.00 47.00 63.00 0.00 68.00 21.00 45.00 0.00 0.00 85.00 56.00 0.00 0.00 77.00 58.00 0.00 0.00 77.00 84.00 0.00 0.00 0.00 0.00 63.00 0.00 58.00 34.00 18.00 0.00 0.00 0.00 0.00 37.00 0.00 1.00 7.00 0.00 0.00 71.00 31.00 0.00 12.00 0.00 37.00 89.00 0.00 63.00 12.00 51.00 22.00 45.00
78 0.00 64.00 0.00 42.00 0.00 58.00 34.00 68.00 99.00 32.00 87.00 63.00 31.00 0.00 0.00 0.00 0.00 0.00 0.00 22.00 2.00 0.00 69.00 0.00 0.00 0.00 0.00 0.00 0.00 0.00 46.00 85.00 16.00 0.00 0.00 85.00 6.00 0.00 15.00 42.00 0.00 0.00 46.00 0.00 46.00 25.00 2.00 9.00 69.00 21.00 0.00 0.00 2.00 51.00 8.00 0.00 14.00 0.00 71.00 88.00 0.00 78.00 62.00 40.00 0.00 0.00 0.00 0.00 19.00 0.00 0.00 0.00 75.00 54.00 67.00 12.00 0.00 0.00 0.00 1.00 0.00 64.00 0.00 67.00 0.00 0.00 21.00 0.00 2.00 32.00 0.00 33.00 0.00 0.00 77.00 0.00 0.00 72.00 0.00 57.00
79 0.00 86.00 13.00 86.00 0.00 48.00 0.00 0.00 0.00 0.00 45.00 71.00 45.00 38.00 0.00 0.00 0.00 0.00 0.00 0.00 0.00 0.00 0.00 0.00 30.00 70.00 0.00 90.00 0.00 85.00 0.00 0.00 25.00 0.00 18.00 97.00 0.00 0.00 46.00 0.00 0.00 0.00 0.00 0.00 41.00 0.00 94.00 0.00 0.00 0.00 43.00 0.00 0.00 0.00 40.00 0.00 68.00 0.00 79.00 67.00 78.00 0.00 0.00 92.00 57.00 38.00 96.00 71.00 0.00 0.00 0.00 77.00 0.00 0.00 23.00 0.00 0.00 0.00 1.00 0.00 96.00 0.00 0.00 20.00 99.00 3.00 17.00 0.00 80.00 0.00 35.00 0.00 0.00 0.00 47.00 15.00 0.00 53.00 76.00 76.00
80 0.00 0.00 38.00 0.00 13.00 0.00 26.00 0.00 0.00 0.00 0.00 19.00 91.00 0.00 0.00 0.00 0.00 0.00 0.00 0.00 0.00 69.00 0.00 45.00 34.00 0.00 0.00 72.00 4.00 0.00 29.00 69.00 35.00 0.00 0.00 0.00 0.00 92.00 63.00 25.00 18.00 73.00 90.00 0.00 28.00 0.00 83.00 40.00 0.00 3.00 63.00 0.00 63.00 70.00 0.00 0.00 0.00 65.00 63.00 0.00 10.00 38.00 79.00 76.00 0.00 0.00 9.00 0.00 0.00 0.00 0.00 0.00 23.00 0.00 95.00 0.00 0.00 0.00 0.00 96.00 0.00 100.00 0.00 30.00 25.00 0.00 31.00 84.00 72.00 40.00 0.00 32.00 51.00 19.00 0.00 0.00 62.00 70.00 23.00 95.00
81 0.00 0.00 17.00 0.00 0.00 0.00 0.00 0.00 0.00 0.00 8.00 0.00 52.00 0.00 0.00 88.00 14.00 0.00 65.00 0.00 3.00 0.00 97.00 84.00 75.00 0.00 0.00 0.00 0.00 0.00 25.00 87.00 17.00 64.00 70.00 15.00 49.00 0.00 17.00 10.00 0.00 85.00 3.00 66.00 45.00 0.00 0.00 0.00 0.00 0.00 17.00 0.00 53.00 0.00 16.00 59.00 55.00 31.00 90.00 62.00 51.00 84.00 0.00 0.00 0.00 5.00 0.00 0.00 88.00 63.00 0.00 0.00 0.00 95.00 71.00 0.00 69.00 37.00 64.00 0.00 100.00 0.00 0.00 0.00 0.00 0.00 34.00 0.00 0.00 0.00 52.00 68.00 0.00 0.00 67.00 0.00 0.00 0.00 0.00 19.00
82 92.00 79.00 0.00 38.00 6.00 0.00 0.00 0.00 0.00 12.00 0.00 0.00 82.00 93.00 63.00 42.00 98.00 93.00 97.00 32.00 37.00 90.00 0.00 0.00 0.00 31.00 0.00 0.00 93.00 10.00 31.00 0.00 0.00 0.00 18.00 53.00 88.00 70.00 94.00 0.00 49.00 64.00 26.00 88.00 0.00 0.00 61.00 53.00 0.00 0.00 0.00 17.00 76.00 86.00 0.00 0.00 14.00 0.00 66.00 0.00 0.00 0.00 45.00 0.00 0.00 0.00 0.00 0.00 50.00 4.00 54.00 0.00 34.00 0.00 10.00 35.00 67.00 0.00 0.00 0.00 0.00 0.00 0.00 41.00 0.00 0.00 0.00 76.00 55.00 18.00 0.00 21.00 55.00 26.00 0.00 0.00 0.00 0.00 0.00 49.00
83 75.00 78.00 0.00 0.00 6.00 0.00 78.00 76.00 70.00 0.00 0.00 56.00 96.00 66.00 1.00 0.00 0.00 0.00 0.00 0.00 0.00 10.00 100.00 18.00 80.00 0.00 46.00 32.00 0.00 0.00 0.00 54.00 36.00 0.00 0.00 0.00 0.00 0.00 73.00 70.00 0.00 0.00 0.00 32.00 0.00 47.00 66.00 0.00 0.00 98.00 20.00 0.00 0.00 13.00 53.00 42.00 0.00 4.00 97.00 0.00 81.00 0.00 0.00 0.00 16.00 64.00 22.00 52.00 0.00 0.00 0.00 0.00 75.00 18.00 0.00 5.00 35.00 1.00 67.00 20.00 30.00 0.00 41.00 0.00 0.00 65.00 49.00 0.00 0.00 11.00 0.00 25.00 16.00 0.00 71.00 0.00 0.00 0.00 0.00 0.00
84 0.00 3.00 90.00 28.00 0.00 23.00 74.00 0.00 0.00 0.00 46.00 92.00 0.00 54.00 0.00 0.00 0.00 0.00 0.00 50.00 0.00 20.00 2.00 98.00 90.00 52.00 55.00 0.00 0.00 0.00 50.00 17.00 92.00 0.00 88.00 0.00 51.00 0.00 0.00 83.00 0.00 0.00 0.00 47.00 69.00 18.00 22.00 0.00 0.00 0.00 31.00 4.00 54.00 0.00 0.00 0.00 86.00 11.00 0.00 99.00 48.00 20.00 0.00 0.00 0.00 51.00 56.00 0.00 64.00 0.00 0.00 0.00 0.00 76.00 0.00 71.00 0.00 7.00 0.00 99.00 25.00 0.00 0.00 0.00 0.00 15.00 0.00 0.00 0.00 1.00 38.00 50.00 0.00 0.00 0.00 0.00 0.00 32.00 0.00 95.00
85 93.00 0.00 0.00 0.00 0.00 84.00 54.00 26.00 39.00 0.00 0.00 70.00 0.00 0.00 21.00 0.00 19.00 0.00 76.00 0.00 0.00 96.00 3.00 87.00 0.00 83.00 34.00 0.00 0.00 60.00 1.00 0.00 0.00 0.00 41.00 0.00 0.00 58.00 0.00 80.00 94.00 0.00 0.00 0.00 56.00 0.00 43.00 0.00 0.00 96.00 0.00 0.00 0.00 92.00 39.00 0.00 3.00 0.00 64.00 0.00 44.00 11.00 56.00 62.00 90.00 0.00 0.00 0.00 59.00 25.00 40.00 69.00 99.00 0.00 0.00 27.00 0.00 0.00 0.00 3.00 0.00 0.00 0.00 65.00 15.00 0.00 92.00 43.00 31.00 0.00 0.00 19.00 0.00 0.00 0.00 0.00 59.00 0.00 64.00 25.00
86 73.00 25.00 61.00 0.00 0.00 0.00 0.00 19.00 0.00 0.00 14.00 0.00 86.00 0.00 5.00 58.00 58.00 0.00 55.00 0.00 17.00 75.00 51.00 0.00 33.00 20.00 0.00 86.00 0.00 0.00 0.00 16.00 19.00 0.00 0.00 0.00 62.00 58.00 57.00 4.00 0.00 0.00 0.00 0.00 36.00 55.00 86.00 0.00 0.00 0.00 0.00 0.00 0.00 0.00 0.00 0.00 0.00 87.00 76.00 52.00 0.00 71.00 56.00 72.00 0.00 37.00 1.00 0.00 0.00 0.00 0.00 76.00 20.00 59.00 49.00 64.00 47.00 0.00 21.00 17.00 31.00 34.00 0.00 49.00 0.00 92.00 0.00 0.00 15.00 23.00 33.00 0.00 0.00 54.00 0.00 0.00 0.00 0.00 83.00 85.00
87 98.00 99.00 0.00 0.00 2.00 3.00 41.00 0.00 0.00 3.00 0.00 0.00 17.00 0.00 0.00 0.00 0.00 0.00 29.00 56.00 22.00 49.00 0.00 36.00 0.00 0.00 43.00 18.00 36.00 91.00 0.00 0.00 0.00 5.00 0.00 0.00 0.00 17.00 0.00 0.00 13.00 0.00 16.00 0.00 20.00 47.00 0.00 20.00 0.00 0.00 0.00 40.00 0.00 15.00 33.00 0.00 0.00 0.00 0.00 0.00 0.00 70.00 73.00 0.00 30.00 0.00 0.00 0.00 100.00 0.00 92.00 69.00 11.00 0.00 0.00 0.00 0.00 71.00 0.00 0.00 84.00 0.00 76.00 0.00 0.00 43.00 0.00 0.00 0.00 0.00 26.00 21.00 67.00 0.00 0.00 0.00 0.00 0.00 0.00 16.00
88 10.00 66.00 0.00 0.00 64.00 0.00 53.00 65.00 92.00 62.00 0.00 0.00 0.00 61.00 0.00 0.00 49.00 86.00 27.00 4.00 0.00 0.00 0.00 2.00 0.00 11.00 19.00 0.00 85.00 0.00 0.00 0.00 0.00 0.00 0.00 0.00 89.00 0.00 31.00 0.00 0.00 40.00 0.00 0.00 46.00 0.00 0.00 0.00 56.00 0.00 0.00 0.00 0.00 0.00 89.00 0.00 0.00 0.00 0.00 59.00 55.00 16.00 25.00 99.00 62.00 31.00 81.00 28.00 11.00 0.00 0.00 100.00 85.00 0.00 39.00 0.00 0.00 31.00 2.00 80.00 72.00 0.00 55.00 0.00 0.00 31.00 15.00 0.00 0.00 0.00 0.00 0.00 0.00 64.00 72.00 63.00 5.00 0.00 66.00 0.00
89 60.00 88.00 19.00 0.00 64.00 0.00 0.00 0.00 0.00 55.00 0.00 88.00 0.00 75.00 50.00 0.00 0.00 0.00 0.00 35.00 24.00 31.00 0.00 35.00 52.00 86.00 26.00 0.00 81.00 0.00 0.00 0.00 20.00 25.00 82.00 3.00 16.00 0.00 0.00 86.00 73.00 0.00 37.00 64.00 0.00 33.00 0.00 8.00 23.00 30.00 12.00 0.00 37.00 2.00 0.00 32.00 48.00 39.00 24.00 0.00 0.00 60.00 0.00 63.00 54.00 0.00 47.00 30.00 22.00 1.00 67.00 63.00 22.00 0.00 7.00 2.00 0.00 0.00 32.00 0.00 40.00 0.00 18.00 11.00 1.00 0.00 23.00 0.00 0.00 0.00 72.00 84.00 94.00 64.00 0.00 0.00 0.00 0.00 7.00 25.00
90 9.00 26.00 0.00 45.00 57.00 0.00 85.00 100.00 0.00 0.00 0.00 0.00 0.00 0.00 0.00 0.00 75.00 50.00 76.00 13.00 0.00 0.00 49.00 94.00 0.00 0.00 0.00 0.00 0.00 47.00 0.00 58.00 0.00 0.00 13.00 0.00 86.00 0.00 16.00 0.00 0.00 0.00 0.00 0.00 0.00 90.00 0.00 0.00 0.00 98.00 0.00 88.00 10.00 30.00 0.00 32.00 16.00 1.00 0.00 56.00 0.00 15.00 39.00 0.00 0.00 0.00 14.00 13.00 0.00 60.00 66.00 0.00 63.00 100.00 58.00 95.00 47.00 12.00 0.00 35.00 0.00 52.00 0.00 0.00 38.00 0.00 33.00 26.00 0.00 72.00 0.00 0.00 0.00 0.00 36.00 0.00 17.00 0.00 0.00 3.00
91 48.00 63.00 18.00 28.00 0.00 0.00 0.00 0.00 0.00 0.00 27.00 0.00 29.00 0.00 80.00 90.00 84.00 0.00 82.00 6.00 0.00 16.00 0.00 0.00 40.00 99.00 86.00 0.00 0.00 34.00 0.00 0.00 0.00 0.00 0.00 84.00 0.00 38.00 88.00 0.00 100.00 0.00 18.00 69.00 0.00 1.00 0.00 0.00 26.00 0.00 0.00 0.00 0.00 0.00 98.00 12.00 0.00 0.00 0.00 0.00 0.00 0.00 1.00 27.00 0.00 96.00 90.00 0.00 12.00 0.00 69.00 0.00 0.00 22.00 11.00 59.00 0.00 0.00 33.00 0.00 32.00 68.00 21.00 25.00 50.00 19.00 0.00 21.00 0.00 84.00 0.00 0.00 0.00 0.00 0.00 33.00 0.00 74.00 0.00 0.00
92 0.00 70.00 80.00 0.00 0.00 0.00 92.00 0.00 84.00 0.00 0.00 45.00 0.00 11.00 0.00 0.00 36.00 3.00 67.00 0.00 73.00 27.00 0.00 7.00 0.00 0.00 29.00 0.00 0.00 0.00 86.00 0.00 0.00 0.00 0.00 1.00 31.00 7.00 0.00 0.00 0.00 48.00 0.00 90.00 0.00 94.00 52.00 83.00 82.00 74.00 0.00 5.00 21.00 37.00 33.00 0.00 0.00 0.00 0.00 0.00 0.00 71.00 18.00 89.00 47.00 40.00 68.00 0.00 0.00 0.00 0.00 42.00 37.00 0.00 0.00 0.00 56.00 37.00 0.00 0.00 51.00 0.00 55.00 16.00 0.00 0.00 0.00 67.00 0.00 94.00 0.00 0.00 0.00 79.00 12.00 0.00 0.00 0.00 45.00 0.00
93 55.00 28.00 0.00 8.00 92.00 0.00 0.00 55.00 7.00 30.00 17.00 0.00 0.00 0.00 0.00 0.00 0.00 22.00 0.00 24.00 0.00 0.00 25.00 24.00 0.00 86.00 93.00 0.00 0.00 87.00 0.00 91.00 0.00 0.00 28.00 78.00 75.00 21.00 0.00 0.00 0.00 0.00 17.00 0.00 60.00 85.00 0.00 0.00 87.00 0.00 54.00 0.00 41.00 43.00 0.00 0.00 68.00 59.00 71.00 99.00 16.00 51.00 0.00 85.00 0.00 0.00 0.00 80.00 98.00 43.00 0.00 0.00 0.00 0.00 0.00 59.00 94.00 89.00 0.00 0.00 19.00 0.00 26.00 0.00 0.00 0.00 54.00 0.00 64.00 64.00 0.00 0.00 79.00 0.00 22.00 50.00 72.00 36.00 54.00 0.00
94 19.00 0.00 0.00 36.00 29.00 91.00 16.00 96.00 0.00 48.00 22.00 0.00 0.00 0.00 100.00 0.00 0.00 38.00 90.00 0.00 0.00 51.00 91.00 7.00 0.00 0.00 0.00 85.00 0.00 17.00 6.00 0.00 0.00 0.00 61.00 0.00 35.00 37.00 12.00 0.00 78.00 0.00 0.00 0.00 8.00 0.00 63.00 0.00 45.00 0.00 84.00 0.00 0.00 0.00 98.00 0.00 69.00 0.00 0.00 65.00 0.00 95.00 0.00 0.00 0.00 29.00 0.00 0.00 0.00 80.00 0.00 40.00 90.00 40.00 34.00 69.00 54.00 0.00 77.00 47.00 0.00 67.00 0.00 71.00 0.00 0.00 0.00 0.00 72.00 0.00 36.00 0.00 12.00 22.00 0.00 56.00 0.00 41.00 0.00 42.00
95 23.00 37.00 75.00 35.00 26.00 72.00 36.00 98.00 0.00 0.00 0.00 0.00 3.00 11.00 94.00 0.00 19.00 0.00 0.00 0.00 0.00 16.00 94.00 13.00 0.00 72.00 1.00 48.00 1.00 0.00 15.00 56.00 0.00 0.00 86.00 59.00 0.00 71.00 0.00 0.00 0.00 0.00 0.00 24.00 0.00 0.00 0.00 0.00 0.00 72.00 83.00 0.00 35.00 0.00 41.00 18.00 0.00 0.00 98.00 0.00 0.00 45.00 0.00 0.00 55.00 35.00 1.00 0.00 73.00 0.00 0.00 0.00 40.00 0.00 0.00 7.00 7.00 63.00 0.00 15.00 0.00 0.00 0.00 0.00 0.00 0.00 0.00 0.00 63.00 0.00 0.00 33.00 0.00 50.00 56.00 0.00 0.00 5.00 63.00 0.00
96 88.00 28.00 53.00 15.00 61.00 0.00 0.00 2.00 0.00 0.00 0.00 13.00 41.00 0.00 0.00 39.00 0.00 70.00 3.00 62.00 0.00 71.00 0.00 0.00 0.00 13.00 47.00 0.00 0.00 0.00 99.00 0.00 0.00 0.00 64.00 0.00 0.00 55.00 23.00 0.00 93.00 0.00 0.00 4.00 19.00 46.00 70.00 90.00 0.00 32.00 0.00 0.00 42.00 0.00 0.00 77.00 0.00 41.00 0.00 65.00 0.00 0.00 17.00 0.00 0.00 0.00 23.00 0.00 22.00 0.00 0.00 0.00 0.00 95.00 0.00 0.00 92.00 12.00 0.00 0.00 62.00 0.00 0.00 0.00 0.00 59.00 0.00 0.00 5.00 0.00 17.00 0.00 0.00 72.00 0.00 0.00 0.00 0.00 98.00 0.00
97 23.00 0.00 0.00 16.00 54.00 39.00 0.00 0.00 0.00 63.00 0.00 14.00 72.00 68.00 15.00 0.00 32.00 0.00 66.00 0.00 19.00 0.00 74.00 11.00 21.00 0.00 0.00 47.00 0.00 0.00 8.00 52.00 0.00 41.00 58.00 51.00 0.00 0.00 0.00 0.00 57.00 69.00 2.00 0.00 0.00 96.00 75.00 22.00 0.00 97.00 0.00 55.00 37.00 0.00 74.00 0.00 0.00 61.00 2.00 3.00 0.00 0.00 0.00 0.00 0.00 49.00 0.00 3.00 0.00 1.00 0.00 0.00 14.00 91.00 0.00 0.00 0.00 51.00 72.00 53.00 70.00 0.00 0.00 0.00 32.00 0.00 0.00 0.00 0.00 0.00 0.00 74.00 0.00 36.00 41.00 5.00 0.00 0.00 0.00 0.00
98 0.00 78.00 0.00 0.00 0.00 0.00 72.00 17.00 0.00 70.00 80.00 0.00 60.00 0.00 0.00 11.00 30.00 66.00 0.00 78.00 0.00 0.00 87.00 44.00 0.00 6.00 51.00 92.00 80.00 0.00 6.00 88.00 67.00 0.00 0.00 0.00 71.00 57.00 89.00 87.00 0.00 0.00 0.00 94.00 96.00 0.00 0.00 14.00 30.00 0.00 68.00 0.00 0.00 0.00 0.00 69.00 71.00 0.00 0.00 77.00 86.00 63.00 62.00 15.00 29.00 22.00 17.00 0.00 0.00 0.00 78.00 4.00 0.00 0.00 0.00 66.00 0.00 22.00 0.00 76.00 23.00 0.00 0.00 0.00 0.00 64.00 83.00 0.00 66.00 7.00 0.00 0.00 45.00 54.00 0.00 63.00 98.00 0.00 0.00 91.00
99 86.00 92.00 0.00 0.00 36.00 51.00 0.00 2.00 45.00 0.00 0.00 63.00 0.00 4.00 0.00 17.00 0.00 95.00 0.00 41.00 0.00 0.00 0.00 18.00 0.00 0.00 0.00 72.00 70.00 0.00 0.00 0.00 0.00 95.00 0.00 0.00 75.00 3.00 75.00 0.00 14.00 77.00 0.00 0.00 0.00 0.00 0.00 0.00 66.00 0.00 0.00 0.00 0.00 0.00 0.00 86.00 0.00 24.00 48.00 60.00 13.00 0.00 28.00 0.00 0.00 93.00 69.00 42.00 0.00 31.00 63.00 0.00 59.00 0.00 0.00 69.00 0.00 45.00 57.00 76.00 95.00 19.00 49.00 0.00 95.00 25.00 85.00 16.00 0.00 25.00 3.00 0.00 0.00 0.00 42.00 0.00 0.00 0.00 91.00 0.00
mcp_obj 64
mcp_gap 0
mcp_x 0 1 1 1 1 1 1 1 1 0 1 0 0 1 1 0 1 0 0 1 0 1 1 1 1 1 0 0 1 1 1 1 0 0 0 1 1 0 1 0 0 1 1 0 0 1 1 1 0 0 0 1 0 1 1 0 0 1 0 0 0 1 1 1 1 1 1 1 1 0 1 0 1 1 1 1 0 1 1 1 1 1 1 1 1 1 1 0 0 1 1 0 1 0 1 1 1 0 1 0
