NAME N100_rc_0.7_rGamma_1_dc_0.035_dGamma_0.0005_jeu_100_75_3.txt
NUM_ITEMS 100
SOURCE r_100_75_3
PARAMETERS
r_c 0.7
r_Gamma 1
d_c 0.035
d_Gamma 0.0005

BOUNDS
c_lb 0.00
c_ub 182.97
Gamma_lb 14
Gamma_ub 69
B_i_1_lb 0.00 0.00 0.00 0.00 0.00 0.00 0.00 0.00 0.00 0.00 0.00 0.00 0.00 0.00 0.00 0.00 0.00 0.00 0.00 0.00 0.00 0.00 0.00 0.00 0.00 0.00 0.00 0.00 0.00 0.00 0.00 0.00 0.00 0.00 0.00 0.00 0.00 0.00 0.00 0.00 0.00 0.00 0.00 0.00 0.00 0.00 0.00 0.00 0.00 0.00 0.00 0.00 0.00 0.00 0.00 0.00 0.00 0.00 0.00 0.00 0.00 0.00 0.00 0.00 0.00 0.00 0.00 0.00 0.00 0.00 0.00 0.00 0.00 0.00 0.00 0.00 0.00 0.00 0.00 0.00 0.00 0.00 0.00 0.00 0.00 0.00 0.00 0.00 0.00 0.00 0.00 0.00 0.00 0.00 0.00 0.00 0.00 0.00 0.00 0.00
B_i_1_ub 101.72 88.18 96.70 99.88 95.10 86.04 98.56 102.37 96.93 94.47 97.01 95.56 101.73 100.32 87.39 113.13 94.69 93.18 105.95 97.22 97.21 92.97 93.34 98.42 116.36 86.26 92.13 106.90 92.33 102.23 95.31 96.04 92.73 99.20 97.84 88.97 95.61 106.30 99.74 90.72 84.03 99.25 95.56 88.87 86.96 96.57 92.78 100.90 91.32 102.71 98.95 103.91 101.24 100.25 99.36 108.79 97.10 95.02 96.84 95.25 99.20 95.01 90.35 104.13 96.58 108.98 99.71 98.50 99.58 97.02 102.44 78.40 103.06 91.87 99.61 99.89 95.98 91.14 101.08 98.05 92.80 100.08 105.85 96.28 96.01 107.77 85.52 105.64 92.42 88.70 95.47 100.09 95.81 106.27 96.46 108.59 93.60 111.08 96.81 94.81
B_i_0_lb 0.00 0.00 0.00 0.00 0.00 0.00 0.00 0.00 0.00 0.00 0.00 0.00 0.00 0.00 0.00 0.00 0.00 0.00 0.00 0.00 0.00 0.00 0.00 0.00 0.00 0.00 0.00 0.00 0.00 0.00 0.00 0.00 0.00 0.00 0.00 0.00 0.00 0.00 0.00 0.00 0.00 0.00 0.00 0.00 0.00 0.00 0.00 0.00 0.00 0.00 0.00 0.00 0.00 0.00 0.00 0.00 0.00 0.00 0.00 0.00 0.00 0.00 0.00 0.00 0.00 0.00 0.00 0.00 0.00 0.00 0.00 0.00 0.00 0.00 0.00 0.00 0.00 0.00 0.00 0.00 0.00 0.00 0.00 0.00 0.00 0.00 0.00 0.00 0.00 0.00 0.00 0.00 0.00 0.00 0.00 0.00 0.00 0.00 0.00 0.00
B_i_0_ub 103.92 90.35 99.57 101.14 97.20 87.72 99.12 103.25 97.63 94.61 97.43 97.45 103.45 101.27 87.53 115.93 98.19 94.48 107.21 99.78 98.44 96.40 95.41 98.91 117.73 87.24 94.37 107.40 92.61 103.78 96.82 98.60 94.65 101.37 99.14 89.39 97.22 108.61 103.17 91.35 86.17 101.45 98.09 89.18 88.99 97.79 95.34 101.74 93.04 103.27 99.30 105.31 101.70 101.86 101.28 110.19 98.08 95.51 97.68 97.07 100.49 98.16 91.50 104.54 98.44 110.24 100.83 99.45 102.49 98.70 104.37 79.73 105.26 94.60 101.04 99.99 98.12 91.84 103.88 100.99 94.13 101.31 106.24 96.98 97.73 109.60 88.15 107.25 94.52 90.74 95.55 100.90 97.95 106.66 98.03 110.16 95.11 112.97 97.54 96.21
c_i_1_lb 65.80 57.40 43.40 0.00 25.20 60.20 56.00 24.50 0.00 53.20 56.70 0.00 0.00 0.00 10.50 0.00 0.00 40.60 0.00 46.90 69.30 63.00 4.20 56.00 56.70 5.60 36.40 47.60 57.40 60.20 18.20 11.90 47.60 35.00 16.80 25.20 18.90 17.50 59.50 25.20 16.80 18.20 65.10 37.80 18.90 30.10 60.20 18.20 56.00 31.50 67.90 25.90 20.30 30.10 63.00 0.00 54.60 28.70 34.30 0.00 62.30 49.70 46.90 0.00 11.20 0.00 42.70 47.60 61.60 1.40 30.10 32.90 0.00 0.00 58.10 0.00 0.00 0.70 0.00 28.70 61.60 46.90 53.20 26.60 58.80 39.20 45.50 31.50 3.50 0.00 61.60 0.00 0.00 51.80 0.00 0.00 37.80 70.00 70.00 30.10
c_i_1_ub 167.52 145.58 140.10 99.88 120.30 146.24 154.56 126.87 96.93 147.67 153.71 95.56 101.73 100.32 97.89 113.13 94.69 133.78 105.95 144.12 166.51 155.97 97.54 154.42 173.06 91.86 128.53 154.50 149.73 162.43 113.51 107.94 140.33 134.20 114.64 114.17 114.51 123.80 159.24 115.92 100.83 117.45 160.66 126.67 105.86 126.67 152.98 119.10 147.32 134.21 166.85 129.81 121.54 130.35 162.36 108.79 151.70 123.72 131.14 95.25 161.50 144.71 137.25 104.13 107.78 108.98 142.41 146.10 161.18 98.42 132.54 111.30 103.06 91.87 157.71 99.89 95.98 91.84 101.08 126.75 154.40 146.98 159.05 122.88 154.81 146.97 131.02 137.14 95.92 88.70 157.07 100.09 95.81 158.07 96.46 108.59 131.40 181.08 166.81 124.91
c_i_0_lb 65.80 57.40 43.40 0.00 25.20 60.20 56.00 24.50 0.00 53.20 56.70 0.00 0.00 0.00 10.50 0.00 0.00 40.60 0.00 46.90 69.30 63.00 4.20 56.00 56.70 5.60 36.40 47.60 57.40 60.20 18.20 11.90 47.60 35.00 16.80 25.20 18.90 17.50 59.50 25.20 16.80 18.20 65.10 37.80 18.90 30.10 60.20 18.20 56.00 31.50 67.90 25.90 20.30 30.10 63.00 0.00 54.60 28.70 34.30 0.00 62.30 49.70 46.90 0.00 11.20 0.00 42.70 47.60 61.60 1.40 30.10 32.90 0.00 0.00 58.10 0.00 0.00 0.70 0.00 28.70 61.60 46.90 53.20 26.60 58.80 39.20 45.50 31.50 3.50 0.00 61.60 0.00 0.00 51.80 0.00 0.00 37.80 70.00 70.00 30.10
c_i_0_ub 169.72 147.75 142.97 101.14 122.40 147.92 155.12 127.75 97.63 147.81 154.13 97.45 103.45 101.27 98.03 115.93 98.19 135.08 107.21 146.68 167.74 159.40 99.61 154.91 174.43 92.84 130.77 155.00 150.01 163.98 115.02 110.50 142.25 136.37 115.94 114.59 116.12 126.11 162.67 116.55 102.97 119.65 163.19 126.98 107.89 127.89 155.54 119.94 149.04 134.77 167.20 131.21 122.00 131.96 164.28 110.19 152.68 124.21 131.98 97.07 162.79 147.86 138.40 104.54 109.64 110.24 143.53 147.05 164.09 100.10 134.47 112.63 105.26 94.60 159.14 99.99 98.12 92.54 103.88 129.69 155.73 148.21 159.44 123.58 156.53 148.80 133.65 138.75 98.02 90.74 157.15 100.90 97.95 158.46 98.03 110.16 132.91 182.97 167.54 126.31
c_1_lb 0.00
c_1_ub 181.08
c_0_lb 0.00
c_0_ub 182.97

BOUND_TIMES
k_max_time 0.001327
Gamma_ub_time 0.000458
B_i_1_lb_time 0.007683
B_i_1_ub_time 0.036696
B_i_0_lb_time 0.008041
B_i_0_ub_time 0.036220

DDRO_PARAMETERS
a_0 14
b_0i 1 1 1 1 1 1 1 1 1 1 1 1 1 1 1 1 1 1 1 1 1 1 1 1 1 1 1 1 1 1 1 1 1 1 1 1 1 1 1 1 1 1 1 1 1 1 1 1 1 1 1 1 1 1 1 1 1 1 1 1 1 1 1 1 1 1 1 1 1 1 1 0 1 1 1 1 1 1 1 1 1 1 1 1 1 1 1 1 1 0 1 1 1 1 1 1 1 1 1 1
a_i 65.80 57.40 43.40 0.00 25.20 60.20 56.00 24.50 0.00 53.20 56.70 0.00 0.00 0.00 10.50 0.00 0.00 40.60 0.00 46.90 69.30 63.00 4.20 56.00 56.70 5.60 36.40 47.60 57.40 60.20 18.20 11.90 47.60 35.00 16.80 25.20 18.90 17.50 59.50 25.20 16.80 18.20 65.10 37.80 18.90 30.10 60.20 18.20 56.00 31.50 67.90 25.90 20.30 30.10 63.00 0.00 54.60 28.70 34.30 0.00 62.30 49.70 46.90 0.00 11.20 0.00 42.70 47.60 61.60 1.40 30.10 32.90 0.00 0.00 58.10 0.00 0.00 0.70 0.00 28.70 61.60 46.90 53.20 26.60 58.80 39.20 45.50 31.50 3.50 0.00 61.60 0.00 0.00 51.80 0.00 0.00 37.80 70.00 70.00 30.10
b_ij
0 0.00 3.47 0.00 1.79 0.00 1.05 0.11 1.51 0.00 0.00 0.46 1.44 1.75 2.42 3.08 2.91 1.23 3.29 3.12 2.38 0.81 0.00 3.26 3.05 2.84 3.08 0.00 1.40 0.00 3.36 2.77 2.31 0.00 0.60 0.49 1.19 3.33 0.00 0.00 0.00 1.75 0.88 0.00 3.50 0.00 0.88 1.09 2.35 2.42 0.42 0.00 2.80 0.14 2.31 0.32 0.00 0.67 2.94 2.84 0.91 2.80 1.37 0.21 2.03 1.23 3.19 2.77 1.23 2.31 0.00 1.54 1.61 1.26 0.07 1.16 0.00 1.61 0.56 1.75 1.89 2.77 0.18 3.22 0.60 3.29 0.74 0.00 0.56 2.38 1.02 1.02 0.35 0.00 2.59 1.61 0.00 1.37 1.68 0.46 2.42
1 3.47 0.00 0.00 2.10 2.80 1.44 0.70 1.93 0.00 0.00 1.30 0.00 1.79 0.00 3.19 0.56 1.65 1.58 2.73 1.05 3.26 0.00 2.59 1.23 1.82 0.91 0.00 1.30 3.47 2.17 0.00 0.00 0.00 2.17 1.33 0.74 0.00 2.84 0.00 0.28 0.00 2.14 0.00 2.49 0.00 2.14 0.77 2.91 3.43 0.00 0.00 0.14 0.74 2.00 0.88 1.44 0.00 2.56 0.32 0.63 0.42 2.77 0.00 0.00 0.00 0.88 0.00 1.40 0.63 0.00 0.00 0.35 0.00 0.00 0.00 2.24 0.00 0.46 3.33 2.49 0.00 2.07 0.84 0.21 0.00 1.75 0.00 2.87 2.66 0.00 2.21 1.19 1.44 2.56 0.00 0.81 2.24 1.09 1.47 0.00
2 0.00 0.00 0.00 0.81 3.26 1.82 0.00 1.16 1.26 3.40 3.05 2.07 0.00 0.00 1.09 0.00 1.86 2.07 0.00 1.54 0.35 2.73 0.00 1.33 0.00 0.00 0.00 1.02 2.35 1.75 1.16 0.00 0.28 1.86 2.10 1.75 3.50 0.00 1.05 0.00 2.42 3.22 0.00 2.80 1.89 2.80 1.37 0.00 2.45 0.00 2.77 0.35 1.79 0.00 1.12 0.18 0.00 1.23 1.05 3.15 0.70 1.47 1.82 1.30 0.35 3.47 0.98 0.00 0.39 0.00 0.18 0.53 2.59 3.15 1.79 0.49 2.38 3.43 0.00 0.00 0.88 2.00 0.63 2.56 3.08 0.14 0.28 1.40 2.59 1.05 1.82 2.91 1.51 0.00 0.00 0.00 2.45 0.28 2.35 2.03
3 1.79 2.10 0.81 0.00 1.09 0.84 0.67 1.72 1.54 3.15 1.72 1.02 0.00 2.10 1.12 3.15 0.00 0.11 0.91 0.00 1.02 1.96 0.00 0.00 0.00 0.67 3.29 0.91 0.46 2.31 0.00 2.17 1.26 0.00 0.00 3.01 0.46 0.42 0.35 2.84 2.00 0.00 0.00 0.00 3.08 2.38 2.03 2.10 1.93 3.26 0.18 2.73 2.66 0.67 1.75 2.42 0.00 1.93 2.03 2.52 3.40 0.00 0.00 1.93 0.39 0.00 3.47 3.15 3.33 0.63 1.61 0.84 1.86 2.70 3.22 1.26 0.00 0.42 2.84 2.66 0.00 1.26 1.16 1.61 0.00 1.47 0.00 0.00 0.49 1.23 2.80 0.00 1.82 1.44 1.51 1.09 3.43 0.91 1.86 0.00
4 0.00 2.80 3.26 1.09 0.00 2.10 0.00 3.26 0.77 3.12 1.86 1.58 0.21 1.23 2.07 1.54 0.91 0.28 2.63 0.00 0.00 0.00 0.00 1.30 3.15 0.00 0.00 3.50 2.87 2.38 1.89 0.00 0.77 0.00 0.53 2.80 0.00 0.00 1.33 0.04 0.14 0.74 0.67 0.49 2.70 1.23 1.12 3.01 2.98 3.12 1.86 1.51 0.35 0.25 0.00 0.00 2.00 0.00 1.33 1.58 0.95 3.33 0.00 2.49 0.49 0.00 0.74 0.00 2.42 0.00 2.00 0.00 2.52 1.33 1.72 3.43 1.93 0.00 1.51 0.00 2.45 0.04 0.00 2.52 0.00 0.49 1.02 2.94 3.47 3.22 0.00 0.95 0.00 0.00 1.40 2.87 0.35 0.00 0.00 0.60
5 1.05 1.44 1.82 0.84 2.10 0.00 0.00 0.00 3.19 1.54 0.00 1.37 1.37 0.04 0.00 1.23 1.44 0.25 2.80 1.44 0.04 0.00 0.00 3.29 1.19 0.00 0.00 0.53 3.05 1.26 2.70 0.81 0.00 0.00 3.05 0.00 2.84 0.91 3.43 0.00 3.36 1.58 0.00 0.00 2.49 0.00 2.70 1.30 1.40 1.89 0.00 0.00 0.00 2.52 0.88 0.00 1.30 0.00 0.00 0.00 0.00 0.14 2.52 0.00 2.35 2.28 0.00 0.00 0.00 0.00 0.53 0.67 0.98 1.86 0.35 2.17 3.01 0.91 0.42 2.45 0.00 0.00 0.00 3.50 0.53 2.14 0.00 0.00 1.89 1.47 0.42 2.80 1.51 2.17 0.39 3.33 0.46 3.29 2.70 0.56
6 0.11 0.70 0.00 0.67 0.00 0.00 0.00 1.96 1.96 0.74 3.05 1.09 0.00 1.82 1.30 2.24 2.80 0.14 2.38 2.49 0.00 0.32 2.45 0.04 2.31 0.98 0.00 1.09 0.00 0.00 0.32 1.65 2.42 0.00 2.91 1.44 0.00 1.44 1.02 2.70 2.24 3.40 3.33 0.63 2.21 0.00 0.00 3.47 0.00 0.56 1.12 3.43 2.59 2.03 1.02 0.11 0.21 1.30 2.87 2.59 2.31 0.00 2.14 1.23 0.00 0.00 0.00 0.32 2.10 3.40 1.75 0.77 2.35 0.46 0.11 1.05 0.98 0.70 2.73 1.72 1.68 2.84 0.00 1.86 0.00 1.33 1.26 0.00 2.94 0.00 0.63 2.52 2.63 1.86 3.43 2.17 1.09 1.09 3.08 0.21
7 1.51 1.93 1.16 1.72 3.26 0.00 1.96 0.00 1.65 0.70 0.07 1.12 0.81 3.47 2.42 0.00 0.28 0.28 0.00 3.15 0.07 0.91 2.94 3.01 1.93 0.91 0.00 0.25 2.70 3.08 3.05 0.25 1.61 0.46 2.24 0.00 3.22 2.35 2.84 1.82 1.75 0.00 0.00 2.28 0.00 1.44 2.66 2.21 0.07 0.35 3.40 0.42 1.23 0.21 2.38 0.35 0.42 3.40 0.53 3.08 1.12 0.00 0.25 3.22 1.09 0.00 0.00 0.91 0.00 0.00 1.82 0.00 0.81 3.01 3.08 0.00 2.49 1.40 3.29 3.50 0.18 0.14 1.96 2.49 0.39 0.00 2.28 3.01 3.15 0.60 0.67 1.89 0.67 1.68 2.35 1.30 0.00 0.84 1.23 0.39
8 0.00 0.00 1.26 1.54 0.77 3.19 1.96 1.65 0.00 2.17 0.00 0.95 0.32 3.19 0.63 0.95 0.00 3.01 2.49 0.98 0.00 0.00 3.15 2.00 1.05 1.02 3.01 2.45 0.00 0.00 2.17 2.59 0.18 0.28 3.47 1.26 2.70 2.24 0.00 2.21 0.00 0.18 2.49 0.00 1.44 2.77 1.51 2.49 0.00 0.70 0.98 3.19 3.33 3.08 0.00 1.30 1.16 0.42 0.56 2.84 2.07 2.45 1.33 0.21 1.58 1.51 1.89 3.05 2.07 0.00 0.95 0.77 0.00 0.04 0.00 1.54 0.00 3.47 0.95 3.40 1.37 1.65 0.00 2.80 1.37 2.70 2.73 1.19 0.00 1.47 0.04 0.00 0.00 0.00 0.00 0.00 2.31 2.49 0.39 1.72
9 0.00 0.00 3.40 3.15 3.12 1.54 0.74 0.70 2.17 0.00 0.00 0.81 0.74 1.86 0.14 2.49 0.00 1.33 2.52 0.11 0.00 0.00 3.05 1.12 2.14 0.60 0.00 3.05 0.00 0.00 0.00 2.07 2.77 0.74 0.77 1.54 0.70 1.51 0.00 1.54 0.00 2.59 1.79 1.33 0.00 0.84 0.42 1.51 1.12 2.91 0.00 0.00 1.19 0.91 0.70 1.51 2.56 2.49 1.40 0.42 0.49 2.42 0.00 1.72 2.38 3.29 0.00 0.00 0.00 0.00 2.80 1.26 2.35 0.00 2.07 0.00 1.30 0.84 0.00 0.00 3.50 3.47 1.75 0.00 2.66 2.56 0.39 1.05 1.19 0.67 3.26 0.32 0.00 1.05 0.00 3.26 2.21 0.70 0.00 2.31
10 0.46 1.30 3.05 1.72 1.86 0.00 3.05 0.07 0.00 0.00 0.00 2.84 0.88 0.42 2.31 1.40 2.28 1.79 3.33 0.00 1.47 0.00 0.00 0.07 3.22 2.77 2.14 2.77 1.12 2.70 1.54 1.86 1.61 0.91 3.36 1.82 3.01 0.18 1.26 0.67 1.86 1.72 2.73 0.28 0.42 0.60 0.07 0.63 0.00 3.05 0.00 0.00 0.46 2.24 1.58 2.91 0.32 1.47 0.56 1.61 2.94 0.07 1.61 0.39 0.00 2.31 0.00 2.14 0.00 2.52 1.54 0.00 2.00 0.70 2.35 0.00 2.28 0.00 0.00 2.49 0.74 1.02 2.07 0.25 3.05 0.00 0.04 2.84 0.00 1.40 3.01 2.56 2.59 0.00 2.94 1.96 1.61 2.17 0.00 2.66
11 1.44 0.00 2.07 1.02 1.58 1.37 1.09 1.12 0.95 0.81 2.84 0.00 0.60 0.00 0.00 3.08 0.00 0.25 0.00 0.00 1.79 3.36 3.50 0.00 1.37 2.59 2.10 1.47 2.24 0.14 2.00 1.37 1.58 1.89 2.87 0.00 0.35 2.24 1.30 0.07 0.00 1.16 3.33 0.00 0.00 0.67 0.00 0.39 0.00 0.18 0.00 0.32 1.65 1.61 0.21 1.05 2.49 1.12 0.63 2.56 2.70 0.00 3.26 1.86 2.38 3.29 3.22 2.17 2.91 3.36 0.81 1.61 0.00 0.70 2.59 1.19 0.00 0.00 1.23 2.35 3.26 0.46 1.54 2.42 2.14 1.19 0.00 0.00 2.24 0.00 1.37 1.51 2.63 3.05 0.00 1.47 1.05 0.00 2.07 2.59
12 1.75 1.79 0.00 0.00 0.21 1.37 0.00 0.81 0.32 0.74 0.88 0.60 0.00 1.68 3.12 0.00 0.00 0.00 0.35 1.16 2.00 3.26 1.58 1.82 0.14 0.00 1.51 1.93 1.19 0.00 0.04 1.89 1.89 3.19 0.00 1.68 0.00 3.47 0.00 0.00 1.37 3.26 0.00 2.45 0.00 2.07 0.88 2.56 0.00 0.49 1.40 2.52 2.49 1.09 2.98 0.42 3.19 2.87 1.37 2.87 0.35 0.39 1.58 3.40 2.38 0.00 0.00 2.49 0.00 2.49 1.30 1.23 2.87 1.82 0.00 2.70 1.23 2.14 0.32 0.00 2.63 3.08 3.12 0.21 0.00 0.32 1.30 0.21 1.96 1.82 0.32 2.17 2.10 2.59 3.12 2.03 1.23 1.19 0.00 2.59
13 2.42 0.00 0.00 2.10 1.23 0.04 1.82 3.47 3.19 1.86 0.42 0.00 1.68 0.00 0.00 1.68 0.46 1.26 2.84 3.36 3.33 1.02 1.23 0.56 3.40 0.00 0.00 0.77 2.77 0.00 1.86 0.00 0.00 1.68 2.70 2.35 0.00 2.94 0.00 0.46 0.35 2.80 1.09 2.24 0.00 0.39 0.39 2.10 1.58 0.00 0.00 2.28 1.23 1.44 0.28 0.60 0.74 0.04 0.00 0.63 1.26 0.00 0.00 3.47 0.25 1.23 1.47 0.74 0.35 0.00 3.05 0.00 2.38 2.63 1.82 3.33 0.32 0.14 2.28 2.73 1.51 0.53 2.42 0.39 0.00 2.98 1.16 2.63 0.00 0.35 3.05 1.54 0.91 2.24 2.38 2.24 1.93 1.58 1.37 3.29
14 3.08 3.19 1.09 1.12 2.07 0.00 1.30 2.42 0.63 0.14 2.31 0.00 3.12 0.00 0.00 1.61 1.58 1.37 0.88 0.00 0.98 0.63 2.21 2.24 1.93 0.00 0.00 0.11 0.00 0.81 1.40 3.19 0.46 0.84 0.00 0.00 2.56 0.00 1.54 1.44 3.15 2.24 0.81 1.96 0.00 2.45 0.88 0.56 1.61 0.00 2.21 0.00 1.58 0.07 1.40 0.00 2.56 0.00 0.00 0.00 3.43 0.00 1.23 0.00 1.89 0.00 3.40 0.00 0.07 1.82 1.75 2.24 0.77 0.67 2.91 1.89 1.23 1.09 1.19 1.51 1.05 0.00 1.68 0.00 0.49 0.00 1.19 3.33 0.00 1.44 2.52 2.59 0.70 1.96 0.00 1.79 0.00 0.00 0.63 1.37
15 2.91 0.56 0.00 3.15 1.54 1.23 2.24 0.00 0.95 2.49 1.40 3.08 0.00 1.68 1.61 0.00 1.58 1.86 0.00 2.21 1.23 3.50 0.00 0.00 1.65 0.67 0.95 0.00 2.00 2.56 3.26 2.66 1.93 1.72 2.24 0.49 1.75 3.22 0.04 2.17 0.00 0.32 2.56 2.14 2.38 3.43 0.00 0.00 2.84 1.61 0.00 0.00 2.52 0.00 3.12 0.00 2.73 2.59 2.00 0.00 2.91 0.53 0.84 2.52 0.00 1.58 0.49 2.77 0.11 2.28 2.77 1.12 1.79 2.24 2.94 2.77 2.38 2.56 0.00 1.79 3.36 2.70 2.42 2.52 3.50 3.33 0.00 0.25 0.63 0.42 0.88 2.38 0.21 0.11 1.23 1.89 2.28 2.98 2.66 2.14
16 1.23 1.65 1.86 0.00 0.91 1.44 2.80 0.28 0.00 0.00 2.28 0.00 0.00 0.46 1.58 1.58 0.00 3.22 1.16 0.00 1.23 0.88 2.84 1.30 1.68 2.00 3.01 1.79 0.00 1.65 2.63 2.98 0.04 0.42 3.15 0.00 1.72 0.00 3.40 2.84 0.39 3.15 0.00 0.00 0.00 0.95 1.02 0.00 3.15 0.00 1.19 1.54 1.72 1.79 3.40 2.10 0.77 0.32 1.09 1.79 0.00 1.93 3.12 0.42 3.22 0.21 1.19 1.02 0.35 0.63 1.51 2.38 2.87 3.15 0.91 1.23 0.39 0.77 0.32 0.88 0.00 2.87 1.96 3.15 2.94 0.00 3.01 2.94 2.17 1.02 0.00 0.28 2.87 1.72 3.26 0.60 1.68 2.98 3.29 0.81
17 3.29 1.58 2.07 0.11 0.28 0.25 0.14 0.28 3.01 1.33 1.79 0.25 0.00 1.26 1.37 1.86 3.22 0.00 0.18 3.43 1.23 2.07 1.44 0.14 3.19 1.93 0.00 1.37 0.63 0.00 1.40 0.49 0.00 2.94 0.56 0.00 0.28 0.07 1.02 0.04 3.40 2.24 1.37 1.12 0.49 3.15 0.00 0.00 0.39 0.28 0.91 2.10 0.00 1.89 2.00 1.30 0.00 2.87 0.00 0.32 1.09 2.56 3.29 3.05 0.00 2.59 2.21 0.60 0.00 0.00 3.50 1.79 0.00 1.89 0.00 0.53 0.00 2.28 2.84 0.00 3.33 2.10 1.93 0.28 0.28 2.80 0.11 1.19 0.00 1.26 0.56 3.05 0.00 1.33 0.60 2.94 0.35 1.37 0.00 3.22
18 3.12 2.73 0.00 0.91 2.63 2.80 2.38 0.00 2.49 2.52 3.33 0.00 0.35 2.84 0.88 0.00 1.16 0.18 0.00 1.12 1.54 2.87 1.82 2.21 1.47 0.95 2.52 3.40 3.05 1.79 0.00 1.96 2.84 0.84 3.50 2.49 2.45 2.70 2.14 1.12 2.87 1.61 0.00 2.87 1.93 1.68 2.98 0.00 3.12 0.00 2.07 0.00 0.00 3.08 2.45 3.29 0.00 0.77 3.33 0.95 3.26 2.66 0.00 0.00 1.40 0.74 1.30 0.00 1.26 0.42 0.00 1.23 3.22 2.03 1.47 2.63 1.58 1.37 0.00 0.00 0.60 2.91 1.96 2.63 3.43 1.16 0.00 1.16 0.00 0.00 0.00 1.33 0.00 0.95 1.75 1.26 2.03 1.93 0.84 0.00
19 2.38 1.05 1.54 0.00 0.00 1.44 2.49 3.15 0.98 0.11 0.00 0.00 1.16 3.36 0.00 2.21 0.00 3.43 1.12 0.00 1.12 2.00 1.93 1.96 2.66 1.02 2.45 0.04 2.98 2.07 1.05 0.84 2.31 3.15 0.21 0.00 2.70 0.00 0.00 1.79 0.00 2.98 0.18 2.31 3.36 0.56 0.00 0.04 1.23 3.40 1.33 0.00 2.24 0.00 0.46 1.58 0.00 2.35 2.14 0.53 2.91 0.00 1.82 1.19 1.79 3.40 1.79 1.54 0.00 3.40 0.25 2.56 2.17 0.00 0.91 1.40 0.00 0.39 0.53 1.44 0.00 0.00 2.66 0.35 1.40 3.22 2.63 0.00 0.00 1.79 1.19 1.44 1.82 0.00 0.00 0.88 0.98 2.52 2.77 0.00
20 0.81 3.26 0.35 1.02 0.00 0.04 0.00 0.07 0.00 0.00 1.47 1.79 2.00 3.33 0.98 1.23 1.23 1.23 1.54 1.12 0.00 0.00 0.04 0.00 3.29 2.14 1.75 0.70 0.00 2.91 1.26 0.00 0.11 1.61 1.75 1.09 1.09 1.47 0.88 0.77 0.00 2.31 2.56 3.40 2.56 0.07 0.32 2.45 1.47 0.00 3.40 3.05 3.50 3.50 3.47 0.00 0.18 3.40 0.14 0.00 1.51 2.80 2.98 1.23 0.00 3.50 0.14 2.84 0.00 3.47 0.00 0.95 0.98 0.00 0.32 0.00 1.89 0.88 0.00 0.00 1.40 0.28 0.25 0.70 0.32 3.43 1.75 0.70 0.00 1.44 1.23 1.09 0.18 2.21 0.00 3.40 2.66 0.91 0.56 0.11
21 0.00 0.00 2.73 1.96 0.00 0.00 0.32 0.91 0.00 0.00 0.00 3.36 3.26 1.02 0.63 3.50 0.88 2.07 2.87 2.00 0.00 0.00 0.00 0.46 1.47 2.59 3.12 0.00 0.00 1.26 3.26 1.75 1.23 3.19 0.67 0.56 0.00 1.82 0.00 0.00 0.00 2.03 2.91 1.40 0.28 3.26 0.00 2.38 1.05 0.00 2.66 0.42 2.24 1.33 2.73 0.74 2.49 1.37 0.00 2.66 1.86 2.24 0.67 0.49 1.16 3.22 2.80 0.00 0.00 2.42 1.58 1.33 3.12 2.98 3.40 1.19 2.98 0.63 1.68 0.00 0.00 1.96 0.28 0.56 0.84 1.44 0.21 1.96 2.31 0.00 0.67 0.21 3.05 2.21 0.00 2.38 1.12 2.59 2.73 2.80
22 3.26 2.59 0.00 0.00 0.00 0.00 2.45 2.94 3.15 3.05 0.00 3.50 1.58 1.23 2.21 0.00 2.84 1.44 1.82 1.93 0.04 0.00 0.00 0.18 3.47 0.00 1.26 1.89 2.38 0.00 0.07 0.63 0.00 0.00 1.16 0.39 1.93 0.00 3.26 0.91 2.49 0.60 2.98 0.00 0.00 0.00 1.93 1.19 1.05 0.98 2.42 1.12 2.38 1.23 0.21 1.47 1.02 0.00 2.10 0.00 0.74 2.52 2.42 1.82 0.00 1.33 2.28 3.26 0.28 0.00 0.39 0.00 1.82 0.28 3.47 0.00 1.44 0.21 0.00 0.00 0.18 0.00 0.00 2.00 3.43 0.00 0.81 0.91 0.28 0.00 0.77 0.00 0.00 0.00 3.12 0.00 0.49 0.77 2.94 2.87
23 3.05 1.23 1.33 0.00 1.30 3.29 0.04 3.01 2.00 1.12 0.07 0.00 1.82 0.56 2.24 0.00 1.30 0.14 2.21 1.96 0.00 0.46 0.18 0.00 0.00 0.67 1.89 1.47 1.09 3.43 0.00 1.54 1.79 2.70 0.00 2.07 0.32 1.58 1.09 1.93 0.63 3.43 2.77 0.32 0.28 0.00 3.43 2.63 1.37 0.60 1.33 2.07 0.42 0.00 1.40 0.35 2.31 0.00 0.46 2.49 2.35 0.00 0.00 0.00 1.09 0.00 2.35 2.66 2.38 1.58 0.49 0.00 0.00 0.00 0.00 0.00 2.73 2.52 2.42 1.54 1.33 2.17 2.28 2.21 0.46 2.59 0.00 2.70 0.00 1.93 0.46 2.73 2.91 1.65 0.04 2.49 3.01 2.94 2.94 3.33
24 2.84 1.82 0.00 0.00 3.15 1.19 2.31 1.93 1.05 2.14 3.22 1.37 0.14 3.40 1.93 1.65 1.68 3.19 1.47 2.66 3.29 1.47 3.47 0.00 0.00 1.12 1.68 3.15 0.00 1.33 1.09 0.00 3.29 2.80 1.19 3.19 0.32 2.87 2.73 0.11 0.39 1.79 0.74 0.00 0.07 1.37 1.37 2.63 2.98 3.12 0.00 0.00 3.36 2.77 2.87 0.74 1.44 1.23 0.00 1.19 0.95 3.22 2.07 2.98 0.81 1.12 2.10 3.19 2.84 2.66 3.40 3.26 1.72 2.94 2.24 2.84 3.40 1.37 0.11 2.80 0.88 1.33 3.50 2.52 1.40 0.91 0.74 2.91 0.00 0.67 0.81 3.50 2.87 1.19 2.03 0.00 0.00 2.70 2.52 2.38
25 3.08 0.91 0.00 0.67 0.00 0.00 0.98 0.91 1.02 0.60 2.77 2.59 0.00 0.00 0.00 0.67 2.00 1.93 0.95 1.02 2.14 2.59 0.00 0.67 1.12 0.00 0.00 1.58 1.47 1.16 1.54 1.54 0.11 2.42 2.38 1.58 1.72 0.32 0.00 3.01 0.21 1.93 2.00 3.08 1.44 2.70 3.19 1.26 2.14 0.00 2.80 0.00 0.00 2.03 0.42 0.14 2.98 2.84 0.11 1.72 3.33 0.21 3.01 0.25 0.46 1.79 0.42 1.65 2.94 0.35 0.67 1.02 0.28 0.91 2.07 0.81 2.10 1.23 2.63 0.74 0.00 1.51 0.49 0.63 3.08 3.26 0.00 0.00 0.00 2.24 1.19 0.00 1.82 0.18 0.00 0.07 0.00 0.00 0.81 0.00
26 0.00 0.00 0.00 3.29 0.00 0.00 0.00 0.00 3.01 0.00 2.14 2.10 1.51 0.00 0.00 0.95 3.01 0.00 2.52 2.45 1.75 3.12 1.26 1.89 1.68 0.00 0.00 0.00 0.95 1.54 0.00 2.35 1.09 0.00 0.04 0.14 0.00 0.00 0.11 0.95 0.98 0.00 2.45 0.00 1.79 1.96 2.07 0.00 1.54 0.11 2.35 0.63 0.00 1.86 3.22 2.07 1.40 2.03 3.36 1.93 0.00 3.19 1.75 3.47 1.23 2.70 3.33 2.77 0.91 1.86 2.52 0.42 0.18 1.86 2.24 0.00 1.96 3.47 2.56 2.63 0.00 2.03 2.31 0.00 0.00 0.53 3.43 1.05 2.52 0.56 2.84 0.74 3.05 0.21 2.70 0.00 1.96 0.00 0.25 1.96
27 1.40 1.30 1.02 0.91 3.50 0.53 1.09 0.25 2.45 3.05 2.77 1.47 1.93 0.77 0.11 0.00 1.79 1.37 3.40 0.04 0.70 0.00 1.89 1.47 3.15 1.58 0.00 0.00 0.63 2.00 3.12 0.00 3.36 0.00 2.42 1.96 0.00 2.52 0.00 2.56 1.23 0.00 0.00 0.00 1.93 0.00 1.93 2.77 0.49 0.00 3.43 3.50 2.24 0.00 2.31 3.15 0.00 1.02 3.05 0.00 2.98 0.11 0.32 2.91 0.56 0.00 2.03 0.25 0.84 0.00 3.08 0.70 0.11 1.82 3.19 1.82 0.60 1.44 0.00 2.24 0.88 3.47 0.00 2.21 1.93 2.52 1.05 1.89 1.12 0.00 0.74 0.67 0.00 0.14 1.40 1.89 2.84 2.66 2.56 0.00
28 0.00 3.47 2.35 0.46 2.87 3.05 0.00 2.70 0.00 0.00 1.12 2.24 1.19 2.77 0.00 2.00 0.00 0.63 3.05 2.98 0.00 0.00 2.38 1.09 0.00 1.47 0.95 0.63 0.00 0.00 2.03 0.00 2.63 2.07 0.49 1.65 0.00 2.59 0.00 1.23 1.26 0.81 0.00 0.49 2.07 3.26 1.86 0.60 0.70 0.25 0.00 1.23 1.02 0.00 3.47 0.84 0.49 1.16 3.47 0.00 0.00 0.00 2.24 0.70 2.73 1.12 2.66 1.05 1.40 1.65 3.15 0.00 3.47 2.87 0.00 1.30 3.50 0.00 1.05 1.61 2.35 0.00 3.05 1.61 1.54 1.51 0.63 0.81 1.26 1.75 2.07 0.67 2.80 2.07 0.00 0.84 0.21 2.52 3.29 0.00
29 3.36 2.17 1.75 2.31 2.38 1.26 0.00 3.08 0.00 0.00 2.70 0.14 0.00 0.00 0.81 2.56 1.65 0.00 1.79 2.07 2.91 1.26 0.00 3.43 1.33 1.16 1.54 2.00 0.00 0.00 0.35 1.51 1.51 1.09 2.66 2.45 1.58 0.00 1.54 2.31 1.12 1.54 0.00 2.42 2.14 2.87 0.00 0.00 0.46 1.05 0.98 0.00 3.19 0.25 0.00 0.00 1.89 3.08 1.23 1.86 2.52 2.21 0.56 0.00 2.28 3.26 0.00 1.02 1.02 1.72 0.67 2.94 1.44 2.84 0.18 2.87 0.56 3.47 0.00 0.00 0.07 3.29 1.54 3.33 1.72 1.05 1.26 0.00 1.09 0.07 0.00 3.29 0.25 2.21 1.65 0.46 1.82 3.50 0.00 0.00
30 2.77 0.00 1.16 0.00 1.89 2.70 0.32 3.05 2.17 0.00 1.54 2.00 0.04 1.86 1.40 3.26 2.63 1.40 0.00 1.05 1.26 3.26 0.07 0.00 1.09 1.54 0.00 3.12 2.03 0.35 0.00 0.28 0.00 0.00 3.08 1.54 0.56 0.00 1.68 3.36 1.33 0.70 1.44 0.00 0.63 1.79 3.19 1.26 0.32 1.54 0.00 2.52 0.70 0.00 3.33 0.00 1.54 0.18 1.40 0.00 3.36 0.46 0.00 0.00 2.91 2.52 0.39 0.77 1.65 2.87 3.43 0.00 0.00 3.05 0.35 0.35 3.29 0.00 0.00 1.19 1.89 1.58 2.73 2.52 0.00 0.35 0.00 0.00 0.95 0.28 0.00 0.21 0.00 3.19 1.86 1.68 1.23 2.80 3.19 0.84
31 2.31 0.00 0.00 2.17 0.00 0.81 1.65 0.25 2.59 2.07 1.86 1.37 1.89 0.00 3.19 2.66 2.98 0.49 1.96 0.84 0.00 1.75 0.63 1.54 0.00 1.54 2.35 0.00 0.00 1.51 0.28 0.00 3.15 1.65 0.00 0.88 0.00 2.28 0.00 0.00 1.33 0.21 0.88 1.75 1.79 2.59 0.28 1.51 1.72 2.70 3.40 0.81 1.96 0.18 2.17 0.07 0.00 2.98 3.33 0.42 2.59 0.81 1.12 2.49 0.32 0.00 1.58 1.96 2.87 0.00 0.00 0.00 2.28 0.81 3.26 0.42 0.00 1.82 2.94 3.15 2.49 2.42 1.44 2.91 0.00 1.65 0.00 0.00 0.39 2.45 3.50 0.81 0.53 0.00 1.75 0.00 0.00 0.28 0.63 1.54
32 0.00 0.00 0.28 1.26 0.77 0.00 2.42 1.61 0.18 2.77 1.61 1.58 1.89 0.00 0.46 1.93 0.04 0.00 2.84 2.31 0.11 1.23 0.00 1.79 3.29 0.11 1.09 3.36 2.63 1.51 0.00 3.15 0.00 2.56 2.63 0.00 0.35 2.56 1.16 0.00 0.00 1.37 1.58 0.00 0.00 0.70 1.61 1.93 1.12 2.63 0.00 2.98 0.49 0.00 3.36 0.39 0.32 0.00 0.00 0.63 0.60 0.74 2.10 1.65 0.00 0.32 2.42 2.94 2.14 1.44 1.23 0.07 3.05 2.24 1.47 1.82 1.19 0.14 0.21 2.00 0.00 0.00 1.93 0.00 3.40 3.08 0.77 0.00 0.00 0.00 0.00 3.50 1.51 1.58 2.70 2.03 0.14 0.00 2.49 0.88
33 0.60 2.17 1.86 0.00 0.00 0.00 0.00 0.46 0.28 0.74 0.91 1.89 3.19 1.68 0.84 1.72 0.42 2.94 0.84 3.15 1.61 3.19 0.00 2.70 2.80 2.42 0.00 0.00 2.07 1.09 0.00 1.65 2.56 0.00 2.49 0.07 0.00 0.84 0.25 1.30 0.00 3.08 1.47 1.72 0.00 0.00 0.00 2.87 0.77 0.46 0.35 1.54 3.15 0.60 2.80 1.82 0.39 3.19 0.25 3.43 0.25 1.19 2.73 2.14 0.00 0.00 0.00 0.53 0.00 0.00 0.00 0.00 1.37 3.33 0.00 2.07 0.00 0.00 2.17 0.49 0.00 3.08 2.91 3.12 2.87 2.24 1.23 0.39 1.51 0.00 1.12 1.68 1.37 1.12 1.75 3.50 3.36 2.52 1.12 0.00
34 0.49 1.33 2.10 0.00 0.53 3.05 2.91 2.24 3.47 0.77 3.36 2.87 0.00 2.70 0.00 2.24 3.15 0.56 3.50 0.21 1.75 0.67 1.16 0.00 1.19 2.38 0.04 2.42 0.49 2.66 3.08 0.00 2.63 2.49 0.00 0.00 0.25 2.31 0.00 0.35 0.95 2.52 2.03 0.00 0.56 0.00 1.05 0.00 0.39 0.00 2.52 1.82 2.66 0.00 0.00 2.00 0.42 2.52 2.73 0.00 0.11 0.42 0.00 0.00 2.63 0.00 2.35 0.00 2.00 0.00 0.00 1.44 1.82 1.19 0.00 1.16 2.17 1.30 1.33 1.37 0.49 3.12 1.19 1.33 2.91 2.77 2.87 0.00 1.82 2.87 0.32 2.63 2.94 0.00 2.80 3.26 0.91 0.00 0.00 0.11
35 1.19 0.74 1.75 3.01 2.80 0.00 1.44 0.00 1.26 1.54 1.82 0.00 1.68 2.35 0.00 0.49 0.00 0.00 2.49 0.00 1.09 0.56 0.39 2.07 3.19 1.58 0.14 1.96 1.65 2.45 1.54 0.88 0.00 0.07 0.00 0.00 3.40 3.40 1.26 1.86 2.52 0.63 0.00 0.00 3.29 0.46 2.52 0.00 0.00 2.28 0.00 0.00 0.00 0.81 0.00 2.35 0.00 1.82 0.56 0.63 0.60 3.22 0.00 0.00 0.98 0.00 0.91 0.14 2.21 2.07 2.31 0.00 2.87 0.00 2.03 1.61 0.53 1.37 0.00 0.00 2.21 0.42 1.02 2.24 0.67 2.70 1.93 1.30 2.28 1.61 0.60 0.00 0.00 3.26 0.00 1.47 0.00 2.45 0.00 0.21
36 3.33 0.00 3.50 0.46 0.00 2.84 0.00 3.22 2.70 0.70 3.01 0.35 0.00 0.00 2.56 1.75 1.72 0.28 2.45 2.70 1.09 0.00 1.93 0.32 0.32 1.72 0.00 0.00 0.00 1.58 0.56 0.00 0.35 0.00 0.25 3.40 0.00 2.94 2.28 0.00 0.00 1.51 1.89 0.00 1.86 2.00 0.00 0.95 0.00 3.15 0.00 0.00 0.88 0.00 1.93 2.21 0.00 1.37 2.24 0.00 2.63 0.35 0.60 2.87 3.22 0.14 0.00 0.00 1.47 1.44 1.44 0.35 1.68 1.54 1.58 2.77 0.25 1.16 3.22 0.67 0.00 0.00 0.00 2.91 3.26 0.00 0.00 3.47 3.40 2.31 2.70 0.00 1.26 0.84 0.88 0.00 1.68 3.19 2.70 0.00
37 0.00 2.84 0.00 0.42 0.00 0.91 1.44 2.35 2.24 1.51 0.18 2.24 3.47 2.94 0.00 3.22 0.00 0.07 2.70 0.00 1.47 1.82 0.00 1.58 2.87 0.32 0.00 2.52 2.59 0.00 0.00 2.28 2.56 0.84 2.31 3.40 2.94 0.00 0.00 0.95 1.19 0.00 1.75 2.24 0.00 0.00 3.47 2.49 1.30 3.22 0.70 1.96 1.33 0.00 1.26 3.33 1.05 2.35 3.47 2.03 0.95 0.00 1.33 2.80 0.00 1.89 0.84 3.43 2.42 0.00 0.00 2.07 0.88 2.21 2.00 0.00 3.40 0.46 1.40 0.00 0.88 1.58 1.86 0.28 0.77 0.00 0.28 3.36 0.00 0.00 2.70 0.39 1.40 2.10 2.59 0.00 1.09 0.00 0.00 2.21
38 0.00 0.00 1.05 0.35 1.33 3.43 1.02 2.84 0.00 0.00 1.26 1.30 0.00 0.00 1.54 0.04 3.40 1.02 2.14 0.00 0.88 0.00 3.26 1.09 2.73 0.00 0.11 0.00 0.00 1.54 1.68 0.00 1.16 0.25 0.00 1.26 2.28 0.00 0.00 2.07 3.40 2.52 0.42 0.00 0.00 2.77 0.00 0.32 0.56 2.59 0.00 1.75 3.33 0.77 2.73 0.98 2.84 0.00 1.82 1.54 2.77 0.00 0.25 0.00 2.94 2.73 1.19 0.00 0.00 0.42 1.72 3.40 2.42 0.00 1.86 3.01 2.77 2.70 0.67 0.00 3.01 1.61 0.00 2.73 0.25 0.00 1.37 0.18 2.42 3.50 0.00 3.22 2.52 3.47 2.31 3.50 3.19 0.74 1.58 1.26
39 0.00 0.28 0.00 2.84 0.04 0.00 2.70 1.82 2.21 1.54 0.67 0.07 0.00 0.46 1.44 2.17 2.84 0.04 1.12 1.79 0.77 0.00 0.91 1.93 0.11 3.01 0.95 2.56 1.23 2.31 3.36 0.00 0.00 1.30 0.35 1.86 0.00 0.95 2.07 0.00 0.00 0.91 1.93 0.14 0.00 0.00 1.16 2.66 1.05 2.17 0.49 2.80 2.52 0.00 0.00 1.09 0.07 0.35 0.00 2.45 0.00 2.80 0.81 0.32 2.21 1.09 1.26 2.77 0.00 2.52 2.07 0.95 0.32 2.14 1.79 0.00 0.49 0.00 0.60 1.37 0.00 1.02 2.10 0.00 1.16 2.00 0.95 1.30 0.00 0.53 1.72 1.68 0.00 2.03 0.49 3.15 3.50 2.73 1.02 2.28
40 1.75 0.00 2.42 2.00 0.14 3.36 2.24 1.75 0.00 0.00 1.86 0.00 1.37 0.35 3.15 0.00 0.39 3.40 2.87 0.00 0.00 0.00 2.49 0.63 0.39 0.21 0.98 1.23 1.26 1.12 1.33 1.33 0.00 0.00 0.95 2.52 0.00 1.19 3.40 0.00 0.00 2.66 2.87 2.10 3.50 0.21 2.91 3.01 0.91 0.00 0.70 0.39 0.00 0.00 1.26 0.18 1.86 1.12 0.07 0.11 1.40 0.00 0.35 0.00 0.00 0.04 0.00 0.39 1.37 1.61 2.91 0.00 0.00 0.00 2.31 2.70 1.61 0.00 1.40 2.87 0.21 0.28 0.00 0.00 1.68 1.12 1.26 3.40 2.28 0.00 1.72 0.00 0.00 0.77 0.67 2.80 1.02 1.89 0.25 2.66
41 0.88 2.14 3.22 0.00 0.74 1.58 3.40 0.00 0.18 2.59 1.72 1.16 3.26 2.80 2.24 0.32 3.15 2.24 1.61 2.98 2.31 2.03 0.60 3.43 1.79 1.93 0.00 0.00 0.81 1.54 0.70 0.21 1.37 3.08 2.52 0.63 1.51 0.00 2.52 0.91 2.66 0.00 0.42 0.39 0.67 0.49 0.00 0.91 0.88 0.35 2.52 3.19 2.14 3.08 0.07 2.35 0.28 0.91 0.00 0.18 3.29 2.07 0.00 1.02 0.00 3.43 0.25 1.02 0.63 0.07 0.00 0.91 0.28 2.98 1.96 0.49 0.18 2.38 3.01 1.47 1.72 1.44 0.00 1.79 1.37 2.98 1.40 0.00 0.25 0.00 1.23 2.77 3.29 3.08 0.04 3.08 0.00 2.38 0.00 0.00
42 0.00 0.00 0.00 0.00 0.67 0.00 3.33 0.00 2.49 1.79 2.73 3.33 0.00 1.09 0.81 2.56 0.00 1.37 0.00 0.18 2.56 2.91 2.98 2.77 0.74 2.00 2.45 0.00 0.00 0.00 1.44 0.88 1.58 1.47 2.03 0.00 1.89 1.75 0.42 1.93 2.87 0.42 0.00 0.35 2.28 2.87 2.31 1.33 0.00 0.00 2.38 3.36 3.33 0.00 1.19 0.00 2.56 0.14 0.11 3.05 1.61 0.00 0.00 0.04 0.98 0.91 1.89 0.00 3.29 1.82 0.00 0.00 2.56 0.98 0.00 0.77 1.68 2.24 2.31 0.00 1.79 0.00 2.59 0.00 0.00 0.00 0.00 1.47 2.10 0.00 0.00 3.12 0.00 3.47 2.31 1.65 0.00 2.35 3.33 0.00
43 3.50 2.49 2.80 0.00 0.49 0.00 0.63 2.28 0.00 1.33 0.28 0.00 2.45 2.24 1.96 2.14 0.00 1.12 2.87 2.31 3.40 1.40 0.00 0.32 0.00 3.08 0.00 0.00 0.49 2.42 0.00 1.75 0.00 1.72 0.00 0.00 0.00 2.24 0.00 0.14 2.10 0.39 0.35 0.00 0.00 3.29 1.30 1.40 0.28 3.19 1.30 2.77 0.46 2.52 0.95 3.43 2.45 0.18 2.07 0.00 0.32 2.17 0.28 0.00 0.00 1.93 0.04 0.00 1.05 2.31 1.05 0.00 0.00 1.12 0.00 2.42 2.38 0.70 2.38 1.09 3.19 0.00 0.63 0.00 0.00 3.50 1.33 0.60 1.58 2.45 2.24 1.89 0.63 0.35 0.00 0.00 0.00 3.40 0.00 0.60
44 0.00 0.00 1.89 3.08 2.70 2.49 2.21 0.00 1.44 0.00 0.42 0.00 0.00 0.00 0.00 2.38 0.00 0.49 1.93 3.36 2.56 0.28 0.00 0.28 0.07 1.44 1.79 1.93 2.07 2.14 0.63 1.79 0.00 0.00 0.56 3.29 1.86 0.00 0.00 0.00 3.50 0.67 2.28 0.00 0.00 2.80 1.09 0.00 0.00 0.53 0.00 1.47 0.00 1.12 1.61 0.74 0.35 0.00 1.05 0.00 1.54 2.91 3.40 2.24 2.03 0.32 2.80 0.67 1.30 3.43 2.00 0.42 0.00 2.87 0.00 2.38 1.51 0.00 0.39 3.19 0.00 2.66 1.54 3.19 0.00 0.00 1.40 0.00 1.72 0.00 0.95 3.47 0.70 0.00 0.63 2.73 0.35 1.93 0.00 0.00
45 0.88 2.14 2.80 2.38 1.23 0.00 0.00 1.44 2.77 0.84 0.60 0.67 2.07 0.39 2.45 3.43 0.95 3.15 1.68 0.56 0.07 3.26 0.00 0.00 1.37 2.70 1.96 0.00 3.26 2.87 1.79 2.59 0.70 0.00 0.00 0.46 2.00 0.00 2.77 0.00 0.21 0.49 2.87 3.29 2.80 0.00 3.08 1.79 1.47 3.08 1.61 3.29 1.51 2.77 0.00 0.00 0.28 0.11 1.33 0.00 1.82 1.47 2.70 0.53 0.95 3.26 1.40 0.00 1.75 2.35 2.91 1.12 2.56 3.26 2.49 0.00 3.50 2.24 1.16 3.15 2.21 0.00 0.84 0.00 0.00 1.86 0.32 2.98 2.38 3.15 0.11 2.21 0.25 2.35 0.00 1.40 0.00 0.00 0.00 0.00
46 1.09 0.77 1.37 2.03 1.12 2.70 0.00 2.66 1.51 0.42 0.07 0.00 0.88 0.39 0.88 0.00 1.02 0.00 2.98 0.00 0.32 0.00 1.93 3.43 1.37 3.19 2.07 1.93 1.86 0.00 3.19 0.28 1.61 0.00 1.05 2.52 0.00 3.47 0.00 1.16 2.91 0.00 2.31 1.30 1.09 3.08 0.00 0.00 2.87 0.21 2.77 0.00 0.00 1.79 0.00 1.19 1.68 1.30 0.11 0.00 2.07 0.04 2.70 0.00 0.70 0.39 3.40 0.00 0.00 0.00 1.26 2.38 0.46 0.00 0.00 1.09 0.84 1.72 0.00 0.00 0.74 1.89 0.00 1.26 0.00 0.07 2.84 0.00 0.00 2.84 0.88 2.56 1.54 2.38 1.19 1.12 0.00 2.91 3.19 0.95
47 2.35 2.91 0.00 2.10 3.01 1.30 3.47 2.21 2.49 1.51 0.63 0.39 2.56 2.10 0.56 0.00 0.00 0.00 0.00 0.04 2.45 2.38 1.19 2.63 2.63 1.26 0.00 2.77 0.60 0.00 1.26 1.51 1.93 2.87 0.00 0.00 0.95 2.49 0.32 2.66 3.01 0.91 1.33 1.40 0.00 1.79 0.00 0.00 0.00 0.42 2.17 0.84 0.00 2.00 0.42 3.33 0.00 3.29 1.16 0.00 0.00 2.10 0.00 2.73 3.43 0.00 1.12 0.21 2.45 2.31 1.51 0.39 2.70 2.00 0.00 3.15 0.00 3.05 2.35 0.67 0.77 1.02 1.58 1.68 0.18 0.00 1.82 2.17 0.14 0.63 2.42 0.00 3.29 2.17 0.46 2.10 1.37 0.39 1.47 1.40
48 2.42 3.43 2.45 1.93 2.98 1.40 0.00 0.07 0.00 1.12 0.00 0.00 0.00 1.58 1.61 2.84 3.15 0.39 3.12 1.23 1.47 1.05 1.05 1.37 2.98 2.14 1.54 0.49 0.70 0.46 0.32 1.72 1.12 0.77 0.39 0.00 0.00 1.30 0.56 1.05 0.91 0.88 0.00 0.28 0.00 1.47 2.87 0.00 0.00 2.52 3.05 1.96 2.84 1.47 0.21 2.59 0.00 0.00 1.51 1.68 3.08 0.70 1.09 0.00 3.36 0.00 3.15 2.10 0.81 0.00 1.54 1.75 0.00 0.70 0.00 0.46 0.00 1.30 0.00 3.33 0.00 1.44 0.00 3.05 0.91 1.02 0.07 0.00 0.63 0.00 2.00 0.00 0.00 1.61 2.52 1.16 2.77 3.40 2.63 2.77
49 0.42 0.00 0.00 3.26 3.12 1.89 0.56 0.35 0.70 2.91 3.05 0.18 0.49 0.00 0.00 1.61 0.00 0.28 0.00 3.40 0.00 0.00 0.98 0.60 3.12 0.00 0.11 0.00 0.25 1.05 1.54 2.70 2.63 0.46 0.00 2.28 3.15 3.22 2.59 2.17 0.00 0.35 0.00 3.19 0.53 3.08 0.21 0.42 2.52 0.00 3.15 0.49 0.63 3.22 1.86 3.26 1.26 3.43 0.35 1.65 1.86 0.00 0.00 3.33 0.00 1.47 0.00 2.70 2.03 0.91 3.08 0.00 2.21 1.05 1.89 2.31 1.61 2.35 2.59 0.74 1.33 0.00 0.67 2.21 2.84 0.00 0.00 2.03 1.51 0.00 0.00 1.44 0.00 1.51 3.19 3.47 0.42 0.91 0.00 2.66
50 0.00 0.00 2.77 0.18 1.86 0.00 1.12 3.40 0.98 0.00 0.00 0.00 1.40 0.00 2.21 0.00 1.19 0.91 2.07 1.33 3.40 2.66 2.42 1.33 0.00 2.80 2.35 3.43 0.00 0.98 0.00 3.40 0.00 0.35 2.52 0.00 0.00 0.70 0.00 0.49 0.70 2.52 2.38 1.30 0.00 1.61 2.77 2.17 3.05 3.15 0.00 2.07 0.00 1.79 0.00 1.54 1.68 0.00 0.00 2.94 0.91 0.88 0.77 2.49 2.35 0.11 2.10 0.32 2.98 2.45 0.00 0.00 1.72 0.00 0.32 0.00 2.10 0.53 0.00 0.07 3.36 2.63 2.91 2.87 3.19 2.14 1.40 0.00 3.01 1.23 1.65 0.18 1.33 3.40 2.70 0.00 0.28 2.49 0.04 2.77
51 2.80 0.14 0.35 2.73 1.51 0.00 3.43 0.42 3.19 0.00 0.00 0.32 2.52 2.28 0.00 0.00 1.54 2.10 0.00 0.00 3.05 0.42 1.12 2.07 0.00 0.00 0.63 3.50 1.23 0.00 2.52 0.81 2.98 1.54 1.82 0.00 0.00 1.96 1.75 2.80 0.39 3.19 3.36 2.77 1.47 3.29 0.00 0.84 1.96 0.49 2.07 0.00 1.96 2.80 0.00 1.37 0.00 0.25 0.39 1.75 0.00 1.33 1.33 2.66 0.42 3.19 0.91 2.70 0.46 2.10 2.07 0.00 0.11 1.75 0.60 0.81 1.86 0.00 2.24 3.12 2.21 0.00 0.00 2.91 0.00 2.28 0.00 3.15 1.12 2.35 1.89 2.98 0.00 2.21 0.00 2.73 1.12 2.63 2.38 0.67
52 0.14 0.74 1.79 2.66 0.35 0.00 2.59 1.23 3.33 1.19 0.46 1.65 2.49 1.23 1.58 2.52 1.72 0.00 0.00 2.24 3.50 2.24 2.38 0.42 3.36 0.00 0.00 2.24 1.02 3.19 0.70 1.96 0.49 3.15 2.66 0.00 0.88 1.33 3.33 2.52 0.00 2.14 3.33 0.46 0.00 1.51 0.00 0.00 2.84 0.63 0.00 1.96 0.00 0.00 0.00 3.50 0.00 1.72 3.50 0.00 2.49 0.00 1.47 2.35 1.89 1.75 0.00 3.15 0.00 0.00 0.00 0.00 1.33 3.19 2.56 2.59 2.73 0.00 3.36 0.00 0.77 1.65 2.35 1.19 0.04 0.32 3.05 1.33 2.94 1.65 0.00 2.03 0.67 2.24 1.47 0.60 0.11 0.18 1.33 0.11
53 2.31 2.00 0.00 0.67 0.25 2.52 2.03 0.21 3.08 0.91 2.24 1.61 1.09 1.44 0.07 0.00 1.79 1.89 3.08 0.00 3.50 1.33 1.23 0.00 2.77 2.03 1.86 0.00 0.00 0.25 0.00 0.18 0.00 0.60 0.00 0.81 0.00 0.00 0.77 0.00 0.00 3.08 0.00 2.52 1.12 2.77 1.79 2.00 1.47 3.22 1.79 2.80 0.00 0.00 3.19 1.89 2.87 0.77 0.00 2.91 0.00 1.12 0.00 1.72 3.43 2.66 1.89 2.00 3.01 1.40 3.29 1.05 0.56 0.00 2.14 0.00 1.47 1.65 1.93 0.39 3.36 0.39 1.47 3.08 0.77 0.00 2.10 1.72 0.28 0.00 2.98 0.00 3.15 2.73 1.93 0.00 0.39 0.00 0.00 0.84
54 0.32 0.88 1.12 1.75 0.00 0.88 1.02 2.38 0.00 0.70 1.58 0.21 2.98 0.28 1.40 3.12 3.40 2.00 2.45 0.46 3.47 2.73 0.21 1.40 2.87 0.42 3.22 2.31 3.47 0.00 3.33 2.17 3.36 2.80 0.00 0.00 1.93 1.26 2.73 0.00 1.26 0.07 1.19 0.95 1.61 0.00 0.00 0.42 0.21 1.86 0.00 0.00 0.00 3.19 0.00 3.19 1.05 0.00 1.96 1.26 1.79 2.07 0.63 3.15 0.56 0.00 1.68 2.10 2.38 2.94 0.98 0.00 2.73 2.87 0.88 0.00 2.52 3.01 0.00 2.28 1.93 0.00 2.98 0.00 1.58 0.39 1.51 0.84 0.25 2.10 3.29 3.26 0.00 2.31 1.58 0.00 1.93 0.25 0.00 0.77
55 0.00 1.44 0.18 2.42 0.00 0.00 0.11 0.35 1.30 1.51 2.91 1.05 0.42 0.60 0.00 0.00 2.10 1.30 3.29 1.58 0.00 0.74 1.47 0.35 0.74 0.14 2.07 3.15 0.84 0.00 0.00 0.07 0.39 1.82 2.00 2.35 2.21 3.33 0.98 1.09 0.18 2.35 0.00 3.43 0.74 0.00 1.19 3.33 2.59 3.26 1.54 1.37 3.50 1.89 3.19 0.00 2.31 3.22 1.33 2.91 1.89 0.98 3.50 3.50 3.40 2.07 3.26 1.12 2.35 0.14 0.67 2.63 0.00 0.00 0.39 3.50 1.40 0.00 0.00 2.73 1.79 0.00 2.63 0.00 0.00 0.81 3.01 0.11 2.00 3.01 0.98 3.19 0.49 1.26 0.88 1.47 0.00 3.26 0.46 1.40
56 0.67 0.00 0.00 0.00 2.00 1.30 0.21 0.42 1.16 2.56 0.32 2.49 3.19 0.74 2.56 2.73 0.77 0.00 0.00 0.00 0.18 2.49 1.02 2.31 1.44 2.98 1.40 0.00 0.49 1.89 1.54 0.00 0.32 0.39 0.42 0.00 0.00 1.05 2.84 0.07 1.86 0.28 2.56 2.45 0.35 0.28 1.68 0.00 0.00 1.26 1.68 0.00 0.00 2.87 1.05 2.31 0.00 1.54 0.70 2.38 1.72 2.38 1.65 2.07 0.00 3.26 0.00 0.00 3.47 1.33 1.96 3.12 2.10 1.75 0.00 1.68 1.96 2.31 2.87 1.47 2.14 1.86 3.19 1.51 0.25 3.01 0.04 1.37 1.75 1.09 1.05 1.37 1.44 3.36 1.86 3.01 2.56 1.02 2.52 3.26
57 2.94 2.56 1.23 1.93 0.00 0.00 1.30 3.40 0.42 2.49 1.47 1.12 2.87 0.04 0.00 2.59 0.32 2.87 0.77 2.35 3.40 1.37 0.00 0.00 1.23 2.84 2.03 1.02 1.16 3.08 0.18 2.98 0.00 3.19 2.52 1.82 1.37 2.35 0.00 0.35 1.12 0.91 0.14 0.18 0.00 0.11 1.30 3.29 0.00 3.43 0.00 0.25 1.72 0.77 0.00 3.22 1.54 0.00 0.00 3.01 0.49 1.61 0.53 1.96 2.35 2.52 1.96 2.31 1.93 0.98 1.12 1.96 3.12 0.00 0.18 0.53 0.35 1.16 3.08 0.67 0.46 0.00 1.82 0.00 2.49 0.95 3.40 0.18 2.49 1.23 0.00 0.32 0.00 1.72 0.00 1.19 0.11 2.21 0.88 2.45
58 2.84 0.32 1.05 2.03 1.33 0.00 2.87 0.53 0.56 1.40 0.56 0.63 1.37 0.00 0.00 2.00 1.09 0.00 3.33 2.14 0.14 0.00 2.10 0.46 0.00 0.11 3.36 3.05 3.47 1.23 1.40 3.33 0.00 0.25 2.73 0.56 2.24 3.47 1.82 0.00 0.07 0.00 0.11 2.07 1.05 1.33 0.11 1.16 1.51 0.35 0.00 0.39 3.50 0.00 1.96 1.33 0.70 0.00 0.00 0.28 0.00 0.00 3.15 1.44 2.38 3.43 0.70 0.21 2.70 0.00 2.49 0.00 2.17 0.00 0.14 0.00 0.00 0.39 1.65 0.81 1.12 3.43 1.44 1.86 1.96 2.80 2.17 2.63 2.14 0.00 3.08 2.66 2.24 2.07 0.42 0.21 2.49 2.63 2.49 2.14
59 0.91 0.63 3.15 2.52 1.58 0.00 2.59 3.08 2.84 0.42 1.61 2.56 2.87 0.63 0.00 0.00 1.79 0.32 0.95 0.53 0.00 2.66 0.00 2.49 1.19 1.72 1.93 0.00 0.00 1.86 0.00 0.42 0.63 3.43 0.00 0.63 0.00 2.03 1.54 2.45 0.11 0.18 3.05 0.00 0.00 0.00 0.00 0.00 1.68 1.65 2.94 1.75 0.00 2.91 1.26 2.91 2.38 3.01 0.28 0.00 0.00 0.28 0.70 2.38 2.59 1.58 2.42 0.00 2.35 1.09 1.86 1.30 2.59 2.66 3.40 2.10 2.10 1.12 2.77 0.07 1.72 0.00 2.70 2.52 1.65 0.28 0.74 0.00 2.10 3.08 0.32 2.52 1.33 2.14 1.19 2.38 0.00 0.00 0.46 0.00
60 2.80 0.42 0.70 3.40 0.95 0.00 2.31 1.12 2.07 0.49 2.94 2.70 0.35 1.26 3.43 2.91 0.00 1.09 3.26 2.91 1.51 1.86 0.74 2.35 0.95 3.33 0.00 2.98 0.00 2.52 3.36 2.59 0.60 0.25 0.11 0.60 2.63 0.95 2.77 0.00 1.40 3.29 1.61 0.32 1.54 1.82 2.07 0.00 3.08 1.86 0.91 0.00 2.49 0.00 1.79 1.89 1.72 0.49 0.00 0.00 0.00 0.35 0.00 1.44 1.12 0.14 0.98 2.98 3.19 0.00 0.00 0.84 3.43 0.42 1.33 1.58 0.07 0.70 1.47 0.46 0.21 1.68 3.01 0.00 0.32 2.28 2.38 0.00 0.81 0.00 3.12 1.37 2.03 0.00 3.36 0.00 1.16 0.00 0.21 0.28
61 1.37 2.77 1.47 0.00 3.33 0.14 0.00 0.00 2.45 2.42 0.07 0.00 0.39 0.00 0.00 0.53 1.93 2.56 2.66 0.00 2.80 2.24 2.52 0.00 3.22 0.21 3.19 0.11 0.00 2.21 0.46 0.81 0.74 1.19 0.42 3.22 0.35 0.00 0.00 2.80 0.00 2.07 0.00 2.17 2.91 1.47 0.04 2.10 0.70 0.00 0.88 1.33 0.00 1.12 2.07 0.98 2.38 1.61 0.00 0.28 0.35 0.00 1.23 1.58 0.00 1.44 1.33 1.37 2.24 2.10 0.00 0.07 1.82 3.33 3.22 0.00 0.00 3.05 0.00 0.88 0.00 1.86 0.00 3.33 0.00 3.22 0.91 2.77 2.42 0.00 0.00 1.26 3.43 1.75 2.87 0.63 1.58 2.28 3.15 2.73
62 0.21 0.00 1.82 0.00 0.00 2.52 2.14 0.25 1.33 0.00 1.61 3.26 1.58 0.00 1.23 0.84 3.12 3.29 0.00 1.82 2.98 0.67 2.42 0.00 2.07 3.01 1.75 0.32 2.24 0.56 0.00 1.12 2.10 2.73 0.00 0.00 0.60 1.33 0.25 0.81 0.35 0.00 0.00 0.28 3.40 2.70 2.70 0.00 1.09 0.00 0.77 1.33 1.47 0.00 0.63 3.50 1.65 0.53 3.15 0.70 0.00 1.23 0.00 0.00 3.12 0.95 3.33 1.40 0.91 0.07 2.24 0.49 1.47 2.21 3.47 0.39 0.25 2.07 0.00 1.72 3.33 1.23 2.24 1.54 1.86 2.35 1.09 1.79 0.67 0.21 0.00 0.00 3.01 0.95 1.68 0.00 2.49 0.46 1.93 1.02
63 2.03 0.00 1.30 1.93 2.49 0.00 1.23 3.22 0.21 1.72 0.39 1.86 3.40 3.47 0.00 2.52 0.42 3.05 0.00 1.19 1.23 0.49 1.82 0.00 2.98 0.25 3.47 2.91 0.70 0.00 0.00 2.49 1.65 2.14 0.00 0.00 2.87 2.80 0.00 0.32 0.00 1.02 0.04 0.00 2.24 0.53 0.00 2.73 0.00 3.33 2.49 2.66 2.35 1.72 3.15 3.50 2.07 1.96 1.44 2.38 1.44 1.58 0.00 0.00 0.00 3.36 2.28 2.66 1.51 0.00 0.00 0.11 2.17 0.00 2.21 0.00 0.00 2.91 2.87 2.98 1.02 2.73 0.77 0.18 0.91 2.17 0.04 0.00 0.00 0.18 1.47 0.00 0.00 1.75 2.03 2.94 0.00 0.88 3.36 0.14
64 1.23 0.00 0.35 0.39 0.49 2.35 0.00 1.09 1.58 2.38 0.00 2.38 2.38 0.25 1.89 0.00 3.22 0.00 1.40 1.79 0.00 1.16 0.00 1.09 0.81 0.46 1.23 0.56 2.73 2.28 2.91 0.32 0.00 0.00 2.63 0.98 3.22 0.00 2.94 2.21 0.00 0.00 0.98 0.00 2.03 0.95 0.70 3.43 3.36 0.00 2.35 0.42 1.89 3.43 0.56 3.40 0.00 2.35 2.38 2.59 1.12 0.00 3.12 0.00 0.00 0.00 1.23 0.32 0.42 0.00 2.66 0.98 2.45 0.95 1.33 2.31 0.00 0.53 0.88 1.37 2.98 2.00 0.95 0.00 0.39 1.23 0.00 1.72 0.42 0.00 1.89 3.29 1.37 1.54 0.00 0.00 1.58 3.22 1.40 0.56
65 3.19 0.88 3.47 0.00 0.00 2.28 0.00 0.00 1.51 3.29 2.31 3.29 0.00 1.23 0.00 1.58 0.21 2.59 0.74 3.40 3.50 3.22 1.33 0.00 1.12 1.79 2.70 0.00 1.12 3.26 2.52 0.00 0.32 0.00 0.00 0.00 0.14 1.89 2.73 1.09 0.04 3.43 0.91 1.93 0.32 3.26 0.39 0.00 0.00 1.47 0.11 3.19 1.75 2.66 0.00 2.07 3.26 2.52 3.43 1.58 0.14 1.44 0.95 3.36 0.00 0.00 0.00 3.22 1.40 0.00 0.00 0.00 2.03 0.00 2.45 2.77 0.04 1.86 0.18 1.40 1.75 3.08 2.14 3.15 0.00 2.52 1.58 3.19 2.98 3.36 2.94 0.63 0.95 0.00 0.00 0.00 2.21 0.60 0.00 0.98
66 2.77 0.00 0.98 3.47 0.74 0.00 0.00 0.00 1.89 0.00 0.00 3.22 0.00 1.47 3.40 0.49 1.19 2.21 1.30 1.79 0.14 2.80 2.28 2.35 2.10 0.42 3.33 2.03 2.66 0.00 0.39 1.58 2.42 0.00 2.35 0.91 0.00 0.84 1.19 1.26 0.00 0.25 1.89 0.04 2.80 1.40 3.40 1.12 3.15 0.00 2.10 0.91 0.00 1.89 1.68 3.26 0.00 1.96 0.70 2.42 0.98 1.33 3.33 2.28 1.23 0.00 0.00 0.88 0.95 3.50 1.05 1.82 0.25 1.51 2.66 0.00 0.00 0.84 2.77 2.35 1.68 0.49 3.05 0.00 3.05 0.39 1.93 2.14 1.72 2.24 1.40 0.18 1.96 2.31 1.19 3.12 1.30 3.40 2.63 1.33
67 1.23 1.40 0.00 3.15 0.00 0.00 0.32 0.91 3.05 0.00 2.14 2.17 2.49 0.74 0.00 2.77 1.02 0.60 0.00 1.54 2.84 0.00 3.26 2.66 3.19 1.65 2.77 0.25 1.05 1.02 0.77 1.96 2.94 0.53 0.00 0.14 0.00 3.43 0.00 2.77 0.39 1.02 0.00 0.00 0.67 0.00 0.00 0.21 2.10 2.70 0.32 2.70 3.15 2.00 2.10 1.12 0.00 2.31 0.21 0.00 2.98 1.37 1.40 2.66 0.32 3.22 0.88 0.00 1.12 0.00 1.72 2.28 0.04 1.89 0.00 1.89 0.00 2.35 0.00 0.00 0.63 0.53 1.05 0.00 1.33 2.28 1.30 2.80 1.65 1.09 2.84 0.56 1.33 3.08 2.84 0.35 0.00 2.07 1.02 2.00
68 2.31 0.63 0.39 3.33 2.42 0.00 2.10 0.00 2.07 0.00 0.00 2.91 0.00 0.35 0.07 0.11 0.35 0.00 1.26 0.00 0.00 0.00 0.28 2.38 2.84 2.94 0.91 0.84 1.40 1.02 1.65 2.87 2.14 0.00 2.00 2.21 1.47 2.42 0.00 0.00 1.37 0.63 3.29 1.05 1.30 1.75 0.00 2.45 0.81 2.03 2.98 0.46 0.00 3.01 2.38 2.35 3.47 1.93 2.70 2.35 3.19 2.24 0.91 1.51 0.42 1.40 0.95 1.12 0.00 0.00 0.00 2.91 1.37 0.00 0.00 0.14 0.32 2.42 0.00 1.58 0.00 2.87 1.93 0.98 0.00 1.75 1.09 0.39 3.12 0.00 3.15 2.10 0.70 0.84 0.14 0.67 2.14 2.77 2.03 0.00
69 0.00 0.00 0.00 0.63 0.00 0.00 3.40 0.00 0.00 0.00 2.52 3.36 2.49 0.00 1.82 2.28 0.63 0.00 0.42 3.40 3.47 2.42 0.00 1.58 2.66 0.35 1.86 0.00 1.65 1.72 2.87 0.00 1.44 0.00 0.00 2.07 1.44 0.00 0.42 2.52 1.61 0.07 1.82 2.31 3.43 2.35 0.00 2.31 0.00 0.91 2.45 2.10 0.00 1.40 2.94 0.14 1.33 0.98 0.00 1.09 0.00 2.10 0.07 0.00 0.00 0.00 3.50 0.00 0.00 0.00 0.70 0.00 0.00 0.00 0.18 2.00 1.58 2.17 3.47 0.00 1.12 3.01 0.67 1.44 0.00 1.79 0.42 2.98 0.88 0.00 0.00 0.00 2.38 0.00 3.05 3.33 0.46 1.58 2.66 2.21
70 1.54 0.00 0.18 1.61 2.00 0.53 1.75 1.82 0.95 2.80 1.54 0.81 1.30 3.05 1.75 2.77 1.51 3.50 0.00 0.25 0.00 1.58 0.39 0.49 3.40 0.67 2.52 3.08 3.15 0.67 3.43 0.00 1.23 0.00 0.00 2.31 1.44 0.00 1.72 2.07 2.91 0.00 0.00 1.05 2.00 2.91 1.26 1.51 1.54 3.08 0.00 2.07 0.00 3.29 0.98 0.67 1.96 1.12 2.49 1.86 0.00 0.00 2.24 0.00 2.66 0.00 1.05 1.72 0.00 0.70 0.00 0.84 0.00 0.39 0.00 1.54 0.25 2.59 1.89 0.00 0.46 2.84 1.93 3.50 0.00 0.00 0.00 0.07 2.87 1.40 1.68 2.28 1.58 0.00 1.37 1.16 0.04 3.33 0.81 0.00
71 1.61 0.35 0.53 0.84 0.00 0.67 0.77 0.00 0.77 1.26 0.00 1.61 1.23 0.00 2.24 1.12 2.38 1.79 1.23 2.56 0.95 1.33 0.00 0.00 3.26 1.02 0.42 0.70 0.00 2.94 0.00 0.00 0.07 0.00 1.44 0.00 0.35 2.07 3.40 0.95 0.00 0.91 0.00 0.00 0.42 1.12 2.38 0.39 1.75 0.00 0.00 0.00 0.00 1.05 0.00 2.63 3.12 1.96 0.00 1.30 0.84 0.07 0.49 0.11 0.98 0.00 1.82 2.28 2.91 0.00 0.84 0.00 2.84 1.79 1.93 2.63 2.80 0.00 0.46 0.00 1.86 2.84 1.51 1.96 2.24 0.74 1.47 3.12 1.89 0.00 2.17 0.35 0.00 2.77 0.00 0.63 0.07 1.16 0.88 0.00
72 1.26 0.00 2.59 1.86 2.52 0.98 2.35 0.81 0.00 2.35 2.00 0.00 2.87 2.38 0.77 1.79 2.87 0.00 3.22 2.17 0.98 3.12 1.82 0.00 1.72 0.28 0.18 0.11 3.47 1.44 0.00 2.28 3.05 1.37 1.82 2.87 1.68 0.88 2.42 0.32 0.00 0.28 2.56 0.00 0.00 2.56 0.46 2.70 0.00 2.21 1.72 0.11 1.33 0.56 2.73 0.00 2.10 3.12 2.17 2.59 3.43 1.82 1.47 2.17 2.45 2.03 0.25 0.04 1.37 0.00 0.00 2.84 0.00 2.17 1.89 0.00 0.00 0.00 0.91 0.39 0.00 2.87 1.47 2.52 3.50 0.00 0.00 0.00 2.38 0.00 0.88 0.60 0.00 3.29 2.03 3.12 2.03 0.00 0.49 2.24
73 0.07 0.00 3.15 2.70 1.33 1.86 0.46 3.01 0.04 0.00 0.70 0.70 1.82 2.63 0.67 2.24 3.15 1.89 2.03 0.00 0.00 2.98 0.28 0.00 2.94 0.91 1.86 1.82 2.87 2.84 3.05 0.81 2.24 3.33 1.19 0.00 1.54 2.21 0.00 2.14 0.00 2.98 0.98 1.12 2.87 3.26 0.00 2.00 0.70 1.05 0.00 1.75 3.19 0.00 2.87 0.00 1.75 0.00 0.00 2.66 0.42 3.33 2.21 0.00 0.95 0.00 1.51 1.89 0.00 0.00 0.39 1.79 2.17 0.00 2.31 0.00 0.25 0.74 1.72 2.38 0.67 0.00 0.42 2.07 0.00 2.98 0.98 1.30 0.00 0.95 1.09 0.11 0.14 2.42 2.52 1.72 1.37 1.65 2.87 0.88
74 1.16 0.00 1.79 3.22 1.72 0.35 0.11 3.08 0.00 2.07 2.35 2.59 0.00 1.82 2.91 2.94 0.91 0.00 1.47 0.91 0.32 3.40 3.47 0.00 2.24 2.07 2.24 3.19 0.00 0.18 0.35 3.26 1.47 0.00 0.00 2.03 1.58 2.00 1.86 1.79 2.31 1.96 0.00 0.00 0.00 2.49 0.00 0.00 0.00 1.89 0.32 0.60 2.56 2.14 0.88 0.39 0.00 0.18 0.14 3.40 1.33 3.22 3.47 2.21 1.33 2.45 2.66 0.00 0.00 0.18 0.00 1.93 1.89 2.31 0.00 2.94 2.03 0.00 3.43 3.05 3.12 0.91 2.59 1.44 0.21 2.35 0.63 2.45 0.00 2.00 2.80 0.49 1.16 0.25 0.00 0.67 2.24 1.58 0.14 1.37
75 0.00 2.24 0.49 1.26 3.43 2.17 1.05 0.00 1.54 0.00 0.00 1.19 2.70 3.33 1.89 2.77 1.23 0.53 2.63 1.40 0.00 1.19 0.00 0.00 2.84 0.81 0.00 1.82 1.30 2.87 0.35 0.42 1.82 2.07 1.16 1.61 2.77 0.00 3.01 0.00 2.70 0.49 0.77 2.42 2.38 0.00 1.09 3.15 0.46 2.31 0.00 0.81 2.59 0.00 0.00 3.50 1.68 0.53 0.00 2.10 1.58 0.00 0.39 0.00 2.31 2.77 0.00 1.89 0.14 2.00 1.54 2.63 0.00 0.00 2.94 0.00 0.00 0.49 2.91 0.11 1.09 3.33 1.23 0.84 0.00 1.89 1.82 3.50 0.00 3.40 3.43 0.00 2.24 2.21 0.56 0.00 1.79 0.56 3.26 1.47
76 1.61 0.00 2.38 0.00 1.93 3.01 0.98 2.49 0.00 1.30 2.28 0.00 1.23 0.32 1.23 2.38 0.39 0.00 1.58 0.00 1.89 2.98 1.44 2.73 3.40 2.10 1.96 0.60 3.50 0.56 3.29 0.00 1.19 0.00 2.17 0.53 0.25 3.40 2.77 0.49 1.61 0.18 1.68 2.38 1.51 3.50 0.84 0.00 0.00 1.61 2.10 1.86 2.73 1.47 2.52 1.40 1.96 0.35 0.00 2.10 0.07 0.00 0.25 0.00 0.00 0.04 0.00 0.00 0.32 1.58 0.25 2.80 0.00 0.25 2.03 0.00 0.00 0.88 1.72 3.40 1.89 1.33 0.00 0.88 0.00 3.15 0.56 2.21 2.24 0.00 0.84 1.16 2.49 2.52 1.33 3.36 0.28 1.54 3.08 3.01
77 0.56 0.46 3.43 0.42 0.00 0.91 0.70 1.40 3.47 0.84 0.00 0.00 2.14 0.14 1.09 2.56 0.77 2.28 1.37 0.39 0.88 0.63 0.21 2.52 1.37 1.23 3.47 1.44 0.00 3.47 0.00 1.82 0.14 0.00 1.30 1.37 1.16 0.46 2.70 0.00 0.00 2.38 2.24 0.70 0.00 2.24 1.72 3.05 1.30 2.35 0.53 0.00 0.00 1.65 3.01 0.00 2.31 1.16 0.39 1.12 0.70 3.05 2.07 2.91 0.53 1.86 0.84 2.35 2.42 2.17 2.59 0.00 0.00 0.74 0.00 0.49 0.88 0.00 0.00 0.00 0.07 2.91 3.29 2.14 3.05 0.04 0.00 1.26 0.00 0.00 2.73 0.00 1.89 1.16 0.63 0.56 2.00 1.40 0.00 0.00
78 1.75 3.33 0.00 2.84 1.51 0.42 2.73 3.29 0.95 0.00 0.00 1.23 0.32 2.28 1.19 0.00 0.32 2.84 0.00 0.53 0.00 1.68 0.00 2.42 0.11 2.63 2.56 0.00 1.05 0.00 0.00 2.94 0.21 2.17 1.33 0.00 3.22 1.40 0.67 0.60 1.40 3.01 2.31 2.38 0.39 1.16 0.00 2.35 0.00 2.59 0.00 2.24 3.36 1.93 0.00 0.00 2.87 3.08 1.65 2.77 1.47 0.00 0.00 2.87 0.88 0.18 2.77 0.00 0.00 3.47 1.89 0.46 0.91 1.72 3.43 2.91 1.72 0.00 0.00 0.21 0.56 2.52 0.77 1.02 1.40 2.00 3.43 0.00 2.24 2.77 2.00 0.04 1.44 0.77 0.25 0.00 2.91 2.98 0.00 1.33
79 1.89 2.49 0.00 2.66 0.00 2.45 1.72 3.50 3.40 0.00 2.49 2.35 0.00 2.73 1.51 1.79 0.88 0.00 0.00 1.44 0.00 0.00 0.00 1.54 2.80 0.74 2.63 2.24 1.61 0.00 1.19 3.15 2.00 0.49 1.37 0.00 0.67 0.00 0.00 1.37 2.87 1.47 0.00 1.09 3.19 3.15 0.00 0.67 3.33 0.74 0.07 3.12 0.00 0.39 2.28 2.73 1.47 0.67 0.81 0.07 0.46 0.88 1.72 2.98 1.37 1.40 2.35 0.00 1.58 0.00 0.00 0.00 0.39 2.38 3.05 0.11 3.40 0.00 0.21 0.00 2.35 0.00 0.00 2.49 0.91 0.42 0.70 0.35 1.16 0.53 0.49 2.38 3.22 2.66 0.00 0.88 0.00 2.38 2.66 0.00
80 2.77 0.00 0.88 0.00 2.45 0.00 1.68 0.18 1.37 3.50 0.74 3.26 2.63 1.51 1.05 3.36 0.00 3.33 0.60 0.00 1.40 0.00 0.18 1.33 0.88 0.00 0.00 0.88 2.35 0.07 1.89 2.49 0.00 0.00 0.49 2.21 0.00 0.88 3.01 0.00 0.21 1.72 1.79 3.19 0.00 2.21 0.74 0.77 0.00 1.33 3.36 2.21 0.77 3.36 1.93 1.79 2.14 0.46 1.12 1.72 0.21 0.00 3.33 1.02 2.98 1.75 1.68 0.63 0.00 1.12 0.46 1.86 0.00 0.67 3.12 1.09 1.89 0.07 0.56 2.35 0.00 0.00 0.49 1.51 1.65 1.96 1.68 1.82 2.94 0.00 1.33 0.63 0.00 0.00 0.00 0.67 0.00 2.24 2.10 0.00
81 0.18 2.07 2.00 1.26 0.04 0.00 2.84 0.14 1.65 3.47 1.02 0.46 3.08 0.53 0.00 2.70 2.87 2.10 2.91 0.00 0.28 1.96 0.00 2.17 1.33 1.51 2.03 3.47 0.00 3.29 1.58 2.42 0.00 3.08 3.12 0.42 0.00 1.58 1.61 1.02 0.28 1.44 0.00 0.00 2.66 0.00 1.89 1.02 1.44 0.00 2.63 0.00 1.65 0.39 0.00 0.00 1.86 0.00 3.43 0.00 1.68 1.86 1.23 2.73 2.00 3.08 0.49 0.53 2.87 3.01 2.84 2.84 2.87 0.00 0.91 3.33 1.33 2.91 2.52 0.00 0.00 0.00 0.00 0.84 0.81 2.98 0.77 0.00 0.28 2.00 0.00 2.21 0.00 0.00 3.40 3.47 0.00 2.00 0.00 3.01
82 3.22 0.84 0.63 1.16 0.00 0.00 0.00 1.96 0.00 1.75 2.07 1.54 3.12 2.42 1.68 2.42 1.96 1.93 1.96 2.66 0.25 0.28 0.00 2.28 3.50 0.49 2.31 0.00 3.05 1.54 2.73 1.44 1.93 2.91 1.19 1.02 0.00 1.86 0.00 2.10 0.00 0.00 2.59 0.63 1.54 0.84 0.00 1.58 0.00 0.67 2.91 0.00 2.35 1.47 2.98 2.63 3.19 1.82 1.44 2.70 3.01 0.00 2.24 0.77 0.95 2.14 3.05 1.05 1.93 0.67 1.93 1.51 1.47 0.42 2.59 1.23 0.00 3.29 0.77 0.00 0.49 0.00 0.00 3.22 0.00 0.00 0.00 1.23 2.17 0.00 2.52 2.91 2.63 0.00 1.33 0.46 2.03 2.07 2.31 1.33
83 0.60 0.21 2.56 1.61 2.52 3.50 1.86 2.49 2.80 0.00 0.25 2.42 0.21 0.39 0.00 2.52 3.15 0.28 2.63 0.35 0.70 0.56 2.00 2.21 2.52 0.63 0.00 2.21 1.61 3.33 2.52 2.91 0.00 3.12 1.33 2.24 2.91 0.28 2.73 0.00 0.00 1.79 0.00 0.00 3.19 0.00 1.26 1.68 3.05 2.21 2.87 2.91 1.19 3.08 0.00 0.00 1.51 0.00 1.86 2.52 0.00 3.33 1.54 0.18 0.00 3.15 0.00 0.00 0.98 1.44 3.50 1.96 2.52 2.07 1.44 0.84 0.88 2.14 1.02 2.49 1.51 0.84 3.22 0.00 0.46 0.07 1.96 0.00 1.51 1.19 0.60 0.21 1.19 0.77 0.11 1.54 0.14 1.16 1.96 0.00
84 3.29 0.00 3.08 0.00 0.00 0.53 0.00 0.39 1.37 2.66 3.05 2.14 0.00 0.00 0.49 3.50 2.94 0.28 3.43 1.40 0.32 0.84 3.43 0.46 1.40 3.08 0.00 1.93 1.54 1.72 0.00 0.00 3.40 2.87 2.91 0.67 3.26 0.77 0.25 1.16 1.68 1.37 0.00 0.00 0.00 0.00 0.00 0.18 0.91 2.84 3.19 0.00 0.04 0.77 1.58 0.00 0.25 2.49 1.96 1.65 0.32 0.00 1.86 0.91 0.39 0.00 3.05 1.33 0.00 0.00 0.00 2.24 3.50 0.00 0.21 0.00 0.00 3.05 1.40 0.91 1.65 0.81 0.00 0.46 0.00 0.00 2.10 0.42 3.36 0.00 1.26 1.16 2.21 1.37 3.05 2.52 3.12 1.44 0.18 1.72
85 0.74 1.75 0.14 1.47 0.49 2.14 1.33 0.00 2.70 2.56 0.00 1.19 0.32 2.98 0.00 3.33 0.00 2.80 1.16 3.22 3.43 1.44 0.00 2.59 0.91 3.26 0.53 2.52 1.51 1.05 0.35 1.65 3.08 2.24 2.77 2.70 0.00 0.00 0.00 2.00 1.12 2.98 0.00 3.50 0.00 1.86 0.07 0.00 1.02 0.00 2.14 2.28 0.32 0.00 0.39 0.81 3.01 0.95 2.80 0.28 2.28 3.22 2.35 2.17 1.23 2.52 0.39 2.28 1.75 1.79 0.00 0.74 0.00 2.98 2.35 1.89 3.15 0.04 2.00 0.42 1.96 2.98 0.00 0.07 0.00 0.00 3.12 3.08 1.54 1.82 1.61 0.00 2.73 2.14 0.39 1.54 1.37 3.15 0.00 2.70
86 0.00 0.00 0.28 0.00 1.02 0.00 1.26 2.28 2.73 0.39 0.04 0.00 1.30 1.16 1.19 0.00 3.01 0.11 0.00 2.63 1.75 0.21 0.81 0.00 0.74 0.00 3.43 1.05 0.63 1.26 0.00 0.00 0.77 1.23 2.87 1.93 0.00 0.28 1.37 0.95 1.26 1.40 0.00 1.33 1.40 0.32 2.84 1.82 0.07 0.00 1.40 0.00 3.05 2.10 1.51 3.01 0.04 3.40 2.17 0.74 2.38 0.91 1.09 0.04 0.00 1.58 1.93 1.30 1.09 0.42 0.00 1.47 0.00 0.98 0.63 1.82 0.56 0.00 3.43 0.70 1.68 0.77 0.00 1.96 2.10 3.12 0.00 0.00 2.28 0.70 0.60 1.54 2.59 2.87 0.39 1.58 1.23 2.80 0.88 1.82
87 0.56 2.87 1.40 0.00 2.94 0.00 0.00 3.01 1.19 1.05 2.84 0.00 0.21 2.63 3.33 0.25 2.94 1.19 1.16 0.00 0.70 1.96 0.91 2.70 2.91 0.00 1.05 1.89 0.81 0.00 0.00 0.00 0.00 0.39 0.00 1.30 3.47 3.36 0.18 1.30 3.40 0.00 1.47 0.60 0.00 2.98 0.00 2.17 0.00 2.03 0.00 3.15 1.33 1.72 0.84 0.11 1.37 0.18 2.63 0.00 0.00 2.77 1.79 0.00 1.72 3.19 2.14 2.80 0.39 2.98 0.07 3.12 0.00 1.30 2.45 3.50 2.21 1.26 0.00 0.35 1.82 0.00 1.23 0.00 0.42 3.08 0.00 0.00 2.28 3.50 0.00 0.39 0.00 3.36 0.28 0.11 3.40 2.94 0.53 2.94
88 2.38 2.66 2.59 0.49 3.47 1.89 2.94 3.15 0.00 1.19 0.00 2.24 1.96 0.00 0.00 0.63 2.17 0.00 0.00 0.00 0.00 2.31 0.28 0.00 0.00 0.00 2.52 1.12 1.26 1.09 0.95 0.39 0.00 1.51 1.82 2.28 3.40 0.00 2.42 0.00 2.28 0.25 2.10 1.58 1.72 2.38 0.00 0.14 0.63 1.51 3.01 1.12 2.94 0.28 0.25 2.00 1.75 2.49 2.14 2.10 0.81 2.42 0.67 0.00 0.42 2.98 1.72 1.65 3.12 0.88 2.87 1.89 2.38 0.00 0.00 0.00 2.24 0.00 2.24 1.16 2.94 0.28 2.17 1.51 3.36 1.54 2.28 2.28 0.00 0.00 0.25 0.00 1.16 0.00 0.00 3.47 3.08 0.00 2.77 1.89
89 1.02 0.00 1.05 1.23 3.22 1.47 0.00 0.60 1.47 0.67 1.40 0.00 1.82 0.35 1.44 0.42 1.02 1.26 0.00 1.79 1.44 0.00 0.00 1.93 0.67 2.24 0.56 0.00 1.75 0.07 0.28 2.45 0.00 0.00 2.87 1.61 2.31 0.00 3.50 0.53 0.00 0.00 0.00 2.45 0.00 3.15 2.84 0.63 0.00 0.00 1.23 2.35 1.65 0.00 2.10 3.01 1.09 1.23 0.00 3.08 0.00 0.00 0.21 0.18 0.00 3.36 2.24 1.09 0.00 0.00 1.40 0.00 0.00 0.95 2.00 3.40 0.00 0.00 2.77 0.53 0.00 2.00 0.00 1.19 0.00 1.82 0.70 3.50 0.00 0.00 1.51 3.43 0.21 0.00 0.63 2.45 0.00 0.00 3.01 0.00
90 1.02 2.21 1.82 2.80 0.00 0.42 0.63 0.67 0.04 3.26 3.01 1.37 0.32 3.05 2.52 0.88 0.00 0.56 0.00 1.19 1.23 0.67 0.77 0.46 0.81 1.19 2.84 0.74 2.07 0.00 0.00 3.50 0.00 1.12 0.32 0.60 2.70 2.70 0.00 1.72 1.72 1.23 0.00 2.24 0.95 0.11 0.88 2.42 2.00 0.00 1.65 1.89 0.00 2.98 3.29 0.98 1.05 0.00 3.08 0.32 3.12 0.00 0.00 1.47 1.89 2.94 1.40 2.84 3.15 0.00 1.68 2.17 0.88 1.09 2.80 3.43 0.84 2.73 2.00 0.49 1.33 0.00 2.52 0.60 1.26 1.61 0.60 0.00 0.25 1.51 0.00 0.00 2.87 1.30 0.46 0.95 0.39 0.00 0.00 1.16
91 0.35 1.19 2.91 0.00 0.95 2.80 2.52 1.89 0.00 0.32 2.56 1.51 2.17 1.54 2.59 2.38 0.28 3.05 1.33 1.44 1.09 0.21 0.00 2.73 3.50 0.00 0.74 0.67 0.67 3.29 0.21 0.81 3.50 1.68 2.63 0.00 0.00 0.39 3.22 1.68 0.00 2.77 3.12 1.89 3.47 2.21 2.56 0.00 0.00 1.44 0.18 2.98 2.03 0.00 3.26 3.19 1.37 0.32 2.66 2.52 1.37 1.26 0.00 0.00 3.29 0.63 0.18 0.56 2.10 0.00 2.28 0.35 0.60 0.11 0.49 0.00 1.16 0.00 0.04 2.38 0.63 2.21 2.91 0.21 1.16 0.00 1.54 0.39 0.00 3.43 0.00 0.00 3.43 2.77 3.01 3.15 0.00 1.93 0.11 0.00
92 0.00 1.44 1.51 1.82 0.00 1.51 2.63 0.67 0.00 0.00 2.59 2.63 2.10 0.91 0.70 0.21 2.87 0.00 0.00 1.82 0.18 3.05 0.00 2.91 2.87 1.82 3.05 0.00 2.80 0.25 0.00 0.53 1.51 1.37 2.94 0.00 1.26 1.40 2.52 0.00 0.00 3.29 0.00 0.63 0.70 0.25 1.54 3.29 0.00 0.00 1.33 0.00 0.67 3.15 0.00 0.49 1.44 0.00 2.24 1.33 2.03 3.43 3.01 0.00 1.37 0.95 1.96 1.33 0.70 2.38 1.58 0.00 0.00 0.14 1.16 2.24 2.49 1.89 1.44 3.22 0.00 0.00 2.63 1.19 2.21 2.73 2.59 0.00 1.16 0.21 2.87 3.43 0.00 0.49 3.43 0.00 0.00 1.23 2.17 2.28
93 2.59 2.56 0.00 1.44 0.00 2.17 1.86 1.68 0.00 1.05 0.00 3.05 2.59 2.24 1.96 0.11 1.72 1.33 0.95 0.00 2.21 2.21 0.00 1.65 1.19 0.18 0.21 0.14 2.07 2.21 3.19 0.00 1.58 1.12 0.00 3.26 0.84 2.10 3.47 2.03 0.77 3.08 3.47 0.35 0.00 2.35 2.38 2.17 1.61 1.51 3.40 2.21 2.24 2.73 2.31 1.26 3.36 1.72 2.07 2.14 0.00 1.75 0.95 1.75 1.54 0.00 2.31 3.08 0.84 0.00 0.00 2.77 3.29 2.42 0.25 2.21 2.52 1.16 0.77 2.66 0.00 0.00 0.00 0.77 1.37 2.14 2.87 3.36 0.00 0.00 1.30 2.77 0.49 0.00 3.43 2.66 0.00 3.36 1.02 1.05
94 1.61 0.00 0.00 1.51 1.40 0.39 3.43 2.35 0.00 0.00 2.94 0.00 3.12 2.38 0.00 1.23 3.26 0.60 1.75 0.00 0.00 0.00 3.12 0.04 2.03 0.00 2.70 1.40 0.00 1.65 1.86 1.75 2.70 1.75 2.80 0.00 0.88 2.59 2.31 0.49 0.67 0.04 2.31 0.00 0.63 0.00 1.19 0.46 2.52 3.19 2.70 0.00 1.47 1.93 1.58 0.88 1.86 0.00 0.42 1.19 3.36 2.87 1.68 2.03 0.00 0.00 1.19 2.84 0.14 3.05 1.37 0.00 2.03 2.52 0.00 0.56 1.33 0.63 0.25 0.00 0.00 3.40 1.33 0.11 3.05 0.39 0.39 0.28 0.00 0.63 0.46 3.01 3.43 3.43 0.00 0.00 2.45 0.88 2.63 2.91
95 0.00 0.81 0.00 1.09 2.87 3.33 2.17 1.30 0.00 3.26 1.96 1.47 2.03 2.24 1.79 1.89 0.60 2.94 1.26 0.88 3.40 2.38 0.00 2.49 0.00 0.07 0.00 1.89 0.84 0.46 1.68 0.00 2.03 3.50 3.26 1.47 0.00 0.00 3.50 3.15 2.80 3.08 1.65 0.00 2.73 1.40 1.12 2.10 1.16 3.47 0.00 2.73 0.60 0.00 0.00 1.47 3.01 1.19 0.21 2.38 0.00 0.63 0.00 2.94 0.00 0.00 3.12 0.35 0.67 3.33 1.16 0.63 3.12 1.72 0.67 0.00 3.36 0.56 0.00 0.88 0.67 3.47 0.46 1.54 2.52 1.54 1.58 0.11 3.47 2.45 0.95 3.15 0.00 2.66 0.00 0.00 2.66 2.42 2.70 1.96
96 1.37 2.24 2.45 3.43 0.35 0.46 1.09 0.00 2.31 2.21 1.61 1.05 1.23 1.93 0.00 2.28 1.68 0.35 2.03 0.98 2.66 1.12 0.49 3.01 0.00 0.00 1.96 2.84 0.21 1.82 1.23 0.00 0.14 3.36 0.91 0.00 1.68 1.09 3.19 3.50 1.02 0.00 0.00 0.00 0.35 0.00 0.00 1.37 2.77 0.42 0.28 1.12 0.11 0.39 1.93 0.00 2.56 0.11 2.49 0.00 1.16 1.58 2.49 0.00 1.58 2.21 1.30 0.00 2.14 0.46 0.04 0.07 2.03 1.37 2.24 1.79 0.28 2.00 2.91 0.00 0.00 0.00 2.03 0.14 3.12 1.37 1.23 3.40 3.08 0.00 0.39 0.00 0.00 0.00 2.45 2.66 0.00 2.77 3.12 3.40
97 1.68 1.09 0.28 0.91 0.00 3.29 1.09 0.84 2.49 0.70 2.17 0.00 1.19 1.58 0.00 2.98 2.98 1.37 1.93 2.52 0.91 2.59 0.77 2.94 2.70 0.00 0.00 2.66 2.52 3.50 2.80 0.28 0.00 2.52 0.00 2.45 3.19 0.00 0.74 2.73 1.89 2.38 2.35 3.40 1.93 0.00 2.91 0.39 3.40 0.91 2.49 2.63 0.18 0.00 0.25 3.26 1.02 2.21 2.63 0.00 0.00 2.28 0.46 0.88 3.22 0.60 3.40 2.07 2.77 1.58 3.33 1.16 0.00 1.65 1.58 0.56 1.54 1.40 2.98 2.38 2.24 2.00 2.07 1.16 1.44 3.15 2.80 2.94 0.00 0.00 0.00 1.93 1.23 3.36 0.88 2.42 2.77 0.00 3.15 2.42
98 0.46 1.47 2.35 1.86 0.00 2.70 3.08 1.23 0.39 0.00 0.00 2.07 0.00 1.37 0.63 2.66 3.29 0.00 0.84 2.77 0.56 2.73 2.94 2.94 2.52 0.81 0.25 2.56 3.29 0.00 3.19 0.63 2.49 1.12 0.00 0.00 2.70 0.00 1.58 1.02 0.25 0.00 3.33 0.00 0.00 0.00 3.19 1.47 2.63 0.00 0.04 2.38 1.33 0.00 0.00 0.46 2.52 0.88 2.49 0.46 0.21 3.15 1.93 3.36 1.40 0.00 2.63 1.02 2.03 2.66 0.81 0.88 0.49 2.87 0.14 3.26 3.08 0.00 0.00 2.66 2.10 0.00 2.31 1.96 0.18 0.00 0.88 0.53 2.77 3.01 0.00 0.11 2.17 1.02 2.63 2.70 3.12 3.15 0.00 0.00
99 2.42 0.00 2.03 0.00 0.60 0.56 0.21 0.39 1.72 2.31 2.66 2.59 2.59 3.29 1.37 2.14 0.81 3.22 0.00 0.00 0.11 2.80 2.87 3.33 2.38 0.00 1.96 0.00 0.00 0.00 0.84 1.54 0.88 0.00 0.11 0.21 0.00 2.21 1.26 2.28 2.66 0.00 0.00 0.60 0.00 0.00 0.95 1.40 2.77 2.66 2.77 0.67 0.11 0.84 0.77 1.40 3.26 2.45 2.14 0.00 0.28 2.73 1.02 0.14 0.56 0.98 1.33 2.00 0.00 2.21 0.00 0.00 2.24 0.88 1.37 1.47 3.01 0.00 1.33 0.00 0.00 3.01 1.33 0.00 1.72 2.70 1.82 2.94 1.89 0.00 1.16 0.00 2.28 1.05 2.91 1.96 3.40 2.42 0.00 0.00

ITEMS
nominal_profits 94.00 82.00 62.00 0.00 36.00 86.00 80.00 35.00 0.00 76.00 81.00 0.00 0.00 0.00 15.00 0.00 0.00 58.00 0.00 67.00 99.00 90.00 6.00 80.00 81.00 8.00 52.00 68.00 82.00 86.00 26.00 17.00 68.00 50.00 24.00 36.00 27.00 25.00 85.00 36.00 24.00 26.00 93.00 54.00 27.00 43.00 86.00 26.00 80.00 45.00 97.00 37.00 29.00 43.00 90.00 0.00 78.00 41.00 49.00 0.00 89.00 71.00 67.00 0.00 16.00 0.00 61.00 68.00 88.00 2.00 43.00 47.00 0.00 0.00 83.00 0.00 0.00 1.00 0.00 41.00 88.00 67.00 76.00 38.00 84.00 56.00 65.00 45.00 5.00 0.00 88.00 0.00 0.00 74.00 0.00 0.00 54.00 100.00 100.00 43.00
weights 40 40 50 22 40 40 11 15 9 3 7 30 29 15 3 38 50 26 19 43 25 47 38 8 19 18 35 6 2 24 22 44 35 41 18 9 30 42 50 14 35 34 40 7 34 18 48 14 31 10 10 25 7 29 28 23 18 6 14 31 22 49 21 8 33 20 20 19 49 30 42 29 37 44 21 5 37 11 47 47 23 21 5 10 30 30 43 26 34 46 2 15 35 4 26 23 27 29 12 23
capacity 847
k_max 55

COMMENTS
original_pairwise_profits
0 0.00 99.00 0.00 51.00 0.00 30.00 3.00 43.00 0.00 0.00 13.00 41.00 50.00 69.00 88.00 83.00 35.00 94.00 89.00 68.00 23.00 0.00 93.00 87.00 81.00 88.00 0.00 40.00 0.00 96.00 79.00 66.00 0.00 17.00 14.00 34.00 95.00 0.00 0.00 0.00 50.00 25.00 0.00 100.00 0.00 25.00 31.00 67.00 69.00 12.00 0.00 80.00 4.00 66.00 9.00 0.00 19.00 84.00 81.00 26.00 80.00 39.00 6.00 58.00 35.00 91.00 79.00 35.00 66.00 0.00 44.00 46.00 36.00 2.00 33.00 0.00 46.00 16.00 50.00 54.00 79.00 5.00 92.00 17.00 94.00 21.00 0.00 16.00 68.00 29.00 29.00 10.00 0.00 74.00 46.00 0.00 39.00 48.00 13.00 69.00
1 99.00 0.00 0.00 60.00 80.00 41.00 20.00 55.00 0.00 0.00 37.00 0.00 51.00 0.00 91.00 16.00 47.00 45.00 78.00 30.00 93.00 0.00 74.00 35.00 52.00 26.00 0.00 37.00 99.00 62.00 0.00 0.00 0.00 62.00 38.00 21.00 0.00 81.00 0.00 8.00 0.00 61.00 0.00 71.00 0.00 61.00 22.00 83.00 98.00 0.00 0.00 4.00 21.00 57.00 25.00 41.00 0.00 73.00 9.00 18.00 12.00 79.00 0.00 0.00 0.00 25.00 0.00 40.00 18.00 0.00 0.00 10.00 0.00 0.00 0.00 64.00 0.00 13.00 95.00 71.00 0.00 59.00 24.00 6.00 0.00 50.00 0.00 82.00 76.00 0.00 63.00 34.00 41.00 73.00 0.00 23.00 64.00 31.00 42.00 0.00
2 0.00 0.00 0.00 23.00 93.00 52.00 0.00 33.00 36.00 97.00 87.00 59.00 0.00 0.00 31.00 0.00 53.00 59.00 0.00 44.00 10.00 78.00 0.00 38.00 0.00 0.00 0.00 29.00 67.00 50.00 33.00 0.00 8.00 53.00 60.00 50.00 100.00 0.00 30.00 0.00 69.00 92.00 0.00 80.00 54.00 80.00 39.00 0.00 70.00 0.00 79.00 10.00 51.00 0.00 32.00 5.00 0.00 35.00 30.00 90.00 20.00 42.00 52.00 37.00 10.00 99.00 28.00 0.00 11.00 0.00 5.00 15.00 74.00 90.00 51.00 14.00 68.00 98.00 0.00 0.00 25.00 57.00 18.00 73.00 88.00 4.00 8.00 40.00 74.00 30.00 52.00 83.00 43.00 0.00 0.00 0.00 70.00 8.00 67.00 58.00
3 51.00 60.00 23.00 0.00 31.00 24.00 19.00 49.00 44.00 90.00 49.00 29.00 0.00 60.00 32.00 90.00 0.00 3.00 26.00 0.00 29.00 56.00 0.00 0.00 0.00 19.00 94.00 26.00 13.00 66.00 0.00 62.00 36.00 0.00 0.00 86.00 13.00 12.00 10.00 81.00 57.00 0.00 0.00 0.00 88.00 68.00 58.00 60.00 55.00 93.00 5.00 78.00 76.00 19.00 50.00 69.00 0.00 55.00 58.00 72.00 97.00 0.00 0.00 55.00 11.00 0.00 99.00 90.00 95.00 18.00 46.00 24.00 53.00 77.00 92.00 36.00 0.00 12.00 81.00 76.00 0.00 36.00 33.00 46.00 0.00 42.00 0.00 0.00 14.00 35.00 80.00 0.00 52.00 41.00 43.00 31.00 98.00 26.00 53.00 0.00
4 0.00 80.00 93.00 31.00 0.00 60.00 0.00 93.00 22.00 89.00 53.00 45.00 6.00 35.00 59.00 44.00 26.00 8.00 75.00 0.00 0.00 0.00 0.00 37.00 90.00 0.00 0.00 100.00 82.00 68.00 54.00 0.00 22.00 0.00 15.00 80.00 0.00 0.00 38.00 1.00 4.00 21.00 19.00 14.00 77.00 35.00 32.00 86.00 85.00 89.00 53.00 43.00 10.00 7.00 0.00 0.00 57.00 0.00 38.00 45.00 27.00 95.00 0.00 71.00 14.00 0.00 21.00 0.00 69.00 0.00 57.00 0.00 72.00 38.00 49.00 98.00 55.00 0.00 43.00 0.00 70.00 1.00 0.00 72.00 0.00 14.00 29.00 84.00 99.00 92.00 0.00 27.00 0.00 0.00 40.00 82.00 10.00 0.00 0.00 17.00
5 30.00 41.00 52.00 24.00 60.00 0.00 0.00 0.00 91.00 44.00 0.00 39.00 39.00 1.00 0.00 35.00 41.00 7.00 80.00 41.00 1.00 0.00 0.00 94.00 34.00 0.00 0.00 15.00 87.00 36.00 77.00 23.00 0.00 0.00 87.00 0.00 81.00 26.00 98.00 0.00 96.00 45.00 0.00 0.00 71.00 0.00 77.00 37.00 40.00 54.00 0.00 0.00 0.00 72.00 25.00 0.00 37.00 0.00 0.00 0.00 0.00 4.00 72.00 0.00 67.00 65.00 0.00 0.00 0.00 0.00 15.00 19.00 28.00 53.00 10.00 62.00 86.00 26.00 12.00 70.00 0.00 0.00 0.00 100.00 15.00 61.00 0.00 0.00 54.00 42.00 12.00 80.00 43.00 62.00 11.00 95.00 13.00 94.00 77.00 16.00
6 3.00 20.00 0.00 19.00 0.00 0.00 0.00 56.00 56.00 21.00 87.00 31.00 0.00 52.00 37.00 64.00 80.00 4.00 68.00 71.00 0.00 9.00 70.00 1.00 66.00 28.00 0.00 31.00 0.00 0.00 9.00 47.00 69.00 0.00 83.00 41.00 0.00 41.00 29.00 77.00 64.00 97.00 95.00 18.00 63.00 0.00 0.00 99.00 0.00 16.00 32.00 98.00 74.00 58.00 29.00 3.00 6.00 37.00 82.00 74.00 66.00 0.00 61.00 35.00 0.00 0.00 0.00 9.00 60.00 97.00 50.00 22.00 67.00 13.00 3.00 30.00 28.00 20.00 78.00 49.00 48.00 81.00 0.00 53.00 0.00 38.00 36.00 0.00 84.00 0.00 18.00 72.00 75.00 53.00 98.00 62.00 31.00 31.00 88.00 6.00
7 43.00 55.00 33.00 49.00 93.00 0.00 56.00 0.00 47.00 20.00 2.00 32.00 23.00 99.00 69.00 0.00 8.00 8.00 0.00 90.00 2.00 26.00 84.00 86.00 55.00 26.00 0.00 7.00 77.00 88.00 87.00 7.00 46.00 13.00 64.00 0.00 92.00 67.00 81.00 52.00 50.00 0.00 0.00 65.00 0.00 41.00 76.00 63.00 2.00 10.00 97.00 12.00 35.00 6.00 68.00 10.00 12.00 97.00 15.00 88.00 32.00 0.00 7.00 92.00 31.00 0.00 0.00 26.00 0.00 0.00 52.00 0.00 23.00 86.00 88.00 0.00 71.00 40.00 94.00 100.00 5.00 4.00 56.00 71.00 11.00 0.00 65.00 86.00 90.00 17.00 19.00 54.00 19.00 48.00 67.00 37.00 0.00 24.00 35.00 11.00
8 0.00 0.00 36.00 44.00 22.00 91.00 56.00 47.00 0.00 62.00 0.00 27.00 9.00 91.00 18.00 27.00 0.00 86.00 71.00 28.00 0.00 0.00 90.00 57.00 30.00 29.00 86.00 70.00 0.00 0.00 62.00 74.00 5.00 8.00 99.00 36.00 77.00 64.00 0.00 63.00 0.00 5.00 71.00 0.00 41.00 79.00 43.00 71.00 0.00 20.00 28.00 91.00 95.00 88.00 0.00 37.00 33.00 12.00 16.00 81.00 59.00 70.00 38.00 6.00 45.00 43.00 54.00 87.00 59.00 0.00 27.00 22.00 0.00 1.00 0.00 44.00 0.00 99.00 27.00 97.00 39.00 47.00 0.00 80.00 39.00 77.00 78.00 34.00 0.00 42.00 1.00 0.00 0.00 0.00 0.00 0.00 66.00 71.00 11.00 49.00
9 0.00 0.00 97.00 90.00 89.00 44.00 21.00 20.00 62.00 0.00 0.00 23.00 21.00 53.00 4.00 71.00 0.00 38.00 72.00 3.00 0.00 0.00 87.00 32.00 61.00 17.00 0.00 87.00 0.00 0.00 0.00 59.00 79.00 21.00 22.00 44.00 20.00 43.00 0.00 44.00 0.00 74.00 51.00 38.00 0.00 24.00 12.00 43.00 32.00 83.00 0.00 0.00 34.00 26.00 20.00 43.00 73.00 71.00 40.00 12.00 14.00 69.00 0.00 49.00 68.00 94.00 0.00 0.00 0.00 0.00 80.00 36.00 67.00 0.00 59.00 0.00 37.00 24.00 0.00 0.00 100.00 99.00 50.00 0.00 76.00 73.00 11.00 30.00 34.00 19.00 93.00 9.00 0.00 30.00 0.00 93.00 63.00 20.00 0.00 66.00
10 13.00 37.00 87.00 49.00 53.00 0.00 87.00 2.00 0.00 0.00 0.00 81.00 25.00 12.00 66.00 40.00 65.00 51.00 95.00 0.00 42.00 0.00 0.00 2.00 92.00 79.00 61.00 79.00 32.00 77.00 44.00 53.00 46.00 26.00 96.00 52.00 86.00 5.00 36.00 19.00 53.00 49.00 78.00 8.00 12.00 17.00 2.00 18.00 0.00 87.00 0.00 0.00 13.00 64.00 45.00 83.00 9.00 42.00 16.00 46.00 84.00 2.00 46.00 11.00 0.00 66.00 0.00 61.00 0.00 72.00 44.00 0.00 57.00 20.00 67.00 0.00 65.00 0.00 0.00 71.00 21.00 29.00 59.00 7.00 87.00 0.00 1.00 81.00 0.00 40.00 86.00 73.00 74.00 0.00 84.00 56.00 46.00 62.00 0.00 76.00
11 41.00 0.00 59.00 29.00 45.00 39.00 31.00 32.00 27.00 23.00 81.00 0.00 17.00 0.00 0.00 88.00 0.00 7.00 0.00 0.00 51.00 96.00 100.00 0.00 39.00 74.00 60.00 42.00 64.00 4.00 57.00 39.00 45.00 54.00 82.00 0.00 10.00 64.00 37.00 2.00 0.00 33.00 95.00 0.00 0.00 19.00 0.00 11.00 0.00 5.00 0.00 9.00 47.00 46.00 6.00 30.00 71.00 32.00 18.00 73.00 77.00 0.00 93.00 53.00 68.00 94.00 92.00 62.00 83.00 96.00 23.00 46.00 0.00 20.00 74.00 34.00 0.00 0.00 35.00 67.00 93.00 13.00 44.00 69.00 61.00 34.00 0.00 0.00 64.00 0.00 39.00 43.00 75.00 87.00 0.00 42.00 30.00 0.00 59.00 74.00
12 50.00 51.00 0.00 0.00 6.00 39.00 0.00 23.00 9.00 21.00 25.00 17.00 0.00 48.00 89.00 0.00 0.00 0.00 10.00 33.00 57.00 93.00 45.00 52.00 4.00 0.00 43.00 55.00 34.00 0.00 1.00 54.00 54.00 91.00 0.00 48.00 0.00 99.00 0.00 0.00 39.00 93.00 0.00 70.00 0.00 59.00 25.00 73.00 0.00 14.00 40.00 72.00 71.00 31.00 85.00 12.00 91.00 82.00 39.00 82.00 10.00 11.00 45.00 97.00 68.00 0.00 0.00 71.00 0.00 71.00 37.00 35.00 82.00 52.00 0.00 77.00 35.00 61.00 9.00 0.00 75.00 88.00 89.00 6.00 0.00 9.00 37.00 6.00 56.00 52.00 9.00 62.00 60.00 74.00 89.00 58.00 35.00 34.00 0.00 74.00
13 69.00 0.00 0.00 60.00 35.00 1.00 52.00 99.00 91.00 53.00 12.00 0.00 48.00 0.00 0.00 48.00 13.00 36.00 81.00 96.00 95.00 29.00 35.00 16.00 97.00 0.00 0.00 22.00 79.00 0.00 53.00 0.00 0.00 48.00 77.00 67.00 0.00 84.00 0.00 13.00 10.00 80.00 31.00 64.00 0.00 11.00 11.00 60.00 45.00 0.00 0.00 65.00 35.00 41.00 8.00 17.00 21.00 1.00 0.00 18.00 36.00 0.00 0.00 99.00 7.00 35.00 42.00 21.00 10.00 0.00 87.00 0.00 68.00 75.00 52.00 95.00 9.00 4.00 65.00 78.00 43.00 15.00 69.00 11.00 0.00 85.00 33.00 75.00 0.00 10.00 87.00 44.00 26.00 64.00 68.00 64.00 55.00 45.00 39.00 94.00
14 88.00 91.00 31.00 32.00 59.00 0.00 37.00 69.00 18.00 4.00 66.00 0.00 89.00 0.00 0.00 46.00 45.00 39.00 25.00 0.00 28.00 18.00 63.00 64.00 55.00 0.00 0.00 3.00 0.00 23.00 40.00 91.00 13.00 24.00 0.00 0.00 73.00 0.00 44.00 41.00 90.00 64.00 23.00 56.00 0.00 70.00 25.00 16.00 46.00 0.00 63.00 0.00 45.00 2.00 40.00 0.00 73.00 0.00 0.00 0.00 98.00 0.00 35.00 0.00 54.00 0.00 97.00 0.00 2.00 52.00 50.00 64.00 22.00 19.00 83.00 54.00 35.00 31.00 34.00 43.00 30.00 0.00 48.00 0.00 14.00 0.00 34.00 95.00 0.00 41.00 72.00 74.00 20.00 56.00 0.00 51.00 0.00 0.00 18.00 39.00
15 83.00 16.00 0.00 90.00 44.00 35.00 64.00 0.00 27.00 71.00 40.00 88.00 0.00 48.00 46.00 0.00 45.00 53.00 0.00 63.00 35.00 100.00 0.00 0.00 47.00 19.00 27.00 0.00 57.00 73.00 93.00 76.00 55.00 49.00 64.00 14.00 50.00 92.00 1.00 62.00 0.00 9.00 73.00 61.00 68.00 98.00 0.00 0.00 81.00 46.00 0.00 0.00 72.00 0.00 89.00 0.00 78.00 74.00 57.00 0.00 83.00 15.00 24.00 72.00 0.00 45.00 14.00 79.00 3.00 65.00 79.00 32.00 51.00 64.00 84.00 79.00 68.00 73.00 0.00 51.00 96.00 77.00 69.00 72.00 100.00 95.00 0.00 7.00 18.00 12.00 25.00 68.00 6.00 3.00 35.00 54.00 65.00 85.00 76.00 61.00
16 35.00 47.00 53.00 0.00 26.00 41.00 80.00 8.00 0.00 0.00 65.00 0.00 0.00 13.00 45.00 45.00 0.00 92.00 33.00 0.00 35.00 25.00 81.00 37.00 48.00 57.00 86.00 51.00 0.00 47.00 75.00 85.00 1.00 12.00 90.00 0.00 49.00 0.00 97.00 81.00 11.00 90.00 0.00 0.00 0.00 27.00 29.00 0.00 90.00 0.00 34.00 44.00 49.00 51.00 97.00 60.00 22.00 9.00 31.00 51.00 0.00 55.00 89.00 12.00 92.00 6.00 34.00 29.00 10.00 18.00 43.00 68.00 82.00 90.00 26.00 35.00 11.00 22.00 9.00 25.00 0.00 82.00 56.00 90.00 84.00 0.00 86.00 84.00 62.00 29.00 0.00 8.00 82.00 49.00 93.00 17.00 48.00 85.00 94.00 23.00
17 94.00 45.00 59.00 3.00 8.00 7.00 4.00 8.00 86.00 38.00 51.00 7.00 0.00 36.00 39.00 53.00 92.00 0.00 5.00 98.00 35.00 59.00 41.00 4.00 91.00 55.00 0.00 39.00 18.00 0.00 40.00 14.00 0.00 84.00 16.00 0.00 8.00 2.00 29.00 1.00 97.00 64.00 39.00 32.00 14.00 90.00 0.00 0.00 11.00 8.00 26.00 60.00 0.00 54.00 57.00 37.00 0.00 82.00 0.00 9.00 31.00 73.00 94.00 87.00 0.00 74.00 63.00 17.00 0.00 0.00 100.00 51.00 0.00 54.00 0.00 15.00 0.00 65.00 81.00 0.00 95.00 60.00 55.00 8.00 8.00 80.00 3.00 34.00 0.00 36.00 16.00 87.00 0.00 38.00 17.00 84.00 10.00 39.00 0.00 92.00
18 89.00 78.00 0.00 26.00 75.00 80.00 68.00 0.00 71.00 72.00 95.00 0.00 10.00 81.00 25.00 0.00 33.00 5.00 0.00 32.00 44.00 82.00 52.00 63.00 42.00 27.00 72.00 97.00 87.00 51.00 0.00 56.00 81.00 24.00 100.00 71.00 70.00 77.00 61.00 32.00 82.00 46.00 0.00 82.00 55.00 48.00 85.00 0.00 89.00 0.00 59.00 0.00 0.00 88.00 70.00 94.00 0.00 22.00 95.00 27.00 93.00 76.00 0.00 0.00 40.00 21.00 37.00 0.00 36.00 12.00 0.00 35.00 92.00 58.00 42.00 75.00 45.00 39.00 0.00 0.00 17.00 83.00 56.00 75.00 98.00 33.00 0.00 33.00 0.00 0.00 0.00 38.00 0.00 27.00 50.00 36.00 58.00 55.00 24.00 0.00
19 68.00 30.00 44.00 0.00 0.00 41.00 71.00 90.00 28.00 3.00 0.00 0.00 33.00 96.00 0.00 63.00 0.00 98.00 32.00 0.00 32.00 57.00 55.00 56.00 76.00 29.00 70.00 1.00 85.00 59.00 30.00 24.00 66.00 90.00 6.00 0.00 77.00 0.00 0.00 51.00 0.00 85.00 5.00 66.00 96.00 16.00 0.00 1.00 35.00 97.00 38.00 0.00 64.00 0.00 13.00 45.00 0.00 67.00 61.00 15.00 83.00 0.00 52.00 34.00 51.00 97.00 51.00 44.00 0.00 97.00 7.00 73.00 62.00 0.00 26.00 40.00 0.00 11.00 15.00 41.00 0.00 0.00 76.00 10.00 40.00 92.00 75.00 0.00 0.00 51.00 34.00 41.00 52.00 0.00 0.00 25.00 28.00 72.00 79.00 0.00
20 23.00 93.00 10.00 29.00 0.00 1.00 0.00 2.00 0.00 0.00 42.00 51.00 57.00 95.00 28.00 35.00 35.00 35.00 44.00 32.00 0.00 0.00 1.00 0.00 94.00 61.00 50.00 20.00 0.00 83.00 36.00 0.00 3.00 46.00 50.00 31.00 31.00 42.00 25.00 22.00 0.00 66.00 73.00 97.00 73.00 2.00 9.00 70.00 42.00 0.00 97.00 87.00 100.00 100.00 99.00 0.00 5.00 97.00 4.00 0.00 43.00 80.00 85.00 35.00 0.00 100.00 4.00 81.00 0.00 99.00 0.00 27.00 28.00 0.00 9.00 0.00 54.00 25.00 0.00 0.00 40.00 8.00 7.00 20.00 9.00 98.00 50.00 20.00 0.00 41.00 35.00 31.00 5.00 63.00 0.00 97.00 76.00 26.00 16.00 3.00
21 0.00 0.00 78.00 56.00 0.00 0.00 9.00 26.00 0.00 0.00 0.00 96.00 93.00 29.00 18.00 100.00 25.00 59.00 82.00 57.00 0.00 0.00 0.00 13.00 42.00 74.00 89.00 0.00 0.00 36.00 93.00 50.00 35.00 91.00 19.00 16.00 0.00 52.00 0.00 0.00 0.00 58.00 83.00 40.00 8.00 93.00 0.00 68.00 30.00 0.00 76.00 12.00 64.00 38.00 78.00 21.00 71.00 39.00 0.00 76.00 53.00 64.00 19.00 14.00 33.00 92.00 80.00 0.00 0.00 69.00 45.00 38.00 89.00 85.00 97.00 34.00 85.00 18.00 48.00 0.00 0.00 56.00 8.00 16.00 24.00 41.00 6.00 56.00 66.00 0.00 19.00 6.00 87.00 63.00 0.00 68.00 32.00 74.00 78.00 80.00
22 93.00 74.00 0.00 0.00 0.00 0.00 70.00 84.00 90.00 87.00 0.00 100.00 45.00 35.00 63.00 0.00 81.00 41.00 52.00 55.00 1.00 0.00 0.00 5.00 99.00 0.00 36.00 54.00 68.00 0.00 2.00 18.00 0.00 0.00 33.00 11.00 55.00 0.00 93.00 26.00 71.00 17.00 85.00 0.00 0.00 0.00 55.00 34.00 30.00 28.00 69.00 32.00 68.00 35.00 6.00 42.00 29.00 0.00 60.00 0.00 21.00 72.00 69.00 52.00 0.00 38.00 65.00 93.00 8.00 0.00 11.00 0.00 52.00 8.00 99.00 0.00 41.00 6.00 0.00 0.00 5.00 0.00 0.00 57.00 98.00 0.00 23.00 26.00 8.00 0.00 22.00 0.00 0.00 0.00 89.00 0.00 14.00 22.00 84.00 82.00
23 87.00 35.00 38.00 0.00 37.00 94.00 1.00 86.00 57.00 32.00 2.00 0.00 52.00 16.00 64.00 0.00 37.00 4.00 63.00 56.00 0.00 13.00 5.00 0.00 0.00 19.00 54.00 42.00 31.00 98.00 0.00 44.00 51.00 77.00 0.00 59.00 9.00 45.00 31.00 55.00 18.00 98.00 79.00 9.00 8.00 0.00 98.00 75.00 39.00 17.00 38.00 59.00 12.00 0.00 40.00 10.00 66.00 0.00 13.00 71.00 67.00 0.00 0.00 0.00 31.00 0.00 67.00 76.00 68.00 45.00 14.00 0.00 0.00 0.00 0.00 0.00 78.00 72.00 69.00 44.00 38.00 62.00 65.00 63.00 13.00 74.00 0.00 77.00 0.00 55.00 13.00 78.00 83.00 47.00 1.00 71.00 86.00 84.00 84.00 95.00
24 81.00 52.00 0.00 0.00 90.00 34.00 66.00 55.00 30.00 61.00 92.00 39.00 4.00 97.00 55.00 47.00 48.00 91.00 42.00 76.00 94.00 42.00 99.00 0.00 0.00 32.00 48.00 90.00 0.00 38.00 31.00 0.00 94.00 80.00 34.00 91.00 9.00 82.00 78.00 3.00 11.00 51.00 21.00 0.00 2.00 39.00 39.00 75.00 85.00 89.00 0.00 0.00 96.00 79.00 82.00 21.00 41.00 35.00 0.00 34.00 27.00 92.00 59.00 85.00 23.00 32.00 60.00 91.00 81.00 76.00 97.00 93.00 49.00 84.00 64.00 81.00 97.00 39.00 3.00 80.00 25.00 38.00 100.00 72.00 40.00 26.00 21.00 83.00 0.00 19.00 23.00 100.00 82.00 34.00 58.00 0.00 0.00 77.00 72.00 68.00
25 88.00 26.00 0.00 19.00 0.00 0.00 28.00 26.00 29.00 17.00 79.00 74.00 0.00 0.00 0.00 19.00 57.00 55.00 27.00 29.00 61.00 74.00 0.00 19.00 32.00 0.00 0.00 45.00 42.00 33.00 44.00 44.00 3.00 69.00 68.00 45.00 49.00 9.00 0.00 86.00 6.00 55.00 57.00 88.00 41.00 77.00 91.00 36.00 61.00 0.00 80.00 0.00 0.00 58.00 12.00 4.00 85.00 81.00 3.00 49.00 95.00 6.00 86.00 7.00 13.00 51.00 12.00 47.00 84.00 10.00 19.00 29.00 8.00 26.00 59.00 23.00 60.00 35.00 75.00 21.00 0.00 43.00 14.00 18.00 88.00 93.00 0.00 0.00 0.00 64.00 34.00 0.00 52.00 5.00 0.00 2.00 0.00 0.00 23.00 0.00
26 0.00 0.00 0.00 94.00 0.00 0.00 0.00 0.00 86.00 0.00 61.00 60.00 43.00 0.00 0.00 27.00 86.00 0.00 72.00 70.00 50.00 89.00 36.00 54.00 48.00 0.00 0.00 0.00 27.00 44.00 0.00 67.00 31.00 0.00 1.00 4.00 0.00 0.00 3.00 27.00 28.00 0.00 70.00 0.00 51.00 56.00 59.00 0.00 44.00 3.00 67.00 18.00 0.00 53.00 92.00 59.00 40.00 58.00 96.00 55.00 0.00 91.00 50.00 99.00 35.00 77.00 95.00 79.00 26.00 53.00 72.00 12.00 5.00 53.00 64.00 0.00 56.00 99.00 73.00 75.00 0.00 58.00 66.00 0.00 0.00 15.00 98.00 30.00 72.00 16.00 81.00 21.00 87.00 6.00 77.00 0.00 56.00 0.00 7.00 56.00
27 40.00 37.00 29.00 26.00 100.00 15.00 31.00 7.00 70.00 87.00 79.00 42.00 55.00 22.00 3.00 0.00 51.00 39.00 97.00 1.00 20.00 0.00 54.00 42.00 90.00 45.00 0.00 0.00 18.00 57.00 89.00 0.00 96.00 0.00 69.00 56.00 0.00 72.00 0.00 73.00 35.00 0.00 0.00 0.00 55.00 0.00 55.00 79.00 14.00 0.00 98.00 100.00 64.00 0.00 66.00 90.00 0.00 29.00 87.00 0.00 85.00 3.00 9.00 83.00 16.00 0.00 58.00 7.00 24.00 0.00 88.00 20.00 3.00 52.00 91.00 52.00 17.00 41.00 0.00 64.00 25.00 99.00 0.00 63.00 55.00 72.00 30.00 54.00 32.00 0.00 21.00 19.00 0.00 4.00 40.00 54.00 81.00 76.00 73.00 0.00
28 0.00 99.00 67.00 13.00 82.00 87.00 0.00 77.00 0.00 0.00 32.00 64.00 34.00 79.00 0.00 57.00 0.00 18.00 87.00 85.00 0.00 0.00 68.00 31.00 0.00 42.00 27.00 18.00 0.00 0.00 58.00 0.00 75.00 59.00 14.00 47.00 0.00 74.00 0.00 35.00 36.00 23.00 0.00 14.00 59.00 93.00 53.00 17.00 20.00 7.00 0.00 35.00 29.00 0.00 99.00 24.00 14.00 33.00 99.00 0.00 0.00 0.00 64.00 20.00 78.00 32.00 76.00 30.00 40.00 47.00 90.00 0.00 99.00 82.00 0.00 37.00 100.00 0.00 30.00 46.00 67.00 0.00 87.00 46.00 44.00 43.00 18.00 23.00 36.00 50.00 59.00 19.00 80.00 59.00 0.00 24.00 6.00 72.00 94.00 0.00
29 96.00 62.00 50.00 66.00 68.00 36.00 0.00 88.00 0.00 0.00 77.00 4.00 0.00 0.00 23.00 73.00 47.00 0.00 51.00 59.00 83.00 36.00 0.00 98.00 38.00 33.00 44.00 57.00 0.00 0.00 10.00 43.00 43.00 31.00 76.00 70.00 45.00 0.00 44.00 66.00 32.00 44.00 0.00 69.00 61.00 82.00 0.00 0.00 13.00 30.00 28.00 0.00 91.00 7.00 0.00 0.00 54.00 88.00 35.00 53.00 72.00 63.00 16.00 0.00 65.00 93.00 0.00 29.00 29.00 49.00 19.00 84.00 41.00 81.00 5.00 82.00 16.00 99.00 0.00 0.00 2.00 94.00 44.00 95.00 49.00 30.00 36.00 0.00 31.00 2.00 0.00 94.00 7.00 63.00 47.00 13.00 52.00 100.00 0.00 0.00
30 79.00 0.00 33.00 0.00 54.00 77.00 9.00 87.00 62.00 0.00 44.00 57.00 1.00 53.00 40.00 93.00 75.00 40.00 0.00 30.00 36.00 93.00 2.00 0.00 31.00 44.00 0.00 89.00 58.00 10.00 0.00 8.00 0.00 0.00 88.00 44.00 16.00 0.00 48.00 96.00 38.00 20.00 41.00 0.00 18.00 51.00 91.00 36.00 9.00 44.00 0.00 72.00 20.00 0.00 95.00 0.00 44.00 5.00 40.00 0.00 96.00 13.00 0.00 0.00 83.00 72.00 11.00 22.00 47.00 82.00 98.00 0.00 0.00 87.00 10.00 10.00 94.00 0.00 0.00 34.00 54.00 45.00 78.00 72.00 0.00 10.00 0.00 0.00 27.00 8.00 0.00 6.00 0.00 91.00 53.00 48.00 35.00 80.00 91.00 24.00
31 66.00 0.00 0.00 62.00 0.00 23.00 47.00 7.00 74.00 59.00 53.00 39.00 54.00 0.00 91.00 76.00 85.00 14.00 56.00 24.00 0.00 50.00 18.00 44.00 0.00 44.00 67.00 0.00 0.00 43.00 8.00 0.00 90.00 47.00 0.00 25.00 0.00 65.00 0.00 0.00 38.00 6.00 25.00 50.00 51.00 74.00 8.00 43.00 49.00 77.00 97.00 23.00 56.00 5.00 62.00 2.00 0.00 85.00 95.00 12.00 74.00 23.00 32.00 71.00 9.00 0.00 45.00 56.00 82.00 0.00 0.00 0.00 65.00 23.00 93.00 12.00 0.00 52.00 84.00 90.00 71.00 69.00 41.00 83.00 0.00 47.00 0.00 0.00 11.00 70.00 100.00 23.00 15.00 0.00 50.00 0.00 0.00 8.00 18.00 44.00
32 0.00 0.00 8.00 36.00 22.00 0.00 69.00 46.00 5.00 79.00 46.00 45.00 54.00 0.00 13.00 55.00 1.00 0.00 81.00 66.00 3.00 35.00 0.00 51.00 94.00 3.00 31.00 96.00 75.00 43.00 0.00 90.00 0.00 73.00 75.00 0.00 10.00 73.00 33.00 0.00 0.00 39.00 45.00 0.00 0.00 20.00 46.00 55.00 32.00 75.00 0.00 85.00 14.00 0.00 96.00 11.00 9.00 0.00 0.00 18.00 17.00 21.00 60.00 47.00 0.00 9.00 69.00 84.00 61.00 41.00 35.00 2.00 87.00 64.00 42.00 52.00 34.00 4.00 6.00 57.00 0.00 0.00 55.00 0.00 97.00 88.00 22.00 0.00 0.00 0.00 0.00 100.00 43.00 45.00 77.00 58.00 4.00 0.00 71.00 25.00
33 17.00 62.00 53.00 0.00 0.00 0.00 0.00 13.00 8.00 21.00 26.00 54.00 91.00 48.00 24.00 49.00 12.00 84.00 24.00 90.00 46.00 91.00 0.00 77.00 80.00 69.00 0.00 0.00 59.00 31.00 0.00 47.00 73.00 0.00 71.00 2.00 0.00 24.00 7.00 37.00 0.00 88.00 42.00 49.00 0.00 0.00 0.00 82.00 22.00 13.00 10.00 44.00 90.00 17.00 80.00 52.00 11.00 91.00 7.00 98.00 7.00 34.00 78.00 61.00 0.00 0.00 0.00 15.00 0.00 0.00 0.00 0.00 39.00 95.00 0.00 59.00 0.00 0.00 62.00 14.00 0.00 88.00 83.00 89.00 82.00 64.00 35.00 11.00 43.00 0.00 32.00 48.00 39.00 32.00 50.00 100.00 96.00 72.00 32.00 0.00
34 14.00 38.00 60.00 0.00 15.00 87.00 83.00 64.00 99.00 22.00 96.00 82.00 0.00 77.00 0.00 64.00 90.00 16.00 100.00 6.00 50.00 19.00 33.00 0.00 34.00 68.00 1.00 69.00 14.00 76.00 88.00 0.00 75.00 71.00 0.00 0.00 7.00 66.00 0.00 10.00 27.00 72.00 58.00 0.00 16.00 0.00 30.00 0.00 11.00 0.00 72.00 52.00 76.00 0.00 0.00 57.00 12.00 72.00 78.00 0.00 3.00 12.00 0.00 0.00 75.00 0.00 67.00 0.00 57.00 0.00 0.00 41.00 52.00 34.00 0.00 33.00 62.00 37.00 38.00 39.00 14.00 89.00 34.00 38.00 83.00 79.00 82.00 0.00 52.00 82.00 9.00 75.00 84.00 0.00 80.00 93.00 26.00 0.00 0.00 3.00
35 34.00 21.00 50.00 86.00 80.00 0.00 41.00 0.00 36.00 44.00 52.00 0.00 48.00 67.00 0.00 14.00 0.00 0.00 71.00 0.00 31.00 16.00 11.00 59.00 91.00 45.00 4.00 56.00 47.00 70.00 44.00 25.00 0.00 2.00 0.00 0.00 97.00 97.00 36.00 53.00 72.00 18.00 0.00 0.00 94.00 13.00 72.00 0.00 0.00 65.00 0.00 0.00 0.00 23.00 0.00 67.00 0.00 52.00 16.00 18.00 17.00 92.00 0.00 0.00 28.00 0.00 26.00 4.00 63.00 59.00 66.00 0.00 82.00 0.00 58.00 46.00 15.00 39.00 0.00 0.00 63.00 12.00 29.00 64.00 19.00 77.00 55.00 37.00 65.00 46.00 17.00 0.00 0.00 93.00 0.00 42.00 0.00 70.00 0.00 6.00
36 95.00 0.00 100.00 13.00 0.00 81.00 0.00 92.00 77.00 20.00 86.00 10.00 0.00 0.00 73.00 50.00 49.00 8.00 70.00 77.00 31.00 0.00 55.00 9.00 9.00 49.00 0.00 0.00 0.00 45.00 16.00 0.00 10.00 0.00 7.00 97.00 0.00 84.00 65.00 0.00 0.00 43.00 54.00 0.00 53.00 57.00 0.00 27.00 0.00 90.00 0.00 0.00 25.00 0.00 55.00 63.00 0.00 39.00 64.00 0.00 75.00 10.00 17.00 82.00 92.00 4.00 0.00 0.00 42.00 41.00 41.00 10.00 48.00 44.00 45.00 79.00 7.00 33.00 92.00 19.00 0.00 0.00 0.00 83.00 93.00 0.00 0.00 99.00 97.00 66.00 77.00 0.00 36.00 24.00 25.00 0.00 48.00 91.00 77.00 0.00
37 0.00 81.00 0.00 12.00 0.00 26.00 41.00 67.00 64.00 43.00 5.00 64.00 99.00 84.00 0.00 92.00 0.00 2.00 77.00 0.00 42.00 52.00 0.00 45.00 82.00 9.00 0.00 72.00 74.00 0.00 0.00 65.00 73.00 24.00 66.00 97.00 84.00 0.00 0.00 27.00 34.00 0.00 50.00 64.00 0.00 0.00 99.00 71.00 37.00 92.00 20.00 56.00 38.00 0.00 36.00 95.00 30.00 67.00 99.00 58.00 27.00 0.00 38.00 80.00 0.00 54.00 24.00 98.00 69.00 0.00 0.00 59.00 25.00 63.00 57.00 0.00 97.00 13.00 40.00 0.00 25.00 45.00 53.00 8.00 22.00 0.00 8.00 96.00 0.00 0.00 77.00 11.00 40.00 60.00 74.00 0.00 31.00 0.00 0.00 63.00
38 0.00 0.00 30.00 10.00 38.00 98.00 29.00 81.00 0.00 0.00 36.00 37.00 0.00 0.00 44.00 1.00 97.00 29.00 61.00 0.00 25.00 0.00 93.00 31.00 78.00 0.00 3.00 0.00 0.00 44.00 48.00 0.00 33.00 7.00 0.00 36.00 65.00 0.00 0.00 59.00 97.00 72.00 12.00 0.00 0.00 79.00 0.00 9.00 16.00 74.00 0.00 50.00 95.00 22.00 78.00 28.00 81.00 0.00 52.00 44.00 79.00 0.00 7.00 0.00 84.00 78.00 34.00 0.00 0.00 12.00 49.00 97.00 69.00 0.00 53.00 86.00 79.00 77.00 19.00 0.00 86.00 46.00 0.00 78.00 7.00 0.00 39.00 5.00 69.00 100.00 0.00 92.00 72.00 99.00 66.00 100.00 91.00 21.00 45.00 36.00
39 0.00 8.00 0.00 81.00 1.00 0.00 77.00 52.00 63.00 44.00 19.00 2.00 0.00 13.00 41.00 62.00 81.00 1.00 32.00 51.00 22.00 0.00 26.00 55.00 3.00 86.00 27.00 73.00 35.00 66.00 96.00 0.00 0.00 37.00 10.00 53.00 0.00 27.00 59.00 0.00 0.00 26.00 55.00 4.00 0.00 0.00 33.00 76.00 30.00 62.00 14.00 80.00 72.00 0.00 0.00 31.00 2.00 10.00 0.00 70.00 0.00 80.00 23.00 9.00 63.00 31.00 36.00 79.00 0.00 72.00 59.00 27.00 9.00 61.00 51.00 0.00 14.00 0.00 17.00 39.00 0.00 29.00 60.00 0.00 33.00 57.00 27.00 37.00 0.00 15.00 49.00 48.00 0.00 58.00 14.00 90.00 100.00 78.00 29.00 65.00
40 50.00 0.00 69.00 57.00 4.00 96.00 64.00 50.00 0.00 0.00 53.00 0.00 39.00 10.00 90.00 0.00 11.00 97.00 82.00 0.00 0.00 0.00 71.00 18.00 11.00 6.00 28.00 35.00 36.00 32.00 38.00 38.00 0.00 0.00 27.00 72.00 0.00 34.00 97.00 0.00 0.00 76.00 82.00 60.00 100.00 6.00 83.00 86.00 26.00 0.00 20.00 11.00 0.00 0.00 36.00 5.00 53.00 32.00 2.00 3.00 40.00 0.00 10.00 0.00 0.00 1.00 0.00 11.00 39.00 46.00 83.00 0.00 0.00 0.00 66.00 77.00 46.00 0.00 40.00 82.00 6.00 8.00 0.00 0.00 48.00 32.00 36.00 97.00 65.00 0.00 49.00 0.00 0.00 22.00 19.00 80.00 29.00 54.00 7.00 76.00
41 25.00 61.00 92.00 0.00 21.00 45.00 97.00 0.00 5.00 74.00 49.00 33.00 93.00 80.00 64.00 9.00 90.00 64.00 46.00 85.00 66.00 58.00 17.00 98.00 51.00 55.00 0.00 0.00 23.00 44.00 20.00 6.00 39.00 88.00 72.00 18.00 43.00 0.00 72.00 26.00 76.00 0.00 12.00 11.00 19.00 14.00 0.00 26.00 25.00 10.00 72.00 91.00 61.00 88.00 2.00 67.00 8.00 26.00 0.00 5.00 94.00 59.00 0.00 29.00 0.00 98.00 7.00 29.00 18.00 2.00 0.00 26.00 8.00 85.00 56.00 14.00 5.00 68.00 86.00 42.00 49.00 41.00 0.00 51.00 39.00 85.00 40.00 0.00 7.00 0.00 35.00 79.00 94.00 88.00 1.00 88.00 0.00 68.00 0.00 0.00
42 0.00 0.00 0.00 0.00 19.00 0.00 95.00 0.00 71.00 51.00 78.00 95.00 0.00 31.00 23.00 73.00 0.00 39.00 0.00 5.00 73.00 83.00 85.00 79.00 21.00 57.00 70.00 0.00 0.00 0.00 41.00 25.00 45.00 42.00 58.00 0.00 54.00 50.00 12.00 55.00 82.00 12.00 0.00 10.00 65.00 82.00 66.00 38.00 0.00 0.00 68.00 96.00 95.00 0.00 34.00 0.00 73.00 4.00 3.00 87.00 46.00 0.00 0.00 1.00 28.00 26.00 54.00 0.00 94.00 52.00 0.00 0.00 73.00 28.00 0.00 22.00 48.00 64.00 66.00 0.00 51.00 0.00 74.00 0.00 0.00 0.00 0.00 42.00 60.00 0.00 0.00 89.00 0.00 99.00 66.00 47.00 0.00 67.00 95.00 0.00
43 100.00 71.00 80.00 0.00 14.00 0.00 18.00 65.00 0.00 38.00 8.00 0.00 70.00 64.00 56.00 61.00 0.00 32.00 82.00 66.00 97.00 40.00 0.00 9.00 0.00 88.00 0.00 0.00 14.00 69.00 0.00 50.00 0.00 49.00 0.00 0.00 0.00 64.00 0.00 4.00 60.00 11.00 10.00 0.00 0.00 94.00 37.00 40.00 8.00 91.00 37.00 79.00 13.00 72.00 27.00 98.00 70.00 5.00 59.00 0.00 9.00 62.00 8.00 0.00 0.00 55.00 1.00 0.00 30.00 66.00 30.00 0.00 0.00 32.00 0.00 69.00 68.00 20.00 68.00 31.00 91.00 0.00 18.00 0.00 0.00 100.00 38.00 17.00 45.00 70.00 64.00 54.00 18.00 10.00 0.00 0.00 0.00 97.00 0.00 17.00
44 0.00 0.00 54.00 88.00 77.00 71.00 63.00 0.00 41.00 0.00 12.00 0.00 0.00 0.00 0.00 68.00 0.00 14.00 55.00 96.00 73.00 8.00 0.00 8.00 2.00 41.00 51.00 55.00 59.00 61.00 18.00 51.00 0.00 0.00 16.00 94.00 53.00 0.00 0.00 0.00 100.00 19.00 65.00 0.00 0.00 80.00 31.00 0.00 0.00 15.00 0.00 42.00 0.00 32.00 46.00 21.00 10.00 0.00 30.00 0.00 44.00 83.00 97.00 64.00 58.00 9.00 80.00 19.00 37.00 98.00 57.00 12.00 0.00 82.00 0.00 68.00 43.00 0.00 11.00 91.00 0.00 76.00 44.00 91.00 0.00 0.00 40.00 0.00 49.00 0.00 27.00 99.00 20.00 0.00 18.00 78.00 10.00 55.00 0.00 0.00
45 25.00 61.00 80.00 68.00 35.00 0.00 0.00 41.00 79.00 24.00 17.00 19.00 59.00 11.00 70.00 98.00 27.00 90.00 48.00 16.00 2.00 93.00 0.00 0.00 39.00 77.00 56.00 0.00 93.00 82.00 51.00 74.00 20.00 0.00 0.00 13.00 57.00 0.00 79.00 0.00 6.00 14.00 82.00 94.00 80.00 0.00 88.00 51.00 42.00 88.00 46.00 94.00 43.00 79.00 0.00 0.00 8.00 3.00 38.00 0.00 52.00 42.00 77.00 15.00 27.00 93.00 40.00 0.00 50.00 67.00 83.00 32.00 73.00 93.00 71.00 0.00 100.00 64.00 33.00 90.00 63.00 0.00 24.00 0.00 0.00 53.00 9.00 85.00 68.00 90.00 3.00 63.00 7.00 67.00 0.00 40.00 0.00 0.00 0.00 0.00
46 31.00 22.00 39.00 58.00 32.00 77.00 0.00 76.00 43.00 12.00 2.00 0.00 25.00 11.00 25.00 0.00 29.00 0.00 85.00 0.00 9.00 0.00 55.00 98.00 39.00 91.00 59.00 55.00 53.00 0.00 91.00 8.00 46.00 0.00 30.00 72.00 0.00 99.00 0.00 33.00 83.00 0.00 66.00 37.00 31.00 88.00 0.00 0.00 82.00 6.00 79.00 0.00 0.00 51.00 0.00 34.00 48.00 37.00 3.00 0.00 59.00 1.00 77.00 0.00 20.00 11.00 97.00 0.00 0.00 0.00 36.00 68.00 13.00 0.00 0.00 31.00 24.00 49.00 0.00 0.00 21.00 54.00 0.00 36.00 0.00 2.00 81.00 0.00 0.00 81.00 25.00 73.00 44.00 68.00 34.00 32.00 0.00 83.00 91.00 27.00
47 67.00 83.00 0.00 60.00 86.00 37.00 99.00 63.00 71.00 43.00 18.00 11.00 73.00 60.00 16.00 0.00 0.00 0.00 0.00 1.00 70.00 68.00 34.00 75.00 75.00 36.00 0.00 79.00 17.00 0.00 36.00 43.00 55.00 82.00 0.00 0.00 27.00 71.00 9.00 76.00 86.00 26.00 38.00 40.00 0.00 51.00 0.00 0.00 0.00 12.00 62.00 24.00 0.00 57.00 12.00 95.00 0.00 94.00 33.00 0.00 0.00 60.00 0.00 78.00 98.00 0.00 32.00 6.00 70.00 66.00 43.00 11.00 77.00 57.00 0.00 90.00 0.00 87.00 67.00 19.00 22.00 29.00 45.00 48.00 5.00 0.00 52.00 62.00 4.00 18.00 69.00 0.00 94.00 62.00 13.00 60.00 39.00 11.00 42.00 40.00
48 69.00 98.00 70.00 55.00 85.00 40.00 0.00 2.00 0.00 32.00 0.00 0.00 0.00 45.00 46.00 81.00 90.00 11.00 89.00 35.00 42.00 30.00 30.00 39.00 85.00 61.00 44.00 14.00 20.00 13.00 9.00 49.00 32.00 22.00 11.00 0.00 0.00 37.00 16.00 30.00 26.00 25.00 0.00 8.00 0.00 42.00 82.00 0.00 0.00 72.00 87.00 56.00 81.00 42.00 6.00 74.00 0.00 0.00 43.00 48.00 88.00 20.00 31.00 0.00 96.00 0.00 90.00 60.00 23.00 0.00 44.00 50.00 0.00 20.00 0.00 13.00 0.00 37.00 0.00 95.00 0.00 41.00 0.00 87.00 26.00 29.00 2.00 0.00 18.00 0.00 57.00 0.00 0.00 46.00 72.00 33.00 79.00 97.00 75.00 79.00
49 12.00 0.00 0.00 93.00 89.00 54.00 16.00 10.00 20.00 83.00 87.00 5.00 14.00 0.00 0.00 46.00 0.00 8.00 0.00 97.00 0.00 0.00 28.00 17.00 89.00 0.00 3.00 0.00 7.00 30.00 44.00 77.00 75.00 13.00 0.00 65.00 90.00 92.00 74.00 62.00 0.00 10.00 0.00 91.00 15.00 88.00 6.00 12.00 72.00 0.00 90.00 14.00 18.00 92.00 53.00 93.00 36.00 98.00 10.00 47.00 53.00 0.00 0.00 95.00 0.00 42.00 0.00 77.00 58.00 26.00 88.00 0.00 63.00 30.00 54.00 66.00 46.00 67.00 74.00 21.00 38.00 0.00 19.00 63.00 81.00 0.00 0.00 58.00 43.00 0.00 0.00 41.00 0.00 43.00 91.00 99.00 12.00 26.00 0.00 76.00
50 0.00 0.00 79.00 5.00 53.00 0.00 32.00 97.00 28.00 0.00 0.00 0.00 40.00 0.00 63.00 0.00 34.00 26.00 59.00 38.00 97.00 76.00 69.00 38.00 0.00 80.00 67.00 98.00 0.00 28.00 0.00 97.00 0.00 10.00 72.00 0.00 0.00 20.00 0.00 14.00 20.00 72.00 68.00 37.00 0.00 46.00 79.00 62.00 87.00 90.00 0.00 59.00 0.00 51.00 0.00 44.00 48.00 0.00 0.00 84.00 26.00 25.00 22.00 71.00 67.00 3.00 60.00 9.00 85.00 70.00 0.00 0.00 49.00 0.00 9.00 0.00 60.00 15.00 0.00 2.00 96.00 75.00 83.00 82.00 91.00 61.00 40.00 0.00 86.00 35.00 47.00 5.00 38.00 97.00 77.00 0.00 8.00 71.00 1.00 79.00
51 80.00 4.00 10.00 78.00 43.00 0.00 98.00 12.00 91.00 0.00 0.00 9.00 72.00 65.00 0.00 0.00 44.00 60.00 0.00 0.00 87.00 12.00 32.00 59.00 0.00 0.00 18.00 100.00 35.00 0.00 72.00 23.00 85.00 44.00 52.00 0.00 0.00 56.00 50.00 80.00 11.00 91.00 96.00 79.00 42.00 94.00 0.00 24.00 56.00 14.00 59.00 0.00 56.00 80.00 0.00 39.00 0.00 7.00 11.00 50.00 0.00 38.00 38.00 76.00 12.00 91.00 26.00 77.00 13.00 60.00 59.00 0.00 3.00 50.00 17.00 23.00 53.00 0.00 64.00 89.00 63.00 0.00 0.00 83.00 0.00 65.00 0.00 90.00 32.00 67.00 54.00 85.00 0.00 63.00 0.00 78.00 32.00 75.00 68.00 19.00
52 4.00 21.00 51.00 76.00 10.00 0.00 74.00 35.00 95.00 34.00 13.00 47.00 71.00 35.00 45.00 72.00 49.00 0.00 0.00 64.00 100.00 64.00 68.00 12.00 96.00 0.00 0.00 64.00 29.00 91.00 20.00 56.00 14.00 90.00 76.00 0.00 25.00 38.00 95.00 72.00 0.00 61.00 95.00 13.00 0.00 43.00 0.00 0.00 81.00 18.00 0.00 56.00 0.00 0.00 0.00 100.00 0.00 49.00 100.00 0.00 71.00 0.00 42.00 67.00 54.00 50.00 0.00 90.00 0.00 0.00 0.00 0.00 38.00 91.00 73.00 74.00 78.00 0.00 96.00 0.00 22.00 47.00 67.00 34.00 1.00 9.00 87.00 38.00 84.00 47.00 0.00 58.00 19.00 64.00 42.00 17.00 3.00 5.00 38.00 3.00
53 66.00 57.00 0.00 19.00 7.00 72.00 58.00 6.00 88.00 26.00 64.00 46.00 31.00 41.00 2.00 0.00 51.00 54.00 88.00 0.00 100.00 38.00 35.00 0.00 79.00 58.00 53.00 0.00 0.00 7.00 0.00 5.00 0.00 17.00 0.00 23.00 0.00 0.00 22.00 0.00 0.00 88.00 0.00 72.00 32.00 79.00 51.00 57.00 42.00 92.00 51.00 80.00 0.00 0.00 91.00 54.00 82.00 22.00 0.00 83.00 0.00 32.00 0.00 49.00 98.00 76.00 54.00 57.00 86.00 40.00 94.00 30.00 16.00 0.00 61.00 0.00 42.00 47.00 55.00 11.00 96.00 11.00 42.00 88.00 22.00 0.00 60.00 49.00 8.00 0.00 85.00 0.00 90.00 78.00 55.00 0.00 11.00 0.00 0.00 24.00
54 9.00 25.00 32.00 50.00 0.00 25.00 29.00 68.00 0.00 20.00 45.00 6.00 85.00 8.00 40.00 89.00 97.00 57.00 70.00 13.00 99.00 78.00 6.00 40.00 82.00 12.00 92.00 66.00 99.00 0.00 95.00 62.00 96.00 80.00 0.00 0.00 55.00 36.00 78.00 0.00 36.00 2.00 34.00 27.00 46.00 0.00 0.00 12.00 6.00 53.00 0.00 0.00 0.00 91.00 0.00 91.00 30.00 0.00 56.00 36.00 51.00 59.00 18.00 90.00 16.00 0.00 48.00 60.00 68.00 84.00 28.00 0.00 78.00 82.00 25.00 0.00 72.00 86.00 0.00 65.00 55.00 0.00 85.00 0.00 45.00 11.00 43.00 24.00 7.00 60.00 94.00 93.00 0.00 66.00 45.00 0.00 55.00 7.00 0.00 22.00
55 0.00 41.00 5.00 69.00 0.00 0.00 3.00 10.00 37.00 43.00 83.00 30.00 12.00 17.00 0.00 0.00 60.00 37.00 94.00 45.00 0.00 21.00 42.00 10.00 21.00 4.00 59.00 90.00 24.00 0.00 0.00 2.00 11.00 52.00 57.00 67.00 63.00 95.00 28.00 31.00 5.00 67.00 0.00 98.00 21.00 0.00 34.00 95.00 74.00 93.00 44.00 39.00 100.00 54.00 91.00 0.00 66.00 92.00 38.00 83.00 54.00 28.00 100.00 100.00 97.00 59.00 93.00 32.00 67.00 4.00 19.00 75.00 0.00 0.00 11.00 100.00 40.00 0.00 0.00 78.00 51.00 0.00 75.00 0.00 0.00 23.00 86.00 3.00 57.00 86.00 28.00 91.00 14.00 36.00 25.00 42.00 0.00 93.00 13.00 40.00
56 19.00 0.00 0.00 0.00 57.00 37.00 6.00 12.00 33.00 73.00 9.00 71.00 91.00 21.00 73.00 78.00 22.00 0.00 0.00 0.00 5.00 71.00 29.00 66.00 41.00 85.00 40.00 0.00 14.00 54.00 44.00 0.00 9.00 11.00 12.00 0.00 0.00 30.00 81.00 2.00 53.00 8.00 73.00 70.00 10.00 8.00 48.00 0.00 0.00 36.00 48.00 0.00 0.00 82.00 30.00 66.00 0.00 44.00 20.00 68.00 49.00 68.00 47.00 59.00 0.00 93.00 0.00 0.00 99.00 38.00 56.00 89.00 60.00 50.00 0.00 48.00 56.00 66.00 82.00 42.00 61.00 53.00 91.00 43.00 7.00 86.00 1.00 39.00 50.00 31.00 30.00 39.00 41.00 96.00 53.00 86.00 73.00 29.00 72.00 93.00
57 84.00 73.00 35.00 55.00 0.00 0.00 37.00 97.00 12.00 71.00 42.00 32.00 82.00 1.00 0.00 74.00 9.00 82.00 22.00 67.00 97.00 39.00 0.00 0.00 35.00 81.00 58.00 29.00 33.00 88.00 5.00 85.00 0.00 91.00 72.00 52.00 39.00 67.00 0.00 10.00 32.00 26.00 4.00 5.00 0.00 3.00 37.00 94.00 0.00 98.00 0.00 7.00 49.00 22.00 0.00 92.00 44.00 0.00 0.00 86.00 14.00 46.00 15.00 56.00 67.00 72.00 56.00 66.00 55.00 28.00 32.00 56.00 89.00 0.00 5.00 15.00 10.00 33.00 88.00 19.00 13.00 0.00 52.00 0.00 71.00 27.00 97.00 5.00 71.00 35.00 0.00 9.00 0.00 49.00 0.00 34.00 3.00 63.00 25.00 70.00
58 81.00 9.00 30.00 58.00 38.00 0.00 82.00 15.00 16.00 40.00 16.00 18.00 39.00 0.00 0.00 57.00 31.00 0.00 95.00 61.00 4.00 0.00 60.00 13.00 0.00 3.00 96.00 87.00 99.00 35.00 40.00 95.00 0.00 7.00 78.00 16.00 64.00 99.00 52.00 0.00 2.00 0.00 3.00 59.00 30.00 38.00 3.00 33.00 43.00 10.00 0.00 11.00 100.00 0.00 56.00 38.00 20.00 0.00 0.00 8.00 0.00 0.00 90.00 41.00 68.00 98.00 20.00 6.00 77.00 0.00 71.00 0.00 62.00 0.00 4.00 0.00 0.00 11.00 47.00 23.00 32.00 98.00 41.00 53.00 56.00 80.00 62.00 75.00 61.00 0.00 88.00 76.00 64.00 59.00 12.00 6.00 71.00 75.00 71.00 61.00
59 26.00 18.00 90.00 72.00 45.00 0.00 74.00 88.00 81.00 12.00 46.00 73.00 82.00 18.00 0.00 0.00 51.00 9.00 27.00 15.00 0.00 76.00 0.00 71.00 34.00 49.00 55.00 0.00 0.00 53.00 0.00 12.00 18.00 98.00 0.00 18.00 0.00 58.00 44.00 70.00 3.00 5.00 87.00 0.00 0.00 0.00 0.00 0.00 48.00 47.00 84.00 50.00 0.00 83.00 36.00 83.00 68.00 86.00 8.00 0.00 0.00 8.00 20.00 68.00 74.00 45.00 69.00 0.00 67.00 31.00 53.00 37.00 74.00 76.00 97.00 60.00 60.00 32.00 79.00 2.00 49.00 0.00 77.00 72.00 47.00 8.00 21.00 0.00 60.00 88.00 9.00 72.00 38.00 61.00 34.00 68.00 0.00 0.00 13.00 0.00
60 80.00 12.00 20.00 97.00 27.00 0.00 66.00 32.00 59.00 14.00 84.00 77.00 10.00 36.00 98.00 83.00 0.00 31.00 93.00 83.00 43.00 53.00 21.00 67.00 27.00 95.00 0.00 85.00 0.00 72.00 96.00 74.00 17.00 7.00 3.00 17.00 75.00 27.00 79.00 0.00 40.00 94.00 46.00 9.00 44.00 52.00 59.00 0.00 88.00 53.00 26.00 0.00 71.00 0.00 51.00 54.00 49.00 14.00 0.00 0.00 0.00 10.00 0.00 41.00 32.00 4.00 28.00 85.00 91.00 0.00 0.00 24.00 98.00 12.00 38.00 45.00 2.00 20.00 42.00 13.00 6.00 48.00 86.00 0.00 9.00 65.00 68.00 0.00 23.00 0.00 89.00 39.00 58.00 0.00 96.00 0.00 33.00 0.00 6.00 8.00
61 39.00 79.00 42.00 0.00 95.00 4.00 0.00 0.00 70.00 69.00 2.00 0.00 11.00 0.00 0.00 15.00 55.00 73.00 76.00 0.00 80.00 64.00 72.00 0.00 92.00 6.00 91.00 3.00 0.00 63.00 13.00 23.00 21.00 34.00 12.00 92.00 10.00 0.00 0.00 80.00 0.00 59.00 0.00 62.00 83.00 42.00 1.00 60.00 20.00 0.00 25.00 38.00 0.00 32.00 59.00 28.00 68.00 46.00 0.00 8.00 10.00 0.00 35.00 45.00 0.00 41.00 38.00 39.00 64.00 60.00 0.00 2.00 52.00 95.00 92.00 0.00 0.00 87.00 0.00 25.00 0.00 53.00 0.00 95.00 0.00 92.00 26.00 79.00 69.00 0.00 0.00 36.00 98.00 50.00 82.00 18.00 45.00 65.00 90.00 78.00
62 6.00 0.00 52.00 0.00 0.00 72.00 61.00 7.00 38.00 0.00 46.00 93.00 45.00 0.00 35.00 24.00 89.00 94.00 0.00 52.00 85.00 19.00 69.00 0.00 59.00 86.00 50.00 9.00 64.00 16.00 0.00 32.00 60.00 78.00 0.00 0.00 17.00 38.00 7.00 23.00 10.00 0.00 0.00 8.00 97.00 77.00 77.00 0.00 31.00 0.00 22.00 38.00 42.00 0.00 18.00 100.00 47.00 15.00 90.00 20.00 0.00 35.00 0.00 0.00 89.00 27.00 95.00 40.00 26.00 2.00 64.00 14.00 42.00 63.00 99.00 11.00 7.00 59.00 0.00 49.00 95.00 35.00 64.00 44.00 53.00 67.00 31.00 51.00 19.00 6.00 0.00 0.00 86.00 27.00 48.00 0.00 71.00 13.00 55.00 29.00
63 58.00 0.00 37.00 55.00 71.00 0.00 35.00 92.00 6.00 49.00 11.00 53.00 97.00 99.00 0.00 72.00 12.00 87.00 0.00 34.00 35.00 14.00 52.00 0.00 85.00 7.00 99.00 83.00 20.00 0.00 0.00 71.00 47.00 61.00 0.00 0.00 82.00 80.00 0.00 9.00 0.00 29.00 1.00 0.00 64.00 15.00 0.00 78.00 0.00 95.00 71.00 76.00 67.00 49.00 90.00 100.00 59.00 56.00 41.00 68.00 41.00 45.00 0.00 0.00 0.00 96.00 65.00 76.00 43.00 0.00 0.00 3.00 62.00 0.00 63.00 0.00 0.00 83.00 82.00 85.00 29.00 78.00 22.00 5.00 26.00 62.00 1.00 0.00 0.00 5.00 42.00 0.00 0.00 50.00 58.00 84.00 0.00 25.00 96.00 4.00
64 35.00 0.00 10.00 11.00 14.00 67.00 0.00 31.00 45.00 68.00 0.00 68.00 68.00 7.00 54.00 0.00 92.00 0.00 40.00 51.00 0.00 33.00 0.00 31.00 23.00 13.00 35.00 16.00 78.00 65.00 83.00 9.00 0.00 0.00 75.00 28.00 92.00 0.00 84.00 63.00 0.00 0.00 28.00 0.00 58.00 27.00 20.00 98.00 96.00 0.00 67.00 12.00 54.00 98.00 16.00 97.00 0.00 67.00 68.00 74.00 32.00 0.00 89.00 0.00 0.00 0.00 35.00 9.00 12.00 0.00 76.00 28.00 70.00 27.00 38.00 66.00 0.00 15.00 25.00 39.00 85.00 57.00 27.00 0.00 11.00 35.00 0.00 49.00 12.00 0.00 54.00 94.00 39.00 44.00 0.00 0.00 45.00 92.00 40.00 16.00
65 91.00 25.00 99.00 0.00 0.00 65.00 0.00 0.00 43.00 94.00 66.00 94.00 0.00 35.00 0.00 45.00 6.00 74.00 21.00 97.00 100.00 92.00 38.00 0.00 32.00 51.00 77.00 0.00 32.00 93.00 72.00 0.00 9.00 0.00 0.00 0.00 4.00 54.00 78.00 31.00 1.00 98.00 26.00 55.00 9.00 93.00 11.00 0.00 0.00 42.00 3.00 91.00 50.00 76.00 0.00 59.00 93.00 72.00 98.00 45.00 4.00 41.00 27.00 96.00 0.00 0.00 0.00 92.00 40.00 0.00 0.00 0.00 58.00 0.00 70.00 79.00 1.00 53.00 5.00 40.00 50.00 88.00 61.00 90.00 0.00 72.00 45.00 91.00 85.00 96.00 84.00 18.00 27.00 0.00 0.00 0.00 63.00 17.00 0.00 28.00
66 79.00 0.00 28.00 99.00 21.00 0.00 0.00 0.00 54.00 0.00 0.00 92.00 0.00 42.00 97.00 14.00 34.00 63.00 37.00 51.00 4.00 80.00 65.00 67.00 60.00 12.00 95.00 58.00 76.00 0.00 11.00 45.00 69.00 0.00 67.00 26.00 0.00 24.00 34.00 36.00 0.00 7.00 54.00 1.00 80.00 40.00 97.00 32.00 90.00 0.00 60.00 26.00 0.00 54.00 48.00 93.00 0.00 56.00 20.00 69.00 28.00 38.00 95.00 65.00 35.00 0.00 0.00 25.00 27.00 100.00 30.00 52.00 7.00 43.00 76.00 0.00 0.00 24.00 79.00 67.00 48.00 14.00 87.00 0.00 87.00 11.00 55.00 61.00 49.00 64.00 40.00 5.00 56.00 66.00 34.00 89.00 37.00 97.00 75.00 38.00
67 35.00 40.00 0.00 90.00 0.00 0.00 9.00 26.00 87.00 0.00 61.00 62.00 71.00 21.00 0.00 79.00 29.00 17.00 0.00 44.00 81.00 0.00 93.00 76.00 91.00 47.00 79.00 7.00 30.00 29.00 22.00 56.00 84.00 15.00 0.00 4.00 0.00 98.00 0.00 79.00 11.00 29.00 0.00 0.00 19.00 0.00 0.00 6.00 60.00 77.00 9.00 77.00 90.00 57.00 60.00 32.00 0.00 66.00 6.00 0.00 85.00 39.00 40.00 76.00 9.00 92.00 25.00 0.00 32.00 0.00 49.00 65.00 1.00 54.00 0.00 54.00 0.00 67.00 0.00 0.00 18.00 15.00 30.00 0.00 38.00 65.00 37.00 80.00 47.00 31.00 81.00 16.00 38.00 88.00 81.00 10.00 0.00 59.00 29.00 57.00
68 66.00 18.00 11.00 95.00 69.00 0.00 60.00 0.00 59.00 0.00 0.00 83.00 0.00 10.00 2.00 3.00 10.00 0.00 36.00 0.00 0.00 0.00 8.00 68.00 81.00 84.00 26.00 24.00 40.00 29.00 47.00 82.00 61.00 0.00 57.00 63.00 42.00 69.00 0.00 0.00 39.00 18.00 94.00 30.00 37.00 50.00 0.00 70.00 23.00 58.00 85.00 13.00 0.00 86.00 68.00 67.00 99.00 55.00 77.00 67.00 91.00 64.00 26.00 43.00 12.00 40.00 27.00 32.00 0.00 0.00 0.00 83.00 39.00 0.00 0.00 4.00 9.00 69.00 0.00 45.00 0.00 82.00 55.00 28.00 0.00 50.00 31.00 11.00 89.00 0.00 90.00 60.00 20.00 24.00 4.00 19.00 61.00 79.00 58.00 0.00
69 0.00 0.00 0.00 18.00 0.00 0.00 97.00 0.00 0.00 0.00 72.00 96.00 71.00 0.00 52.00 65.00 18.00 0.00 12.00 97.00 99.00 69.00 0.00 45.00 76.00 10.00 53.00 0.00 47.00 49.00 82.00 0.00 41.00 0.00 0.00 59.00 41.00 0.00 12.00 72.00 46.00 2.00 52.00 66.00 98.00 67.00 0.00 66.00 0.00 26.00 70.00 60.00 0.00 40.00 84.00 4.00 38.00 28.00 0.00 31.00 0.00 60.00 2.00 0.00 0.00 0.00 100.00 0.00 0.00 0.00 20.00 0.00 0.00 0.00 5.00 57.00 45.00 62.00 99.00 0.00 32.00 86.00 19.00 41.00 0.00 51.00 12.00 85.00 25.00 0.00 0.00 0.00 68.00 0.00 87.00 95.00 13.00 45.00 76.00 63.00
70 44.00 0.00 5.00 46.00 57.00 15.00 50.00 52.00 27.00 80.00 44.00 23.00 37.00 87.00 50.00 79.00 43.00 100.00 0.00 7.00 0.00 45.00 11.00 14.00 97.00 19.00 72.00 88.00 90.00 19.00 98.00 0.00 35.00 0.00 0.00 66.00 41.00 0.00 49.00 59.00 83.00 0.00 0.00 30.00 57.00 83.00 36.00 43.00 44.00 88.00 0.00 59.00 0.00 94.00 28.00 19.00 56.00 32.00 71.00 53.00 0.00 0.00 64.00 0.00 76.00 0.00 30.00 49.00 0.00 20.00 0.00 24.00 0.00 11.00 0.00 44.00 7.00 74.00 54.00 0.00 13.00 81.00 55.00 100.00 0.00 0.00 0.00 2.00 82.00 40.00 48.00 65.00 45.00 0.00 39.00 33.00 1.00 95.00 23.00 0.00
71 46.00 10.00 15.00 24.00 0.00 19.00 22.00 0.00 22.00 36.00 0.00 46.00 35.00 0.00 64.00 32.00 68.00 51.00 35.00 73.00 27.00 38.00 0.00 0.00 93.00 29.00 12.00 20.00 0.00 84.00 0.00 0.00 2.00 0.00 41.00 0.00 10.00 59.00 97.00 27.00 0.00 26.00 0.00 0.00 12.00 32.00 68.00 11.00 50.00 0.00 0.00 0.00 0.00 30.00 0.00 75.00 89.00 56.00 0.00 37.00 24.00 2.00 14.00 3.00 28.00 0.00 52.00 65.00 83.00 0.00 24.00 0.00 81.00 51.00 55.00 75.00 80.00 0.00 13.00 0.00 53.00 81.00 43.00 56.00 64.00 21.00 42.00 89.00 54.00 0.00 62.00 10.00 0.00 79.00 0.00 18.00 2.00 33.00 25.00 0.00
72 36.00 0.00 74.00 53.00 72.00 28.00 67.00 23.00 0.00 67.00 57.00 0.00 82.00 68.00 22.00 51.00 82.00 0.00 92.00 62.00 28.00 89.00 52.00 0.00 49.00 8.00 5.00 3.00 99.00 41.00 0.00 65.00 87.00 39.00 52.00 82.00 48.00 25.00 69.00 9.00 0.00 8.00 73.00 0.00 0.00 73.00 13.00 77.00 0.00 63.00 49.00 3.00 38.00 16.00 78.00 0.00 60.00 89.00 62.00 74.00 98.00 52.00 42.00 62.00 70.00 58.00 7.00 1.00 39.00 0.00 0.00 81.00 0.00 62.00 54.00 0.00 0.00 0.00 26.00 11.00 0.00 82.00 42.00 72.00 100.00 0.00 0.00 0.00 68.00 0.00 25.00 17.00 0.00 94.00 58.00 89.00 58.00 0.00 14.00 64.00
73 2.00 0.00 90.00 77.00 38.00 53.00 13.00 86.00 1.00 0.00 20.00 20.00 52.00 75.00 19.00 64.00 90.00 54.00 58.00 0.00 0.00 85.00 8.00 0.00 84.00 26.00 53.00 52.00 82.00 81.00 87.00 23.00 64.00 95.00 34.00 0.00 44.00 63.00 0.00 61.00 0.00 85.00 28.00 32.00 82.00 93.00 0.00 57.00 20.00 30.00 0.00 50.00 91.00 0.00 82.00 0.00 50.00 0.00 0.00 76.00 12.00 95.00 63.00 0.00 27.00 0.00 43.00 54.00 0.00 0.00 11.00 51.00 62.00 0.00 66.00 0.00 7.00 21.00 49.00 68.00 19.00 0.00 12.00 59.00 0.00 85.00 28.00 37.00 0.00 27.00 31.00 3.00 4.00 69.00 72.00 49.00 39.00 47.00 82.00 25.00
74 33.00 0.00 51.00 92.00 49.00 10.00 3.00 88.00 0.00 59.00 67.00 74.00 0.00 52.00 83.00 84.00 26.00 0.00 42.00 26.00 9.00 97.00 99.00 0.00 64.00 59.00 64.00 91.00 0.00 5.00 10.00 93.00 42.00 0.00 0.00 58.00 45.00 57.00 53.00 51.00 66.00 56.00 0.00 0.00 0.00 71.00 0.00 0.00 0.00 54.00 9.00 17.00 73.00 61.00 25.00 11.00 0.00 5.00 4.00 97.00 38.00 92.00 99.00 63.00 38.00 70.00 76.00 0.00 0.00 5.00 0.00 55.00 54.00 66.00 0.00 84.00 58.00 0.00 98.00 87.00 89.00 26.00 74.00 41.00 6.00 67.00 18.00 70.00 0.00 57.00 80.00 14.00 33.00 7.00 0.00 19.00 64.00 45.00 4.00 39.00
75 0.00 64.00 14.00 36.00 98.00 62.00 30.00 0.00 44.00 0.00 0.00 34.00 77.00 95.00 54.00 79.00 35.00 15.00 75.00 40.00 0.00 34.00 0.00 0.00 81.00 23.00 0.00 52.00 37.00 82.00 10.00 12.00 52.00 59.00 33.00 46.00 79.00 0.00 86.00 0.00 77.00 14.00 22.00 69.00 68.00 0.00 31.00 90.00 13.00 66.00 0.00 23.00 74.00 0.00 0.00 100.00 48.00 15.00 0.00 60.00 45.00 0.00 11.00 0.00 66.00 79.00 0.00 54.00 4.00 57.00 44.00 75.00 0.00 0.00 84.00 0.00 0.00 14.00 83.00 3.00 31.00 95.00 35.00 24.00 0.00 54.00 52.00 100.00 0.00 97.00 98.00 0.00 64.00 63.00 16.00 0.00 51.00 16.00 93.00 42.00
76 46.00 0.00 68.00 0.00 55.00 86.00 28.00 71.00 0.00 37.00 65.00 0.00 35.00 9.00 35.00 68.00 11.00 0.00 45.00 0.00 54.00 85.00 41.00 78.00 97.00 60.00 56.00 17.00 100.00 16.00 94.00 0.00 34.00 0.00 62.00 15.00 7.00 97.00 79.00 14.00 46.00 5.00 48.00 68.00 43.00 100.00 24.00 0.00 0.00 46.00 60.00 53.00 78.00 42.00 72.00 40.00 56.00 10.00 0.00 60.00 2.00 0.00 7.00 0.00 0.00 1.00 0.00 0.00 9.00 45.00 7.00 80.00 0.00 7.00 58.00 0.00 0.00 25.00 49.00 97.00 54.00 38.00 0.00 25.00 0.00 90.00 16.00 63.00 64.00 0.00 24.00 33.00 71.00 72.00 38.00 96.00 8.00 44.00 88.00 86.00
77 16.00 13.00 98.00 12.00 0.00 26.00 20.00 40.00 99.00 24.00 0.00 0.00 61.00 4.00 31.00 73.00 22.00 65.00 39.00 11.00 25.00 18.00 6.00 72.00 39.00 35.00 99.00 41.00 0.00 99.00 0.00 52.00 4.00 0.00 37.00 39.00 33.00 13.00 77.00 0.00 0.00 68.00 64.00 20.00 0.00 64.00 49.00 87.00 37.00 67.00 15.00 0.00 0.00 47.00 86.00 0.00 66.00 33.00 11.00 32.00 20.00 87.00 59.00 83.00 15.00 53.00 24.00 67.00 69.00 62.00 74.00 0.00 0.00 21.00 0.00 14.00 25.00 0.00 0.00 0.00 2.00 83.00 94.00 61.00 87.00 1.00 0.00 36.00 0.00 0.00 78.00 0.00 54.00 33.00 18.00 16.00 57.00 40.00 0.00 0.00
78 50.00 95.00 0.00 81.00 43.00 12.00 78.00 94.00 27.00 0.00 0.00 35.00 9.00 65.00 34.00 0.00 9.00 81.00 0.00 15.00 0.00 48.00 0.00 69.00 3.00 75.00 73.00 0.00 30.00 0.00 0.00 84.00 6.00 62.00 38.00 0.00 92.00 40.00 19.00 17.00 40.00 86.00 66.00 68.00 11.00 33.00 0.00 67.00 0.00 74.00 0.00 64.00 96.00 55.00 0.00 0.00 82.00 88.00 47.00 79.00 42.00 0.00 0.00 82.00 25.00 5.00 79.00 0.00 0.00 99.00 54.00 13.00 26.00 49.00 98.00 83.00 49.00 0.00 0.00 6.00 16.00 72.00 22.00 29.00 40.00 57.00 98.00 0.00 64.00 79.00 57.00 1.00 41.00 22.00 7.00 0.00 83.00 85.00 0.00 38.00
79 54.00 71.00 0.00 76.00 0.00 70.00 49.00 100.00 97.00 0.00 71.00 67.00 0.00 78.00 43.00 51.00 25.00 0.00 0.00 41.00 0.00 0.00 0.00 44.00 80.00 21.00 75.00 64.00 46.00 0.00 34.00 90.00 57.00 14.00 39.00 0.00 19.00 0.00 0.00 39.00 82.00 42.00 0.00 31.00 91.00 90.00 0.00 19.00 95.00 21.00 2.00 89.00 0.00 11.00 65.00 78.00 42.00 19.00 23.00 2.00 13.00 25.00 49.00 85.00 39.00 40.00 67.00 0.00 45.00 0.00 0.00 0.00 11.00 68.00 87.00 3.00 97.00 0.00 6.00 0.00 67.00 0.00 0.00 71.00 26.00 12.00 20.00 10.00 33.00 15.00 14.00 68.00 92.00 76.00 0.00 25.00 0.00 68.00 76.00 0.00
80 79.00 0.00 25.00 0.00 70.00 0.00 48.00 5.00 39.00 100.00 21.00 93.00 75.00 43.00 30.00 96.00 0.00 95.00 17.00 0.00 40.00 0.00 5.00 38.00 25.00 0.00 0.00 25.00 67.00 2.00 54.00 71.00 0.00 0.00 14.00 63.00 0.00 25.00 86.00 0.00 6.00 49.00 51.00 91.00 0.00 63.00 21.00 22.00 0.00 38.00 96.00 63.00 22.00 96.00 55.00 51.00 61.00 13.00 32.00 49.00 6.00 0.00 95.00 29.00 85.00 50.00 48.00 18.00 0.00 32.00 13.00 53.00 0.00 19.00 89.00 31.00 54.00 2.00 16.00 67.00 0.00 0.00 14.00 43.00 47.00 56.00 48.00 52.00 84.00 0.00 38.00 18.00 0.00 0.00 0.00 19.00 0.00 64.00 60.00 0.00
81 5.00 59.00 57.00 36.00 1.00 0.00 81.00 4.00 47.00 99.00 29.00 13.00 88.00 15.00 0.00 77.00 82.00 60.00 83.00 0.00 8.00 56.00 0.00 62.00 38.00 43.00 58.00 99.00 0.00 94.00 45.00 69.00 0.00 88.00 89.00 12.00 0.00 45.00 46.00 29.00 8.00 41.00 0.00 0.00 76.00 0.00 54.00 29.00 41.00 0.00 75.00 0.00 47.00 11.00 0.00 0.00 53.00 0.00 98.00 0.00 48.00 53.00 35.00 78.00 57.00 88.00 14.00 15.00 82.00 86.00 81.00 81.00 82.00 0.00 26.00 95.00 38.00 83.00 72.00 0.00 0.00 0.00 0.00 24.00 23.00 85.00 22.00 0.00 8.00 57.00 0.00 63.00 0.00 0.00 97.00 99.00 0.00 57.00 0.00 86.00
82 92.00 24.00 18.00 33.00 0.00 0.00 0.00 56.00 0.00 50.00 59.00 44.00 89.00 69.00 48.00 69.00 56.00 55.00 56.00 76.00 7.00 8.00 0.00 65.00 100.00 14.00 66.00 0.00 87.00 44.00 78.00 41.00 55.00 83.00 34.00 29.00 0.00 53.00 0.00 60.00 0.00 0.00 74.00 18.00 44.00 24.00 0.00 45.00 0.00 19.00 83.00 0.00 67.00 42.00 85.00 75.00 91.00 52.00 41.00 77.00 86.00 0.00 64.00 22.00 27.00 61.00 87.00 30.00 55.00 19.00 55.00 43.00 42.00 12.00 74.00 35.00 0.00 94.00 22.00 0.00 14.00 0.00 0.00 92.00 0.00 0.00 0.00 35.00 62.00 0.00 72.00 83.00 75.00 0.00 38.00 13.00 58.00 59.00 66.00 38.00
83 17.00 6.00 73.00 46.00 72.00 100.00 53.00 71.00 80.00 0.00 7.00 69.00 6.00 11.00 0.00 72.00 90.00 8.00 75.00 10.00 20.00 16.00 57.00 63.00 72.00 18.00 0.00 63.00 46.00 95.00 72.00 83.00 0.00 89.00 38.00 64.00 83.00 8.00 78.00 0.00 0.00 51.00 0.00 0.00 91.00 0.00 36.00 48.00 87.00 63.00 82.00 83.00 34.00 88.00 0.00 0.00 43.00 0.00 53.00 72.00 0.00 95.00 44.00 5.00 0.00 90.00 0.00 0.00 28.00 41.00 100.00 56.00 72.00 59.00 41.00 24.00 25.00 61.00 29.00 71.00 43.00 24.00 92.00 0.00 13.00 2.00 56.00 0.00 43.00 34.00 17.00 6.00 34.00 22.00 3.00 44.00 4.00 33.00 56.00 0.00
84 94.00 0.00 88.00 0.00 0.00 15.00 0.00 11.00 39.00 76.00 87.00 61.00 0.00 0.00 14.00 100.00 84.00 8.00 98.00 40.00 9.00 24.00 98.00 13.00 40.00 88.00 0.00 55.00 44.00 49.00 0.00 0.00 97.00 82.00 83.00 19.00 93.00 22.00 7.00 33.00 48.00 39.00 0.00 0.00 0.00 0.00 0.00 5.00 26.00 81.00 91.00 0.00 1.00 22.00 45.00 0.00 7.00 71.00 56.00 47.00 9.00 0.00 53.00 26.00 11.00 0.00 87.00 38.00 0.00 0.00 0.00 64.00 100.00 0.00 6.00 0.00 0.00 87.00 40.00 26.00 47.00 23.00 0.00 13.00 0.00 0.00 60.00 12.00 96.00 0.00 36.00 33.00 63.00 39.00 87.00 72.00 89.00 41.00 5.00 49.00
85 21.00 50.00 4.00 42.00 14.00 61.00 38.00 0.00 77.00 73.00 0.00 34.00 9.00 85.00 0.00 95.00 0.00 80.00 33.00 92.00 98.00 41.00 0.00 74.00 26.00 93.00 15.00 72.00 43.00 30.00 10.00 47.00 88.00 64.00 79.00 77.00 0.00 0.00 0.00 57.00 32.00 85.00 0.00 100.00 0.00 53.00 2.00 0.00 29.00 0.00 61.00 65.00 9.00 0.00 11.00 23.00 86.00 27.00 80.00 8.00 65.00 92.00 67.00 62.00 35.00 72.00 11.00 65.00 50.00 51.00 0.00 21.00 0.00 85.00 67.00 54.00 90.00 1.00 57.00 12.00 56.00 85.00 0.00 2.00 0.00 0.00 89.00 88.00 44.00 52.00 46.00 0.00 78.00 61.00 11.00 44.00 39.00 90.00 0.00 77.00
86 0.00 0.00 8.00 0.00 29.00 0.00 36.00 65.00 78.00 11.00 1.00 0.00 37.00 33.00 34.00 0.00 86.00 3.00 0.00 75.00 50.00 6.00 23.00 0.00 21.00 0.00 98.00 30.00 18.00 36.00 0.00 0.00 22.00 35.00 82.00 55.00 0.00 8.00 39.00 27.00 36.00 40.00 0.00 38.00 40.00 9.00 81.00 52.00 2.00 0.00 40.00 0.00 87.00 60.00 43.00 86.00 1.00 97.00 62.00 21.00 68.00 26.00 31.00 1.00 0.00 45.00 55.00 37.00 31.00 12.00 0.00 42.00 0.00 28.00 18.00 52.00 16.00 0.00 98.00 20.00 48.00 22.00 0.00 56.00 60.00 89.00 0.00 0.00 65.00 20.00 17.00 44.00 74.00 82.00 11.00 45.00 35.00 80.00 25.00 52.00
87 16.00 82.00 40.00 0.00 84.00 0.00 0.00 86.00 34.00 30.00 81.00 0.00 6.00 75.00 95.00 7.00 84.00 34.00 33.00 0.00 20.00 56.00 26.00 77.00 83.00 0.00 30.00 54.00 23.00 0.00 0.00 0.00 0.00 11.00 0.00 37.00 99.00 96.00 5.00 37.00 97.00 0.00 42.00 17.00 0.00 85.00 0.00 62.00 0.00 58.00 0.00 90.00 38.00 49.00 24.00 3.00 39.00 5.00 75.00 0.00 0.00 79.00 51.00 0.00 49.00 91.00 61.00 80.00 11.00 85.00 2.00 89.00 0.00 37.00 70.00 100.00 63.00 36.00 0.00 10.00 52.00 0.00 35.00 0.00 12.00 88.00 0.00 0.00 65.00 100.00 0.00 11.00 0.00 96.00 8.00 3.00 97.00 84.00 15.00 84.00
88 68.00 76.00 74.00 14.00 99.00 54.00 84.00 90.00 0.00 34.00 0.00 64.00 56.00 0.00 0.00 18.00 62.00 0.00 0.00 0.00 0.00 66.00 8.00 0.00 0.00 0.00 72.00 32.00 36.00 31.00 27.00 11.00 0.00 43.00 52.00 65.00 97.00 0.00 69.00 0.00 65.00 7.00 60.00 45.00 49.00 68.00 0.00 4.00 18.00 43.00 86.00 32.00 84.00 8.00 7.00 57.00 50.00 71.00 61.00 60.00 23.00 69.00 19.00 0.00 12.00 85.00 49.00 47.00 89.00 25.00 82.00 54.00 68.00 0.00 0.00 0.00 64.00 0.00 64.00 33.00 84.00 8.00 62.00 43.00 96.00 44.00 65.00 65.00 0.00 0.00 7.00 0.00 33.00 0.00 0.00 99.00 88.00 0.00 79.00 54.00
89 29.00 0.00 30.00 35.00 92.00 42.00 0.00 17.00 42.00 19.00 40.00 0.00 52.00 10.00 41.00 12.00 29.00 36.00 0.00 51.00 41.00 0.00 0.00 55.00 19.00 64.00 16.00 0.00 50.00 2.00 8.00 70.00 0.00 0.00 82.00 46.00 66.00 0.00 100.00 15.00 0.00 0.00 0.00 70.00 0.00 90.00 81.00 18.00 0.00 0.00 35.00 67.00 47.00 0.00 60.00 86.00 31.00 35.00 0.00 88.00 0.00 0.00 6.00 5.00 0.00 96.00 64.00 31.00 0.00 0.00 40.00 0.00 0.00 27.00 57.00 97.00 0.00 0.00 79.00 15.00 0.00 57.00 0.00 34.00 0.00 52.00 20.00 100.00 0.00 0.00 43.00 98.00 6.00 0.00 18.00 70.00 0.00 0.00 86.00 0.00
90 29.00 63.00 52.00 80.00 0.00 12.00 18.00 19.00 1.00 93.00 86.00 39.00 9.00 87.00 72.00 25.00 0.00 16.00 0.00 34.00 35.00 19.00 22.00 13.00 23.00 34.00 81.00 21.00 59.00 0.00 0.00 100.00 0.00 32.00 9.00 17.00 77.00 77.00 0.00 49.00 49.00 35.00 0.00 64.00 27.00 3.00 25.00 69.00 57.00 0.00 47.00 54.00 0.00 85.00 94.00 28.00 30.00 0.00 88.00 9.00 89.00 0.00 0.00 42.00 54.00 84.00 40.00 81.00 90.00 0.00 48.00 62.00 25.00 31.00 80.00 98.00 24.00 78.00 57.00 14.00 38.00 0.00 72.00 17.00 36.00 46.00 17.00 0.00 7.00 43.00 0.00 0.00 82.00 37.00 13.00 27.00 11.00 0.00 0.00 33.00
91 10.00 34.00 83.00 0.00 27.00 80.00 72.00 54.00 0.00 9.00 73.00 43.00 62.00 44.00 74.00 68.00 8.00 87.00 38.00 41.00 31.00 6.00 0.00 78.00 100.00 0.00 21.00 19.00 19.00 94.00 6.00 23.00 100.00 48.00 75.00 0.00 0.00 11.00 92.00 48.00 0.00 79.00 89.00 54.00 99.00 63.00 73.00 0.00 0.00 41.00 5.00 85.00 58.00 0.00 93.00 91.00 39.00 9.00 76.00 72.00 39.00 36.00 0.00 0.00 94.00 18.00 5.00 16.00 60.00 0.00 65.00 10.00 17.00 3.00 14.00 0.00 33.00 0.00 1.00 68.00 18.00 63.00 83.00 6.00 33.00 0.00 44.00 11.00 0.00 98.00 0.00 0.00 98.00 79.00 86.00 90.00 0.00 55.00 3.00 0.00
92 0.00 41.00 43.00 52.00 0.00 43.00 75.00 19.00 0.00 0.00 74.00 75.00 60.00 26.00 20.00 6.00 82.00 0.00 0.00 52.00 5.00 87.00 0.00 83.00 82.00 52.00 87.00 0.00 80.00 7.00 0.00 15.00 43.00 39.00 84.00 0.00 36.00 40.00 72.00 0.00 0.00 94.00 0.00 18.00 20.00 7.00 44.00 94.00 0.00 0.00 38.00 0.00 19.00 90.00 0.00 14.00 41.00 0.00 64.00 38.00 58.00 98.00 86.00 0.00 39.00 27.00 56.00 38.00 20.00 68.00 45.00 0.00 0.00 4.00 33.00 64.00 71.00 54.00 41.00 92.00 0.00 0.00 75.00 34.00 63.00 78.00 74.00 0.00 33.00 6.00 82.00 98.00 0.00 14.00 98.00 0.00 0.00 35.00 62.00 65.00
93 74.00 73.00 0.00 41.00 0.00 62.00 53.00 48.00 0.00 30.00 0.00 87.00 74.00 64.00 56.00 3.00 49.00 38.00 27.00 0.00 63.00 63.00 0.00 47.00 34.00 5.00 6.00 4.00 59.00 63.00 91.00 0.00 45.00 32.00 0.00 93.00 24.00 60.00 99.00 58.00 22.00 88.00 99.00 10.00 0.00 67.00 68.00 62.00 46.00 43.00 97.00 63.00 64.00 78.00 66.00 36.00 96.00 49.00 59.00 61.00 0.00 50.00 27.00 50.00 44.00 0.00 66.00 88.00 24.00 0.00 0.00 79.00 94.00 69.00 7.00 63.00 72.00 33.00 22.00 76.00 0.00 0.00 0.00 22.00 39.00 61.00 82.00 96.00 0.00 0.00 37.00 79.00 14.00 0.00 98.00 76.00 0.00 96.00 29.00 30.00
94 46.00 0.00 0.00 43.00 40.00 11.00 98.00 67.00 0.00 0.00 84.00 0.00 89.00 68.00 0.00 35.00 93.00 17.00 50.00 0.00 0.00 0.00 89.00 1.00 58.00 0.00 77.00 40.00 0.00 47.00 53.00 50.00 77.00 50.00 80.00 0.00 25.00 74.00 66.00 14.00 19.00 1.00 66.00 0.00 18.00 0.00 34.00 13.00 72.00 91.00 77.00 0.00 42.00 55.00 45.00 25.00 53.00 0.00 12.00 34.00 96.00 82.00 48.00 58.00 0.00 0.00 34.00 81.00 4.00 87.00 39.00 0.00 58.00 72.00 0.00 16.00 38.00 18.00 7.00 0.00 0.00 97.00 38.00 3.00 87.00 11.00 11.00 8.00 0.00 18.00 13.00 86.00 98.00 98.00 0.00 0.00 70.00 25.00 75.00 83.00
95 0.00 23.00 0.00 31.00 82.00 95.00 62.00 37.00 0.00 93.00 56.00 42.00 58.00 64.00 51.00 54.00 17.00 84.00 36.00 25.00 97.00 68.00 0.00 71.00 0.00 2.00 0.00 54.00 24.00 13.00 48.00 0.00 58.00 100.00 93.00 42.00 0.00 0.00 100.00 90.00 80.00 88.00 47.00 0.00 78.00 40.00 32.00 60.00 33.00 99.00 0.00 78.00 17.00 0.00 0.00 42.00 86.00 34.00 6.00 68.00 0.00 18.00 0.00 84.00 0.00 0.00 89.00 10.00 19.00 95.00 33.00 18.00 89.00 49.00 19.00 0.00 96.00 16.00 0.00 25.00 19.00 99.00 13.00 44.00 72.00 44.00 45.00 3.00 99.00 70.00 27.00 90.00 0.00 76.00 0.00 0.00 76.00 69.00 77.00 56.00
96 39.00 64.00 70.00 98.00 10.00 13.00 31.00 0.00 66.00 63.00 46.00 30.00 35.00 55.00 0.00 65.00 48.00 10.00 58.00 28.00 76.00 32.00 14.00 86.00 0.00 0.00 56.00 81.00 6.00 52.00 35.00 0.00 4.00 96.00 26.00 0.00 48.00 31.00 91.00 100.00 29.00 0.00 0.00 0.00 10.00 0.00 0.00 39.00 79.00 12.00 8.00 32.00 3.00 11.00 55.00 0.00 73.00 3.00 71.00 0.00 33.00 45.00 71.00 0.00 45.00 63.00 37.00 0.00 61.00 13.00 1.00 2.00 58.00 39.00 64.00 51.00 8.00 57.00 83.00 0.00 0.00 0.00 58.00 4.00 89.00 39.00 35.00 97.00 88.00 0.00 11.00 0.00 0.00 0.00 70.00 76.00 0.00 79.00 89.00 97.00
97 48.00 31.00 8.00 26.00 0.00 94.00 31.00 24.00 71.00 20.00 62.00 0.00 34.00 45.00 0.00 85.00 85.00 39.00 55.00 72.00 26.00 74.00 22.00 84.00 77.00 0.00 0.00 76.00 72.00 100.00 80.00 8.00 0.00 72.00 0.00 70.00 91.00 0.00 21.00 78.00 54.00 68.00 67.00 97.00 55.00 0.00 83.00 11.00 97.00 26.00 71.00 75.00 5.00 0.00 7.00 93.00 29.00 63.00 75.00 0.00 0.00 65.00 13.00 25.00 92.00 17.00 97.00 59.00 79.00 45.00 95.00 33.00 0.00 47.00 45.00 16.00 44.00 40.00 85.00 68.00 64.00 57.00 59.00 33.00 41.00 90.00 80.00 84.00 0.00 0.00 0.00 55.00 35.00 96.00 25.00 69.00 79.00 0.00 90.00 69.00
98 13.00 42.00 67.00 53.00 0.00 77.00 88.00 35.00 11.00 0.00 0.00 59.00 0.00 39.00 18.00 76.00 94.00 0.00 24.00 79.00 16.00 78.00 84.00 84.00 72.00 23.00 7.00 73.00 94.00 0.00 91.00 18.00 71.00 32.00 0.00 0.00 77.00 0.00 45.00 29.00 7.00 0.00 95.00 0.00 0.00 0.00 91.00 42.00 75.00 0.00 1.00 68.00 38.00 0.00 0.00 13.00 72.00 25.00 71.00 13.00 6.00 90.00 55.00 96.00 40.00 0.00 75.00 29.00 58.00 76.00 23.00 25.00 14.00 82.00 4.00 93.00 88.00 0.00 0.00 76.00 60.00 0.00 66.00 56.00 5.00 0.00 25.00 15.00 79.00 86.00 0.00 3.00 62.00 29.00 75.00 77.00 89.00 90.00 0.00 0.00
99 69.00 0.00 58.00 0.00 17.00 16.00 6.00 11.00 49.00 66.00 76.00 74.00 74.00 94.00 39.00 61.00 23.00 92.00 0.00 0.00 3.00 80.00 82.00 95.00 68.00 0.00 56.00 0.00 0.00 0.00 24.00 44.00 25.00 0.00 3.00 6.00 0.00 63.00 36.00 65.00 76.00 0.00 0.00 17.00 0.00 0.00 27.00 40.00 79.00 76.00 79.00 19.00 3.00 24.00 22.00 40.00 93.00 70.00 61.00 0.00 8.00 78.00 29.00 4.00 16.00 28.00 38.00 57.00 0.00 63.00 0.00 0.00 64.00 25.00 39.00 42.00 86.00 0.00 38.00 0.00 0.00 86.00 38.00 0.00 49.00 77.00 52.00 84.00 54.00 0.00 33.00 0.00 65.00 30.00 83.00 56.00 97.00 69.00 0.00 0.00
mcp_obj 55
mcp_gap 0
mcp_x 0 0 0 1 0 0 1 1 1 1 1 0 0 1 1 0 0 1 1 0 1 0 0 1 1 1 0 1 1 1 1 0 0 0 1 1 0 0 0 1 0 0 0 1 0 1 0 1 0 1 1 1 1 0 1 1 1 1 1 0 1 0 1 1 0 1 1 1 0 0 0 0 0 0 1 1 0 1 0 0 1 1 1 1 0 0 0 1 0 0 1 1 0 1 1 1 1 0 1 1
