NAME N100_rc_0.7_rGamma_1_dc_0.035_dGamma_0.0005_jeu_100_75_2.txt
NUM_ITEMS 100
SOURCE r_100_75_2
PARAMETERS
r_c 0.7
r_Gamma 1
d_c 0.035
d_Gamma 0.0005

BOUNDS
c_lb 0.00
c_ub 197.53
Gamma_lb 17
Gamma_ub 85
B_i_1_lb 0.00 0.00 0.00 0.00 0.00 0.00 0.00 0.00 0.00 0.00 0.00 0.00 0.00 0.00 0.00 0.00 0.00 0.00 0.00 0.00 0.00 0.00 0.00 0.00 0.00 0.00 0.00 0.00 0.00 0.00 0.00 0.00 0.00 0.00 0.00 0.00 0.00 0.00 0.00 0.00 0.00 0.00 0.00 0.00 0.00 0.00 0.00 0.00 0.00 0.00 0.00 0.00 0.00 0.00 0.00 0.00 0.00 0.00 0.00 0.00 0.00 0.00 0.00 0.00 0.00 0.00 0.00 0.00 0.00 0.00 0.00 0.00 0.00 0.00 0.00 0.00 0.00 0.00 0.00 0.00 0.00 0.00 0.00 0.00 0.00 0.00 0.00 0.00 0.00 0.00 0.00 0.00 0.00 0.00 0.00 0.00 0.00 0.00 0.00 0.00
B_i_1_ub 118.90 117.73 130.62 121.80 124.75 128.82 128.05 110.82 135.18 126.30 125.80 119.29 116.00 122.26 107.21 128.11 113.46 130.45 101.85 126.41 116.61 108.10 108.92 107.48 118.19 124.76 135.51 109.59 124.63 111.87 128.66 104.41 116.53 119.10 118.71 116.90 124.61 120.07 120.15 130.90 126.30 137.39 115.70 122.34 126.46 125.90 126.76 120.96 119.86 118.35 128.24 129.26 120.43 110.22 121.04 112.13 125.50 119.63 131.67 138.12 123.98 117.86 110.04 124.55 114.19 131.22 126.34 127.36 109.37 124.85 109.67 117.61 117.04 137.43 125.85 119.41 127.49 116.32 135.94 108.52 115.78 118.79 114.39 128.72 122.38 126.22 135.31 116.35 109.99 131.20 133.45 105.96 116.19 106.50 114.76 125.13 127.29 127.62 122.48 120.97
B_i_0_lb 0.00 0.00 0.00 0.00 0.00 0.00 0.00 0.00 0.00 0.00 0.00 0.00 0.00 0.00 0.00 0.00 0.00 0.00 0.00 0.00 0.00 0.00 0.00 0.00 0.00 0.00 0.00 0.00 0.00 0.00 0.00 0.00 0.00 0.00 0.00 0.00 0.00 0.00 0.00 0.00 0.00 0.00 0.00 0.00 0.00 0.00 0.00 0.00 0.00 0.00 0.00 0.00 0.00 0.00 0.00 0.00 0.00 0.00 0.00 0.00 0.00 0.00 0.00 0.00 0.00 0.00 0.00 0.00 0.00 0.00 0.00 0.00 0.00 0.00 0.00 0.00 0.00 0.00 0.00 0.00 0.00 0.00 0.00 0.00 0.00 0.00 0.00 0.00 0.00 0.00 0.00 0.00 0.00 0.00 0.00 0.00 0.00 0.00 0.00 0.00
B_i_0_ub 120.34 118.33 130.62 122.19 126.55 130.51 128.82 110.92 136.09 127.95 125.97 120.17 117.43 122.97 107.81 128.59 114.79 131.75 103.39 127.25 117.87 109.11 109.88 108.60 119.66 126.80 136.17 110.99 125.37 112.89 129.01 104.90 118.11 120.40 119.86 116.96 124.96 120.63 121.93 131.74 126.62 137.43 115.87 122.58 126.84 126.81 128.03 122.65 120.21 119.55 128.80 130.45 120.64 111.14 122.72 113.01 127.04 120.68 133.07 138.75 125.18 118.14 111.17 125.85 115.63 133.01 127.74 129.11 110.25 126.36 109.98 117.61 117.49 139.26 126.30 120.78 128.44 117.42 136.43 109.39 116.94 119.70 115.16 130.02 122.56 127.23 136.32 117.79 110.91 131.73 133.84 106.14 116.75 106.82 115.21 126.25 127.29 129.06 123.74 120.97
c_i_1_lb 28.70 16.10 0.00 18.90 0.00 49.70 39.20 0.00 1.40 42.00 46.20 14.00 0.00 0.00 22.40 23.80 66.50 14.70 67.90 53.90 15.40 27.30 35.70 25.90 23.80 0.00 0.00 9.80 14.70 38.50 0.00 49.00 32.90 0.00 0.00 2.80 0.70 0.00 0.00 32.20 46.90 35.70 49.00 13.30 42.00 26.60 4.20 27.30 46.20 38.50 0.00 28.70 9.80 42.00 55.30 31.50 0.00 0.00 42.70 22.40 9.80 9.10 34.30 16.80 34.30 11.20 43.40 42.70 0.00 0.00 61.60 21.00 25.20 28.70 39.20 0.00 0.00 28.70 25.20 0.00 21.70 0.00 14.00 0.00 28.00 41.30 19.60 0.00 36.40 65.80 15.40 43.40 46.20 15.40 63.70 17.50 41.30 29.40 36.40 0.00
c_i_1_ub 147.60 133.83 130.62 140.70 124.75 178.52 167.25 110.82 136.58 168.30 172.00 133.29 116.00 122.26 129.61 151.91 179.96 145.15 169.75 180.31 132.01 135.40 144.62 133.38 141.99 124.76 135.51 119.39 139.33 150.37 128.66 153.41 149.43 119.10 118.71 119.70 125.31 120.07 120.15 163.10 173.20 173.09 164.70 135.64 168.46 152.50 130.96 148.26 166.06 156.85 128.24 157.96 130.23 152.22 176.34 143.63 125.50 119.63 174.37 160.52 133.78 126.96 144.34 141.35 148.49 142.42 169.74 170.06 109.37 124.85 171.27 138.61 142.24 166.13 165.05 119.41 127.49 145.02 161.14 108.52 137.48 118.79 128.39 128.72 150.38 167.52 154.91 116.35 146.39 197.00 148.85 149.36 162.39 121.90 178.46 142.63 168.59 157.02 158.88 120.97
c_i_0_lb 28.70 16.10 0.00 18.90 0.00 49.70 39.20 0.00 1.40 42.00 46.20 14.00 0.00 0.00 22.40 23.80 66.50 14.70 67.90 53.90 15.40 27.30 35.70 25.90 23.80 0.00 0.00 9.80 14.70 38.50 0.00 49.00 32.90 0.00 0.00 2.80 0.70 0.00 0.00 32.20 46.90 35.70 49.00 13.30 42.00 26.60 4.20 27.30 46.20 38.50 0.00 28.70 9.80 42.00 55.30 31.50 0.00 0.00 42.70 22.40 9.80 9.10 34.30 16.80 34.30 11.20 43.40 42.70 0.00 0.00 61.60 21.00 25.20 28.70 39.20 0.00 0.00 28.70 25.20 0.00 21.70 0.00 14.00 0.00 28.00 41.30 19.60 0.00 36.40 65.80 15.40 43.40 46.20 15.40 63.70 17.50 41.30 29.40 36.40 0.00
c_i_0_ub 149.04 134.43 130.62 141.09 126.55 180.21 168.02 110.92 137.49 169.95 172.17 134.17 117.43 122.97 130.21 152.39 181.29 146.45 171.29 181.15 133.27 136.41 145.58 134.50 143.46 126.80 136.17 120.79 140.07 151.39 129.01 153.90 151.01 120.40 119.86 119.76 125.66 120.63 121.93 163.94 173.52 173.13 164.87 135.88 168.84 153.41 132.23 149.95 166.41 158.05 128.80 159.15 130.44 153.14 178.02 144.51 127.04 120.68 175.77 161.15 134.98 127.24 145.47 142.65 149.93 144.21 171.14 171.81 110.25 126.36 171.58 138.61 142.69 167.96 165.50 120.78 128.44 146.12 161.63 109.39 138.64 119.70 129.16 130.02 150.56 168.53 155.92 117.79 147.31 197.53 149.24 149.54 162.95 122.22 178.91 143.75 168.59 158.46 160.14 120.97
c_1_lb 0.00
c_1_ub 197.00
c_0_lb 0.00
c_0_ub 197.53

BOUND_TIMES
k_max_time 0.001511
Gamma_ub_time 0.000551
B_i_1_lb_time 0.007100
B_i_1_ub_time 0.040570
B_i_0_lb_time 0.007078
B_i_0_ub_time 0.039783

DDRO_PARAMETERS
a_0 17
b_0i 1 1 1 1 1 1 1 1 1 1 1 1 1 1 1 1 1 1 1 1 1 1 1 1 1 1 1 1 1 1 1 1 1 1 1 1 1 1 1 1 1 1 1 1 1 1 1 1 1 1 1 1 1 1 1 1 1 1 1 1 1 1 1 1 1 1 1 1 1 1 1 1 1 1 1 1 1 1 1 1 1 1 1 1 1 1 1 1 1 1 1 1 1 1 1 1 1 1 1 1
a_i 28.70 16.10 0.00 18.90 0.00 49.70 39.20 0.00 1.40 42.00 46.20 14.00 0.00 0.00 22.40 23.80 66.50 14.70 67.90 53.90 15.40 27.30 35.70 25.90 23.80 0.00 0.00 9.80 14.70 38.50 0.00 49.00 32.90 0.00 0.00 2.80 0.70 0.00 0.00 32.20 46.90 35.70 49.00 13.30 42.00 26.60 4.20 27.30 46.20 38.50 0.00 28.70 9.80 42.00 55.30 31.50 0.00 0.00 42.70 22.40 9.80 9.10 34.30 16.80 34.30 11.20 43.40 42.70 0.00 0.00 61.60 21.00 25.20 28.70 39.20 0.00 0.00 28.70 25.20 0.00 21.70 0.00 14.00 0.00 28.00 41.30 19.60 0.00 36.40 65.80 15.40 43.40 46.20 15.40 63.70 17.50 41.30 29.40 36.40 0.00
b_ij
0 0.00 2.91 0.00 1.26 0.00 2.42 0.00 2.14 2.31 2.21 0.00 2.87 0.00 3.43 0.56 2.31 0.81 3.47 2.42 2.63 2.24 3.26 3.08 0.46 1.30 2.98 0.74 0.60 0.00 2.28 0.00 0.00 2.24 0.18 0.77 1.44 3.33 1.51 0.00 0.49 3.15 1.02 0.42 2.52 2.70 0.81 0.81 2.38 3.47 0.95 3.47 1.65 1.79 1.93 3.36 0.00 2.03 2.00 2.42 0.00 1.26 0.67 0.00 0.88 1.75 1.79 1.26 0.00 0.00 3.22 0.21 0.00 2.49 0.74 1.54 0.00 0.18 0.77 0.21 1.47 2.31 0.63 0.00 0.00 0.91 2.56 1.93 0.00 2.35 0.00 2.42 2.31 0.67 0.35 0.00 0.00 1.89 0.11 2.80 0.00
1 2.91 0.00 2.31 1.40 0.42 1.44 0.07 2.10 0.00 1.93 1.47 0.00 0.00 1.79 0.00 1.93 3.47 1.16 1.02 3.26 1.19 1.75 1.54 0.00 0.00 3.40 0.00 0.00 2.80 1.44 3.33 1.33 1.09 2.14 2.73 0.00 0.81 3.22 2.28 0.00 0.00 0.88 0.49 1.65 0.11 0.00 0.00 0.00 0.07 0.00 2.84 0.00 0.67 0.00 0.53 1.33 2.52 0.00 0.67 2.94 3.36 1.12 0.56 2.38 1.61 0.00 2.70 0.00 0.00 0.95 0.00 0.00 0.39 0.98 2.56 0.91 0.95 3.12 0.63 1.09 3.01 2.03 0.00 2.73 3.08 0.00 3.12 3.15 0.00 0.00 2.73 2.80 0.00 1.54 0.49 0.00 3.19 0.00 0.00 2.91
2 0.00 2.31 0.00 3.40 3.05 2.59 2.70 0.74 3.47 1.54 0.00 3.29 0.14 0.00 0.00 0.00 2.35 1.86 0.00 3.26 0.88 0.11 0.74 2.45 0.49 0.84 3.50 1.86 2.45 0.42 0.00 3.26 1.96 0.00 1.37 2.24 2.35 0.00 0.07 1.37 0.00 1.51 2.49 1.47 2.70 1.23 1.16 0.07 0.18 1.19 0.04 0.00 3.36 0.00 0.00 2.73 1.54 1.05 2.73 2.10 0.00 2.38 1.96 1.26 0.53 2.56 2.24 2.94 0.49 1.61 3.19 3.36 0.00 2.77 0.00 1.19 1.93 0.00 1.30 1.47 1.47 1.02 0.04 0.84 3.33 2.63 2.59 0.98 0.63 2.52 1.86 2.42 2.45 2.10 0.63 0.00 0.70 1.12 3.47 1.89
3 1.26 1.40 3.40 0.00 0.00 0.00 3.33 0.21 1.96 1.86 2.52 0.00 0.56 0.63 0.00 0.07 0.00 0.04 1.86 1.68 1.19 1.68 0.60 2.00 0.00 0.00 1.09 0.56 0.00 0.00 1.09 1.82 0.00 0.77 1.09 0.98 0.00 1.82 0.49 3.08 0.00 2.70 1.82 2.10 3.29 0.00 3.29 0.00 3.08 1.12 2.63 0.04 2.31 0.00 1.89 2.17 2.94 0.74 3.47 2.52 0.14 2.66 1.23 0.00 2.91 0.18 0.63 2.03 0.00 2.10 2.73 3.15 2.17 3.01 0.00 0.00 2.38 0.39 3.01 1.72 0.84 0.11 1.02 0.11 0.42 0.21 0.11 3.29 1.72 2.59 3.47 0.00 1.16 2.38 0.00 2.42 1.44 1.86 0.77 0.25
4 0.00 0.42 3.05 0.00 0.00 1.75 3.15 1.02 1.44 2.03 2.59 0.84 2.17 2.63 0.00 2.70 0.77 0.81 0.88 1.72 3.40 3.19 0.00 3.29 3.08 1.16 2.35 2.24 0.95 0.00 2.73 2.84 2.80 1.58 0.00 0.28 0.00 0.00 1.86 1.65 2.98 2.35 0.25 0.00 2.42 1.44 3.26 2.10 0.00 0.32 2.98 0.00 2.03 3.08 2.17 0.00 0.00 0.46 2.03 1.12 0.25 0.00 2.80 1.40 0.00 0.53 0.00 1.23 0.00 0.63 1.86 2.80 2.00 0.00 1.51 1.93 0.00 0.46 1.75 0.00 3.05 3.36 1.09 2.56 3.15 0.00 0.70 0.21 1.33 0.60 2.98 2.03 1.86 1.65 1.33 0.00 1.72 0.00 1.82 0.00
5 2.42 1.44 2.59 0.00 1.75 0.00 2.14 3.40 3.50 2.73 3.08 0.53 3.47 1.72 1.75 0.35 2.66 2.49 2.31 1.19 1.33 0.77 1.86 0.00 1.33 1.40 2.56 2.42 1.30 3.40 0.63 0.70 2.14 1.96 2.56 0.46 2.70 2.91 3.05 2.66 1.96 2.73 3.19 0.07 2.35 0.32 0.00 0.56 0.04 0.25 1.82 0.70 0.84 0.00 3.40 0.56 2.42 0.00 0.42 1.79 3.40 3.05 0.88 0.00 1.19 1.47 1.02 0.00 2.42 2.24 0.67 1.05 2.73 1.09 3.40 1.30 1.02 1.72 2.45 0.00 0.00 1.37 1.02 3.36 0.00 1.12 3.29 2.03 0.42 1.09 0.00 1.19 0.21 0.32 1.61 0.00 3.26 2.21 0.25 0.00
6 0.00 0.07 2.70 3.33 3.15 2.14 0.00 1.12 3.33 2.38 2.77 0.00 2.49 1.79 0.28 0.07 0.42 0.39 0.77 0.14 1.23 0.00 2.07 0.00 0.00 2.87 2.84 2.07 3.08 2.35 0.00 0.77 2.52 2.70 0.81 2.35 0.00 0.28 0.07 3.33 0.00 1.26 1.93 3.40 0.28 2.98 0.00 1.89 3.01 1.93 0.00 0.00 1.40 0.00 1.93 2.49 0.00 1.82 1.30 1.47 0.00 0.53 3.22 2.07 0.00 1.23 3.29 1.02 2.28 1.26 1.79 2.59 0.49 0.00 0.00 0.70 0.39 0.00 3.05 0.74 0.00 0.00 0.04 2.10 1.82 2.49 2.14 3.50 0.00 0.07 3.26 0.00 1.58 0.25 2.21 2.52 2.66 3.19 2.56 2.31
7 2.14 2.10 0.74 0.21 1.02 3.40 1.12 0.00 1.96 0.00 0.00 0.95 0.74 0.28 2.52 0.81 0.84 2.28 0.60 0.00 2.24 0.67 1.05 0.00 3.12 1.54 0.98 0.00 2.87 2.10 0.00 3.05 0.00 0.84 2.45 1.82 0.00 0.00 3.26 1.58 2.84 3.08 1.05 0.00 0.25 0.53 2.91 0.25 0.00 0.00 2.42 0.18 0.00 1.75 1.30 0.04 0.95 0.00 2.87 2.42 0.00 0.00 0.00 1.37 2.45 3.36 3.05 2.73 0.35 0.84 2.56 0.00 0.00 3.29 1.40 0.00 3.36 1.65 0.98 1.19 0.00 0.00 0.35 0.49 0.00 0.46 0.00 1.75 2.38 0.63 1.47 1.30 3.01 0.00 1.82 0.39 3.33 0.00 0.77 2.87
8 2.31 0.00 3.47 1.96 1.44 3.50 3.33 1.96 0.00 2.10 1.09 2.70 1.47 1.82 0.00 0.35 0.81 2.70 0.00 0.32 1.68 0.32 0.00 0.46 2.84 0.42 0.25 1.72 0.00 2.45 2.63 0.00 0.00 1.40 2.03 1.54 1.54 1.61 0.00 0.91 0.00 3.43 3.26 1.54 0.00 2.52 0.00 0.00 0.00 2.77 2.94 3.05 2.38 1.65 2.94 0.00 0.63 2.31 3.50 2.84 3.50 3.12 0.00 0.00 2.03 0.91 0.00 0.35 1.23 0.00 1.47 2.87 0.00 1.75 3.36 0.53 0.98 3.36 2.63 0.00 3.15 1.93 0.18 0.42 0.95 2.28 1.51 0.32 2.80 0.98 2.70 0.00 0.14 0.00 1.26 1.96 3.26 2.42 1.05 3.15
9 2.21 1.93 1.54 1.86 2.03 2.73 2.38 0.00 2.10 0.00 0.00 1.72 1.05 3.01 2.52 0.00 3.33 2.24 0.28 1.93 1.09 2.70 2.66 0.00 2.38 0.00 0.00 0.39 1.58 0.77 1.82 3.01 0.95 2.73 2.56 0.00 1.05 3.15 1.47 0.14 0.00 2.14 0.00 1.82 1.09 2.98 3.50 0.00 1.51 1.65 0.28 0.00 0.00 0.46 1.86 3.01 1.09 1.58 0.00 2.45 2.45 0.95 2.21 1.51 0.00 0.14 0.39 3.08 3.22 2.07 1.68 0.74 1.33 3.08 2.56 1.79 0.60 0.00 2.98 1.33 0.00 1.40 0.35 1.51 3.01 0.00 0.35 0.28 1.23 0.00 2.59 0.00 2.87 1.40 3.43 3.40 2.70 0.63 1.40 1.37
10 0.00 1.47 0.00 2.52 2.59 3.08 2.77 0.00 1.09 0.00 0.00 1.33 0.56 2.03 1.47 3.43 2.31 1.51 0.00 2.87 1.65 3.15 0.00 0.00 0.00 2.52 0.00 0.00 3.50 2.66 3.43 0.00 1.40 2.49 2.77 0.00 1.33 2.10 1.93 0.11 0.21 2.28 1.47 0.32 0.00 2.91 1.12 1.96 1.44 2.73 1.79 0.49 0.00 2.56 3.43 0.77 2.38 0.11 0.00 1.89 2.91 1.93 1.05 3.01 0.49 0.21 3.33 0.00 1.61 2.38 0.00 0.00 1.75 1.54 0.00 0.98 0.35 1.37 2.80 0.39 1.72 0.00 2.49 2.42 2.70 0.46 2.84 1.93 2.87 3.47 1.09 0.00 0.00 0.00 1.82 0.00 2.35 1.61 2.87 0.95
11 2.87 0.00 3.29 0.00 0.84 0.53 0.00 0.95 2.70 1.72 1.33 0.00 0.00 1.47 0.39 0.70 1.26 0.00 0.00 0.56 2.80 3.50 0.21 3.47 0.00 0.60 2.98 1.40 2.63 0.00 0.00 0.00 0.00 2.28 0.00 0.95 2.84 0.00 1.58 0.00 1.47 1.86 3.22 0.00 0.74 2.91 0.14 0.00 1.30 2.59 0.60 2.10 1.51 0.81 2.17 2.59 0.00 0.91 2.87 0.98 0.56 2.42 0.00 0.00 2.38 3.40 0.74 3.43 1.37 1.12 0.25 1.72 2.63 3.40 1.16 0.07 2.35 1.72 2.52 0.91 2.00 0.00 2.35 2.14 2.38 0.18 3.40 0.00 3.15 1.12 0.95 0.00 0.84 0.00 0.00 1.26 1.58 0.04 1.26 1.33
12 0.00 0.00 0.14 0.56 2.17 3.47 2.49 0.74 1.47 1.05 0.56 0.00 0.00 0.00 1.37 0.39 0.00 0.00 3.05 3.47 0.18 0.00 2.07 0.42 0.00 0.35 2.10 2.07 2.35 3.12 1.30 0.00 1.86 0.00 0.67 0.53 0.00 2.77 1.19 1.79 0.00 2.00 0.00 0.81 0.00 0.00 1.86 1.33 2.07 1.12 1.96 0.00 1.02 3.12 1.09 0.00 0.00 1.19 0.00 0.81 3.43 1.93 0.00 0.21 0.88 2.24 0.00 0.63 1.19 3.33 3.43 1.93 0.98 3.43 0.28 0.00 2.24 0.28 0.00 0.00 2.31 0.81 3.26 1.40 3.40 0.00 0.53 1.44 0.00 2.98 2.14 1.79 0.00 2.10 2.45 2.98 0.11 3.26 3.29 2.07
13 3.43 1.79 0.00 0.63 2.63 1.72 1.79 0.28 1.82 3.01 2.03 1.47 0.00 0.00 1.72 2.56 0.00 0.35 0.91 2.17 2.21 0.00 1.75 1.09 0.00 0.00 3.05 2.17 1.61 3.47 1.79 0.95 0.28 2.07 0.28 2.38 1.68 3.47 2.38 0.67 2.07 2.52 2.63 0.74 2.98 1.44 3.47 0.60 1.12 2.87 0.00 2.87 0.00 0.00 3.33 0.25 1.51 2.49 1.40 0.00 1.30 0.00 0.00 3.15 0.28 0.21 3.01 1.12 1.72 0.42 0.91 3.19 0.70 0.00 1.68 0.91 2.24 3.12 0.00 0.00 0.00 0.07 0.70 0.14 0.74 0.53 1.30 2.70 0.84 0.00 1.05 2.35 1.16 0.00 0.98 2.38 1.47 0.21 0.00 3.50
14 0.56 0.00 0.00 0.00 0.00 1.75 0.28 2.52 0.00 2.52 1.47 0.39 1.37 1.72 0.00 0.00 0.00 2.52 2.42 0.07 0.42 0.53 0.00 2.66 0.00 3.26 2.59 2.66 0.00 0.00 1.47 0.00 1.37 1.96 0.53 2.24 1.68 3.33 3.40 3.29 0.77 1.44 2.21 1.02 1.05 0.00 2.63 2.84 3.40 1.40 0.00 1.12 0.00 1.93 0.00 0.00 2.80 3.15 0.00 0.00 3.15 0.00 0.49 1.82 1.86 0.00 0.00 2.31 1.12 2.52 0.46 0.49 2.14 1.05 1.16 0.25 2.73 2.63 1.89 0.53 1.58 1.02 1.23 0.32 0.00 0.00 0.04 1.33 0.00 0.00 0.00 1.02 0.46 0.04 3.29 0.00 0.00 3.50 1.79 0.00
15 2.31 1.93 0.00 0.07 2.70 0.35 0.07 0.81 0.35 0.00 3.43 0.70 0.39 2.56 0.00 0.00 0.00 2.91 1.89 0.00 1.40 0.00 0.04 0.63 3.29 3.29 2.49 0.00 3.33 2.94 0.84 0.00 0.00 0.21 2.28 3.26 2.94 0.00 2.87 3.08 0.00 1.51 2.45 2.24 1.65 0.88 0.00 1.23 2.66 0.00 2.14 2.00 0.00 1.26 0.49 1.05 1.47 0.00 2.63 1.44 0.00 3.36 3.43 0.81 0.00 0.00 2.00 1.16 0.00 0.00 1.82 0.04 3.50 3.05 0.00 2.52 2.84 2.98 2.38 1.51 2.77 1.89 0.00 2.70 2.49 2.70 0.49 3.40 0.00 1.51 1.58 0.18 0.98 0.32 0.00 0.00 0.98 1.16 3.05 3.15
16 0.81 3.47 2.35 0.00 0.77 2.66 0.42 0.84 0.81 3.33 2.31 1.26 0.00 0.00 0.00 0.00 0.00 0.88 3.33 2.24 2.98 0.00 2.87 0.88 1.79 0.00 0.00 1.02 2.91 1.68 0.84 0.84 0.00 2.03 0.42 1.72 0.00 0.21 1.82 3.43 0.46 2.98 2.77 0.00 0.98 0.00 0.00 2.42 0.00 2.91 1.79 0.00 2.14 0.00 2.07 0.88 0.00 3.33 0.32 2.73 3.47 0.74 0.42 1.65 2.10 2.45 1.93 3.12 0.49 2.42 0.00 0.00 2.21 2.38 0.95 0.00 1.51 1.82 0.11 0.60 0.88 0.67 1.16 0.00 0.56 1.37 1.51 2.63 0.53 2.45 3.19 1.23 0.70 1.12 2.59 1.44 0.00 0.14 2.07 0.00
17 3.47 1.16 1.86 0.04 0.81 2.49 0.39 2.28 2.70 2.24 1.51 0.00 0.00 0.35 2.52 2.91 0.88 0.00 0.63 3.08 0.91 0.28 0.63 1.54 3.22 1.02 2.80 0.00 0.88 0.84 0.00 1.47 2.00 0.53 2.87 2.31 0.74 0.00 0.00 1.05 0.00 2.66 0.00 2.94 2.66 2.56 1.05 0.00 1.86 0.77 3.15 3.29 0.60 2.52 0.00 0.11 0.00 0.00 3.22 1.40 2.52 3.40 1.61 2.07 1.37 2.14 2.56 2.56 0.18 2.84 0.00 1.86 2.98 1.37 1.33 0.00 3.19 1.75 0.00 2.77 0.70 2.24 0.70 3.40 0.00 0.00 3.36 0.14 1.23 2.03 0.70 1.68 0.81 2.49 1.30 3.05 1.68 0.53 1.68 1.40
18 2.42 1.02 0.00 1.86 0.88 2.31 0.77 0.60 0.00 0.28 0.00 0.00 3.05 0.91 2.42 1.89 3.33 0.63 0.00 0.00 1.16 0.28 0.00 0.00 1.47 0.95 2.03 0.56 0.98 0.70 0.63 1.12 2.24 0.18 1.16 3.43 0.00 0.98 2.66 1.26 0.49 0.00 2.42 0.70 1.19 0.00 0.00 0.00 2.73 0.00 1.19 3.05 2.94 0.18 1.75 3.19 3.26 1.19 0.00 0.00 0.00 1.26 1.58 0.00 0.00 2.35 0.00 1.37 1.86 2.91 0.60 0.00 2.49 2.84 0.00 3.22 0.00 2.35 2.21 1.23 0.42 3.29 0.00 2.17 0.25 2.87 0.00 0.00 0.00 2.24 0.00 0.00 0.00 0.88 0.88 2.42 0.00 0.00 1.23 0.14
19 2.63 3.26 3.26 1.68 1.72 1.19 0.14 0.00 0.32 1.93 2.87 0.56 3.47 2.17 0.07 0.00 2.24 3.08 0.00 0.00 2.87 1.79 0.11 1.12 0.00 0.00 2.03 0.07 3.01 0.00 1.16 0.00 2.31 0.00 0.18 1.75 1.51 0.00 0.91 0.84 2.59 3.40 0.00 2.45 2.35 0.00 0.00 0.95 2.70 0.00 0.60 3.15 2.56 0.88 2.87 2.66 2.45 3.50 1.40 0.00 0.00 1.44 0.11 3.29 3.33 0.00 0.39 0.00 1.72 0.00 0.07 0.00 1.37 1.72 0.00 0.77 0.35 3.15 2.73 1.89 2.14 0.35 2.94 0.28 1.61 3.33 2.63 1.51 2.63 0.98 2.52 0.00 0.00 0.00 0.07 1.23 2.59 0.00 3.26 1.30
20 2.24 1.19 0.88 1.19 3.40 1.33 1.23 2.24 1.68 1.09 1.65 2.80 0.18 2.21 0.42 1.40 2.98 0.91 1.16 2.87 0.00 0.49 0.00 2.14 0.11 0.00 2.17 0.00 0.28 0.84 0.74 0.00 1.12 2.98 3.12 0.88 0.00 0.81 0.14 1.68 0.42 2.00 2.70 0.00 0.00 3.29 2.91 2.42 2.63 2.56 1.44 0.00 1.16 3.01 0.00 1.26 0.00 0.49 1.75 1.96 0.00 0.04 3.26 0.18 2.98 0.00 1.26 0.70 3.29 0.14 0.53 0.00 2.17 0.04 0.56 2.03 2.14 0.49 0.00 1.05 0.00 0.77 1.93 0.00 0.11 1.75 2.63 1.58 0.00 0.00 1.72 1.05 0.95 1.82 2.21 3.19 2.42 2.52 1.12 2.45
21 3.26 1.75 0.11 1.68 3.19 0.77 0.00 0.67 0.32 2.70 3.15 3.50 0.00 0.00 0.53 0.00 0.00 0.28 0.28 1.79 0.49 0.00 0.00 0.35 2.63 2.10 0.53 0.00 0.28 0.00 3.29 2.17 2.52 1.82 0.11 0.00 3.43 1.30 2.80 3.12 0.00 3.01 0.00 2.38 0.00 0.00 0.00 3.36 0.00 1.65 0.32 0.00 1.09 0.07 0.88 0.32 1.54 0.00 0.53 0.00 0.00 0.00 2.31 3.26 3.19 0.70 1.93 2.70 1.09 1.33 0.28 1.33 0.00 1.51 3.08 2.35 2.28 1.79 2.91 0.53 2.17 0.32 0.00 0.84 0.00 0.88 3.43 2.07 0.00 3.47 2.24 0.00 0.00 0.00 0.32 0.42 0.00 1.33 0.00 0.91
22 3.08 1.54 0.74 0.60 0.00 1.86 2.07 1.05 0.00 2.66 0.00 0.21 2.07 1.75 0.00 0.04 2.87 0.63 0.00 0.11 0.00 0.00 0.00 1.33 3.47 3.01 0.63 0.00 2.17 3.43 3.15 1.47 0.77 0.00 0.81 1.16 0.04 1.93 0.00 1.86 1.09 3.05 1.72 2.63 3.47 0.00 1.47 0.91 1.86 0.56 0.00 0.35 2.24 2.17 1.68 0.00 2.28 0.00 2.03 2.42 0.88 0.00 0.35 0.88 0.21 0.00 2.14 1.16 0.39 1.23 3.47 0.00 0.00 2.24 2.35 0.56 0.00 0.00 3.19 1.79 0.84 0.81 0.00 0.00 0.53 0.00 2.94 0.00 0.14 3.01 3.05 0.67 0.00 0.35 0.00 2.80 0.00 1.33 2.87 0.00
23 0.46 0.00 2.45 2.00 3.29 0.00 0.00 0.00 0.46 0.00 0.00 3.47 0.42 1.09 2.66 0.63 0.88 1.54 0.00 1.12 2.14 0.35 1.33 0.00 1.96 0.00 1.16 1.54 0.00 2.59 1.47 2.66 0.00 2.03 0.49 0.95 0.00 3.01 1.54 3.12 0.91 0.53 0.84 0.00 1.79 3.33 3.19 2.31 1.26 2.03 0.00 0.77 0.63 0.00 0.67 0.56 0.95 0.00 0.00 0.91 1.61 2.49 1.16 2.73 1.23 0.84 1.89 1.26 3.01 0.00 0.00 0.00 0.00 1.33 0.00 2.14 3.47 1.86 0.00 0.00 0.00 2.80 0.00 0.00 0.25 0.00 1.26 1.16 0.49 2.42 3.50 2.94 0.00 2.66 0.04 2.14 2.10 0.00 1.82 0.42
24 1.30 0.00 0.49 0.00 3.08 1.33 0.00 3.12 2.84 2.38 0.00 0.00 0.00 0.00 0.00 3.29 1.79 3.22 1.47 0.00 0.11 2.63 3.47 1.96 0.00 0.00 1.79 2.59 2.35 0.00 1.51 0.00 1.61 0.00 3.15 0.32 2.10 1.54 2.73 2.31 1.93 1.61 0.70 2.63 2.24 2.14 2.10 0.53 0.00 0.00 0.18 3.50 2.24 1.37 2.24 0.00 1.26 0.77 1.44 0.07 1.02 0.35 0.00 0.00 1.93 3.33 0.00 0.00 0.00 0.46 3.05 0.00 0.00 3.43 1.09 0.00 0.00 2.63 0.00 0.67 2.84 0.00 0.00 0.56 2.28 0.88 0.00 1.37 0.00 2.59 1.93 2.56 0.00 0.98 2.84 2.70 2.98 1.12 0.56 1.68
25 2.98 3.40 0.84 0.00 1.16 1.40 2.87 1.54 0.42 0.00 2.52 0.60 0.35 0.00 3.26 3.29 0.00 1.02 0.95 0.00 0.00 2.10 3.01 0.00 0.00 0.00 1.89 0.18 0.46 2.80 0.00 1.51 3.12 3.19 2.03 0.21 1.16 0.77 2.66 0.00 0.35 0.21 3.43 2.66 0.77 2.14 2.35 1.79 2.17 2.56 1.93 1.37 2.77 0.00 0.14 2.80 0.00 0.70 2.24 2.10 3.33 0.07 0.53 1.44 3.05 1.51 0.56 0.98 1.02 2.21 0.00 3.33 0.00 3.19 2.98 0.00 0.00 1.23 2.38 0.00 2.24 0.00 1.47 0.00 1.93 1.96 1.75 1.40 1.75 2.63 1.58 0.00 0.00 0.00 0.39 2.03 0.84 2.49 2.52 3.08
26 0.74 0.00 3.50 1.09 2.35 2.56 2.84 0.98 0.25 0.00 0.00 2.98 2.10 3.05 2.59 2.49 0.00 2.80 2.03 2.03 2.17 0.53 0.63 1.16 1.79 1.89 0.00 2.21 2.31 0.00 1.47 3.15 0.00 1.86 0.00 2.35 0.56 1.12 1.54 1.61 1.26 3.36 1.12 2.38 3.40 1.33 0.25 0.00 0.53 1.37 1.12 2.94 2.56 0.00 3.43 2.56 2.56 0.00 1.68 2.24 3.01 1.72 3.26 0.35 2.42 3.12 3.33 0.00 1.26 3.01 0.00 0.95 1.82 2.87 2.52 1.37 0.18 0.00 2.98 2.38 2.80 0.77 0.70 0.63 0.63 2.98 0.07 1.72 0.46 3.43 3.43 0.00 3.33 0.00 0.49 0.84 0.84 1.61 0.00 1.65
27 0.60 0.00 1.86 0.56 2.24 2.42 2.07 0.00 1.72 0.39 0.00 1.40 2.07 2.17 2.66 0.00 1.02 0.00 0.56 0.07 0.00 0.00 0.00 1.54 2.59 0.18 2.21 0.00 1.09 3.12 0.00 2.03 2.07 2.63 1.96 1.96 0.00 0.53 2.94 0.00 2.56 0.21 0.95 0.25 1.68 3.26 2.70 2.35 0.00 0.00 0.00 0.14 0.63 0.04 1.40 0.00 2.91 0.77 0.67 0.67 2.07 0.00 2.59 2.52 1.68 2.38 1.65 2.21 0.00 0.00 0.00 2.07 1.79 2.87 3.05 0.00 1.30 0.07 0.00 0.00 0.95 1.96 3.26 2.70 0.00 0.60 2.87 0.00 0.00 2.94 0.00 2.21 0.00 3.26 0.11 0.21 0.49 2.66 1.26 1.12
28 0.00 2.80 2.45 0.00 0.95 1.30 3.08 2.87 0.00 1.58 3.50 2.63 2.35 1.61 0.00 3.33 2.91 0.88 0.98 3.01 0.28 0.28 2.17 0.00 2.35 0.46 2.31 1.09 0.00 0.00 2.31 0.46 3.43 0.46 2.24 0.00 2.52 0.63 0.00 0.35 0.00 0.00 0.49 0.42 1.51 0.00 3.05 2.14 0.35 0.81 3.19 0.00 0.00 3.01 2.98 1.51 1.61 2.17 2.21 3.26 0.70 0.70 1.05 3.26 2.00 3.19 2.63 0.35 0.84 0.00 0.95 2.28 0.00 1.40 0.70 2.24 2.70 0.21 0.95 0.07 0.14 2.24 1.58 2.84 0.98 1.12 0.00 2.56 0.00 2.10 1.30 2.24 2.10 3.29 0.00 0.00 3.33 2.63 1.79 0.07
29 2.28 1.44 0.42 0.00 0.00 3.40 2.35 2.10 2.45 0.77 2.66 0.00 3.12 3.47 0.00 2.94 1.68 0.84 0.70 0.00 0.84 0.00 3.43 2.59 0.00 2.80 0.00 3.12 0.00 0.00 0.91 1.54 0.00 0.14 3.19 1.02 2.17 0.00 2.80 0.00 3.08 0.70 1.02 0.21 0.21 0.00 0.98 1.82 2.52 2.84 2.17 0.25 0.00 0.00 0.00 0.00 1.23 0.00 1.68 1.05 1.61 1.12 3.19 0.35 1.58 2.28 1.23 2.66 1.02 1.93 0.00 0.00 0.00 3.33 0.56 0.00 3.36 1.58 2.52 0.00 1.05 0.00 0.00 1.47 1.37 0.00 1.61 1.40 0.00 0.60 2.14 2.84 0.67 0.00 0.00 0.21 1.89 0.53 0.00 1.79
30 0.00 3.33 0.00 1.09 2.73 0.63 0.00 0.00 2.63 1.82 3.43 0.00 1.30 1.79 1.47 0.84 0.84 0.00 0.63 1.16 0.74 3.29 3.15 1.47 1.51 0.00 1.47 0.00 2.31 0.91 0.00 0.00 0.00 1.82 2.66 3.05 2.80 2.73 0.00 0.00 1.33 0.00 3.33 0.07 1.54 0.00 0.00 0.18 3.08 1.05 0.00 1.37 2.98 3.50 0.00 1.93 2.35 0.14 0.98 3.22 0.60 2.42 1.82 2.00 1.75 0.00 2.42 0.98 1.26 0.00 2.66 2.77 0.63 3.19 3.12 2.77 1.09 0.60 1.19 3.47 2.49 2.21 0.91 1.93 1.86 3.33 3.19 0.42 2.84 0.60 1.26 0.00 0.00 0.00 0.53 2.87 1.40 0.00 2.91 0.28
31 0.00 1.33 3.26 1.82 2.84 0.70 0.77 3.05 0.00 3.01 0.00 0.00 0.00 0.95 0.00 0.00 0.84 1.47 1.12 0.00 0.00 2.17 1.47 2.66 0.00 1.51 3.15 2.03 0.46 1.54 0.00 0.00 0.56 0.00 2.00 0.00 2.94 3.12 2.91 2.80 0.56 1.02 2.10 0.18 0.21 1.44 0.21 1.16 0.74 1.72 0.00 0.00 2.70 0.49 2.63 1.68 0.74 0.00 0.70 2.70 0.00 0.28 2.66 2.49 0.00 0.00 0.00 0.00 2.49 2.21 2.52 0.46 3.12 0.77 1.93 0.00 0.00 0.84 0.91 0.00 1.09 0.11 0.60 0.00 1.40 0.28 3.19 0.00 1.12 0.00 3.01 1.61 2.98 1.26 0.00 1.72 0.32 1.23 0.00 0.00
32 2.24 1.09 1.96 0.00 2.80 2.14 2.52 0.00 0.00 0.95 1.40 0.00 1.86 0.28 1.37 0.00 0.00 2.00 2.24 2.31 1.12 2.52 0.77 0.00 1.61 3.12 0.00 2.07 3.43 0.00 0.00 0.56 0.00 1.82 1.23 0.00 0.70 2.00 2.07 2.73 1.96 3.40 2.70 2.91 1.02 0.00 0.00 0.00 3.22 0.00 0.00 0.49 0.00 3.43 2.94 1.23 0.00 2.77 0.39 0.00 3.22 1.05 1.72 2.52 0.56 0.42 0.84 0.21 0.49 0.32 1.93 2.84 3.43 2.66 1.12 2.00 2.94 1.09 0.00 1.12 2.38 0.00 0.00 0.98 0.63 0.18 1.65 1.19 2.38 0.00 1.44 2.38 3.08 3.12 0.00 0.70 0.00 0.00 0.14 2.42
33 0.18 2.14 0.00 0.77 1.58 1.96 2.70 0.84 1.40 2.73 2.49 2.28 0.00 2.07 1.96 0.21 2.03 0.53 0.18 0.00 2.98 1.82 0.00 2.03 0.00 3.19 1.86 2.63 0.46 0.14 1.82 0.00 1.82 0.00 0.39 0.00 0.00 2.17 2.07 0.00 0.39 3.15 0.00 1.19 3.05 3.01 0.77 0.00 0.00 2.31 0.00 0.00 2.52 2.31 1.82 2.87 1.26 2.10 0.00 3.19 0.00 1.47 0.21 1.05 1.96 2.03 0.00 1.37 0.00 0.00 0.00 0.63 2.56 1.65 3.29 0.00 0.00 2.84 0.67 3.01 1.58 0.00 1.33 2.59 1.79 0.00 1.96 0.00 2.45 3.50 0.25 0.00 1.82 3.47 1.19 2.31 2.42 0.00 1.40 1.54
34 0.77 2.73 1.37 1.09 0.00 2.56 0.81 2.45 2.03 2.56 2.77 0.00 0.67 0.28 0.53 2.28 0.42 2.87 1.16 0.18 3.12 0.11 0.81 0.49 3.15 2.03 0.00 1.96 2.24 3.19 2.66 2.00 1.23 0.39 0.00 0.00 3.12 3.12 2.14 1.86 3.29 0.00 0.00 0.00 1.16 0.98 1.68 2.07 0.00 2.63 1.02 2.98 0.00 0.42 0.00 0.00 2.21 1.75 0.00 0.00 0.00 2.24 3.01 3.08 1.72 0.04 2.42 0.00 1.02 1.47 0.00 1.96 0.00 0.00 0.49 1.68 0.00 1.23 1.30 0.00 0.95 3.36 3.33 1.09 0.32 0.14 2.14 0.84 1.44 0.11 2.07 1.16 3.19 1.96 3.36 0.39 3.26 0.98 1.30 0.39
35 1.44 0.00 2.24 0.98 0.28 0.46 2.35 1.82 1.54 0.00 0.00 0.95 0.53 2.38 2.24 3.26 1.72 2.31 3.43 1.75 0.88 0.00 1.16 0.95 0.32 0.21 2.35 1.96 0.00 1.02 3.05 0.00 0.00 0.00 0.00 0.00 0.00 2.14 2.98 2.66 2.14 0.00 0.00 2.73 0.35 3.26 2.28 0.18 1.54 0.07 0.00 0.00 0.04 0.32 0.70 3.26 1.16 0.81 3.01 2.63 1.75 1.19 0.98 1.40 2.70 2.31 0.56 0.70 0.98 1.54 0.00 0.00 1.19 1.82 3.50 1.30 0.00 0.00 0.88 0.11 2.56 2.98 3.12 3.22 3.43 1.23 1.02 0.00 2.59 1.19 2.73 0.32 0.00 0.11 0.70 0.00 1.58 0.00 0.00 2.59
36 3.33 0.81 2.35 0.00 0.00 2.70 0.00 0.00 1.54 1.05 1.33 2.84 0.00 1.68 1.68 2.94 0.00 0.74 0.00 1.51 0.00 3.43 0.04 0.00 2.10 1.16 0.56 0.00 2.52 2.17 2.80 2.94 0.70 0.00 3.12 0.00 0.00 0.00 0.18 2.59 2.28 0.00 1.96 0.70 1.44 2.49 1.58 0.00 0.00 0.00 0.00 2.70 0.00 1.37 3.15 0.00 2.77 2.87 0.00 0.88 0.00 0.00 0.77 0.60 0.18 2.35 3.29 2.77 1.82 0.00 0.91 1.30 0.60 0.56 2.87 0.00 2.17 2.66 3.19 1.37 0.00 0.00 2.66 3.47 2.52 1.16 0.00 0.00 1.05 2.28 0.74 3.29 2.70 1.44 1.23 3.40 1.96 0.53 0.00 2.28
37 1.51 3.22 0.00 1.82 0.00 2.91 0.28 0.00 1.61 3.15 2.10 0.00 2.77 3.47 3.33 0.00 0.21 0.00 0.98 0.00 0.81 1.30 1.93 3.01 1.54 0.77 1.12 0.53 0.63 0.00 2.73 3.12 2.00 2.17 3.12 2.14 0.00 0.00 2.45 1.44 3.01 0.00 0.00 2.73 1.58 0.00 0.00 3.47 0.00 2.00 2.98 0.00 1.40 1.19 0.70 1.96 3.12 2.31 2.73 0.46 1.75 0.74 2.28 2.49 1.93 0.11 0.00 2.10 0.28 2.94 0.00 0.81 1.82 0.00 0.00 3.26 0.00 0.60 1.47 2.56 1.96 0.00 1.16 0.00 0.56 0.00 2.03 0.00 1.61 1.82 0.00 3.05 2.87 0.00 0.00 0.00 3.15 1.96 0.46 1.79
38 0.00 2.28 0.07 0.49 1.86 3.05 0.07 3.26 0.00 1.47 1.93 1.58 1.19 2.38 3.40 2.87 1.82 0.00 2.66 0.91 0.14 2.80 0.00 1.54 2.73 2.66 1.54 2.94 0.00 2.80 0.00 2.91 2.07 2.07 2.14 2.98 0.18 2.45 0.00 0.00 0.49 1.58 0.00 0.74 1.37 2.31 0.00 1.89 1.16 0.07 1.65 3.36 2.91 2.14 0.84 1.26 2.66 0.84 0.00 0.35 2.38 1.54 0.70 1.68 0.00 2.52 0.00 1.75 0.00 0.00 0.74 1.37 1.40 1.96 0.00 3.12 2.98 0.00 0.00 3.01 0.35 1.09 1.79 1.86 2.63 0.95 0.00 0.25 2.63 0.00 0.49 3.36 1.02 2.03 0.00 2.98 0.00 0.11 3.29 0.00
39 0.49 0.00 1.37 3.08 1.65 2.66 3.33 1.58 0.91 0.14 0.11 0.00 1.79 0.67 3.29 3.08 3.43 1.05 1.26 0.84 1.68 3.12 1.86 3.12 2.31 0.00 1.61 0.00 0.35 0.00 0.00 2.80 2.73 0.00 1.86 2.66 2.59 1.44 0.00 0.00 2.77 2.73 0.00 0.70 0.00 3.19 0.67 0.42 3.05 0.00 2.84 0.00 1.40 0.60 0.46 3.01 3.22 1.09 0.00 2.87 0.00 1.44 2.91 0.00 0.98 1.68 0.49 3.26 2.14 0.56 0.35 0.00 0.00 2.17 0.42 1.93 2.70 3.22 0.00 2.45 0.00 0.74 3.15 0.00 2.00 0.00 3.50 0.46 2.98 0.00 0.00 3.33 1.61 1.37 1.61 2.59 2.21 0.91 2.56 1.23
40 3.15 0.00 0.00 0.00 2.98 1.96 0.00 2.84 0.00 0.00 0.21 1.47 0.00 2.07 0.77 0.00 0.46 0.00 0.49 2.59 0.42 0.00 1.09 0.91 1.93 0.35 1.26 2.56 0.00 3.08 1.33 0.56 1.96 0.39 3.29 2.14 2.28 3.01 0.49 2.77 0.00 2.59 1.93 0.00 2.00 2.42 0.84 2.56 0.63 1.09 0.67 1.19 3.36 0.00 0.00 3.36 0.00 0.00 3.01 0.88 0.00 3.01 0.00 0.81 2.73 3.33 0.00 0.18 0.00 2.94 0.42 1.65 1.72 2.38 2.35 0.00 0.00 1.09 3.26 0.00 2.63 2.73 0.00 0.84 0.60 3.15 2.07 3.36 3.36 2.07 2.38 1.68 2.80 3.40 1.96 0.28 0.00 0.00 0.00 0.00
41 1.02 0.88 1.51 2.70 2.35 2.73 1.26 3.08 3.43 2.14 2.28 1.86 2.00 2.52 1.44 1.51 2.98 2.66 0.00 3.40 2.00 3.01 3.05 0.53 1.61 0.21 3.36 0.21 0.00 0.70 0.00 1.02 3.40 3.15 0.00 0.00 0.00 0.00 1.58 2.73 2.59 0.00 0.00 1.89 3.22 1.96 2.38 0.91 0.07 0.00 1.75 0.53 1.09 3.47 2.52 2.42 2.98 1.54 0.00 3.43 1.02 2.42 2.56 2.49 0.00 2.24 0.00 0.42 0.00 3.19 1.68 1.44 0.21 2.38 1.47 3.26 2.38 1.75 1.61 1.51 2.03 2.94 1.54 3.29 1.65 3.15 0.00 0.00 0.00 1.05 2.98 0.98 0.04 1.96 0.00 0.32 0.74 2.98 1.26 2.45
42 0.42 0.49 2.49 1.82 0.25 3.19 1.93 1.05 3.26 0.00 1.47 3.22 0.00 2.63 2.21 2.45 2.77 0.00 2.42 0.00 2.70 0.00 1.72 0.84 0.70 3.43 1.12 0.95 0.49 1.02 3.33 2.10 2.70 0.00 0.00 0.00 1.96 0.00 0.00 0.00 1.93 0.00 0.00 3.47 0.00 1.26 1.65 1.47 0.00 0.00 0.00 0.00 1.65 1.02 2.52 0.84 3.05 0.53 2.31 0.00 0.25 1.05 0.00 2.59 0.00 1.40 3.01 0.00 0.00 1.72 0.95 1.47 2.24 0.00 1.58 0.28 0.00 2.49 1.26 0.00 3.47 1.05 0.21 1.26 0.95 2.24 0.00 2.10 0.77 1.54 2.31 0.00 2.59 0.00 0.70 0.32 1.65 3.36 1.09 3.12
43 2.52 1.65 1.47 2.10 0.00 0.07 3.40 0.00 1.54 1.82 0.32 0.00 0.81 0.74 1.02 2.24 0.00 2.94 0.70 2.45 0.00 2.38 2.63 0.00 2.63 2.66 2.38 0.25 0.42 0.21 0.07 0.18 2.91 1.19 0.00 2.73 0.70 2.73 0.74 0.70 0.00 1.89 3.47 0.00 3.12 0.91 2.03 0.28 1.33 0.00 3.08 2.63 3.19 0.00 3.43 0.95 0.00 0.00 0.49 0.07 0.00 2.42 0.60 2.28 1.16 2.03 3.33 3.33 1.30 0.60 0.81 1.37 0.81 2.00 1.86 0.00 2.45 2.77 1.16 0.00 1.89 0.95 0.07 0.21 3.47 0.11 0.00 1.40 0.00 2.73 0.00 1.65 1.89 0.00 0.00 2.56 0.95 0.00 1.51 3.43
44 2.70 0.11 2.70 3.29 2.42 2.35 0.28 0.25 0.00 1.09 0.00 0.74 0.00 2.98 1.05 1.65 0.98 2.66 1.19 2.35 0.00 0.00 3.47 1.79 2.24 0.77 3.40 1.68 1.51 0.21 1.54 0.21 1.02 3.05 1.16 0.35 1.44 1.58 1.37 0.00 2.00 3.22 0.00 3.12 0.00 2.91 2.84 0.00 0.39 0.14 2.45 2.98 0.32 0.77 1.82 2.03 1.82 2.70 2.91 1.89 0.00 1.37 0.00 1.33 0.00 1.68 0.00 2.73 0.98 1.68 0.21 0.00 0.00 0.14 0.00 1.75 0.00 3.33 1.09 3.43 1.58 3.40 2.38 2.66 2.35 1.33 3.36 2.21 1.58 3.15 0.84 2.98 2.31 0.60 0.00 1.93 1.33 3.26 0.00 2.42
45 0.81 0.00 1.23 0.00 1.44 0.32 2.98 0.53 2.52 2.98 2.91 2.91 0.00 1.44 0.00 0.88 0.00 2.56 0.00 0.00 3.29 0.00 0.00 3.33 2.14 2.14 1.33 3.26 0.00 0.00 0.00 1.44 0.00 3.01 0.98 3.26 2.49 0.00 2.31 3.19 2.42 1.96 1.26 0.91 2.91 0.00 3.05 2.17 1.33 0.00 0.91 1.58 2.59 2.73 2.98 0.53 0.00 0.00 2.21 1.33 1.96 2.00 2.35 0.00 1.82 2.03 3.47 2.14 0.00 3.12 2.21 2.80 1.12 2.56 1.05 1.23 0.07 2.80 0.00 0.00 0.04 2.00 1.26 0.74 0.95 0.95 0.00 0.00 2.70 2.35 0.00 1.89 1.72 1.16 1.23 0.49 0.81 0.70 2.52 0.18
46 0.81 0.00 1.16 3.29 3.26 0.00 0.00 2.91 0.00 3.50 1.12 0.14 1.86 3.47 2.63 0.00 0.00 1.05 0.00 0.00 2.91 0.00 1.47 3.19 2.10 2.35 0.25 2.70 3.05 0.98 0.00 0.21 0.00 0.77 1.68 2.28 1.58 0.00 0.00 0.67 0.84 2.38 1.65 2.03 2.84 3.05 0.00 1.89 0.00 1.79 2.80 1.23 0.49 0.84 1.40 0.00 3.15 2.42 2.10 2.38 1.82 0.00 0.00 2.24 1.33 0.14 1.40 3.43 1.75 0.00 0.00 0.00 0.18 0.77 3.15 0.00 2.98 0.67 3.01 0.88 2.14 1.58 2.59 0.00 0.00 0.28 2.80 1.44 0.49 3.33 2.38 1.30 0.04 2.77 3.50 0.88 3.33 1.79 3.08 0.60
47 2.38 0.00 0.07 0.00 2.10 0.56 1.89 0.25 0.00 0.00 1.96 0.00 1.33 0.60 2.84 1.23 2.42 0.00 0.00 0.95 2.42 3.36 0.91 2.31 0.53 1.79 0.00 2.35 2.14 1.82 0.18 1.16 0.00 0.00 2.07 0.18 0.00 3.47 1.89 0.42 2.56 0.91 1.47 0.28 0.00 2.17 1.89 0.00 2.42 3.33 0.00 1.61 3.19 0.00 2.14 0.60 2.77 3.47 2.63 0.00 2.52 0.00 0.00 1.44 2.70 2.77 0.00 0.81 3.33 0.00 0.53 1.89 1.51 2.73 0.00 3.05 3.01 0.39 3.19 2.56 0.11 2.17 2.31 2.03 2.84 3.43 0.07 2.28 0.00 3.01 2.14 2.94 1.47 0.00 0.00 2.42 0.00 0.91 1.12 0.00
48 3.47 0.07 0.18 3.08 0.00 0.04 3.01 0.00 0.00 1.51 1.44 1.30 2.07 1.12 3.40 2.66 0.00 1.86 2.73 2.70 2.63 0.00 1.86 1.26 0.00 2.17 0.53 0.00 0.35 2.52 3.08 0.74 3.22 0.00 0.00 1.54 0.00 0.00 1.16 3.05 0.63 0.07 0.00 1.33 0.39 1.33 0.00 2.42 0.00 1.58 0.67 1.86 0.56 0.04 0.56 1.30 2.63 2.14 3.26 2.31 2.35 0.63 1.93 0.95 0.91 3.01 1.40 0.00 3.29 3.22 2.38 2.35 2.42 1.54 0.00 2.31 0.63 0.00 2.77 3.33 3.12 0.00 2.35 2.17 2.59 2.07 1.40 0.88 1.96 0.53 1.51 0.56 0.00 0.63 2.03 0.88 1.33 0.00 0.00 1.82
49 0.95 0.00 1.19 1.12 0.32 0.25 1.93 0.00 2.77 1.65 2.73 2.59 1.12 2.87 1.40 0.00 2.91 0.77 0.00 0.00 2.56 1.65 0.56 2.03 0.00 2.56 1.37 0.00 0.81 2.84 1.05 1.72 0.00 2.31 2.63 0.07 0.00 2.00 0.07 0.00 1.09 0.00 0.00 0.00 0.14 0.00 1.79 3.33 1.58 0.00 1.68 0.63 3.22 2.73 1.02 0.70 0.35 0.49 3.29 1.40 1.65 1.51 0.00 3.43 1.72 0.00 0.88 0.00 3.43 2.56 0.00 1.93 0.00 3.40 0.74 0.00 3.22 0.67 2.91 1.44 2.10 0.53 0.00 0.00 0.21 1.86 0.14 3.19 1.33 1.44 2.63 2.31 3.15 2.84 0.00 0.00 2.52 3.01 0.07 0.81
50 3.47 2.84 0.04 2.63 2.98 1.82 0.00 2.42 2.94 0.28 1.79 0.60 1.96 0.00 0.00 2.14 1.79 3.15 1.19 0.60 1.44 0.32 0.00 0.00 0.18 1.93 1.12 0.00 3.19 2.17 0.00 0.00 0.00 0.00 1.02 0.00 0.00 2.98 1.65 2.84 0.67 1.75 0.00 3.08 2.45 0.91 2.80 0.00 0.67 1.68 0.00 3.50 2.91 3.19 0.14 3.12 1.89 2.35 1.33 2.80 1.02 1.51 1.79 0.21 0.00 0.00 0.25 0.00 0.00 0.21 3.19 3.47 1.93 0.00 0.00 2.80 0.00 1.61 1.96 2.52 1.75 2.63 2.35 1.12 0.07 2.07 1.79 0.00 1.65 1.58 2.17 2.77 3.33 1.12 2.35 1.12 0.00 2.91 0.07 1.09
51 1.65 0.00 0.00 0.04 0.00 0.70 0.00 0.18 3.05 0.00 0.49 2.10 0.00 2.87 1.12 2.00 0.00 3.29 3.05 3.15 0.00 0.00 0.35 0.77 3.50 1.37 2.94 0.14 0.00 0.25 1.37 0.00 0.49 0.00 2.98 0.00 2.70 0.00 3.36 0.00 1.19 0.53 0.00 2.63 2.98 1.58 1.23 1.61 1.86 0.63 3.50 0.00 0.35 0.18 0.00 3.40 2.07 0.00 0.14 1.51 2.98 3.33 1.26 1.54 2.45 0.35 2.45 3.29 0.88 2.73 2.91 2.45 2.70 0.00 2.52 3.12 0.00 0.00 0.07 0.00 2.07 3.19 2.98 0.00 3.47 1.58 3.36 1.05 0.77 2.73 0.07 2.87 1.96 0.53 0.00 0.00 2.24 0.84 0.00 2.66
52 1.79 0.67 3.36 2.31 2.03 0.84 1.40 0.00 2.38 0.00 0.00 1.51 1.02 0.00 0.00 0.00 2.14 0.60 2.94 2.56 1.16 1.09 2.24 0.63 2.24 2.77 2.56 0.63 0.00 0.00 2.98 2.70 0.00 2.52 0.00 0.04 0.00 1.40 2.91 1.40 3.36 1.09 1.65 3.19 0.32 2.59 0.49 3.19 0.56 3.22 2.91 0.35 0.00 0.00 2.66 0.00 0.00 1.93 0.74 2.00 0.53 2.56 1.09 0.21 2.87 0.00 0.00 0.81 0.00 1.02 0.39 0.00 1.23 2.45 1.05 2.45 1.51 1.37 0.00 2.38 1.47 0.21 0.25 3.43 3.33 2.91 1.89 2.56 0.00 2.70 0.77 0.60 0.14 3.22 0.00 0.35 2.14 2.80 2.49 0.00
53 1.93 0.00 0.00 0.00 3.08 0.00 0.00 1.75 1.65 0.46 2.56 0.81 3.12 0.00 1.93 1.26 0.00 2.52 0.18 0.88 3.01 0.07 2.17 0.00 1.37 0.00 0.00 0.04 3.01 0.00 3.50 0.49 3.43 2.31 0.42 0.32 1.37 1.19 2.14 0.60 0.00 3.47 1.02 0.00 0.77 2.73 0.84 0.00 0.04 2.73 3.19 0.18 0.00 0.00 1.65 0.00 1.54 2.24 2.00 2.63 1.40 1.09 1.37 1.12 1.79 1.68 2.84 0.00 0.32 3.47 1.93 0.81 1.86 0.46 1.16 0.00 2.66 0.00 0.32 0.00 0.28 0.35 0.00 1.30 1.02 0.00 0.91 0.00 0.00 0.00 2.03 2.38 3.47 3.22 0.18 0.00 1.37 2.73 0.00 1.79
54 3.36 0.53 0.00 1.89 2.17 3.40 1.93 1.30 2.94 1.86 3.43 2.17 1.09 3.33 0.00 0.49 2.07 0.00 1.75 2.87 0.00 0.88 1.68 0.67 2.24 0.14 3.43 1.40 2.98 0.00 0.00 2.63 2.94 1.82 0.00 0.70 3.15 0.70 0.84 0.46 0.00 2.52 2.52 3.43 1.82 2.98 1.40 2.14 0.56 1.02 0.14 0.00 2.66 1.65 0.00 1.44 0.00 0.56 2.63 2.49 1.72 0.00 0.00 2.84 2.17 1.26 2.21 3.29 0.28 2.42 1.37 0.00 2.38 0.00 1.40 2.52 1.30 0.84 0.00 3.15 1.93 0.00 0.35 0.00 2.21 1.12 1.19 1.68 0.00 0.00 0.39 0.00 3.33 1.89 0.00 0.00 0.00 3.29 0.00 0.00
55 0.00 1.33 2.73 2.17 0.00 0.56 2.49 0.04 0.00 3.01 0.77 2.59 0.00 0.25 0.00 1.05 0.88 0.11 3.19 2.66 1.26 0.32 0.00 0.56 0.00 2.80 2.56 0.00 1.51 0.00 1.93 1.68 1.23 2.87 0.00 3.26 0.00 1.96 1.26 3.01 3.36 2.42 0.84 0.95 2.03 0.53 0.00 0.60 1.30 0.70 3.12 3.40 0.00 0.00 1.44 0.00 0.32 1.86 0.63 2.73 0.00 0.00 2.00 0.07 0.88 2.14 0.11 0.21 0.00 0.00 0.00 0.00 0.00 0.88 0.63 0.00 0.00 1.82 3.05 1.72 3.22 2.24 0.00 2.73 2.42 0.00 1.61 0.00 3.22 0.00 0.28 0.18 0.42 2.14 2.49 1.65 0.00 3.50 2.56 0.00
56 2.03 2.52 1.54 2.94 0.00 2.42 0.00 0.95 0.63 1.09 2.38 0.00 0.00 1.51 2.80 1.47 0.00 0.00 3.26 2.45 0.00 1.54 2.28 0.95 1.26 0.00 2.56 2.91 1.61 1.23 2.35 0.74 0.00 1.26 2.21 1.16 2.77 3.12 2.66 3.22 0.00 2.98 3.05 0.00 1.82 0.00 3.15 2.77 2.63 0.35 1.89 2.07 0.00 1.54 0.00 0.32 0.00 1.16 2.94 0.95 0.04 1.05 0.74 0.00 2.52 2.56 2.10 0.00 0.56 0.00 0.70 2.38 0.00 0.60 2.42 1.61 0.98 2.80 0.67 0.00 3.08 0.00 2.73 0.00 0.00 3.50 3.29 0.00 2.56 0.00 3.36 0.00 0.32 0.81 1.93 1.89 0.00 1.47 1.12 0.42
57 2.00 0.00 1.05 0.74 0.46 0.00 1.82 0.00 2.31 1.58 0.11 0.91 1.19 2.49 3.15 0.00 3.33 0.00 1.19 3.50 0.49 0.00 0.00 0.00 0.77 0.70 0.00 0.77 2.17 0.00 0.14 0.00 2.77 2.10 1.75 0.81 2.87 2.31 0.84 1.09 0.00 1.54 0.53 0.00 2.70 0.00 2.42 3.47 2.14 0.49 2.35 0.00 1.93 2.24 0.56 1.86 1.16 0.00 0.74 3.36 0.00 2.63 1.79 2.03 1.44 2.03 2.21 2.91 2.38 0.46 2.49 2.07 2.03 2.49 0.00 0.35 0.35 1.26 2.63 0.70 0.11 3.08 0.00 0.00 2.66 3.50 0.00 3.43 0.00 0.00 1.61 0.00 1.96 1.47 0.00 0.04 1.16 2.45 0.00 3.22
58 2.42 0.67 2.73 3.47 2.03 0.42 1.30 2.87 3.50 0.00 0.00 2.87 0.00 1.40 0.00 2.63 0.32 3.22 0.00 1.40 1.75 0.53 2.03 0.00 1.44 2.24 1.68 0.67 2.21 1.68 0.98 0.70 0.39 0.00 0.00 3.01 0.00 2.73 0.00 0.00 3.01 0.00 2.31 0.49 2.91 2.21 2.10 2.63 3.26 3.29 1.33 0.14 0.74 2.00 2.63 0.63 2.94 0.74 0.00 2.35 0.14 1.09 3.22 0.84 0.39 1.40 1.82 2.56 1.44 2.35 1.33 3.12 3.19 2.63 0.00 0.00 2.77 3.15 0.00 0.67 0.00 0.00 1.44 0.60 0.04 2.98 1.89 0.00 2.91 0.00 0.00 3.08 0.46 2.42 0.00 2.94 1.65 1.23 0.42 1.30
59 0.00 2.94 2.10 2.52 1.12 1.79 1.47 2.42 2.84 2.45 1.89 0.98 0.81 0.00 0.00 1.44 2.73 1.40 0.00 0.00 1.96 0.00 2.42 0.91 0.07 2.10 2.24 0.67 3.26 1.05 3.22 2.70 0.00 3.19 0.00 2.63 0.88 0.46 0.35 2.87 0.88 3.43 0.00 0.07 1.89 1.33 2.38 0.00 2.31 1.40 2.80 1.51 2.00 2.63 2.49 2.73 0.95 3.36 2.35 0.00 0.77 0.07 0.39 0.00 2.87 0.00 0.42 2.94 1.68 0.84 3.47 0.00 2.10 3.15 1.89 3.50 0.00 2.10 1.79 1.68 0.00 2.98 1.19 3.40 2.31 0.56 0.00 0.81 2.52 2.66 0.18 1.47 3.12 0.00 1.37 0.00 3.05 3.15 0.00 2.31
60 1.26 3.36 0.00 0.14 0.25 3.40 0.00 0.00 3.50 2.45 2.91 0.56 3.43 1.30 3.15 0.00 3.47 2.52 0.00 0.00 0.00 0.00 0.88 1.61 1.02 3.33 3.01 2.07 0.70 1.61 0.60 0.00 3.22 0.00 0.00 1.75 0.00 1.75 2.38 0.00 0.00 1.02 0.25 0.00 0.00 1.96 1.82 2.52 2.35 1.65 1.02 2.98 0.53 1.40 1.72 0.00 0.04 0.00 0.14 0.77 0.00 2.70 2.66 1.12 3.22 0.00 1.82 3.26 3.01 0.00 0.00 3.08 2.35 1.96 2.38 2.87 2.07 2.70 1.79 3.36 1.09 3.01 0.00 2.42 3.40 2.77 0.84 1.51 1.51 0.00 0.18 0.84 0.00 1.33 3.08 0.14 0.00 1.61 2.98 0.00
61 0.67 1.12 2.38 2.66 0.00 3.05 0.53 0.00 3.12 0.95 1.93 2.42 1.93 0.00 0.00 3.36 0.74 3.40 1.26 1.44 0.04 0.00 0.00 2.49 0.35 0.07 1.72 0.00 0.70 1.12 2.42 0.28 1.05 1.47 2.24 1.19 0.00 0.74 1.54 1.44 3.01 2.42 1.05 2.42 1.37 2.00 0.00 0.00 0.63 1.51 1.51 3.33 2.56 1.09 0.00 0.00 1.05 2.63 1.09 0.07 2.70 0.00 0.00 3.19 1.79 0.00 2.38 0.00 2.91 2.03 2.87 1.61 0.49 0.00 2.94 0.11 1.65 1.12 1.26 2.66 3.33 0.98 0.21 0.84 0.00 0.00 2.94 2.77 0.00 0.56 0.00 0.00 0.00 2.14 2.38 0.70 1.51 1.44 1.54 0.98
62 0.00 0.56 1.96 1.23 2.80 0.88 3.22 0.00 0.00 2.21 1.05 0.00 0.00 0.00 0.49 3.43 0.42 1.61 1.58 0.11 3.26 2.31 0.35 1.16 0.00 0.53 3.26 2.59 1.05 3.19 1.82 2.66 1.72 0.21 3.01 0.98 0.77 2.28 0.70 2.91 0.00 2.56 0.00 0.60 0.00 2.35 0.00 0.00 1.93 0.00 1.79 1.26 1.09 1.37 0.00 2.00 0.74 1.79 3.22 0.39 2.66 0.00 0.00 2.63 2.38 0.00 1.86 0.00 0.39 0.04 0.42 0.00 2.87 1.37 0.00 2.24 0.00 1.93 2.91 0.00 0.00 1.82 0.00 3.05 0.00 1.37 0.42 0.00 3.47 0.88 1.96 0.49 2.77 2.49 0.00 0.28 0.00 1.61 0.35 0.00
63 0.88 2.38 1.26 0.00 1.40 0.00 2.07 1.37 0.00 1.51 3.01 0.00 0.21 3.15 1.82 0.81 1.65 2.07 0.00 3.29 0.18 3.26 0.88 2.73 0.00 1.44 0.35 2.52 3.26 0.35 2.00 2.49 2.52 1.05 3.08 1.40 0.60 2.49 1.68 0.00 0.81 2.49 2.59 2.28 1.33 0.00 2.24 1.44 0.95 3.43 0.21 1.54 0.21 1.12 2.84 0.07 0.00 2.03 0.84 0.00 1.12 3.19 2.63 0.00 0.00 3.12 0.21 0.00 1.47 0.00 0.28 2.56 0.11 0.98 2.73 1.30 0.00 2.70 2.73 2.17 0.00 2.49 1.65 2.84 0.00 3.15 1.40 0.46 0.00 3.36 0.00 3.43 2.03 0.00 1.05 0.00 0.63 2.35 2.70 0.00
64 1.75 1.61 0.53 2.91 0.00 1.19 0.00 2.45 2.03 0.00 0.49 2.38 0.88 0.28 1.86 0.00 2.10 1.37 0.00 3.33 2.98 3.19 0.21 1.23 1.93 3.05 2.42 1.68 2.00 1.58 1.75 0.00 0.56 1.96 1.72 2.70 0.18 1.93 0.00 0.98 2.73 0.00 0.00 1.16 0.00 1.82 1.33 2.70 0.91 1.72 0.00 2.45 2.87 1.79 2.17 0.88 2.52 1.44 0.39 2.87 3.22 1.79 2.38 0.00 0.00 3.33 1.93 2.00 1.82 1.37 1.96 0.07 0.00 0.00 0.00 2.00 0.00 0.67 0.46 1.61 1.51 2.91 0.00 3.29 3.29 0.00 1.40 0.95 0.00 0.00 0.18 0.00 0.60 3.43 0.00 0.00 1.58 0.00 0.00 0.98
65 1.79 0.00 2.56 0.18 0.53 1.47 1.23 3.36 0.91 0.14 0.21 3.40 2.24 0.21 0.00 0.00 2.45 2.14 2.35 0.00 0.00 0.70 0.00 0.84 3.33 1.51 3.12 2.38 3.19 2.28 0.00 0.00 0.42 2.03 0.04 2.31 2.35 0.11 2.52 1.68 3.33 2.24 1.40 2.03 1.68 2.03 0.14 2.77 3.01 0.00 0.00 0.35 0.00 1.68 1.26 2.14 2.56 2.03 1.40 0.00 0.00 0.00 0.00 3.12 3.33 0.00 1.58 0.77 2.84 0.46 1.68 3.19 0.84 2.24 2.73 1.72 1.86 1.44 2.77 3.29 3.43 0.74 2.84 0.00 0.67 3.36 1.61 2.00 1.09 3.43 1.51 2.42 1.51 1.40 0.81 3.29 2.21 2.84 0.00 0.07
66 1.26 2.70 2.24 0.63 0.00 1.02 3.29 3.05 0.00 0.39 3.33 0.74 0.00 3.01 0.00 2.00 1.93 2.56 0.00 0.39 1.26 1.93 2.14 1.89 0.00 0.56 3.33 1.65 2.63 1.23 2.42 0.00 0.84 0.00 2.42 0.56 3.29 0.00 0.00 0.49 0.00 0.00 3.01 3.33 0.00 3.47 1.40 0.00 1.40 0.88 0.25 2.45 0.00 2.84 2.21 0.11 2.10 2.21 1.82 0.42 1.82 2.38 1.86 0.21 1.93 1.58 0.00 2.59 0.74 0.25 0.84 1.75 3.01 3.29 2.00 2.31 0.67 3.50 0.00 0.11 0.00 3.12 0.00 1.65 0.49 0.00 2.45 0.88 2.84 2.63 0.77 0.00 2.38 2.52 0.60 3.33 1.68 2.73 1.61 0.00
67 0.00 0.00 2.94 2.03 1.23 0.00 1.02 2.73 0.35 3.08 0.00 3.43 0.63 1.12 2.31 1.16 3.12 2.56 1.37 0.00 0.70 2.70 1.16 1.26 0.00 0.98 0.00 2.21 0.35 2.66 0.98 0.00 0.21 1.37 0.00 0.70 2.77 2.10 1.75 3.26 0.18 0.42 0.00 3.33 2.73 2.14 3.43 0.81 0.00 0.00 0.00 3.29 0.81 0.00 3.29 0.21 0.00 2.91 2.56 2.94 3.26 0.00 0.00 0.00 2.00 0.77 2.59 0.00 2.84 1.37 0.14 2.03 3.15 2.03 0.60 2.07 0.00 0.18 0.00 2.63 2.63 2.17 2.59 2.59 0.00 0.00 3.08 3.15 1.58 0.84 3.33 0.00 2.91 0.00 3.26 1.51 1.51 0.21 2.49 0.63
68 0.00 0.00 0.49 0.00 0.00 2.42 2.28 0.35 1.23 3.22 1.61 1.37 1.19 1.72 1.12 0.00 0.49 0.18 1.86 1.72 3.29 1.09 0.39 3.01 0.00 1.02 1.26 0.00 0.84 1.02 1.26 2.49 0.49 0.00 1.02 0.98 1.82 0.28 0.00 2.14 0.00 0.00 0.00 1.30 0.98 0.00 1.75 3.33 3.29 3.43 0.00 0.88 0.00 0.32 0.28 0.00 0.56 2.38 1.44 1.68 3.01 2.91 0.39 1.47 1.82 2.84 0.74 2.84 0.00 0.00 0.00 0.77 0.14 2.91 2.49 0.95 0.25 0.63 3.15 0.00 1.44 0.28 2.52 3.50 0.25 0.00 3.33 3.33 0.00 0.00 2.49 2.14 1.79 0.00 2.28 0.00 0.00 3.29 0.60 0.63
69 3.22 0.95 1.61 2.10 0.63 2.24 1.26 0.84 0.00 2.07 2.38 1.12 3.33 0.42 2.52 0.00 2.42 2.84 2.91 0.00 0.14 1.33 1.23 0.00 0.46 2.21 3.01 0.00 0.00 1.93 0.00 2.21 0.32 0.00 1.47 1.54 0.00 2.94 0.00 0.56 2.94 3.19 1.72 0.60 1.68 3.12 0.00 0.00 3.22 2.56 0.21 2.73 1.02 3.47 2.42 0.00 0.00 0.46 2.35 0.84 0.00 2.03 0.04 0.00 1.37 0.46 0.25 1.37 0.00 0.00 1.33 0.49 1.12 2.84 2.63 1.58 1.72 0.21 0.00 0.00 1.58 0.00 0.00 2.66 1.23 3.05 0.00 3.12 2.03 0.04 2.77 1.75 1.58 2.31 1.96 2.07 2.63 0.00 2.87 2.59
70 0.21 0.00 3.19 2.73 1.86 0.67 1.79 2.56 1.47 1.68 0.00 0.25 3.43 0.91 0.46 1.82 0.00 0.00 0.60 0.07 0.53 0.28 3.47 0.00 3.05 0.00 0.00 0.00 0.95 0.00 2.66 2.52 1.93 0.00 0.00 0.00 0.91 0.00 0.74 0.35 0.42 1.68 0.95 0.81 0.21 2.21 0.00 0.53 2.38 0.00 3.19 2.91 0.39 1.93 1.37 0.00 0.70 2.49 1.33 3.47 0.00 2.87 0.42 0.28 1.96 1.68 0.84 0.14 0.00 1.33 0.00 3.01 0.00 0.95 0.00 0.81 3.08 1.33 0.28 2.66 1.96 2.49 3.19 0.00 1.61 3.08 1.33 1.82 0.00 1.47 0.00 0.25 1.44 2.03 3.50 0.00 0.00 0.00 3.15 0.74
71 0.00 0.00 3.36 3.15 2.80 1.05 2.59 0.00 2.87 0.74 0.00 1.72 1.93 3.19 0.49 0.04 0.00 1.86 0.00 0.00 0.00 1.33 0.00 0.00 0.00 3.33 0.95 2.07 2.28 0.00 2.77 0.46 2.84 0.63 1.96 0.00 1.30 0.81 1.37 0.00 1.65 1.44 1.47 1.37 0.00 2.80 0.00 1.89 2.35 1.93 3.47 2.45 0.00 0.81 0.00 0.00 2.38 2.07 3.12 0.00 3.08 1.61 0.00 2.56 0.07 3.19 1.75 2.03 0.77 0.49 3.01 0.00 2.94 2.28 0.00 0.14 0.00 1.61 0.00 0.00 0.00 3.47 0.77 0.00 0.00 2.21 2.17 2.70 2.38 0.00 1.09 0.00 0.00 0.00 3.19 2.14 0.67 0.18 2.80 1.37
72 2.49 0.39 0.00 2.17 2.00 2.73 0.49 0.00 0.00 1.33 1.75 2.63 0.98 0.70 2.14 3.50 2.21 2.98 2.49 1.37 2.17 0.00 0.00 0.00 0.00 0.00 1.82 1.79 0.00 0.00 0.63 3.12 3.43 2.56 0.00 1.19 0.60 1.82 1.40 0.00 1.72 0.21 2.24 0.81 0.00 1.12 0.18 1.51 2.42 0.00 1.93 2.70 1.23 1.86 2.38 0.00 0.00 2.03 3.19 2.10 2.35 0.49 2.87 0.11 0.00 0.84 3.01 3.15 0.14 1.12 0.00 2.94 0.00 1.44 2.66 0.00 0.00 0.00 2.31 2.70 0.53 2.28 1.58 2.77 0.00 0.00 0.00 1.09 2.98 1.54 2.10 0.00 0.00 1.30 1.33 2.87 1.05 1.12 1.47 0.00
73 0.74 0.98 2.77 3.01 0.00 1.09 0.00 3.29 1.75 3.08 1.54 3.40 3.43 0.00 1.05 3.05 2.38 1.37 2.84 1.72 0.04 1.51 2.24 1.33 3.43 3.19 2.87 2.87 1.40 3.33 3.19 0.77 2.66 1.65 0.00 1.82 0.56 0.00 1.96 2.17 2.38 2.38 0.00 2.00 0.14 2.56 0.77 2.73 1.54 3.40 0.00 0.00 2.45 0.46 0.00 0.88 0.60 2.49 2.63 3.15 1.96 0.00 1.37 0.98 0.00 2.24 3.29 2.03 2.91 2.84 0.95 2.28 1.44 0.00 0.00 1.47 0.25 2.63 2.24 0.28 2.10 0.14 3.40 2.28 0.00 3.08 0.00 1.02 3.22 1.82 2.00 1.58 3.22 1.72 0.00 2.17 0.11 3.40 2.14 0.00
74 1.54 2.56 0.00 0.00 1.51 3.40 0.00 1.40 3.36 2.56 0.00 1.16 0.28 1.68 1.16 0.00 0.95 1.33 0.00 0.00 0.56 3.08 2.35 0.00 1.09 2.98 2.52 3.05 0.70 0.56 3.12 1.93 1.12 3.29 0.49 3.50 2.87 0.00 0.00 0.42 2.35 1.47 1.58 1.86 0.00 1.05 3.15 0.00 0.00 0.74 0.00 2.52 1.05 1.16 1.40 0.63 2.42 0.00 0.00 1.89 2.38 2.94 0.00 2.73 0.00 2.73 2.00 0.60 2.49 2.63 0.00 0.00 2.66 0.00 0.00 1.93 1.61 2.66 3.15 0.56 0.00 0.00 0.00 2.70 3.08 2.70 2.49 0.81 0.00 0.67 1.26 2.52 1.37 1.58 3.15 0.00 1.65 1.75 3.43 0.21
75 0.00 0.91 1.19 0.00 1.93 1.30 0.70 0.00 0.53 1.79 0.98 0.07 0.00 0.91 0.25 2.52 0.00 0.00 3.22 0.77 2.03 2.35 0.56 2.14 0.00 0.00 1.37 0.00 2.24 0.00 2.77 0.00 2.00 0.00 1.68 1.30 0.00 3.26 3.12 1.93 0.00 3.26 0.28 0.00 1.75 1.23 0.00 3.05 2.31 0.00 2.80 3.12 2.45 0.00 2.52 0.00 1.61 0.35 0.00 3.50 2.87 0.11 2.24 1.30 2.00 1.72 2.31 2.07 0.95 1.58 0.81 0.14 0.00 1.47 1.93 0.00 3.05 3.40 0.00 0.00 0.00 1.58 0.00 1.02 0.42 1.68 2.14 2.87 1.89 3.40 2.21 2.80 2.24 2.35 1.75 1.72 0.00 0.21 3.01 3.36
76 0.18 0.95 1.93 2.38 0.00 1.02 0.39 3.36 0.98 0.60 0.35 2.35 2.24 2.24 2.73 2.84 1.51 3.19 0.00 0.35 2.14 2.28 0.00 3.47 0.00 0.00 0.18 1.30 2.70 3.36 1.09 0.00 2.94 0.00 0.00 0.00 2.17 0.00 2.98 2.70 0.00 2.38 0.00 2.45 0.00 0.07 2.98 3.01 0.63 3.22 0.00 0.00 1.51 2.66 1.30 0.00 0.98 0.35 2.77 0.00 2.07 1.65 0.00 0.00 0.00 1.86 0.67 0.00 0.25 1.72 3.08 0.00 0.00 0.25 1.61 3.05 0.00 1.51 0.00 0.00 1.79 0.00 2.94 1.12 2.00 1.12 1.68 2.49 0.00 2.07 1.47 1.65 2.80 0.00 3.50 3.40 3.40 0.00 3.26 3.47
77 0.77 3.12 0.00 0.39 0.46 1.72 0.00 1.65 3.36 0.00 1.37 1.72 0.28 3.12 2.63 2.98 1.82 1.75 2.35 3.15 0.49 1.79 0.00 1.86 2.63 1.23 0.00 0.07 0.21 1.58 0.60 0.84 1.09 2.84 1.23 0.00 2.66 0.60 0.00 3.22 1.09 1.75 2.49 2.77 3.33 2.80 0.67 0.39 0.00 0.67 1.61 0.00 1.37 0.00 0.84 1.82 2.80 1.26 3.15 2.10 2.70 1.12 1.93 2.70 0.67 1.44 3.50 0.18 0.63 0.21 1.33 1.61 0.00 2.63 2.66 3.40 1.51 0.00 1.75 2.77 0.00 0.91 0.81 0.49 0.11 3.26 0.00 1.51 0.00 0.00 0.00 0.00 0.95 0.00 0.00 2.66 0.00 2.28 0.14 0.00
78 0.21 0.63 1.30 3.01 1.75 2.45 3.05 0.98 2.63 2.98 2.80 2.52 0.00 0.00 1.89 2.38 0.11 0.00 2.21 2.73 0.00 2.91 3.19 0.00 0.00 2.38 2.98 0.00 0.95 2.52 1.19 0.91 0.00 0.67 1.30 0.88 3.19 1.47 0.00 0.00 3.26 1.61 1.26 1.16 1.09 0.00 3.01 3.19 2.77 2.91 1.96 0.07 0.00 0.32 0.00 3.05 0.67 2.63 0.00 1.79 1.79 1.26 2.91 2.73 0.46 2.77 0.00 0.00 3.15 0.00 0.28 0.00 2.31 2.24 3.15 0.00 0.00 1.75 0.00 2.91 0.00 0.00 2.77 0.00 1.37 2.07 3.22 2.49 1.68 2.80 3.22 0.11 0.00 0.49 0.98 1.96 3.33 0.00 2.52 0.91
79 1.47 1.09 1.47 1.72 0.00 0.00 0.74 1.19 0.00 1.33 0.39 0.91 0.00 0.00 0.53 1.51 0.60 2.77 1.23 1.89 1.05 0.53 1.79 0.00 0.67 0.00 2.38 0.00 0.07 0.00 3.47 0.00 1.12 3.01 0.00 0.11 1.37 2.56 3.01 2.45 0.00 1.51 0.00 0.00 3.43 0.00 0.88 2.56 3.33 1.44 2.52 0.00 2.38 0.00 3.15 1.72 0.00 0.70 0.67 1.68 3.36 2.66 0.00 2.17 1.61 3.29 0.11 2.63 0.00 0.00 2.66 0.00 2.70 0.28 0.56 0.00 0.00 2.77 2.91 0.00 0.00 0.00 1.89 0.67 1.12 0.98 0.00 1.33 0.00 0.53 0.25 0.98 2.45 0.00 0.67 3.33 0.00 2.17 2.42 0.91
80 2.31 3.01 1.47 0.84 3.05 0.00 0.00 0.00 3.15 0.00 1.72 2.00 2.31 0.00 1.58 2.77 0.88 0.70 0.42 2.14 0.00 2.17 0.84 0.00 2.84 2.24 2.80 0.95 0.14 1.05 2.49 1.09 2.38 1.58 0.95 2.56 0.00 1.96 0.35 0.00 2.63 2.03 3.47 1.89 1.58 0.04 2.14 0.11 3.12 2.10 1.75 2.07 1.47 0.28 1.93 3.22 3.08 0.11 0.00 0.00 1.09 3.33 0.00 0.00 1.51 3.43 0.00 2.63 1.44 1.58 1.96 0.00 0.53 2.10 0.00 0.00 1.79 0.00 0.00 0.00 0.00 0.00 0.77 0.00 0.00 0.00 0.53 1.68 1.37 0.00 0.39 2.21 0.00 0.00 3.22 3.50 0.14 0.00 0.00 1.33
81 0.63 2.03 1.02 0.11 3.36 1.37 0.00 0.00 1.93 1.40 0.00 0.00 0.81 0.07 1.02 1.89 0.67 2.24 3.29 0.35 0.77 0.32 0.81 2.80 0.00 0.00 0.77 1.96 2.24 0.00 2.21 0.11 0.00 0.00 3.36 2.98 0.00 0.00 1.09 0.74 2.73 2.94 1.05 0.95 3.40 2.00 1.58 2.17 0.00 0.53 2.63 3.19 0.21 0.35 0.00 2.24 0.00 3.08 0.00 2.98 3.01 0.98 1.82 2.49 2.91 0.74 3.12 2.17 0.28 0.00 2.49 3.47 2.28 0.14 0.00 1.58 0.00 0.91 0.00 0.00 0.00 0.00 1.82 1.79 0.91 1.16 3.50 0.32 0.00 0.70 1.75 1.58 0.00 0.00 3.40 3.47 0.18 0.00 0.53 3.36
82 0.00 0.00 0.04 1.02 1.09 1.02 0.04 0.35 0.18 0.35 2.49 2.35 3.26 0.70 1.23 0.00 1.16 0.70 0.00 2.94 1.93 0.00 0.00 0.00 0.00 1.47 0.70 3.26 1.58 0.00 0.91 0.60 0.00 1.33 3.33 3.12 2.66 1.16 1.79 3.15 0.00 1.54 0.21 0.07 2.38 1.26 2.59 2.31 2.35 0.00 2.35 2.98 0.25 0.00 0.35 0.00 2.73 0.00 1.44 1.19 0.00 0.21 0.00 1.65 0.00 2.84 0.00 2.59 2.52 0.00 3.19 0.77 1.58 3.40 0.00 0.00 2.94 0.81 2.77 1.89 0.77 1.82 0.00 0.32 2.07 2.59 2.35 0.46 0.63 0.00 0.00 0.56 1.05 2.84 1.30 2.38 1.89 2.45 2.00 1.47
83 0.00 2.73 0.84 0.11 2.56 3.36 2.10 0.49 0.42 1.51 2.42 2.14 1.40 0.14 0.32 2.70 0.00 3.40 2.17 0.28 0.00 0.84 0.00 0.00 0.56 0.00 0.63 2.70 2.84 1.47 1.93 0.00 0.98 2.59 1.09 3.22 3.47 0.00 1.86 0.00 0.84 3.29 1.26 0.21 2.66 0.74 0.00 2.03 2.17 0.00 1.12 0.00 3.43 1.30 0.00 2.73 0.00 0.00 0.60 3.40 2.42 0.84 3.05 2.84 3.29 0.00 1.65 2.59 3.50 2.66 0.00 0.00 2.77 2.28 2.70 1.02 1.12 0.49 0.00 0.67 0.00 1.79 0.32 0.00 0.77 2.63 3.50 0.00 0.67 1.05 3.36 1.23 0.00 3.47 0.28 1.40 2.45 1.51 0.00 2.70
84 0.91 3.08 3.33 0.42 3.15 0.00 1.82 0.00 0.95 3.01 2.70 2.38 3.40 0.74 0.00 2.49 0.56 0.00 0.25 1.61 0.11 0.00 0.53 0.25 2.28 1.93 0.63 0.00 0.98 1.37 1.86 1.40 0.63 1.79 0.32 3.43 2.52 0.56 2.63 2.00 0.60 1.65 0.95 3.47 2.35 0.95 0.00 2.84 2.59 0.21 0.07 3.47 3.33 1.02 2.21 2.42 0.00 2.66 0.04 2.31 3.40 0.00 0.00 0.00 3.29 0.67 0.49 0.00 0.25 1.23 1.61 0.00 0.00 0.00 3.08 0.42 2.00 0.11 1.37 1.12 0.00 0.91 2.07 0.77 0.00 0.00 1.54 3.08 0.91 3.19 1.75 0.11 1.89 0.00 2.77 0.00 2.14 2.07 0.00 1.47
85 2.56 0.00 2.63 0.21 0.00 1.12 2.49 0.46 2.28 0.00 0.46 0.18 0.00 0.53 0.00 2.70 1.37 0.00 2.87 3.33 1.75 0.88 0.00 0.00 0.88 1.96 2.98 0.60 1.12 0.00 3.33 0.28 0.18 0.00 0.14 1.23 1.16 0.00 0.95 0.00 3.15 3.15 2.24 0.11 1.33 0.95 0.28 3.43 2.07 1.86 2.07 1.58 2.91 0.00 1.12 0.00 3.50 3.50 2.98 0.56 2.77 0.00 1.37 3.15 0.00 3.36 0.00 0.00 0.00 3.05 3.08 2.21 0.00 3.08 2.70 1.68 1.12 3.26 2.07 0.98 0.00 1.16 2.59 2.63 0.00 0.00 0.70 1.54 2.24 0.00 0.35 2.21 0.00 0.00 0.00 2.52 1.82 2.59 3.50 1.89
86 1.93 3.12 2.59 0.11 0.70 3.29 2.14 0.00 1.51 0.35 2.84 3.40 0.53 1.30 0.04 0.49 1.51 3.36 0.00 2.63 2.63 3.43 2.94 1.26 0.00 1.75 0.07 2.87 0.00 1.61 3.19 3.19 1.65 1.96 2.14 1.02 0.00 2.03 0.00 3.50 2.07 0.00 0.00 0.00 3.36 0.00 2.80 0.07 1.40 0.14 1.79 3.36 1.89 0.91 1.19 1.61 3.29 0.00 1.89 0.00 0.84 2.94 0.42 1.40 1.40 1.61 2.45 3.08 3.33 0.00 1.33 2.17 0.00 0.00 2.49 2.14 1.68 0.00 3.22 0.00 0.53 3.50 2.35 3.50 1.54 0.70 0.00 0.00 0.11 3.29 0.39 0.04 0.00 0.00 0.88 1.89 2.59 3.43 0.00 2.94
87 0.00 3.15 0.98 3.29 0.21 2.03 3.50 1.75 0.32 0.28 1.93 0.00 1.44 2.70 1.33 3.40 2.63 0.14 0.00 1.51 1.58 2.07 0.00 1.16 1.37 1.40 1.72 0.00 2.56 1.40 0.42 0.00 1.19 0.00 0.84 0.00 0.00 0.00 0.25 0.46 3.36 0.00 2.10 1.40 2.21 0.00 1.44 2.28 0.88 3.19 0.00 1.05 2.56 0.00 1.68 0.00 0.00 3.43 0.00 0.81 1.51 2.77 0.00 0.46 0.95 2.00 0.88 3.15 3.33 3.12 1.82 2.70 1.09 1.02 0.81 2.87 2.49 1.51 2.49 1.33 1.68 0.32 0.46 0.00 3.08 1.54 0.00 0.00 1.12 2.00 0.00 0.07 0.25 0.00 1.40 2.80 2.31 1.75 0.67 0.00
88 2.35 0.00 0.63 1.72 1.33 0.42 0.00 2.38 2.80 1.23 2.87 3.15 0.00 0.84 0.00 0.00 0.53 1.23 0.00 2.63 0.00 0.00 0.14 0.49 0.00 1.75 0.46 0.00 0.00 0.00 2.84 1.12 2.38 2.45 1.44 2.59 1.05 1.61 2.63 2.98 3.36 0.00 0.77 0.00 1.58 2.70 0.49 0.00 1.96 1.33 1.65 0.77 0.00 0.00 0.00 3.22 2.56 0.00 2.91 2.52 1.51 0.00 3.47 0.00 0.00 1.09 2.84 1.58 0.00 2.03 0.00 2.38 2.98 3.22 0.00 1.89 0.00 0.00 1.68 0.00 1.37 0.00 0.63 0.67 0.91 2.24 0.11 1.12 0.00 0.00 1.51 1.86 0.00 0.00 0.98 2.14 1.09 0.32 1.33 1.79
89 0.00 0.00 2.52 2.59 0.60 1.09 0.07 0.63 0.98 0.00 3.47 1.12 2.98 0.00 0.00 1.51 2.45 2.03 2.24 0.98 0.00 3.47 3.01 2.42 2.59 2.63 3.43 2.94 2.10 0.60 0.60 0.00 0.00 3.50 0.11 1.19 2.28 1.82 0.00 0.00 2.07 1.05 1.54 2.73 3.15 2.35 3.33 3.01 0.53 1.44 1.58 2.73 2.70 0.00 0.00 0.00 0.00 0.00 0.00 2.66 0.00 0.56 0.88 3.36 0.00 3.43 2.63 0.84 0.00 0.04 1.47 0.00 1.54 1.82 0.67 3.40 2.07 0.00 2.80 0.53 0.00 0.70 0.00 1.05 3.19 0.00 3.29 2.00 0.00 0.00 0.00 0.21 0.00 0.67 2.14 3.26 2.77 0.00 3.19 2.03
90 2.42 2.73 1.86 3.47 2.98 0.00 3.26 1.47 2.70 2.59 1.09 0.95 2.14 1.05 0.00 1.58 3.19 0.70 0.00 2.52 1.72 2.24 3.05 3.50 1.93 1.58 3.43 0.00 1.30 2.14 1.26 3.01 1.44 0.25 2.07 2.73 0.74 0.00 0.49 0.00 2.38 2.98 2.31 0.00 0.84 0.00 2.38 2.14 1.51 2.63 2.17 0.07 0.77 2.03 0.39 0.28 3.36 1.61 0.00 0.18 0.18 0.00 1.96 0.00 0.18 1.51 0.77 3.33 2.49 2.77 0.00 1.09 2.10 2.00 1.26 2.21 1.47 0.00 3.22 0.25 0.39 1.75 0.00 3.36 1.75 0.35 0.39 0.00 1.51 0.00 0.00 0.39 2.56 3.40 2.73 3.43 2.03 2.38 0.00 1.51
91 2.31 2.80 2.42 0.00 2.03 1.19 0.00 1.30 0.00 0.00 0.00 0.00 1.79 2.35 1.02 0.18 1.23 1.68 0.00 0.00 1.05 0.00 0.67 2.94 2.56 0.00 0.00 2.21 2.24 2.84 0.00 1.61 2.38 0.00 1.16 0.32 3.29 3.05 3.36 3.33 1.68 0.98 0.00 1.65 2.98 1.89 1.30 2.94 0.56 2.31 2.77 2.87 0.60 2.38 0.00 0.18 0.00 0.00 3.08 1.47 0.84 0.00 0.49 3.43 0.00 2.42 0.00 0.00 2.14 1.75 0.25 0.00 0.00 1.58 2.52 2.80 1.65 0.00 0.11 0.98 2.21 1.58 0.56 1.23 0.11 2.21 0.04 0.07 1.86 0.21 0.39 0.00 0.00 0.00 1.26 0.00 0.00 2.66 1.40 0.04
92 0.67 0.00 2.45 1.16 1.86 0.21 1.58 3.01 0.14 2.87 0.00 0.84 0.00 1.16 0.46 0.98 0.70 0.81 0.00 0.00 0.95 0.00 0.00 0.00 0.00 0.00 3.33 0.00 2.10 0.67 0.00 2.98 3.08 1.82 3.19 0.00 2.70 2.87 1.02 1.61 2.80 0.04 2.59 1.89 2.31 1.72 0.04 1.47 0.00 3.15 3.33 1.96 0.14 3.47 3.33 0.42 0.32 1.96 0.46 3.12 0.00 0.00 2.77 2.03 0.60 1.51 2.38 2.91 1.79 1.58 1.44 0.00 0.00 3.22 1.37 2.24 2.80 0.95 0.00 2.45 0.00 0.00 1.05 0.00 1.89 0.00 0.00 0.25 0.00 0.00 2.56 0.00 0.00 0.00 2.73 2.28 2.70 0.28 0.00 0.00
93 0.35 1.54 2.10 2.38 1.65 0.32 0.25 0.00 0.00 1.40 0.00 0.00 2.10 0.00 0.04 0.32 1.12 2.49 0.88 0.00 1.82 0.00 0.35 2.66 0.98 0.00 0.00 3.26 3.29 0.00 0.00 1.26 3.12 3.47 1.96 0.11 1.44 0.00 2.03 1.37 3.40 1.96 0.00 0.00 0.60 1.16 2.77 0.00 0.63 2.84 1.12 0.53 3.22 3.22 1.89 2.14 0.81 1.47 2.42 0.00 1.33 2.14 2.49 0.00 3.43 1.40 2.52 0.00 0.00 2.31 2.03 0.00 1.30 1.72 1.58 2.35 0.00 0.00 0.49 0.00 0.00 0.00 2.84 3.47 0.00 0.00 0.00 0.00 0.00 0.67 3.40 0.00 0.00 0.00 0.35 1.09 0.00 0.04 0.00 3.05
94 0.00 0.49 0.63 0.00 1.33 1.61 2.21 1.82 1.26 3.43 1.82 0.00 2.45 0.98 3.29 0.00 2.59 1.30 0.88 0.07 2.21 0.32 0.00 0.04 2.84 0.39 0.49 0.11 0.00 0.00 0.53 0.00 0.00 1.19 3.36 0.70 1.23 0.00 0.00 1.61 1.96 0.00 0.70 0.00 0.00 1.23 3.50 0.00 2.03 0.00 2.35 0.00 0.00 0.18 0.00 2.49 1.93 0.00 0.00 1.37 3.08 2.38 0.00 1.05 0.00 0.81 0.60 3.26 2.28 1.96 3.50 3.19 1.33 0.00 3.15 1.75 3.50 0.00 0.98 0.67 3.22 3.40 1.30 0.28 2.77 0.00 0.88 1.40 0.98 2.14 2.73 1.26 2.73 0.35 0.00 0.74 0.49 3.22 0.00 2.03
95 0.00 0.00 0.00 2.42 0.00 0.00 2.52 0.39 1.96 3.40 0.00 1.26 2.98 2.38 0.00 0.00 1.44 3.05 2.42 1.23 3.19 0.42 2.80 2.14 2.70 2.03 0.84 0.21 0.00 0.21 2.87 1.72 0.70 2.31 0.39 0.00 3.40 0.00 2.98 2.59 0.28 0.32 0.32 2.56 1.93 0.49 0.88 2.42 0.88 0.00 1.12 0.00 0.35 0.00 0.00 1.65 1.89 0.04 2.94 0.00 0.14 0.70 0.28 0.00 0.00 3.29 3.33 1.51 0.00 2.07 0.00 2.14 2.87 2.17 0.00 1.72 3.40 2.66 1.96 3.33 3.50 3.47 2.38 1.40 0.00 2.52 1.89 2.80 2.14 3.26 3.43 0.00 2.28 1.09 0.74 0.00 3.12 2.70 2.24 1.75
96 1.89 3.19 0.70 1.44 1.72 3.26 2.66 3.33 3.26 2.70 2.35 1.58 0.11 1.47 0.00 0.98 0.00 1.68 0.00 2.59 2.42 0.00 0.00 2.10 2.98 0.84 0.84 0.49 3.33 1.89 1.40 0.32 0.00 2.42 3.26 1.58 1.96 3.15 0.00 2.21 0.00 0.74 1.65 0.95 1.33 0.81 3.33 0.00 1.33 2.52 0.00 2.24 2.14 1.37 0.00 0.00 0.00 1.16 1.65 3.05 0.00 1.51 0.00 0.63 1.58 2.21 1.68 1.51 0.00 2.63 0.00 0.67 1.05 0.11 1.65 0.00 3.40 0.00 3.33 0.00 0.14 0.18 1.89 2.45 2.14 1.82 2.59 2.31 1.09 2.77 2.03 0.00 2.70 0.00 0.49 3.12 0.00 0.00 0.74 0.14
97 0.11 0.00 1.12 1.86 0.00 2.21 3.19 0.00 2.42 0.63 1.61 0.04 3.26 0.21 3.50 1.16 0.14 0.53 0.00 0.00 2.52 1.33 1.33 0.00 1.12 2.49 1.61 2.66 2.63 0.53 0.00 1.23 0.00 0.00 0.98 0.00 0.53 1.96 0.11 0.91 0.00 2.98 3.36 0.00 3.26 0.70 1.79 0.91 0.00 3.01 2.91 0.84 2.80 2.73 3.29 3.50 1.47 2.45 1.23 3.15 1.61 1.44 1.61 2.35 0.00 2.84 2.73 0.21 3.29 0.00 0.00 0.18 1.12 3.40 1.75 0.21 0.00 2.28 0.00 2.17 0.00 0.00 2.45 1.51 2.07 2.59 3.43 1.75 0.32 0.00 2.38 2.66 0.28 0.04 3.22 2.70 0.00 0.00 1.37 3.05
98 2.80 0.00 3.47 0.77 1.82 0.25 2.56 0.77 1.05 1.40 2.87 1.26 3.29 0.00 1.79 3.05 2.07 1.68 1.23 3.26 1.12 0.00 2.87 1.82 0.56 2.52 0.00 1.26 1.79 0.00 2.91 0.00 0.14 1.40 1.30 0.00 0.00 0.46 3.29 2.56 0.00 1.26 1.09 1.51 0.00 2.52 3.08 1.12 0.00 0.07 0.07 0.00 2.49 0.00 0.00 2.56 1.12 0.00 0.42 0.00 2.98 1.54 0.35 2.70 0.00 0.00 1.61 2.49 0.60 2.87 3.15 2.80 1.47 2.14 3.43 3.01 3.26 0.14 2.52 2.42 0.00 0.53 2.00 0.00 0.00 3.50 0.00 0.67 1.33 3.19 0.00 1.40 0.00 0.00 0.00 2.24 0.74 1.37 0.00 1.75
99 0.00 2.91 1.89 0.25 0.00 0.00 2.31 2.87 3.15 1.37 0.95 1.33 2.07 3.50 0.00 3.15 0.00 1.40 0.14 1.30 2.45 0.91 0.00 0.42 1.68 3.08 1.65 1.12 0.07 1.79 0.28 0.00 2.42 1.54 0.39 2.59 2.28 1.79 0.00 1.23 0.00 2.45 3.12 3.43 2.42 0.18 0.60 0.00 1.82 0.81 1.09 2.66 0.00 1.79 0.00 0.00 0.42 3.22 1.30 2.31 0.00 0.98 0.00 0.00 0.98 0.07 0.00 0.63 0.63 2.59 0.74 1.37 0.00 0.00 0.21 3.36 3.47 0.00 0.91 0.91 1.33 3.36 1.47 2.70 1.47 1.89 2.94 0.00 1.79 2.03 1.51 0.04 0.00 3.05 2.03 1.75 0.14 3.05 1.75 0.00

ITEMS
nominal_profits 41.00 23.00 0.00 27.00 0.00 71.00 56.00 0.00 2.00 60.00 66.00 20.00 0.00 0.00 32.00 34.00 95.00 21.00 97.00 77.00 22.00 39.00 51.00 37.00 34.00 0.00 0.00 14.00 21.00 55.00 0.00 70.00 47.00 0.00 0.00 4.00 1.00 0.00 0.00 46.00 67.00 51.00 70.00 19.00 60.00 38.00 6.00 39.00 66.00 55.00 0.00 41.00 14.00 60.00 79.00 45.00 0.00 0.00 61.00 32.00 14.00 13.00 49.00 24.00 49.00 16.00 62.00 61.00 0.00 0.00 88.00 30.00 36.00 41.00 56.00 0.00 0.00 41.00 36.00 0.00 31.00 0.00 20.00 0.00 40.00 59.00 28.00 0.00 52.00 94.00 22.00 62.00 66.00 22.00 91.00 25.00 59.00 42.00 52.00 0.00
weights 33 25 3 10 47 39 26 6 21 43 3 33 50 18 25 8 38 36 50 23 39 44 47 44 49 50 14 40 22 34 9 22 46 37 31 3 20 14 43 23 12 2 6 7 10 28 29 39 10 40 18 43 3 33 43 38 42 41 43 16 28 8 42 37 34 37 34 42 26 41 14 2 13 29 12 35 25 28 8 38 35 32 22 36 7 33 23 50 34 17 8 9 27 10 19 24 2 48 37 3
capacity 1346
k_max 68

COMMENTS
original_pairwise_profits
0 0.00 83.00 0.00 36.00 0.00 69.00 0.00 61.00 66.00 63.00 0.00 82.00 0.00 98.00 16.00 66.00 23.00 99.00 69.00 75.00 64.00 93.00 88.00 13.00 37.00 85.00 21.00 17.00 0.00 65.00 0.00 0.00 64.00 5.00 22.00 41.00 95.00 43.00 0.00 14.00 90.00 29.00 12.00 72.00 77.00 23.00 23.00 68.00 99.00 27.00 99.00 47.00 51.00 55.00 96.00 0.00 58.00 57.00 69.00 0.00 36.00 19.00 0.00 25.00 50.00 51.00 36.00 0.00 0.00 92.00 6.00 0.00 71.00 21.00 44.00 0.00 5.00 22.00 6.00 42.00 66.00 18.00 0.00 0.00 26.00 73.00 55.00 0.00 67.00 0.00 69.00 66.00 19.00 10.00 0.00 0.00 54.00 3.00 80.00 0.00
1 83.00 0.00 66.00 40.00 12.00 41.00 2.00 60.00 0.00 55.00 42.00 0.00 0.00 51.00 0.00 55.00 99.00 33.00 29.00 93.00 34.00 50.00 44.00 0.00 0.00 97.00 0.00 0.00 80.00 41.00 95.00 38.00 31.00 61.00 78.00 0.00 23.00 92.00 65.00 0.00 0.00 25.00 14.00 47.00 3.00 0.00 0.00 0.00 2.00 0.00 81.00 0.00 19.00 0.00 15.00 38.00 72.00 0.00 19.00 84.00 96.00 32.00 16.00 68.00 46.00 0.00 77.00 0.00 0.00 27.00 0.00 0.00 11.00 28.00 73.00 26.00 27.00 89.00 18.00 31.00 86.00 58.00 0.00 78.00 88.00 0.00 89.00 90.00 0.00 0.00 78.00 80.00 0.00 44.00 14.00 0.00 91.00 0.00 0.00 83.00
2 0.00 66.00 0.00 97.00 87.00 74.00 77.00 21.00 99.00 44.00 0.00 94.00 4.00 0.00 0.00 0.00 67.00 53.00 0.00 93.00 25.00 3.00 21.00 70.00 14.00 24.00 100.00 53.00 70.00 12.00 0.00 93.00 56.00 0.00 39.00 64.00 67.00 0.00 2.00 39.00 0.00 43.00 71.00 42.00 77.00 35.00 33.00 2.00 5.00 34.00 1.00 0.00 96.00 0.00 0.00 78.00 44.00 30.00 78.00 60.00 0.00 68.00 56.00 36.00 15.00 73.00 64.00 84.00 14.00 46.00 91.00 96.00 0.00 79.00 0.00 34.00 55.00 0.00 37.00 42.00 42.00 29.00 1.00 24.00 95.00 75.00 74.00 28.00 18.00 72.00 53.00 69.00 70.00 60.00 18.00 0.00 20.00 32.00 99.00 54.00
3 36.00 40.00 97.00 0.00 0.00 0.00 95.00 6.00 56.00 53.00 72.00 0.00 16.00 18.00 0.00 2.00 0.00 1.00 53.00 48.00 34.00 48.00 17.00 57.00 0.00 0.00 31.00 16.00 0.00 0.00 31.00 52.00 0.00 22.00 31.00 28.00 0.00 52.00 14.00 88.00 0.00 77.00 52.00 60.00 94.00 0.00 94.00 0.00 88.00 32.00 75.00 1.00 66.00 0.00 54.00 62.00 84.00 21.00 99.00 72.00 4.00 76.00 35.00 0.00 83.00 5.00 18.00 58.00 0.00 60.00 78.00 90.00 62.00 86.00 0.00 0.00 68.00 11.00 86.00 49.00 24.00 3.00 29.00 3.00 12.00 6.00 3.00 94.00 49.00 74.00 99.00 0.00 33.00 68.00 0.00 69.00 41.00 53.00 22.00 7.00
4 0.00 12.00 87.00 0.00 0.00 50.00 90.00 29.00 41.00 58.00 74.00 24.00 62.00 75.00 0.00 77.00 22.00 23.00 25.00 49.00 97.00 91.00 0.00 94.00 88.00 33.00 67.00 64.00 27.00 0.00 78.00 81.00 80.00 45.00 0.00 8.00 0.00 0.00 53.00 47.00 85.00 67.00 7.00 0.00 69.00 41.00 93.00 60.00 0.00 9.00 85.00 0.00 58.00 88.00 62.00 0.00 0.00 13.00 58.00 32.00 7.00 0.00 80.00 40.00 0.00 15.00 0.00 35.00 0.00 18.00 53.00 80.00 57.00 0.00 43.00 55.00 0.00 13.00 50.00 0.00 87.00 96.00 31.00 73.00 90.00 0.00 20.00 6.00 38.00 17.00 85.00 58.00 53.00 47.00 38.00 0.00 49.00 0.00 52.00 0.00
5 69.00 41.00 74.00 0.00 50.00 0.00 61.00 97.00 100.00 78.00 88.00 15.00 99.00 49.00 50.00 10.00 76.00 71.00 66.00 34.00 38.00 22.00 53.00 0.00 38.00 40.00 73.00 69.00 37.00 97.00 18.00 20.00 61.00 56.00 73.00 13.00 77.00 83.00 87.00 76.00 56.00 78.00 91.00 2.00 67.00 9.00 0.00 16.00 1.00 7.00 52.00 20.00 24.00 0.00 97.00 16.00 69.00 0.00 12.00 51.00 97.00 87.00 25.00 0.00 34.00 42.00 29.00 0.00 69.00 64.00 19.00 30.00 78.00 31.00 97.00 37.00 29.00 49.00 70.00 0.00 0.00 39.00 29.00 96.00 0.00 32.00 94.00 58.00 12.00 31.00 0.00 34.00 6.00 9.00 46.00 0.00 93.00 63.00 7.00 0.00
6 0.00 2.00 77.00 95.00 90.00 61.00 0.00 32.00 95.00 68.00 79.00 0.00 71.00 51.00 8.00 2.00 12.00 11.00 22.00 4.00 35.00 0.00 59.00 0.00 0.00 82.00 81.00 59.00 88.00 67.00 0.00 22.00 72.00 77.00 23.00 67.00 0.00 8.00 2.00 95.00 0.00 36.00 55.00 97.00 8.00 85.00 0.00 54.00 86.00 55.00 0.00 0.00 40.00 0.00 55.00 71.00 0.00 52.00 37.00 42.00 0.00 15.00 92.00 59.00 0.00 35.00 94.00 29.00 65.00 36.00 51.00 74.00 14.00 0.00 0.00 20.00 11.00 0.00 87.00 21.00 0.00 0.00 1.00 60.00 52.00 71.00 61.00 100.00 0.00 2.00 93.00 0.00 45.00 7.00 63.00 72.00 76.00 91.00 73.00 66.00
7 61.00 60.00 21.00 6.00 29.00 97.00 32.00 0.00 56.00 0.00 0.00 27.00 21.00 8.00 72.00 23.00 24.00 65.00 17.00 0.00 64.00 19.00 30.00 0.00 89.00 44.00 28.00 0.00 82.00 60.00 0.00 87.00 0.00 24.00 70.00 52.00 0.00 0.00 93.00 45.00 81.00 88.00 30.00 0.00 7.00 15.00 83.00 7.00 0.00 0.00 69.00 5.00 0.00 50.00 37.00 1.00 27.00 0.00 82.00 69.00 0.00 0.00 0.00 39.00 70.00 96.00 87.00 78.00 10.00 24.00 73.00 0.00 0.00 94.00 40.00 0.00 96.00 47.00 28.00 34.00 0.00 0.00 10.00 14.00 0.00 13.00 0.00 50.00 68.00 18.00 42.00 37.00 86.00 0.00 52.00 11.00 95.00 0.00 22.00 82.00
8 66.00 0.00 99.00 56.00 41.00 100.00 95.00 56.00 0.00 60.00 31.00 77.00 42.00 52.00 0.00 10.00 23.00 77.00 0.00 9.00 48.00 9.00 0.00 13.00 81.00 12.00 7.00 49.00 0.00 70.00 75.00 0.00 0.00 40.00 58.00 44.00 44.00 46.00 0.00 26.00 0.00 98.00 93.00 44.00 0.00 72.00 0.00 0.00 0.00 79.00 84.00 87.00 68.00 47.00 84.00 0.00 18.00 66.00 100.00 81.00 100.00 89.00 0.00 0.00 58.00 26.00 0.00 10.00 35.00 0.00 42.00 82.00 0.00 50.00 96.00 15.00 28.00 96.00 75.00 0.00 90.00 55.00 5.00 12.00 27.00 65.00 43.00 9.00 80.00 28.00 77.00 0.00 4.00 0.00 36.00 56.00 93.00 69.00 30.00 90.00
9 63.00 55.00 44.00 53.00 58.00 78.00 68.00 0.00 60.00 0.00 0.00 49.00 30.00 86.00 72.00 0.00 95.00 64.00 8.00 55.00 31.00 77.00 76.00 0.00 68.00 0.00 0.00 11.00 45.00 22.00 52.00 86.00 27.00 78.00 73.00 0.00 30.00 90.00 42.00 4.00 0.00 61.00 0.00 52.00 31.00 85.00 100.00 0.00 43.00 47.00 8.00 0.00 0.00 13.00 53.00 86.00 31.00 45.00 0.00 70.00 70.00 27.00 63.00 43.00 0.00 4.00 11.00 88.00 92.00 59.00 48.00 21.00 38.00 88.00 73.00 51.00 17.00 0.00 85.00 38.00 0.00 40.00 10.00 43.00 86.00 0.00 10.00 8.00 35.00 0.00 74.00 0.00 82.00 40.00 98.00 97.00 77.00 18.00 40.00 39.00
10 0.00 42.00 0.00 72.00 74.00 88.00 79.00 0.00 31.00 0.00 0.00 38.00 16.00 58.00 42.00 98.00 66.00 43.00 0.00 82.00 47.00 90.00 0.00 0.00 0.00 72.00 0.00 0.00 100.00 76.00 98.00 0.00 40.00 71.00 79.00 0.00 38.00 60.00 55.00 3.00 6.00 65.00 42.00 9.00 0.00 83.00 32.00 56.00 41.00 78.00 51.00 14.00 0.00 73.00 98.00 22.00 68.00 3.00 0.00 54.00 83.00 55.00 30.00 86.00 14.00 6.00 95.00 0.00 46.00 68.00 0.00 0.00 50.00 44.00 0.00 28.00 10.00 39.00 80.00 11.00 49.00 0.00 71.00 69.00 77.00 13.00 81.00 55.00 82.00 99.00 31.00 0.00 0.00 0.00 52.00 0.00 67.00 46.00 82.00 27.00
11 82.00 0.00 94.00 0.00 24.00 15.00 0.00 27.00 77.00 49.00 38.00 0.00 0.00 42.00 11.00 20.00 36.00 0.00 0.00 16.00 80.00 100.00 6.00 99.00 0.00 17.00 85.00 40.00 75.00 0.00 0.00 0.00 0.00 65.00 0.00 27.00 81.00 0.00 45.00 0.00 42.00 53.00 92.00 0.00 21.00 83.00 4.00 0.00 37.00 74.00 17.00 60.00 43.00 23.00 62.00 74.00 0.00 26.00 82.00 28.00 16.00 69.00 0.00 0.00 68.00 97.00 21.00 98.00 39.00 32.00 7.00 49.00 75.00 97.00 33.00 2.00 67.00 49.00 72.00 26.00 57.00 0.00 67.00 61.00 68.00 5.00 97.00 0.00 90.00 32.00 27.00 0.00 24.00 0.00 0.00 36.00 45.00 1.00 36.00 38.00
12 0.00 0.00 4.00 16.00 62.00 99.00 71.00 21.00 42.00 30.00 16.00 0.00 0.00 0.00 39.00 11.00 0.00 0.00 87.00 99.00 5.00 0.00 59.00 12.00 0.00 10.00 60.00 59.00 67.00 89.00 37.00 0.00 53.00 0.00 19.00 15.00 0.00 79.00 34.00 51.00 0.00 57.00 0.00 23.00 0.00 0.00 53.00 38.00 59.00 32.00 56.00 0.00 29.00 89.00 31.00 0.00 0.00 34.00 0.00 23.00 98.00 55.00 0.00 6.00 25.00 64.00 0.00 18.00 34.00 95.00 98.00 55.00 28.00 98.00 8.00 0.00 64.00 8.00 0.00 0.00 66.00 23.00 93.00 40.00 97.00 0.00 15.00 41.00 0.00 85.00 61.00 51.00 0.00 60.00 70.00 85.00 3.00 93.00 94.00 59.00
13 98.00 51.00 0.00 18.00 75.00 49.00 51.00 8.00 52.00 86.00 58.00 42.00 0.00 0.00 49.00 73.00 0.00 10.00 26.00 62.00 63.00 0.00 50.00 31.00 0.00 0.00 87.00 62.00 46.00 99.00 51.00 27.00 8.00 59.00 8.00 68.00 48.00 99.00 68.00 19.00 59.00 72.00 75.00 21.00 85.00 41.00 99.00 17.00 32.00 82.00 0.00 82.00 0.00 0.00 95.00 7.00 43.00 71.00 40.00 0.00 37.00 0.00 0.00 90.00 8.00 6.00 86.00 32.00 49.00 12.00 26.00 91.00 20.00 0.00 48.00 26.00 64.00 89.00 0.00 0.00 0.00 2.00 20.00 4.00 21.00 15.00 37.00 77.00 24.00 0.00 30.00 67.00 33.00 0.00 28.00 68.00 42.00 6.00 0.00 100.00
14 16.00 0.00 0.00 0.00 0.00 50.00 8.00 72.00 0.00 72.00 42.00 11.00 39.00 49.00 0.00 0.00 0.00 72.00 69.00 2.00 12.00 15.00 0.00 76.00 0.00 93.00 74.00 76.00 0.00 0.00 42.00 0.00 39.00 56.00 15.00 64.00 48.00 95.00 97.00 94.00 22.00 41.00 63.00 29.00 30.00 0.00 75.00 81.00 97.00 40.00 0.00 32.00 0.00 55.00 0.00 0.00 80.00 90.00 0.00 0.00 90.00 0.00 14.00 52.00 53.00 0.00 0.00 66.00 32.00 72.00 13.00 14.00 61.00 30.00 33.00 7.00 78.00 75.00 54.00 15.00 45.00 29.00 35.00 9.00 0.00 0.00 1.00 38.00 0.00 0.00 0.00 29.00 13.00 1.00 94.00 0.00 0.00 100.00 51.00 0.00
15 66.00 55.00 0.00 2.00 77.00 10.00 2.00 23.00 10.00 0.00 98.00 20.00 11.00 73.00 0.00 0.00 0.00 83.00 54.00 0.00 40.00 0.00 1.00 18.00 94.00 94.00 71.00 0.00 95.00 84.00 24.00 0.00 0.00 6.00 65.00 93.00 84.00 0.00 82.00 88.00 0.00 43.00 70.00 64.00 47.00 25.00 0.00 35.00 76.00 0.00 61.00 57.00 0.00 36.00 14.00 30.00 42.00 0.00 75.00 41.00 0.00 96.00 98.00 23.00 0.00 0.00 57.00 33.00 0.00 0.00 52.00 1.00 100.00 87.00 0.00 72.00 81.00 85.00 68.00 43.00 79.00 54.00 0.00 77.00 71.00 77.00 14.00 97.00 0.00 43.00 45.00 5.00 28.00 9.00 0.00 0.00 28.00 33.00 87.00 90.00
16 23.00 99.00 67.00 0.00 22.00 76.00 12.00 24.00 23.00 95.00 66.00 36.00 0.00 0.00 0.00 0.00 0.00 25.00 95.00 64.00 85.00 0.00 82.00 25.00 51.00 0.00 0.00 29.00 83.00 48.00 24.00 24.00 0.00 58.00 12.00 49.00 0.00 6.00 52.00 98.00 13.00 85.00 79.00 0.00 28.00 0.00 0.00 69.00 0.00 83.00 51.00 0.00 61.00 0.00 59.00 25.00 0.00 95.00 9.00 78.00 99.00 21.00 12.00 47.00 60.00 70.00 55.00 89.00 14.00 69.00 0.00 0.00 63.00 68.00 27.00 0.00 43.00 52.00 3.00 17.00 25.00 19.00 33.00 0.00 16.00 39.00 43.00 75.00 15.00 70.00 91.00 35.00 20.00 32.00 74.00 41.00 0.00 4.00 59.00 0.00
17 99.00 33.00 53.00 1.00 23.00 71.00 11.00 65.00 77.00 64.00 43.00 0.00 0.00 10.00 72.00 83.00 25.00 0.00 18.00 88.00 26.00 8.00 18.00 44.00 92.00 29.00 80.00 0.00 25.00 24.00 0.00 42.00 57.00 15.00 82.00 66.00 21.00 0.00 0.00 30.00 0.00 76.00 0.00 84.00 76.00 73.00 30.00 0.00 53.00 22.00 90.00 94.00 17.00 72.00 0.00 3.00 0.00 0.00 92.00 40.00 72.00 97.00 46.00 59.00 39.00 61.00 73.00 73.00 5.00 81.00 0.00 53.00 85.00 39.00 38.00 0.00 91.00 50.00 0.00 79.00 20.00 64.00 20.00 97.00 0.00 0.00 96.00 4.00 35.00 58.00 20.00 48.00 23.00 71.00 37.00 87.00 48.00 15.00 48.00 40.00
18 69.00 29.00 0.00 53.00 25.00 66.00 22.00 17.00 0.00 8.00 0.00 0.00 87.00 26.00 69.00 54.00 95.00 18.00 0.00 0.00 33.00 8.00 0.00 0.00 42.00 27.00 58.00 16.00 28.00 20.00 18.00 32.00 64.00 5.00 33.00 98.00 0.00 28.00 76.00 36.00 14.00 0.00 69.00 20.00 34.00 0.00 0.00 0.00 78.00 0.00 34.00 87.00 84.00 5.00 50.00 91.00 93.00 34.00 0.00 0.00 0.00 36.00 45.00 0.00 0.00 67.00 0.00 39.00 53.00 83.00 17.00 0.00 71.00 81.00 0.00 92.00 0.00 67.00 63.00 35.00 12.00 94.00 0.00 62.00 7.00 82.00 0.00 0.00 0.00 64.00 0.00 0.00 0.00 25.00 25.00 69.00 0.00 0.00 35.00 4.00
19 75.00 93.00 93.00 48.00 49.00 34.00 4.00 0.00 9.00 55.00 82.00 16.00 99.00 62.00 2.00 0.00 64.00 88.00 0.00 0.00 82.00 51.00 3.00 32.00 0.00 0.00 58.00 2.00 86.00 0.00 33.00 0.00 66.00 0.00 5.00 50.00 43.00 0.00 26.00 24.00 74.00 97.00 0.00 70.00 67.00 0.00 0.00 27.00 77.00 0.00 17.00 90.00 73.00 25.00 82.00 76.00 70.00 100.00 40.00 0.00 0.00 41.00 3.00 94.00 95.00 0.00 11.00 0.00 49.00 0.00 2.00 0.00 39.00 49.00 0.00 22.00 10.00 90.00 78.00 54.00 61.00 10.00 84.00 8.00 46.00 95.00 75.00 43.00 75.00 28.00 72.00 0.00 0.00 0.00 2.00 35.00 74.00 0.00 93.00 37.00
20 64.00 34.00 25.00 34.00 97.00 38.00 35.00 64.00 48.00 31.00 47.00 80.00 5.00 63.00 12.00 40.00 85.00 26.00 33.00 82.00 0.00 14.00 0.00 61.00 3.00 0.00 62.00 0.00 8.00 24.00 21.00 0.00 32.00 85.00 89.00 25.00 0.00 23.00 4.00 48.00 12.00 57.00 77.00 0.00 0.00 94.00 83.00 69.00 75.00 73.00 41.00 0.00 33.00 86.00 0.00 36.00 0.00 14.00 50.00 56.00 0.00 1.00 93.00 5.00 85.00 0.00 36.00 20.00 94.00 4.00 15.00 0.00 62.00 1.00 16.00 58.00 61.00 14.00 0.00 30.00 0.00 22.00 55.00 0.00 3.00 50.00 75.00 45.00 0.00 0.00 49.00 30.00 27.00 52.00 63.00 91.00 69.00 72.00 32.00 70.00
21 93.00 50.00 3.00 48.00 91.00 22.00 0.00 19.00 9.00 77.00 90.00 100.00 0.00 0.00 15.00 0.00 0.00 8.00 8.00 51.00 14.00 0.00 0.00 10.00 75.00 60.00 15.00 0.00 8.00 0.00 94.00 62.00 72.00 52.00 3.00 0.00 98.00 37.00 80.00 89.00 0.00 86.00 0.00 68.00 0.00 0.00 0.00 96.00 0.00 47.00 9.00 0.00 31.00 2.00 25.00 9.00 44.00 0.00 15.00 0.00 0.00 0.00 66.00 93.00 91.00 20.00 55.00 77.00 31.00 38.00 8.00 38.00 0.00 43.00 88.00 67.00 65.00 51.00 83.00 15.00 62.00 9.00 0.00 24.00 0.00 25.00 98.00 59.00 0.00 99.00 64.00 0.00 0.00 0.00 9.00 12.00 0.00 38.00 0.00 26.00
22 88.00 44.00 21.00 17.00 0.00 53.00 59.00 30.00 0.00 76.00 0.00 6.00 59.00 50.00 0.00 1.00 82.00 18.00 0.00 3.00 0.00 0.00 0.00 38.00 99.00 86.00 18.00 0.00 62.00 98.00 90.00 42.00 22.00 0.00 23.00 33.00 1.00 55.00 0.00 53.00 31.00 87.00 49.00 75.00 99.00 0.00 42.00 26.00 53.00 16.00 0.00 10.00 64.00 62.00 48.00 0.00 65.00 0.00 58.00 69.00 25.00 0.00 10.00 25.00 6.00 0.00 61.00 33.00 11.00 35.00 99.00 0.00 0.00 64.00 67.00 16.00 0.00 0.00 91.00 51.00 24.00 23.00 0.00 0.00 15.00 0.00 84.00 0.00 4.00 86.00 87.00 19.00 0.00 10.00 0.00 80.00 0.00 38.00 82.00 0.00
23 13.00 0.00 70.00 57.00 94.00 0.00 0.00 0.00 13.00 0.00 0.00 99.00 12.00 31.00 76.00 18.00 25.00 44.00 0.00 32.00 61.00 10.00 38.00 0.00 56.00 0.00 33.00 44.00 0.00 74.00 42.00 76.00 0.00 58.00 14.00 27.00 0.00 86.00 44.00 89.00 26.00 15.00 24.00 0.00 51.00 95.00 91.00 66.00 36.00 58.00 0.00 22.00 18.00 0.00 19.00 16.00 27.00 0.00 0.00 26.00 46.00 71.00 33.00 78.00 35.00 24.00 54.00 36.00 86.00 0.00 0.00 0.00 0.00 38.00 0.00 61.00 99.00 53.00 0.00 0.00 0.00 80.00 0.00 0.00 7.00 0.00 36.00 33.00 14.00 69.00 100.00 84.00 0.00 76.00 1.00 61.00 60.00 0.00 52.00 12.00
24 37.00 0.00 14.00 0.00 88.00 38.00 0.00 89.00 81.00 68.00 0.00 0.00 0.00 0.00 0.00 94.00 51.00 92.00 42.00 0.00 3.00 75.00 99.00 56.00 0.00 0.00 51.00 74.00 67.00 0.00 43.00 0.00 46.00 0.00 90.00 9.00 60.00 44.00 78.00 66.00 55.00 46.00 20.00 75.00 64.00 61.00 60.00 15.00 0.00 0.00 5.00 100.00 64.00 39.00 64.00 0.00 36.00 22.00 41.00 2.00 29.00 10.00 0.00 0.00 55.00 95.00 0.00 0.00 0.00 13.00 87.00 0.00 0.00 98.00 31.00 0.00 0.00 75.00 0.00 19.00 81.00 0.00 0.00 16.00 65.00 25.00 0.00 39.00 0.00 74.00 55.00 73.00 0.00 28.00 81.00 77.00 85.00 32.00 16.00 48.00
25 85.00 97.00 24.00 0.00 33.00 40.00 82.00 44.00 12.00 0.00 72.00 17.00 10.00 0.00 93.00 94.00 0.00 29.00 27.00 0.00 0.00 60.00 86.00 0.00 0.00 0.00 54.00 5.00 13.00 80.00 0.00 43.00 89.00 91.00 58.00 6.00 33.00 22.00 76.00 0.00 10.00 6.00 98.00 76.00 22.00 61.00 67.00 51.00 62.00 73.00 55.00 39.00 79.00 0.00 4.00 80.00 0.00 20.00 64.00 60.00 95.00 2.00 15.00 41.00 87.00 43.00 16.00 28.00 29.00 63.00 0.00 95.00 0.00 91.00 85.00 0.00 0.00 35.00 68.00 0.00 64.00 0.00 42.00 0.00 55.00 56.00 50.00 40.00 50.00 75.00 45.00 0.00 0.00 0.00 11.00 58.00 24.00 71.00 72.00 88.00
26 21.00 0.00 100.00 31.00 67.00 73.00 81.00 28.00 7.00 0.00 0.00 85.00 60.00 87.00 74.00 71.00 0.00 80.00 58.00 58.00 62.00 15.00 18.00 33.00 51.00 54.00 0.00 63.00 66.00 0.00 42.00 90.00 0.00 53.00 0.00 67.00 16.00 32.00 44.00 46.00 36.00 96.00 32.00 68.00 97.00 38.00 7.00 0.00 15.00 39.00 32.00 84.00 73.00 0.00 98.00 73.00 73.00 0.00 48.00 64.00 86.00 49.00 93.00 10.00 69.00 89.00 95.00 0.00 36.00 86.00 0.00 27.00 52.00 82.00 72.00 39.00 5.00 0.00 85.00 68.00 80.00 22.00 20.00 18.00 18.00 85.00 2.00 49.00 13.00 98.00 98.00 0.00 95.00 0.00 14.00 24.00 24.00 46.00 0.00 47.00
27 17.00 0.00 53.00 16.00 64.00 69.00 59.00 0.00 49.00 11.00 0.00 40.00 59.00 62.00 76.00 0.00 29.00 0.00 16.00 2.00 0.00 0.00 0.00 44.00 74.00 5.00 63.00 0.00 31.00 89.00 0.00 58.00 59.00 75.00 56.00 56.00 0.00 15.00 84.00 0.00 73.00 6.00 27.00 7.00 48.00 93.00 77.00 67.00 0.00 0.00 0.00 4.00 18.00 1.00 40.00 0.00 83.00 22.00 19.00 19.00 59.00 0.00 74.00 72.00 48.00 68.00 47.00 63.00 0.00 0.00 0.00 59.00 51.00 82.00 87.00 0.00 37.00 2.00 0.00 0.00 27.00 56.00 93.00 77.00 0.00 17.00 82.00 0.00 0.00 84.00 0.00 63.00 0.00 93.00 3.00 6.00 14.00 76.00 36.00 32.00
28 0.00 80.00 70.00 0.00 27.00 37.00 88.00 82.00 0.00 45.00 100.00 75.00 67.00 46.00 0.00 95.00 83.00 25.00 28.00 86.00 8.00 8.00 62.00 0.00 67.00 13.00 66.00 31.00 0.00 0.00 66.00 13.00 98.00 13.00 64.00 0.00 72.00 18.00 0.00 10.00 0.00 0.00 14.00 12.00 43.00 0.00 87.00 61.00 10.00 23.00 91.00 0.00 0.00 86.00 85.00 43.00 46.00 62.00 63.00 93.00 20.00 20.00 30.00 93.00 57.00 91.00 75.00 10.00 24.00 0.00 27.00 65.00 0.00 40.00 20.00 64.00 77.00 6.00 27.00 2.00 4.00 64.00 45.00 81.00 28.00 32.00 0.00 73.00 0.00 60.00 37.00 64.00 60.00 94.00 0.00 0.00 95.00 75.00 51.00 2.00
29 65.00 41.00 12.00 0.00 0.00 97.00 67.00 60.00 70.00 22.00 76.00 0.00 89.00 99.00 0.00 84.00 48.00 24.00 20.00 0.00 24.00 0.00 98.00 74.00 0.00 80.00 0.00 89.00 0.00 0.00 26.00 44.00 0.00 4.00 91.00 29.00 62.00 0.00 80.00 0.00 88.00 20.00 29.00 6.00 6.00 0.00 28.00 52.00 72.00 81.00 62.00 7.00 0.00 0.00 0.00 0.00 35.00 0.00 48.00 30.00 46.00 32.00 91.00 10.00 45.00 65.00 35.00 76.00 29.00 55.00 0.00 0.00 0.00 95.00 16.00 0.00 96.00 45.00 72.00 0.00 30.00 0.00 0.00 42.00 39.00 0.00 46.00 40.00 0.00 17.00 61.00 81.00 19.00 0.00 0.00 6.00 54.00 15.00 0.00 51.00
30 0.00 95.00 0.00 31.00 78.00 18.00 0.00 0.00 75.00 52.00 98.00 0.00 37.00 51.00 42.00 24.00 24.00 0.00 18.00 33.00 21.00 94.00 90.00 42.00 43.00 0.00 42.00 0.00 66.00 26.00 0.00 0.00 0.00 52.00 76.00 87.00 80.00 78.00 0.00 0.00 38.00 0.00 95.00 2.00 44.00 0.00 0.00 5.00 88.00 30.00 0.00 39.00 85.00 100.00 0.00 55.00 67.00 4.00 28.00 92.00 17.00 69.00 52.00 57.00 50.00 0.00 69.00 28.00 36.00 0.00 76.00 79.00 18.00 91.00 89.00 79.00 31.00 17.00 34.00 99.00 71.00 63.00 26.00 55.00 53.00 95.00 91.00 12.00 81.00 17.00 36.00 0.00 0.00 0.00 15.00 82.00 40.00 0.00 83.00 8.00
31 0.00 38.00 93.00 52.00 81.00 20.00 22.00 87.00 0.00 86.00 0.00 0.00 0.00 27.00 0.00 0.00 24.00 42.00 32.00 0.00 0.00 62.00 42.00 76.00 0.00 43.00 90.00 58.00 13.00 44.00 0.00 0.00 16.00 0.00 57.00 0.00 84.00 89.00 83.00 80.00 16.00 29.00 60.00 5.00 6.00 41.00 6.00 33.00 21.00 49.00 0.00 0.00 77.00 14.00 75.00 48.00 21.00 0.00 20.00 77.00 0.00 8.00 76.00 71.00 0.00 0.00 0.00 0.00 71.00 63.00 72.00 13.00 89.00 22.00 55.00 0.00 0.00 24.00 26.00 0.00 31.00 3.00 17.00 0.00 40.00 8.00 91.00 0.00 32.00 0.00 86.00 46.00 85.00 36.00 0.00 49.00 9.00 35.00 0.00 0.00
32 64.00 31.00 56.00 0.00 80.00 61.00 72.00 0.00 0.00 27.00 40.00 0.00 53.00 8.00 39.00 0.00 0.00 57.00 64.00 66.00 32.00 72.00 22.00 0.00 46.00 89.00 0.00 59.00 98.00 0.00 0.00 16.00 0.00 52.00 35.00 0.00 20.00 57.00 59.00 78.00 56.00 97.00 77.00 83.00 29.00 0.00 0.00 0.00 92.00 0.00 0.00 14.00 0.00 98.00 84.00 35.00 0.00 79.00 11.00 0.00 92.00 30.00 49.00 72.00 16.00 12.00 24.00 6.00 14.00 9.00 55.00 81.00 98.00 76.00 32.00 57.00 84.00 31.00 0.00 32.00 68.00 0.00 0.00 28.00 18.00 5.00 47.00 34.00 68.00 0.00 41.00 68.00 88.00 89.00 0.00 20.00 0.00 0.00 4.00 69.00
33 5.00 61.00 0.00 22.00 45.00 56.00 77.00 24.00 40.00 78.00 71.00 65.00 0.00 59.00 56.00 6.00 58.00 15.00 5.00 0.00 85.00 52.00 0.00 58.00 0.00 91.00 53.00 75.00 13.00 4.00 52.00 0.00 52.00 0.00 11.00 0.00 0.00 62.00 59.00 0.00 11.00 90.00 0.00 34.00 87.00 86.00 22.00 0.00 0.00 66.00 0.00 0.00 72.00 66.00 52.00 82.00 36.00 60.00 0.00 91.00 0.00 42.00 6.00 30.00 56.00 58.00 0.00 39.00 0.00 0.00 0.00 18.00 73.00 47.00 94.00 0.00 0.00 81.00 19.00 86.00 45.00 0.00 38.00 74.00 51.00 0.00 56.00 0.00 70.00 100.00 7.00 0.00 52.00 99.00 34.00 66.00 69.00 0.00 40.00 44.00
34 22.00 78.00 39.00 31.00 0.00 73.00 23.00 70.00 58.00 73.00 79.00 0.00 19.00 8.00 15.00 65.00 12.00 82.00 33.00 5.00 89.00 3.00 23.00 14.00 90.00 58.00 0.00 56.00 64.00 91.00 76.00 57.00 35.00 11.00 0.00 0.00 89.00 89.00 61.00 53.00 94.00 0.00 0.00 0.00 33.00 28.00 48.00 59.00 0.00 75.00 29.00 85.00 0.00 12.00 0.00 0.00 63.00 50.00 0.00 0.00 0.00 64.00 86.00 88.00 49.00 1.00 69.00 0.00 29.00 42.00 0.00 56.00 0.00 0.00 14.00 48.00 0.00 35.00 37.00 0.00 27.00 96.00 95.00 31.00 9.00 4.00 61.00 24.00 41.00 3.00 59.00 33.00 91.00 56.00 96.00 11.00 93.00 28.00 37.00 11.00
35 41.00 0.00 64.00 28.00 8.00 13.00 67.00 52.00 44.00 0.00 0.00 27.00 15.00 68.00 64.00 93.00 49.00 66.00 98.00 50.00 25.00 0.00 33.00 27.00 9.00 6.00 67.00 56.00 0.00 29.00 87.00 0.00 0.00 0.00 0.00 0.00 0.00 61.00 85.00 76.00 61.00 0.00 0.00 78.00 10.00 93.00 65.00 5.00 44.00 2.00 0.00 0.00 1.00 9.00 20.00 93.00 33.00 23.00 86.00 75.00 50.00 34.00 28.00 40.00 77.00 66.00 16.00 20.00 28.00 44.00 0.00 0.00 34.00 52.00 100.00 37.00 0.00 0.00 25.00 3.00 73.00 85.00 89.00 92.00 98.00 35.00 29.00 0.00 74.00 34.00 78.00 9.00 0.00 3.00 20.00 0.00 45.00 0.00 0.00 74.00
36 95.00 23.00 67.00 0.00 0.00 77.00 0.00 0.00 44.00 30.00 38.00 81.00 0.00 48.00 48.00 84.00 0.00 21.00 0.00 43.00 0.00 98.00 1.00 0.00 60.00 33.00 16.00 0.00 72.00 62.00 80.00 84.00 20.00 0.00 89.00 0.00 0.00 0.00 5.00 74.00 65.00 0.00 56.00 20.00 41.00 71.00 45.00 0.00 0.00 0.00 0.00 77.00 0.00 39.00 90.00 0.00 79.00 82.00 0.00 25.00 0.00 0.00 22.00 17.00 5.00 67.00 94.00 79.00 52.00 0.00 26.00 37.00 17.00 16.00 82.00 0.00 62.00 76.00 91.00 39.00 0.00 0.00 76.00 99.00 72.00 33.00 0.00 0.00 30.00 65.00 21.00 94.00 77.00 41.00 35.00 97.00 56.00 15.00 0.00 65.00
37 43.00 92.00 0.00 52.00 0.00 83.00 8.00 0.00 46.00 90.00 60.00 0.00 79.00 99.00 95.00 0.00 6.00 0.00 28.00 0.00 23.00 37.00 55.00 86.00 44.00 22.00 32.00 15.00 18.00 0.00 78.00 89.00 57.00 62.00 89.00 61.00 0.00 0.00 70.00 41.00 86.00 0.00 0.00 78.00 45.00 0.00 0.00 99.00 0.00 57.00 85.00 0.00 40.00 34.00 20.00 56.00 89.00 66.00 78.00 13.00 50.00 21.00 65.00 71.00 55.00 3.00 0.00 60.00 8.00 84.00 0.00 23.00 52.00 0.00 0.00 93.00 0.00 17.00 42.00 73.00 56.00 0.00 33.00 0.00 16.00 0.00 58.00 0.00 46.00 52.00 0.00 87.00 82.00 0.00 0.00 0.00 90.00 56.00 13.00 51.00
38 0.00 65.00 2.00 14.00 53.00 87.00 2.00 93.00 0.00 42.00 55.00 45.00 34.00 68.00 97.00 82.00 52.00 0.00 76.00 26.00 4.00 80.00 0.00 44.00 78.00 76.00 44.00 84.00 0.00 80.00 0.00 83.00 59.00 59.00 61.00 85.00 5.00 70.00 0.00 0.00 14.00 45.00 0.00 21.00 39.00 66.00 0.00 54.00 33.00 2.00 47.00 96.00 83.00 61.00 24.00 36.00 76.00 24.00 0.00 10.00 68.00 44.00 20.00 48.00 0.00 72.00 0.00 50.00 0.00 0.00 21.00 39.00 40.00 56.00 0.00 89.00 85.00 0.00 0.00 86.00 10.00 31.00 51.00 53.00 75.00 27.00 0.00 7.00 75.00 0.00 14.00 96.00 29.00 58.00 0.00 85.00 0.00 3.00 94.00 0.00
39 14.00 0.00 39.00 88.00 47.00 76.00 95.00 45.00 26.00 4.00 3.00 0.00 51.00 19.00 94.00 88.00 98.00 30.00 36.00 24.00 48.00 89.00 53.00 89.00 66.00 0.00 46.00 0.00 10.00 0.00 0.00 80.00 78.00 0.00 53.00 76.00 74.00 41.00 0.00 0.00 79.00 78.00 0.00 20.00 0.00 91.00 19.00 12.00 87.00 0.00 81.00 0.00 40.00 17.00 13.00 86.00 92.00 31.00 0.00 82.00 0.00 41.00 83.00 0.00 28.00 48.00 14.00 93.00 61.00 16.00 10.00 0.00 0.00 62.00 12.00 55.00 77.00 92.00 0.00 70.00 0.00 21.00 90.00 0.00 57.00 0.00 100.00 13.00 85.00 0.00 0.00 95.00 46.00 39.00 46.00 74.00 63.00 26.00 73.00 35.00
40 90.00 0.00 0.00 0.00 85.00 56.00 0.00 81.00 0.00 0.00 6.00 42.00 0.00 59.00 22.00 0.00 13.00 0.00 14.00 74.00 12.00 0.00 31.00 26.00 55.00 10.00 36.00 73.00 0.00 88.00 38.00 16.00 56.00 11.00 94.00 61.00 65.00 86.00 14.00 79.00 0.00 74.00 55.00 0.00 57.00 69.00 24.00 73.00 18.00 31.00 19.00 34.00 96.00 0.00 0.00 96.00 0.00 0.00 86.00 25.00 0.00 86.00 0.00 23.00 78.00 95.00 0.00 5.00 0.00 84.00 12.00 47.00 49.00 68.00 67.00 0.00 0.00 31.00 93.00 0.00 75.00 78.00 0.00 24.00 17.00 90.00 59.00 96.00 96.00 59.00 68.00 48.00 80.00 97.00 56.00 8.00 0.00 0.00 0.00 0.00
41 29.00 25.00 43.00 77.00 67.00 78.00 36.00 88.00 98.00 61.00 65.00 53.00 57.00 72.00 41.00 43.00 85.00 76.00 0.00 97.00 57.00 86.00 87.00 15.00 46.00 6.00 96.00 6.00 0.00 20.00 0.00 29.00 97.00 90.00 0.00 0.00 0.00 0.00 45.00 78.00 74.00 0.00 0.00 54.00 92.00 56.00 68.00 26.00 2.00 0.00 50.00 15.00 31.00 99.00 72.00 69.00 85.00 44.00 0.00 98.00 29.00 69.00 73.00 71.00 0.00 64.00 0.00 12.00 0.00 91.00 48.00 41.00 6.00 68.00 42.00 93.00 68.00 50.00 46.00 43.00 58.00 84.00 44.00 94.00 47.00 90.00 0.00 0.00 0.00 30.00 85.00 28.00 1.00 56.00 0.00 9.00 21.00 85.00 36.00 70.00
42 12.00 14.00 71.00 52.00 7.00 91.00 55.00 30.00 93.00 0.00 42.00 92.00 0.00 75.00 63.00 70.00 79.00 0.00 69.00 0.00 77.00 0.00 49.00 24.00 20.00 98.00 32.00 27.00 14.00 29.00 95.00 60.00 77.00 0.00 0.00 0.00 56.00 0.00 0.00 0.00 55.00 0.00 0.00 99.00 0.00 36.00 47.00 42.00 0.00 0.00 0.00 0.00 47.00 29.00 72.00 24.00 87.00 15.00 66.00 0.00 7.00 30.00 0.00 74.00 0.00 40.00 86.00 0.00 0.00 49.00 27.00 42.00 64.00 0.00 45.00 8.00 0.00 71.00 36.00 0.00 99.00 30.00 6.00 36.00 27.00 64.00 0.00 60.00 22.00 44.00 66.00 0.00 74.00 0.00 20.00 9.00 47.00 96.00 31.00 89.00
43 72.00 47.00 42.00 60.00 0.00 2.00 97.00 0.00 44.00 52.00 9.00 0.00 23.00 21.00 29.00 64.00 0.00 84.00 20.00 70.00 0.00 68.00 75.00 0.00 75.00 76.00 68.00 7.00 12.00 6.00 2.00 5.00 83.00 34.00 0.00 78.00 20.00 78.00 21.00 20.00 0.00 54.00 99.00 0.00 89.00 26.00 58.00 8.00 38.00 0.00 88.00 75.00 91.00 0.00 98.00 27.00 0.00 0.00 14.00 2.00 0.00 69.00 17.00 65.00 33.00 58.00 95.00 95.00 37.00 17.00 23.00 39.00 23.00 57.00 53.00 0.00 70.00 79.00 33.00 0.00 54.00 27.00 2.00 6.00 99.00 3.00 0.00 40.00 0.00 78.00 0.00 47.00 54.00 0.00 0.00 73.00 27.00 0.00 43.00 98.00
44 77.00 3.00 77.00 94.00 69.00 67.00 8.00 7.00 0.00 31.00 0.00 21.00 0.00 85.00 30.00 47.00 28.00 76.00 34.00 67.00 0.00 0.00 99.00 51.00 64.00 22.00 97.00 48.00 43.00 6.00 44.00 6.00 29.00 87.00 33.00 10.00 41.00 45.00 39.00 0.00 57.00 92.00 0.00 89.00 0.00 83.00 81.00 0.00 11.00 4.00 70.00 85.00 9.00 22.00 52.00 58.00 52.00 77.00 83.00 54.00 0.00 39.00 0.00 38.00 0.00 48.00 0.00 78.00 28.00 48.00 6.00 0.00 0.00 4.00 0.00 50.00 0.00 95.00 31.00 98.00 45.00 97.00 68.00 76.00 67.00 38.00 96.00 63.00 45.00 90.00 24.00 85.00 66.00 17.00 0.00 55.00 38.00 93.00 0.00 69.00
45 23.00 0.00 35.00 0.00 41.00 9.00 85.00 15.00 72.00 85.00 83.00 83.00 0.00 41.00 0.00 25.00 0.00 73.00 0.00 0.00 94.00 0.00 0.00 95.00 61.00 61.00 38.00 93.00 0.00 0.00 0.00 41.00 0.00 86.00 28.00 93.00 71.00 0.00 66.00 91.00 69.00 56.00 36.00 26.00 83.00 0.00 87.00 62.00 38.00 0.00 26.00 45.00 74.00 78.00 85.00 15.00 0.00 0.00 63.00 38.00 56.00 57.00 67.00 0.00 52.00 58.00 99.00 61.00 0.00 89.00 63.00 80.00 32.00 73.00 30.00 35.00 2.00 80.00 0.00 0.00 1.00 57.00 36.00 21.00 27.00 27.00 0.00 0.00 77.00 67.00 0.00 54.00 49.00 33.00 35.00 14.00 23.00 20.00 72.00 5.00
46 23.00 0.00 33.00 94.00 93.00 0.00 0.00 83.00 0.00 100.00 32.00 4.00 53.00 99.00 75.00 0.00 0.00 30.00 0.00 0.00 83.00 0.00 42.00 91.00 60.00 67.00 7.00 77.00 87.00 28.00 0.00 6.00 0.00 22.00 48.00 65.00 45.00 0.00 0.00 19.00 24.00 68.00 47.00 58.00 81.00 87.00 0.00 54.00 0.00 51.00 80.00 35.00 14.00 24.00 40.00 0.00 90.00 69.00 60.00 68.00 52.00 0.00 0.00 64.00 38.00 4.00 40.00 98.00 50.00 0.00 0.00 0.00 5.00 22.00 90.00 0.00 85.00 19.00 86.00 25.00 61.00 45.00 74.00 0.00 0.00 8.00 80.00 41.00 14.00 95.00 68.00 37.00 1.00 79.00 100.00 25.00 95.00 51.00 88.00 17.00
47 68.00 0.00 2.00 0.00 60.00 16.00 54.00 7.00 0.00 0.00 56.00 0.00 38.00 17.00 81.00 35.00 69.00 0.00 0.00 27.00 69.00 96.00 26.00 66.00 15.00 51.00 0.00 67.00 61.00 52.00 5.00 33.00 0.00 0.00 59.00 5.00 0.00 99.00 54.00 12.00 73.00 26.00 42.00 8.00 0.00 62.00 54.00 0.00 69.00 95.00 0.00 46.00 91.00 0.00 61.00 17.00 79.00 99.00 75.00 0.00 72.00 0.00 0.00 41.00 77.00 79.00 0.00 23.00 95.00 0.00 15.00 54.00 43.00 78.00 0.00 87.00 86.00 11.00 91.00 73.00 3.00 62.00 66.00 58.00 81.00 98.00 2.00 65.00 0.00 86.00 61.00 84.00 42.00 0.00 0.00 69.00 0.00 26.00 32.00 0.00
48 99.00 2.00 5.00 88.00 0.00 1.00 86.00 0.00 0.00 43.00 41.00 37.00 59.00 32.00 97.00 76.00 0.00 53.00 78.00 77.00 75.00 0.00 53.00 36.00 0.00 62.00 15.00 0.00 10.00 72.00 88.00 21.00 92.00 0.00 0.00 44.00 0.00 0.00 33.00 87.00 18.00 2.00 0.00 38.00 11.00 38.00 0.00 69.00 0.00 45.00 19.00 53.00 16.00 1.00 16.00 37.00 75.00 61.00 93.00 66.00 67.00 18.00 55.00 27.00 26.00 86.00 40.00 0.00 94.00 92.00 68.00 67.00 69.00 44.00 0.00 66.00 18.00 0.00 79.00 95.00 89.00 0.00 67.00 62.00 74.00 59.00 40.00 25.00 56.00 15.00 43.00 16.00 0.00 18.00 58.00 25.00 38.00 0.00 0.00 52.00
49 27.00 0.00 34.00 32.00 9.00 7.00 55.00 0.00 79.00 47.00 78.00 74.00 32.00 82.00 40.00 0.00 83.00 22.00 0.00 0.00 73.00 47.00 16.00 58.00 0.00 73.00 39.00 0.00 23.00 81.00 30.00 49.00 0.00 66.00 75.00 2.00 0.00 57.00 2.00 0.00 31.00 0.00 0.00 0.00 4.00 0.00 51.00 95.00 45.00 0.00 48.00 18.00 92.00 78.00 29.00 20.00 10.00 14.00 94.00 40.00 47.00 43.00 0.00 98.00 49.00 0.00 25.00 0.00 98.00 73.00 0.00 55.00 0.00 97.00 21.00 0.00 92.00 19.00 83.00 41.00 60.00 15.00 0.00 0.00 6.00 53.00 4.00 91.00 38.00 41.00 75.00 66.00 90.00 81.00 0.00 0.00 72.00 86.00 2.00 23.00
50 99.00 81.00 1.00 75.00 85.00 52.00 0.00 69.00 84.00 8.00 51.00 17.00 56.00 0.00 0.00 61.00 51.00 90.00 34.00 17.00 41.00 9.00 0.00 0.00 5.00 55.00 32.00 0.00 91.00 62.00 0.00 0.00 0.00 0.00 29.00 0.00 0.00 85.00 47.00 81.00 19.00 50.00 0.00 88.00 70.00 26.00 80.00 0.00 19.00 48.00 0.00 100.00 83.00 91.00 4.00 89.00 54.00 67.00 38.00 80.00 29.00 43.00 51.00 6.00 0.00 0.00 7.00 0.00 0.00 6.00 91.00 99.00 55.00 0.00 0.00 80.00 0.00 46.00 56.00 72.00 50.00 75.00 67.00 32.00 2.00 59.00 51.00 0.00 47.00 45.00 62.00 79.00 95.00 32.00 67.00 32.00 0.00 83.00 2.00 31.00
51 47.00 0.00 0.00 1.00 0.00 20.00 0.00 5.00 87.00 0.00 14.00 60.00 0.00 82.00 32.00 57.00 0.00 94.00 87.00 90.00 0.00 0.00 10.00 22.00 100.00 39.00 84.00 4.00 0.00 7.00 39.00 0.00 14.00 0.00 85.00 0.00 77.00 0.00 96.00 0.00 34.00 15.00 0.00 75.00 85.00 45.00 35.00 46.00 53.00 18.00 100.00 0.00 10.00 5.00 0.00 97.00 59.00 0.00 4.00 43.00 85.00 95.00 36.00 44.00 70.00 10.00 70.00 94.00 25.00 78.00 83.00 70.00 77.00 0.00 72.00 89.00 0.00 0.00 2.00 0.00 59.00 91.00 85.00 0.00 99.00 45.00 96.00 30.00 22.00 78.00 2.00 82.00 56.00 15.00 0.00 0.00 64.00 24.00 0.00 76.00
52 51.00 19.00 96.00 66.00 58.00 24.00 40.00 0.00 68.00 0.00 0.00 43.00 29.00 0.00 0.00 0.00 61.00 17.00 84.00 73.00 33.00 31.00 64.00 18.00 64.00 79.00 73.00 18.00 0.00 0.00 85.00 77.00 0.00 72.00 0.00 1.00 0.00 40.00 83.00 40.00 96.00 31.00 47.00 91.00 9.00 74.00 14.00 91.00 16.00 92.00 83.00 10.00 0.00 0.00 76.00 0.00 0.00 55.00 21.00 57.00 15.00 73.00 31.00 6.00 82.00 0.00 0.00 23.00 0.00 29.00 11.00 0.00 35.00 70.00 30.00 70.00 43.00 39.00 0.00 68.00 42.00 6.00 7.00 98.00 95.00 83.00 54.00 73.00 0.00 77.00 22.00 17.00 4.00 92.00 0.00 10.00 61.00 80.00 71.00 0.00
53 55.00 0.00 0.00 0.00 88.00 0.00 0.00 50.00 47.00 13.00 73.00 23.00 89.00 0.00 55.00 36.00 0.00 72.00 5.00 25.00 86.00 2.00 62.00 0.00 39.00 0.00 0.00 1.00 86.00 0.00 100.00 14.00 98.00 66.00 12.00 9.00 39.00 34.00 61.00 17.00 0.00 99.00 29.00 0.00 22.00 78.00 24.00 0.00 1.00 78.00 91.00 5.00 0.00 0.00 47.00 0.00 44.00 64.00 57.00 75.00 40.00 31.00 39.00 32.00 51.00 48.00 81.00 0.00 9.00 99.00 55.00 23.00 53.00 13.00 33.00 0.00 76.00 0.00 9.00 0.00 8.00 10.00 0.00 37.00 29.00 0.00 26.00 0.00 0.00 0.00 58.00 68.00 99.00 92.00 5.00 0.00 39.00 78.00 0.00 51.00
54 96.00 15.00 0.00 54.00 62.00 97.00 55.00 37.00 84.00 53.00 98.00 62.00 31.00 95.00 0.00 14.00 59.00 0.00 50.00 82.00 0.00 25.00 48.00 19.00 64.00 4.00 98.00 40.00 85.00 0.00 0.00 75.00 84.00 52.00 0.00 20.00 90.00 20.00 24.00 13.00 0.00 72.00 72.00 98.00 52.00 85.00 40.00 61.00 16.00 29.00 4.00 0.00 76.00 47.00 0.00 41.00 0.00 16.00 75.00 71.00 49.00 0.00 0.00 81.00 62.00 36.00 63.00 94.00 8.00 69.00 39.00 0.00 68.00 0.00 40.00 72.00 37.00 24.00 0.00 90.00 55.00 0.00 10.00 0.00 63.00 32.00 34.00 48.00 0.00 0.00 11.00 0.00 95.00 54.00 0.00 0.00 0.00 94.00 0.00 0.00
55 0.00 38.00 78.00 62.00 0.00 16.00 71.00 1.00 0.00 86.00 22.00 74.00 0.00 7.00 0.00 30.00 25.00 3.00 91.00 76.00 36.00 9.00 0.00 16.00 0.00 80.00 73.00 0.00 43.00 0.00 55.00 48.00 35.00 82.00 0.00 93.00 0.00 56.00 36.00 86.00 96.00 69.00 24.00 27.00 58.00 15.00 0.00 17.00 37.00 20.00 89.00 97.00 0.00 0.00 41.00 0.00 9.00 53.00 18.00 78.00 0.00 0.00 57.00 2.00 25.00 61.00 3.00 6.00 0.00 0.00 0.00 0.00 0.00 25.00 18.00 0.00 0.00 52.00 87.00 49.00 92.00 64.00 0.00 78.00 69.00 0.00 46.00 0.00 92.00 0.00 8.00 5.00 12.00 61.00 71.00 47.00 0.00 100.00 73.00 0.00
56 58.00 72.00 44.00 84.00 0.00 69.00 0.00 27.00 18.00 31.00 68.00 0.00 0.00 43.00 80.00 42.00 0.00 0.00 93.00 70.00 0.00 44.00 65.00 27.00 36.00 0.00 73.00 83.00 46.00 35.00 67.00 21.00 0.00 36.00 63.00 33.00 79.00 89.00 76.00 92.00 0.00 85.00 87.00 0.00 52.00 0.00 90.00 79.00 75.00 10.00 54.00 59.00 0.00 44.00 0.00 9.00 0.00 33.00 84.00 27.00 1.00 30.00 21.00 0.00 72.00 73.00 60.00 0.00 16.00 0.00 20.00 68.00 0.00 17.00 69.00 46.00 28.00 80.00 19.00 0.00 88.00 0.00 78.00 0.00 0.00 100.00 94.00 0.00 73.00 0.00 96.00 0.00 9.00 23.00 55.00 54.00 0.00 42.00 32.00 12.00
57 57.00 0.00 30.00 21.00 13.00 0.00 52.00 0.00 66.00 45.00 3.00 26.00 34.00 71.00 90.00 0.00 95.00 0.00 34.00 100.00 14.00 0.00 0.00 0.00 22.00 20.00 0.00 22.00 62.00 0.00 4.00 0.00 79.00 60.00 50.00 23.00 82.00 66.00 24.00 31.00 0.00 44.00 15.00 0.00 77.00 0.00 69.00 99.00 61.00 14.00 67.00 0.00 55.00 64.00 16.00 53.00 33.00 0.00 21.00 96.00 0.00 75.00 51.00 58.00 41.00 58.00 63.00 83.00 68.00 13.00 71.00 59.00 58.00 71.00 0.00 10.00 10.00 36.00 75.00 20.00 3.00 88.00 0.00 0.00 76.00 100.00 0.00 98.00 0.00 0.00 46.00 0.00 56.00 42.00 0.00 1.00 33.00 70.00 0.00 92.00
58 69.00 19.00 78.00 99.00 58.00 12.00 37.00 82.00 100.00 0.00 0.00 82.00 0.00 40.00 0.00 75.00 9.00 92.00 0.00 40.00 50.00 15.00 58.00 0.00 41.00 64.00 48.00 19.00 63.00 48.00 28.00 20.00 11.00 0.00 0.00 86.00 0.00 78.00 0.00 0.00 86.00 0.00 66.00 14.00 83.00 63.00 60.00 75.00 93.00 94.00 38.00 4.00 21.00 57.00 75.00 18.00 84.00 21.00 0.00 67.00 4.00 31.00 92.00 24.00 11.00 40.00 52.00 73.00 41.00 67.00 38.00 89.00 91.00 75.00 0.00 0.00 79.00 90.00 0.00 19.00 0.00 0.00 41.00 17.00 1.00 85.00 54.00 0.00 83.00 0.00 0.00 88.00 13.00 69.00 0.00 84.00 47.00 35.00 12.00 37.00
59 0.00 84.00 60.00 72.00 32.00 51.00 42.00 69.00 81.00 70.00 54.00 28.00 23.00 0.00 0.00 41.00 78.00 40.00 0.00 0.00 56.00 0.00 69.00 26.00 2.00 60.00 64.00 19.00 93.00 30.00 92.00 77.00 0.00 91.00 0.00 75.00 25.00 13.00 10.00 82.00 25.00 98.00 0.00 2.00 54.00 38.00 68.00 0.00 66.00 40.00 80.00 43.00 57.00 75.00 71.00 78.00 27.00 96.00 67.00 0.00 22.00 2.00 11.00 0.00 82.00 0.00 12.00 84.00 48.00 24.00 99.00 0.00 60.00 90.00 54.00 100.00 0.00 60.00 51.00 48.00 0.00 85.00 34.00 97.00 66.00 16.00 0.00 23.00 72.00 76.00 5.00 42.00 89.00 0.00 39.00 0.00 87.00 90.00 0.00 66.00
60 36.00 96.00 0.00 4.00 7.00 97.00 0.00 0.00 100.00 70.00 83.00 16.00 98.00 37.00 90.00 0.00 99.00 72.00 0.00 0.00 0.00 0.00 25.00 46.00 29.00 95.00 86.00 59.00 20.00 46.00 17.00 0.00 92.00 0.00 0.00 50.00 0.00 50.00 68.00 0.00 0.00 29.00 7.00 0.00 0.00 56.00 52.00 72.00 67.00 47.00 29.00 85.00 15.00 40.00 49.00 0.00 1.00 0.00 4.00 22.00 0.00 77.00 76.00 32.00 92.00 0.00 52.00 93.00 86.00 0.00 0.00 88.00 67.00 56.00 68.00 82.00 59.00 77.00 51.00 96.00 31.00 86.00 0.00 69.00 97.00 79.00 24.00 43.00 43.00 0.00 5.00 24.00 0.00 38.00 88.00 4.00 0.00 46.00 85.00 0.00
61 19.00 32.00 68.00 76.00 0.00 87.00 15.00 0.00 89.00 27.00 55.00 69.00 55.00 0.00 0.00 96.00 21.00 97.00 36.00 41.00 1.00 0.00 0.00 71.00 10.00 2.00 49.00 0.00 20.00 32.00 69.00 8.00 30.00 42.00 64.00 34.00 0.00 21.00 44.00 41.00 86.00 69.00 30.00 69.00 39.00 57.00 0.00 0.00 18.00 43.00 43.00 95.00 73.00 31.00 0.00 0.00 30.00 75.00 31.00 2.00 77.00 0.00 0.00 91.00 51.00 0.00 68.00 0.00 83.00 58.00 82.00 46.00 14.00 0.00 84.00 3.00 47.00 32.00 36.00 76.00 95.00 28.00 6.00 24.00 0.00 0.00 84.00 79.00 0.00 16.00 0.00 0.00 0.00 61.00 68.00 20.00 43.00 41.00 44.00 28.00
62 0.00 16.00 56.00 35.00 80.00 25.00 92.00 0.00 0.00 63.00 30.00 0.00 0.00 0.00 14.00 98.00 12.00 46.00 45.00 3.00 93.00 66.00 10.00 33.00 0.00 15.00 93.00 74.00 30.00 91.00 52.00 76.00 49.00 6.00 86.00 28.00 22.00 65.00 20.00 83.00 0.00 73.00 0.00 17.00 0.00 67.00 0.00 0.00 55.00 0.00 51.00 36.00 31.00 39.00 0.00 57.00 21.00 51.00 92.00 11.00 76.00 0.00 0.00 75.00 68.00 0.00 53.00 0.00 11.00 1.00 12.00 0.00 82.00 39.00 0.00 64.00 0.00 55.00 83.00 0.00 0.00 52.00 0.00 87.00 0.00 39.00 12.00 0.00 99.00 25.00 56.00 14.00 79.00 71.00 0.00 8.00 0.00 46.00 10.00 0.00
63 25.00 68.00 36.00 0.00 40.00 0.00 59.00 39.00 0.00 43.00 86.00 0.00 6.00 90.00 52.00 23.00 47.00 59.00 0.00 94.00 5.00 93.00 25.00 78.00 0.00 41.00 10.00 72.00 93.00 10.00 57.00 71.00 72.00 30.00 88.00 40.00 17.00 71.00 48.00 0.00 23.00 71.00 74.00 65.00 38.00 0.00 64.00 41.00 27.00 98.00 6.00 44.00 6.00 32.00 81.00 2.00 0.00 58.00 24.00 0.00 32.00 91.00 75.00 0.00 0.00 89.00 6.00 0.00 42.00 0.00 8.00 73.00 3.00 28.00 78.00 37.00 0.00 77.00 78.00 62.00 0.00 71.00 47.00 81.00 0.00 90.00 40.00 13.00 0.00 96.00 0.00 98.00 58.00 0.00 30.00 0.00 18.00 67.00 77.00 0.00
64 50.00 46.00 15.00 83.00 0.00 34.00 0.00 70.00 58.00 0.00 14.00 68.00 25.00 8.00 53.00 0.00 60.00 39.00 0.00 95.00 85.00 91.00 6.00 35.00 55.00 87.00 69.00 48.00 57.00 45.00 50.00 0.00 16.00 56.00 49.00 77.00 5.00 55.00 0.00 28.00 78.00 0.00 0.00 33.00 0.00 52.00 38.00 77.00 26.00 49.00 0.00 70.00 82.00 51.00 62.00 25.00 72.00 41.00 11.00 82.00 92.00 51.00 68.00 0.00 0.00 95.00 55.00 57.00 52.00 39.00 56.00 2.00 0.00 0.00 0.00 57.00 0.00 19.00 13.00 46.00 43.00 83.00 0.00 94.00 94.00 0.00 40.00 27.00 0.00 0.00 5.00 0.00 17.00 98.00 0.00 0.00 45.00 0.00 0.00 28.00
65 51.00 0.00 73.00 5.00 15.00 42.00 35.00 96.00 26.00 4.00 6.00 97.00 64.00 6.00 0.00 0.00 70.00 61.00 67.00 0.00 0.00 20.00 0.00 24.00 95.00 43.00 89.00 68.00 91.00 65.00 0.00 0.00 12.00 58.00 1.00 66.00 67.00 3.00 72.00 48.00 95.00 64.00 40.00 58.00 48.00 58.00 4.00 79.00 86.00 0.00 0.00 10.00 0.00 48.00 36.00 61.00 73.00 58.00 40.00 0.00 0.00 0.00 0.00 89.00 95.00 0.00 45.00 22.00 81.00 13.00 48.00 91.00 24.00 64.00 78.00 49.00 53.00 41.00 79.00 94.00 98.00 21.00 81.00 0.00 19.00 96.00 46.00 57.00 31.00 98.00 43.00 69.00 43.00 40.00 23.00 94.00 63.00 81.00 0.00 2.00
66 36.00 77.00 64.00 18.00 0.00 29.00 94.00 87.00 0.00 11.00 95.00 21.00 0.00 86.00 0.00 57.00 55.00 73.00 0.00 11.00 36.00 55.00 61.00 54.00 0.00 16.00 95.00 47.00 75.00 35.00 69.00 0.00 24.00 0.00 69.00 16.00 94.00 0.00 0.00 14.00 0.00 0.00 86.00 95.00 0.00 99.00 40.00 0.00 40.00 25.00 7.00 70.00 0.00 81.00 63.00 3.00 60.00 63.00 52.00 12.00 52.00 68.00 53.00 6.00 55.00 45.00 0.00 74.00 21.00 7.00 24.00 50.00 86.00 94.00 57.00 66.00 19.00 100.00 0.00 3.00 0.00 89.00 0.00 47.00 14.00 0.00 70.00 25.00 81.00 75.00 22.00 0.00 68.00 72.00 17.00 95.00 48.00 78.00 46.00 0.00
67 0.00 0.00 84.00 58.00 35.00 0.00 29.00 78.00 10.00 88.00 0.00 98.00 18.00 32.00 66.00 33.00 89.00 73.00 39.00 0.00 20.00 77.00 33.00 36.00 0.00 28.00 0.00 63.00 10.00 76.00 28.00 0.00 6.00 39.00 0.00 20.00 79.00 60.00 50.00 93.00 5.00 12.00 0.00 95.00 78.00 61.00 98.00 23.00 0.00 0.00 0.00 94.00 23.00 0.00 94.00 6.00 0.00 83.00 73.00 84.00 93.00 0.00 0.00 0.00 57.00 22.00 74.00 0.00 81.00 39.00 4.00 58.00 90.00 58.00 17.00 59.00 0.00 5.00 0.00 75.00 75.00 62.00 74.00 74.00 0.00 0.00 88.00 90.00 45.00 24.00 95.00 0.00 83.00 0.00 93.00 43.00 43.00 6.00 71.00 18.00
68 0.00 0.00 14.00 0.00 0.00 69.00 65.00 10.00 35.00 92.00 46.00 39.00 34.00 49.00 32.00 0.00 14.00 5.00 53.00 49.00 94.00 31.00 11.00 86.00 0.00 29.00 36.00 0.00 24.00 29.00 36.00 71.00 14.00 0.00 29.00 28.00 52.00 8.00 0.00 61.00 0.00 0.00 0.00 37.00 28.00 0.00 50.00 95.00 94.00 98.00 0.00 25.00 0.00 9.00 8.00 0.00 16.00 68.00 41.00 48.00 86.00 83.00 11.00 42.00 52.00 81.00 21.00 81.00 0.00 0.00 0.00 22.00 4.00 83.00 71.00 27.00 7.00 18.00 90.00 0.00 41.00 8.00 72.00 100.00 7.00 0.00 95.00 95.00 0.00 0.00 71.00 61.00 51.00 0.00 65.00 0.00 0.00 94.00 17.00 18.00
69 92.00 27.00 46.00 60.00 18.00 64.00 36.00 24.00 0.00 59.00 68.00 32.00 95.00 12.00 72.00 0.00 69.00 81.00 83.00 0.00 4.00 38.00 35.00 0.00 13.00 63.00 86.00 0.00 0.00 55.00 0.00 63.00 9.00 0.00 42.00 44.00 0.00 84.00 0.00 16.00 84.00 91.00 49.00 17.00 48.00 89.00 0.00 0.00 92.00 73.00 6.00 78.00 29.00 99.00 69.00 0.00 0.00 13.00 67.00 24.00 0.00 58.00 1.00 0.00 39.00 13.00 7.00 39.00 0.00 0.00 38.00 14.00 32.00 81.00 75.00 45.00 49.00 6.00 0.00 0.00 45.00 0.00 0.00 76.00 35.00 87.00 0.00 89.00 58.00 1.00 79.00 50.00 45.00 66.00 56.00 59.00 75.00 0.00 82.00 74.00
70 6.00 0.00 91.00 78.00 53.00 19.00 51.00 73.00 42.00 48.00 0.00 7.00 98.00 26.00 13.00 52.00 0.00 0.00 17.00 2.00 15.00 8.00 99.00 0.00 87.00 0.00 0.00 0.00 27.00 0.00 76.00 72.00 55.00 0.00 0.00 0.00 26.00 0.00 21.00 10.00 12.00 48.00 27.00 23.00 6.00 63.00 0.00 15.00 68.00 0.00 91.00 83.00 11.00 55.00 39.00 0.00 20.00 71.00 38.00 99.00 0.00 82.00 12.00 8.00 56.00 48.00 24.00 4.00 0.00 38.00 0.00 86.00 0.00 27.00 0.00 23.00 88.00 38.00 8.00 76.00 56.00 71.00 91.00 0.00 46.00 88.00 38.00 52.00 0.00 42.00 0.00 7.00 41.00 58.00 100.00 0.00 0.00 0.00 90.00 21.00
71 0.00 0.00 96.00 90.00 80.00 30.00 74.00 0.00 82.00 21.00 0.00 49.00 55.00 91.00 14.00 1.00 0.00 53.00 0.00 0.00 0.00 38.00 0.00 0.00 0.00 95.00 27.00 59.00 65.00 0.00 79.00 13.00 81.00 18.00 56.00 0.00 37.00 23.00 39.00 0.00 47.00 41.00 42.00 39.00 0.00 80.00 0.00 54.00 67.00 55.00 99.00 70.00 0.00 23.00 0.00 0.00 68.00 59.00 89.00 0.00 88.00 46.00 0.00 73.00 2.00 91.00 50.00 58.00 22.00 14.00 86.00 0.00 84.00 65.00 0.00 4.00 0.00 46.00 0.00 0.00 0.00 99.00 22.00 0.00 0.00 63.00 62.00 77.00 68.00 0.00 31.00 0.00 0.00 0.00 91.00 61.00 19.00 5.00 80.00 39.00
72 71.00 11.00 0.00 62.00 57.00 78.00 14.00 0.00 0.00 38.00 50.00 75.00 28.00 20.00 61.00 100.00 63.00 85.00 71.00 39.00 62.00 0.00 0.00 0.00 0.00 0.00 52.00 51.00 0.00 0.00 18.00 89.00 98.00 73.00 0.00 34.00 17.00 52.00 40.00 0.00 49.00 6.00 64.00 23.00 0.00 32.00 5.00 43.00 69.00 0.00 55.00 77.00 35.00 53.00 68.00 0.00 0.00 58.00 91.00 60.00 67.00 14.00 82.00 3.00 0.00 24.00 86.00 90.00 4.00 32.00 0.00 84.00 0.00 41.00 76.00 0.00 0.00 0.00 66.00 77.00 15.00 65.00 45.00 79.00 0.00 0.00 0.00 31.00 85.00 44.00 60.00 0.00 0.00 37.00 38.00 82.00 30.00 32.00 42.00 0.00
73 21.00 28.00 79.00 86.00 0.00 31.00 0.00 94.00 50.00 88.00 44.00 97.00 98.00 0.00 30.00 87.00 68.00 39.00 81.00 49.00 1.00 43.00 64.00 38.00 98.00 91.00 82.00 82.00 40.00 95.00 91.00 22.00 76.00 47.00 0.00 52.00 16.00 0.00 56.00 62.00 68.00 68.00 0.00 57.00 4.00 73.00 22.00 78.00 44.00 97.00 0.00 0.00 70.00 13.00 0.00 25.00 17.00 71.00 75.00 90.00 56.00 0.00 39.00 28.00 0.00 64.00 94.00 58.00 83.00 81.00 27.00 65.00 41.00 0.00 0.00 42.00 7.00 75.00 64.00 8.00 60.00 4.00 97.00 65.00 0.00 88.00 0.00 29.00 92.00 52.00 57.00 45.00 92.00 49.00 0.00 62.00 3.00 97.00 61.00 0.00
74 44.00 73.00 0.00 0.00 43.00 97.00 0.00 40.00 96.00 73.00 0.00 33.00 8.00 48.00 33.00 0.00 27.00 38.00 0.00 0.00 16.00 88.00 67.00 0.00 31.00 85.00 72.00 87.00 20.00 16.00 89.00 55.00 32.00 94.00 14.00 100.00 82.00 0.00 0.00 12.00 67.00 42.00 45.00 53.00 0.00 30.00 90.00 0.00 0.00 21.00 0.00 72.00 30.00 33.00 40.00 18.00 69.00 0.00 0.00 54.00 68.00 84.00 0.00 78.00 0.00 78.00 57.00 17.00 71.00 75.00 0.00 0.00 76.00 0.00 0.00 55.00 46.00 76.00 90.00 16.00 0.00 0.00 0.00 77.00 88.00 77.00 71.00 23.00 0.00 19.00 36.00 72.00 39.00 45.00 90.00 0.00 47.00 50.00 98.00 6.00
75 0.00 26.00 34.00 0.00 55.00 37.00 20.00 0.00 15.00 51.00 28.00 2.00 0.00 26.00 7.00 72.00 0.00 0.00 92.00 22.00 58.00 67.00 16.00 61.00 0.00 0.00 39.00 0.00 64.00 0.00 79.00 0.00 57.00 0.00 48.00 37.00 0.00 93.00 89.00 55.00 0.00 93.00 8.00 0.00 50.00 35.00 0.00 87.00 66.00 0.00 80.00 89.00 70.00 0.00 72.00 0.00 46.00 10.00 0.00 100.00 82.00 3.00 64.00 37.00 57.00 49.00 66.00 59.00 27.00 45.00 23.00 4.00 0.00 42.00 55.00 0.00 87.00 97.00 0.00 0.00 0.00 45.00 0.00 29.00 12.00 48.00 61.00 82.00 54.00 97.00 63.00 80.00 64.00 67.00 50.00 49.00 0.00 6.00 86.00 96.00
76 5.00 27.00 55.00 68.00 0.00 29.00 11.00 96.00 28.00 17.00 10.00 67.00 64.00 64.00 78.00 81.00 43.00 91.00 0.00 10.00 61.00 65.00 0.00 99.00 0.00 0.00 5.00 37.00 77.00 96.00 31.00 0.00 84.00 0.00 0.00 0.00 62.00 0.00 85.00 77.00 0.00 68.00 0.00 70.00 0.00 2.00 85.00 86.00 18.00 92.00 0.00 0.00 43.00 76.00 37.00 0.00 28.00 10.00 79.00 0.00 59.00 47.00 0.00 0.00 0.00 53.00 19.00 0.00 7.00 49.00 88.00 0.00 0.00 7.00 46.00 87.00 0.00 43.00 0.00 0.00 51.00 0.00 84.00 32.00 57.00 32.00 48.00 71.00 0.00 59.00 42.00 47.00 80.00 0.00 100.00 97.00 97.00 0.00 93.00 99.00
77 22.00 89.00 0.00 11.00 13.00 49.00 0.00 47.00 96.00 0.00 39.00 49.00 8.00 89.00 75.00 85.00 52.00 50.00 67.00 90.00 14.00 51.00 0.00 53.00 75.00 35.00 0.00 2.00 6.00 45.00 17.00 24.00 31.00 81.00 35.00 0.00 76.00 17.00 0.00 92.00 31.00 50.00 71.00 79.00 95.00 80.00 19.00 11.00 0.00 19.00 46.00 0.00 39.00 0.00 24.00 52.00 80.00 36.00 90.00 60.00 77.00 32.00 55.00 77.00 19.00 41.00 100.00 5.00 18.00 6.00 38.00 46.00 0.00 75.00 76.00 97.00 43.00 0.00 50.00 79.00 0.00 26.00 23.00 14.00 3.00 93.00 0.00 43.00 0.00 0.00 0.00 0.00 27.00 0.00 0.00 76.00 0.00 65.00 4.00 0.00
78 6.00 18.00 37.00 86.00 50.00 70.00 87.00 28.00 75.00 85.00 80.00 72.00 0.00 0.00 54.00 68.00 3.00 0.00 63.00 78.00 0.00 83.00 91.00 0.00 0.00 68.00 85.00 0.00 27.00 72.00 34.00 26.00 0.00 19.00 37.00 25.00 91.00 42.00 0.00 0.00 93.00 46.00 36.00 33.00 31.00 0.00 86.00 91.00 79.00 83.00 56.00 2.00 0.00 9.00 0.00 87.00 19.00 75.00 0.00 51.00 51.00 36.00 83.00 78.00 13.00 79.00 0.00 0.00 90.00 0.00 8.00 0.00 66.00 64.00 90.00 0.00 0.00 50.00 0.00 83.00 0.00 0.00 79.00 0.00 39.00 59.00 92.00 71.00 48.00 80.00 92.00 3.00 0.00 14.00 28.00 56.00 95.00 0.00 72.00 26.00
79 42.00 31.00 42.00 49.00 0.00 0.00 21.00 34.00 0.00 38.00 11.00 26.00 0.00 0.00 15.00 43.00 17.00 79.00 35.00 54.00 30.00 15.00 51.00 0.00 19.00 0.00 68.00 0.00 2.00 0.00 99.00 0.00 32.00 86.00 0.00 3.00 39.00 73.00 86.00 70.00 0.00 43.00 0.00 0.00 98.00 0.00 25.00 73.00 95.00 41.00 72.00 0.00 68.00 0.00 90.00 49.00 0.00 20.00 19.00 48.00 96.00 76.00 0.00 62.00 46.00 94.00 3.00 75.00 0.00 0.00 76.00 0.00 77.00 8.00 16.00 0.00 0.00 79.00 83.00 0.00 0.00 0.00 54.00 19.00 32.00 28.00 0.00 38.00 0.00 15.00 7.00 28.00 70.00 0.00 19.00 95.00 0.00 62.00 69.00 26.00
80 66.00 86.00 42.00 24.00 87.00 0.00 0.00 0.00 90.00 0.00 49.00 57.00 66.00 0.00 45.00 79.00 25.00 20.00 12.00 61.00 0.00 62.00 24.00 0.00 81.00 64.00 80.00 27.00 4.00 30.00 71.00 31.00 68.00 45.00 27.00 73.00 0.00 56.00 10.00 0.00 75.00 58.00 99.00 54.00 45.00 1.00 61.00 3.00 89.00 60.00 50.00 59.00 42.00 8.00 55.00 92.00 88.00 3.00 0.00 0.00 31.00 95.00 0.00 0.00 43.00 98.00 0.00 75.00 41.00 45.00 56.00 0.00 15.00 60.00 0.00 0.00 51.00 0.00 0.00 0.00 0.00 0.00 22.00 0.00 0.00 0.00 15.00 48.00 39.00 0.00 11.00 63.00 0.00 0.00 92.00 100.00 4.00 0.00 0.00 38.00
81 18.00 58.00 29.00 3.00 96.00 39.00 0.00 0.00 55.00 40.00 0.00 0.00 23.00 2.00 29.00 54.00 19.00 64.00 94.00 10.00 22.00 9.00 23.00 80.00 0.00 0.00 22.00 56.00 64.00 0.00 63.00 3.00 0.00 0.00 96.00 85.00 0.00 0.00 31.00 21.00 78.00 84.00 30.00 27.00 97.00 57.00 45.00 62.00 0.00 15.00 75.00 91.00 6.00 10.00 0.00 64.00 0.00 88.00 0.00 85.00 86.00 28.00 52.00 71.00 83.00 21.00 89.00 62.00 8.00 0.00 71.00 99.00 65.00 4.00 0.00 45.00 0.00 26.00 0.00 0.00 0.00 0.00 52.00 51.00 26.00 33.00 100.00 9.00 0.00 20.00 50.00 45.00 0.00 0.00 97.00 99.00 5.00 0.00 15.00 96.00
82 0.00 0.00 1.00 29.00 31.00 29.00 1.00 10.00 5.00 10.00 71.00 67.00 93.00 20.00 35.00 0.00 33.00 20.00 0.00 84.00 55.00 0.00 0.00 0.00 0.00 42.00 20.00 93.00 45.00 0.00 26.00 17.00 0.00 38.00 95.00 89.00 76.00 33.00 51.00 90.00 0.00 44.00 6.00 2.00 68.00 36.00 74.00 66.00 67.00 0.00 67.00 85.00 7.00 0.00 10.00 0.00 78.00 0.00 41.00 34.00 0.00 6.00 0.00 47.00 0.00 81.00 0.00 74.00 72.00 0.00 91.00 22.00 45.00 97.00 0.00 0.00 84.00 23.00 79.00 54.00 22.00 52.00 0.00 9.00 59.00 74.00 67.00 13.00 18.00 0.00 0.00 16.00 30.00 81.00 37.00 68.00 54.00 70.00 57.00 42.00
83 0.00 78.00 24.00 3.00 73.00 96.00 60.00 14.00 12.00 43.00 69.00 61.00 40.00 4.00 9.00 77.00 0.00 97.00 62.00 8.00 0.00 24.00 0.00 0.00 16.00 0.00 18.00 77.00 81.00 42.00 55.00 0.00 28.00 74.00 31.00 92.00 99.00 0.00 53.00 0.00 24.00 94.00 36.00 6.00 76.00 21.00 0.00 58.00 62.00 0.00 32.00 0.00 98.00 37.00 0.00 78.00 0.00 0.00 17.00 97.00 69.00 24.00 87.00 81.00 94.00 0.00 47.00 74.00 100.00 76.00 0.00 0.00 79.00 65.00 77.00 29.00 32.00 14.00 0.00 19.00 0.00 51.00 9.00 0.00 22.00 75.00 100.00 0.00 19.00 30.00 96.00 35.00 0.00 99.00 8.00 40.00 70.00 43.00 0.00 77.00
84 26.00 88.00 95.00 12.00 90.00 0.00 52.00 0.00 27.00 86.00 77.00 68.00 97.00 21.00 0.00 71.00 16.00 0.00 7.00 46.00 3.00 0.00 15.00 7.00 65.00 55.00 18.00 0.00 28.00 39.00 53.00 40.00 18.00 51.00 9.00 98.00 72.00 16.00 75.00 57.00 17.00 47.00 27.00 99.00 67.00 27.00 0.00 81.00 74.00 6.00 2.00 99.00 95.00 29.00 63.00 69.00 0.00 76.00 1.00 66.00 97.00 0.00 0.00 0.00 94.00 19.00 14.00 0.00 7.00 35.00 46.00 0.00 0.00 0.00 88.00 12.00 57.00 3.00 39.00 32.00 0.00 26.00 59.00 22.00 0.00 0.00 44.00 88.00 26.00 91.00 50.00 3.00 54.00 0.00 79.00 0.00 61.00 59.00 0.00 42.00
85 73.00 0.00 75.00 6.00 0.00 32.00 71.00 13.00 65.00 0.00 13.00 5.00 0.00 15.00 0.00 77.00 39.00 0.00 82.00 95.00 50.00 25.00 0.00 0.00 25.00 56.00 85.00 17.00 32.00 0.00 95.00 8.00 5.00 0.00 4.00 35.00 33.00 0.00 27.00 0.00 90.00 90.00 64.00 3.00 38.00 27.00 8.00 98.00 59.00 53.00 59.00 45.00 83.00 0.00 32.00 0.00 100.00 100.00 85.00 16.00 79.00 0.00 39.00 90.00 0.00 96.00 0.00 0.00 0.00 87.00 88.00 63.00 0.00 88.00 77.00 48.00 32.00 93.00 59.00 28.00 0.00 33.00 74.00 75.00 0.00 0.00 20.00 44.00 64.00 0.00 10.00 63.00 0.00 0.00 0.00 72.00 52.00 74.00 100.00 54.00
86 55.00 89.00 74.00 3.00 20.00 94.00 61.00 0.00 43.00 10.00 81.00 97.00 15.00 37.00 1.00 14.00 43.00 96.00 0.00 75.00 75.00 98.00 84.00 36.00 0.00 50.00 2.00 82.00 0.00 46.00 91.00 91.00 47.00 56.00 61.00 29.00 0.00 58.00 0.00 100.00 59.00 0.00 0.00 0.00 96.00 0.00 80.00 2.00 40.00 4.00 51.00 96.00 54.00 26.00 34.00 46.00 94.00 0.00 54.00 0.00 24.00 84.00 12.00 40.00 40.00 46.00 70.00 88.00 95.00 0.00 38.00 62.00 0.00 0.00 71.00 61.00 48.00 0.00 92.00 0.00 15.00 100.00 67.00 100.00 44.00 20.00 0.00 0.00 3.00 94.00 11.00 1.00 0.00 0.00 25.00 54.00 74.00 98.00 0.00 84.00
87 0.00 90.00 28.00 94.00 6.00 58.00 100.00 50.00 9.00 8.00 55.00 0.00 41.00 77.00 38.00 97.00 75.00 4.00 0.00 43.00 45.00 59.00 0.00 33.00 39.00 40.00 49.00 0.00 73.00 40.00 12.00 0.00 34.00 0.00 24.00 0.00 0.00 0.00 7.00 13.00 96.00 0.00 60.00 40.00 63.00 0.00 41.00 65.00 25.00 91.00 0.00 30.00 73.00 0.00 48.00 0.00 0.00 98.00 0.00 23.00 43.00 79.00 0.00 13.00 27.00 57.00 25.00 90.00 95.00 89.00 52.00 77.00 31.00 29.00 23.00 82.00 71.00 43.00 71.00 38.00 48.00 9.00 13.00 0.00 88.00 44.00 0.00 0.00 32.00 57.00 0.00 2.00 7.00 0.00 40.00 80.00 66.00 50.00 19.00 0.00
88 67.00 0.00 18.00 49.00 38.00 12.00 0.00 68.00 80.00 35.00 82.00 90.00 0.00 24.00 0.00 0.00 15.00 35.00 0.00 75.00 0.00 0.00 4.00 14.00 0.00 50.00 13.00 0.00 0.00 0.00 81.00 32.00 68.00 70.00 41.00 74.00 30.00 46.00 75.00 85.00 96.00 0.00 22.00 0.00 45.00 77.00 14.00 0.00 56.00 38.00 47.00 22.00 0.00 0.00 0.00 92.00 73.00 0.00 83.00 72.00 43.00 0.00 99.00 0.00 0.00 31.00 81.00 45.00 0.00 58.00 0.00 68.00 85.00 92.00 0.00 54.00 0.00 0.00 48.00 0.00 39.00 0.00 18.00 19.00 26.00 64.00 3.00 32.00 0.00 0.00 43.00 53.00 0.00 0.00 28.00 61.00 31.00 9.00 38.00 51.00
89 0.00 0.00 72.00 74.00 17.00 31.00 2.00 18.00 28.00 0.00 99.00 32.00 85.00 0.00 0.00 43.00 70.00 58.00 64.00 28.00 0.00 99.00 86.00 69.00 74.00 75.00 98.00 84.00 60.00 17.00 17.00 0.00 0.00 100.00 3.00 34.00 65.00 52.00 0.00 0.00 59.00 30.00 44.00 78.00 90.00 67.00 95.00 86.00 15.00 41.00 45.00 78.00 77.00 0.00 0.00 0.00 0.00 0.00 0.00 76.00 0.00 16.00 25.00 96.00 0.00 98.00 75.00 24.00 0.00 1.00 42.00 0.00 44.00 52.00 19.00 97.00 59.00 0.00 80.00 15.00 0.00 20.00 0.00 30.00 91.00 0.00 94.00 57.00 0.00 0.00 0.00 6.00 0.00 19.00 61.00 93.00 79.00 0.00 91.00 58.00
90 69.00 78.00 53.00 99.00 85.00 0.00 93.00 42.00 77.00 74.00 31.00 27.00 61.00 30.00 0.00 45.00 91.00 20.00 0.00 72.00 49.00 64.00 87.00 100.00 55.00 45.00 98.00 0.00 37.00 61.00 36.00 86.00 41.00 7.00 59.00 78.00 21.00 0.00 14.00 0.00 68.00 85.00 66.00 0.00 24.00 0.00 68.00 61.00 43.00 75.00 62.00 2.00 22.00 58.00 11.00 8.00 96.00 46.00 0.00 5.00 5.00 0.00 56.00 0.00 5.00 43.00 22.00 95.00 71.00 79.00 0.00 31.00 60.00 57.00 36.00 63.00 42.00 0.00 92.00 7.00 11.00 50.00 0.00 96.00 50.00 10.00 11.00 0.00 43.00 0.00 0.00 11.00 73.00 97.00 78.00 98.00 58.00 68.00 0.00 43.00
91 66.00 80.00 69.00 0.00 58.00 34.00 0.00 37.00 0.00 0.00 0.00 0.00 51.00 67.00 29.00 5.00 35.00 48.00 0.00 0.00 30.00 0.00 19.00 84.00 73.00 0.00 0.00 63.00 64.00 81.00 0.00 46.00 68.00 0.00 33.00 9.00 94.00 87.00 96.00 95.00 48.00 28.00 0.00 47.00 85.00 54.00 37.00 84.00 16.00 66.00 79.00 82.00 17.00 68.00 0.00 5.00 0.00 0.00 88.00 42.00 24.00 0.00 14.00 98.00 0.00 69.00 0.00 0.00 61.00 50.00 7.00 0.00 0.00 45.00 72.00 80.00 47.00 0.00 3.00 28.00 63.00 45.00 16.00 35.00 3.00 63.00 1.00 2.00 53.00 6.00 11.00 0.00 0.00 0.00 36.00 0.00 0.00 76.00 40.00 1.00
92 19.00 0.00 70.00 33.00 53.00 6.00 45.00 86.00 4.00 82.00 0.00 24.00 0.00 33.00 13.00 28.00 20.00 23.00 0.00 0.00 27.00 0.00 0.00 0.00 0.00 0.00 95.00 0.00 60.00 19.00 0.00 85.00 88.00 52.00 91.00 0.00 77.00 82.00 29.00 46.00 80.00 1.00 74.00 54.00 66.00 49.00 1.00 42.00 0.00 90.00 95.00 56.00 4.00 99.00 95.00 12.00 9.00 56.00 13.00 89.00 0.00 0.00 79.00 58.00 17.00 43.00 68.00 83.00 51.00 45.00 41.00 0.00 0.00 92.00 39.00 64.00 80.00 27.00 0.00 70.00 0.00 0.00 30.00 0.00 54.00 0.00 0.00 7.00 0.00 0.00 73.00 0.00 0.00 0.00 78.00 65.00 77.00 8.00 0.00 0.00
93 10.00 44.00 60.00 68.00 47.00 9.00 7.00 0.00 0.00 40.00 0.00 0.00 60.00 0.00 1.00 9.00 32.00 71.00 25.00 0.00 52.00 0.00 10.00 76.00 28.00 0.00 0.00 93.00 94.00 0.00 0.00 36.00 89.00 99.00 56.00 3.00 41.00 0.00 58.00 39.00 97.00 56.00 0.00 0.00 17.00 33.00 79.00 0.00 18.00 81.00 32.00 15.00 92.00 92.00 54.00 61.00 23.00 42.00 69.00 0.00 38.00 61.00 71.00 0.00 98.00 40.00 72.00 0.00 0.00 66.00 58.00 0.00 37.00 49.00 45.00 67.00 0.00 0.00 14.00 0.00 0.00 0.00 81.00 99.00 0.00 0.00 0.00 0.00 0.00 19.00 97.00 0.00 0.00 0.00 10.00 31.00 0.00 1.00 0.00 87.00
94 0.00 14.00 18.00 0.00 38.00 46.00 63.00 52.00 36.00 98.00 52.00 0.00 70.00 28.00 94.00 0.00 74.00 37.00 25.00 2.00 63.00 9.00 0.00 1.00 81.00 11.00 14.00 3.00 0.00 0.00 15.00 0.00 0.00 34.00 96.00 20.00 35.00 0.00 0.00 46.00 56.00 0.00 20.00 0.00 0.00 35.00 100.00 0.00 58.00 0.00 67.00 0.00 0.00 5.00 0.00 71.00 55.00 0.00 0.00 39.00 88.00 68.00 0.00 30.00 0.00 23.00 17.00 93.00 65.00 56.00 100.00 91.00 38.00 0.00 90.00 50.00 100.00 0.00 28.00 19.00 92.00 97.00 37.00 8.00 79.00 0.00 25.00 40.00 28.00 61.00 78.00 36.00 78.00 10.00 0.00 21.00 14.00 92.00 0.00 58.00
95 0.00 0.00 0.00 69.00 0.00 0.00 72.00 11.00 56.00 97.00 0.00 36.00 85.00 68.00 0.00 0.00 41.00 87.00 69.00 35.00 91.00 12.00 80.00 61.00 77.00 58.00 24.00 6.00 0.00 6.00 82.00 49.00 20.00 66.00 11.00 0.00 97.00 0.00 85.00 74.00 8.00 9.00 9.00 73.00 55.00 14.00 25.00 69.00 25.00 0.00 32.00 0.00 10.00 0.00 0.00 47.00 54.00 1.00 84.00 0.00 4.00 20.00 8.00 0.00 0.00 94.00 95.00 43.00 0.00 59.00 0.00 61.00 82.00 62.00 0.00 49.00 97.00 76.00 56.00 95.00 100.00 99.00 68.00 40.00 0.00 72.00 54.00 80.00 61.00 93.00 98.00 0.00 65.00 31.00 21.00 0.00 89.00 77.00 64.00 50.00
96 54.00 91.00 20.00 41.00 49.00 93.00 76.00 95.00 93.00 77.00 67.00 45.00 3.00 42.00 0.00 28.00 0.00 48.00 0.00 74.00 69.00 0.00 0.00 60.00 85.00 24.00 24.00 14.00 95.00 54.00 40.00 9.00 0.00 69.00 93.00 45.00 56.00 90.00 0.00 63.00 0.00 21.00 47.00 27.00 38.00 23.00 95.00 0.00 38.00 72.00 0.00 64.00 61.00 39.00 0.00 0.00 0.00 33.00 47.00 87.00 0.00 43.00 0.00 18.00 45.00 63.00 48.00 43.00 0.00 75.00 0.00 19.00 30.00 3.00 47.00 0.00 97.00 0.00 95.00 0.00 4.00 5.00 54.00 70.00 61.00 52.00 74.00 66.00 31.00 79.00 58.00 0.00 77.00 0.00 14.00 89.00 0.00 0.00 21.00 4.00
97 3.00 0.00 32.00 53.00 0.00 63.00 91.00 0.00 69.00 18.00 46.00 1.00 93.00 6.00 100.00 33.00 4.00 15.00 0.00 0.00 72.00 38.00 38.00 0.00 32.00 71.00 46.00 76.00 75.00 15.00 0.00 35.00 0.00 0.00 28.00 0.00 15.00 56.00 3.00 26.00 0.00 85.00 96.00 0.00 93.00 20.00 51.00 26.00 0.00 86.00 83.00 24.00 80.00 78.00 94.00 100.00 42.00 70.00 35.00 90.00 46.00 41.00 46.00 67.00 0.00 81.00 78.00 6.00 94.00 0.00 0.00 5.00 32.00 97.00 50.00 6.00 0.00 65.00 0.00 62.00 0.00 0.00 70.00 43.00 59.00 74.00 98.00 50.00 9.00 0.00 68.00 76.00 8.00 1.00 92.00 77.00 0.00 0.00 39.00 87.00
98 80.00 0.00 99.00 22.00 52.00 7.00 73.00 22.00 30.00 40.00 82.00 36.00 94.00 0.00 51.00 87.00 59.00 48.00 35.00 93.00 32.00 0.00 82.00 52.00 16.00 72.00 0.00 36.00 51.00 0.00 83.00 0.00 4.00 40.00 37.00 0.00 0.00 13.00 94.00 73.00 0.00 36.00 31.00 43.00 0.00 72.00 88.00 32.00 0.00 2.00 2.00 0.00 71.00 0.00 0.00 73.00 32.00 0.00 12.00 0.00 85.00 44.00 10.00 77.00 0.00 0.00 46.00 71.00 17.00 82.00 90.00 80.00 42.00 61.00 98.00 86.00 93.00 4.00 72.00 69.00 0.00 15.00 57.00 0.00 0.00 100.00 0.00 19.00 38.00 91.00 0.00 40.00 0.00 0.00 0.00 64.00 21.00 39.00 0.00 50.00
99 0.00 83.00 54.00 7.00 0.00 0.00 66.00 82.00 90.00 39.00 27.00 38.00 59.00 100.00 0.00 90.00 0.00 40.00 4.00 37.00 70.00 26.00 0.00 12.00 48.00 88.00 47.00 32.00 2.00 51.00 8.00 0.00 69.00 44.00 11.00 74.00 65.00 51.00 0.00 35.00 0.00 70.00 89.00 98.00 69.00 5.00 17.00 0.00 52.00 23.00 31.00 76.00 0.00 51.00 0.00 0.00 12.00 92.00 37.00 66.00 0.00 28.00 0.00 0.00 28.00 2.00 0.00 18.00 18.00 74.00 21.00 39.00 0.00 0.00 6.00 96.00 99.00 0.00 26.00 26.00 38.00 96.00 42.00 77.00 42.00 54.00 84.00 0.00 51.00 58.00 43.00 1.00 0.00 87.00 58.00 50.00 4.00 87.00 50.00 0.00
mcp_obj 68
mcp_gap 0
mcp_x 1 1 1 1 0 0 1 1 1 0 1 1 0 1 1 1 0 1 0 1 0 0 0 0 0 0 1 0 1 1 1 1 0 0 1 1 1 1 0 1 1 1 1 1 1 1 1 0 1 0 1 0 1 1 0 0 0 0 0 1 1 1 0 1 1 0 1 0 1 0 1 1 1 1 1 1 1 1 1 0 1 1 1 1 1 1 1 0 1 1 1 1 1 1 1 1 1 0 0 1
