NAME N100_rc_0.7_rGamma_1_dc_0.035_dGamma_0.0005_jeu_100_75_4.txt
NUM_ITEMS 100
SOURCE r_100_75_4
PARAMETERS
r_c 0.7
r_Gamma 1
d_c 0.035
d_Gamma 0.0005

BOUNDS
c_lb 0.00
c_ub 188.81
Gamma_lb 15
Gamma_ub 75
B_i_1_lb 0.00 0.00 0.00 0.00 0.00 0.00 0.00 0.00 0.00 0.00 0.00 0.00 0.00 0.00 0.00 0.00 0.00 0.00 0.00 0.00 0.00 0.00 0.00 0.00 0.00 0.00 0.00 0.00 0.00 0.00 0.00 0.00 0.00 0.00 0.00 0.00 0.00 0.00 0.00 0.00 0.00 0.00 0.00 0.00 0.00 0.00 0.00 0.00 0.00 0.00 0.00 0.00 0.00 0.00 0.00 0.00 0.00 0.00 0.00 0.00 0.00 0.00 0.00 0.00 0.00 0.00 0.00 0.00 0.00 0.00 0.00 0.00 0.00 0.00 0.00 0.00 0.00 0.00 0.00 0.00 0.00 0.00 0.00 0.00 0.00 0.00 0.00 0.00 0.00 0.00 0.00 0.00 0.00 0.00 0.00 0.00 0.00 0.00 0.00 0.00
B_i_1_ub 114.20 101.32 113.31 100.96 101.52 104.51 100.96 92.92 105.21 106.43 109.70 98.77 111.68 100.63 93.73 107.49 104.94 108.03 102.97 109.99 94.03 115.27 101.02 98.88 110.53 95.64 103.77 117.35 105.76 99.38 108.90 123.08 99.49 109.03 119.96 111.39 93.46 107.03 99.83 97.21 108.56 107.33 100.19 103.79 102.49 117.91 104.60 114.49 110.40 104.80 104.52 112.90 105.18 118.12 108.11 109.72 91.92 111.21 99.76 97.22 100.01 107.89 107.15 106.39 104.60 112.06 114.18 91.87 101.46 109.04 110.81 103.04 107.44 111.22 100.98 95.99 111.82 103.67 97.24 111.01 110.34 116.72 106.49 104.75 102.36 81.15 104.25 112.15 104.22 100.60 105.38 115.50 116.05 109.04 90.44 95.64 113.75 109.21 107.21 99.47
B_i_0_lb 0.00 0.00 0.00 0.00 0.00 0.00 0.00 0.00 0.00 0.00 0.00 0.00 0.00 0.00 0.00 0.00 0.00 0.00 0.00 0.00 0.00 0.00 0.00 0.00 0.00 0.00 0.00 0.00 0.00 0.00 0.00 0.00 0.00 0.00 0.00 0.00 0.00 0.00 0.00 0.00 0.00 0.00 0.00 0.00 0.00 0.00 0.00 0.00 0.00 0.00 0.00 0.00 0.00 0.00 0.00 0.00 0.00 0.00 0.00 0.00 0.00 0.00 0.00 0.00 0.00 0.00 0.00 0.00 0.00 0.00 0.00 0.00 0.00 0.00 0.00 0.00 0.00 0.00 0.00 0.00 0.00 0.00 0.00 0.00 0.00 0.00 0.00 0.00 0.00 0.00 0.00 0.00 0.00 0.00 0.00 0.00 0.00 0.00 0.00 0.00
B_i_0_ub 115.92 102.37 114.33 101.13 102.96 105.04 102.57 95.09 105.76 108.84 112.75 99.40 113.71 101.16 95.76 108.68 105.81 108.66 105.14 111.11 94.98 117.51 103.58 100.70 112.88 97.77 103.98 117.73 105.77 101.10 110.65 123.71 101.45 109.34 120.21 112.90 93.78 108.01 102.66 99.74 109.68 107.50 101.57 106.03 102.87 118.33 105.86 114.81 111.03 106.97 104.59 114.69 105.74 118.12 108.32 112.20 92.27 113.83 99.98 97.85 101.45 109.61 108.86 108.28 107.30 114.86 115.02 93.69 103.56 111.39 112.78 105.35 107.79 111.95 101.72 97.28 113.75 104.54 98.64 112.37 112.86 119.04 107.89 105.14 104.21 82.24 105.19 113.41 104.93 102.18 107.30 115.50 117.32 110.80 90.93 96.97 114.28 109.38 108.29 101.46
c_i_1_lb 56.00 53.20 0.00 16.10 64.40 0.00 25.20 49.00 64.40 4.20 7.00 52.50 0.00 0.00 60.20 9.80 11.90 60.20 0.00 0.00 26.60 30.10 4.20 0.00 22.40 0.00 43.40 67.20 0.00 68.60 21.00 65.10 8.40 51.80 62.30 39.20 0.00 0.00 40.60 19.60 8.40 21.00 70.00 16.80 23.10 13.30 13.30 57.40 23.80 41.30 0.00 40.60 38.50 27.30 0.00 19.60 35.70 10.50 69.30 0.00 26.60 7.00 0.00 0.00 0.00 26.60 22.40 6.30 44.10 0.00 11.90 0.00 0.00 0.00 0.00 61.60 30.10 68.60 29.40 21.70 38.50 42.00 0.00 0.00 25.90 32.20 0.00 45.50 55.30 59.50 5.60 60.20 2.10 32.90 39.90 0.00 30.10 0.00 19.60 4.90
c_i_1_ub 170.20 154.52 113.31 117.06 165.92 104.51 126.16 141.92 169.61 110.63 116.70 151.27 111.68 100.63 153.93 117.29 116.84 168.23 102.97 109.99 120.63 145.37 105.22 98.88 132.93 95.64 147.17 184.55 105.76 167.98 129.90 188.18 107.89 160.83 182.26 150.59 93.46 107.03 140.43 116.81 116.96 128.33 170.19 120.59 125.59 131.21 117.90 171.89 134.20 146.10 104.52 153.50 143.68 145.42 108.11 129.32 127.62 121.71 169.06 97.22 126.61 114.89 107.15 106.39 104.60 138.66 136.58 98.17 145.56 109.04 122.71 103.04 107.44 111.22 100.98 157.59 141.92 172.27 126.64 132.71 148.84 158.72 106.49 104.75 128.26 113.35 104.25 157.65 159.52 160.10 110.98 175.70 118.15 141.94 130.34 95.64 143.85 109.21 126.81 104.37
c_i_0_lb 56.00 53.20 0.00 16.10 64.40 0.00 25.20 49.00 64.40 4.20 7.00 52.50 0.00 0.00 60.20 9.80 11.90 60.20 0.00 0.00 26.60 30.10 4.20 0.00 22.40 0.00 43.40 67.20 0.00 68.60 21.00 65.10 8.40 51.80 62.30 39.20 0.00 0.00 40.60 19.60 8.40 21.00 70.00 16.80 23.10 13.30 13.30 57.40 23.80 41.30 0.00 40.60 38.50 27.30 0.00 19.60 35.70 10.50 69.30 0.00 26.60 7.00 0.00 0.00 0.00 26.60 22.40 6.30 44.10 0.00 11.90 0.00 0.00 0.00 0.00 61.60 30.10 68.60 29.40 21.70 38.50 42.00 0.00 0.00 25.90 32.20 0.00 45.50 55.30 59.50 5.60 60.20 2.10 32.90 39.90 0.00 30.10 0.00 19.60 4.90
c_i_0_ub 171.92 155.57 114.33 117.23 167.36 105.04 127.77 144.09 170.16 113.04 119.75 151.90 113.71 101.16 155.96 118.48 117.71 168.86 105.14 111.11 121.58 147.61 107.78 100.70 135.28 97.77 147.38 184.93 105.77 169.70 131.65 188.81 109.85 161.14 182.51 152.10 93.78 108.01 143.26 119.34 118.08 128.50 171.57 122.83 125.97 131.63 119.16 172.21 134.83 148.27 104.59 155.29 144.24 145.42 108.32 131.80 127.97 124.33 169.28 97.85 128.05 116.61 108.86 108.28 107.30 141.46 137.42 99.99 147.66 111.39 124.68 105.35 107.79 111.95 101.72 158.88 143.85 173.14 128.04 134.07 151.36 161.04 107.89 105.14 130.11 114.44 105.19 158.91 160.23 161.68 112.90 175.70 119.42 143.70 130.83 96.97 144.38 109.38 127.89 106.36
c_1_lb 0.00
c_1_ub 188.18
c_0_lb 0.00
c_0_ub 188.81

BOUND_TIMES
k_max_time 0.001710
Gamma_ub_time 0.000524
B_i_1_lb_time 0.007155
B_i_1_ub_time 0.037294
B_i_0_lb_time 0.007350
B_i_0_ub_time 0.037224

DDRO_PARAMETERS
a_0 15
b_0i 1 1 1 1 1 1 1 1 1 1 1 1 1 1 1 1 1 1 1 1 1 1 1 1 1 1 1 1 1 1 1 1 1 1 1 1 1 1 1 1 1 1 1 1 1 1 1 1 1 1 1 1 1 1 1 1 0 1 1 1 1 1 1 1 1 1 1 0 1 1 1 1 1 1 1 0 1 1 1 1 1 1 1 1 1 0 1 1 1 1 1 1 1 1 1 0 1 1 1 1
a_i 56.00 53.20 0.00 16.10 64.40 0.00 25.20 49.00 64.40 4.20 7.00 52.50 0.00 0.00 60.20 9.80 11.90 60.20 0.00 0.00 26.60 30.10 4.20 0.00 22.40 0.00 43.40 67.20 0.00 68.60 21.00 65.10 8.40 51.80 62.30 39.20 0.00 0.00 40.60 19.60 8.40 21.00 70.00 16.80 23.10 13.30 13.30 57.40 23.80 41.30 0.00 40.60 38.50 27.30 0.00 19.60 35.70 10.50 69.30 0.00 26.60 7.00 0.00 0.00 0.00 26.60 22.40 6.30 44.10 0.00 11.90 0.00 0.00 0.00 0.00 61.60 30.10 68.60 29.40 21.70 38.50 42.00 0.00 0.00 25.90 32.20 0.00 45.50 55.30 59.50 5.60 60.20 2.10 32.90 39.90 0.00 30.10 0.00 19.60 4.90
b_ij
0 0.00 0.53 0.00 3.36 3.47 2.00 3.22 0.00 0.81 0.21 1.19 0.00 1.05 0.00 2.42 2.56 0.00 0.53 2.98 3.36 0.00 0.00 1.12 0.98 2.10 0.81 0.00 0.00 1.72 2.84 0.88 0.00 0.00 2.03 1.68 0.04 0.00 0.98 0.00 2.66 0.28 0.00 0.35 2.00 0.00 3.43 2.70 0.63 2.73 1.58 1.96 3.50 2.28 0.42 0.00 0.00 0.35 2.94 0.11 2.73 3.43 1.96 2.87 2.63 0.00 0.98 2.24 3.29 1.33 0.35 2.66 2.24 2.98 0.35 1.82 3.36 0.00 0.00 0.00 0.00 0.00 3.15 2.24 3.19 3.19 2.42 1.37 1.26 2.14 3.47 2.70 3.50 2.00 2.03 1.47 2.10 0.42 0.32 3.05 0.00
1 0.53 0.00 2.94 0.18 1.30 3.40 0.00 2.84 2.84 1.19 2.07 1.47 0.00 0.00 1.82 0.00 0.74 2.91 1.58 0.39 0.53 0.00 2.42 0.00 0.07 0.35 0.00 0.00 3.26 1.68 0.77 0.00 0.00 2.56 0.00 0.28 2.66 0.00 1.72 2.66 0.00 1.37 0.00 1.44 0.91 3.33 0.39 2.17 0.00 2.24 0.74 3.15 2.03 1.37 2.80 0.00 0.00 3.26 3.50 2.84 3.08 0.39 0.67 0.00 1.09 2.17 0.00 1.58 3.47 2.07 0.00 2.70 0.00 0.18 1.16 1.51 2.98 0.53 0.95 0.70 2.63 1.40 0.11 1.09 2.21 1.19 2.77 0.56 2.52 1.93 2.77 1.16 0.32 0.67 0.00 0.00 0.11 0.00 2.24 1.12
2 0.00 2.94 0.00 1.79 0.00 3.33 1.68 0.00 3.36 0.00 3.19 0.00 0.39 1.65 0.18 1.40 0.42 2.80 1.86 1.51 0.84 2.00 2.98 2.59 2.00 2.56 1.93 0.39 0.00 0.98 0.00 0.77 0.00 0.95 2.49 2.17 0.00 0.95 0.53 1.82 1.33 1.05 0.14 0.32 2.73 2.28 0.00 1.68 0.00 1.26 3.15 2.10 1.65 2.91 2.17 0.00 1.96 0.00 1.26 0.00 0.00 2.66 3.26 2.31 1.47 0.04 2.21 0.00 0.88 0.00 2.87 0.00 0.11 3.19 1.96 0.00 2.80 0.00 0.00 0.00 1.37 1.33 0.18 0.21 1.44 0.00 2.63 3.47 2.98 2.24 0.00 3.43 0.70 0.77 1.19 2.10 3.33 2.77 0.00 0.00
3 3.36 0.18 1.79 0.00 2.03 0.00 0.28 1.05 2.56 0.00 1.79 0.00 1.89 1.61 3.22 0.00 0.00 2.49 0.00 1.82 1.02 2.24 0.77 2.28 0.00 3.36 2.24 3.47 1.37 0.42 0.98 0.18 0.00 0.07 0.84 2.10 2.77 1.30 2.70 0.63 2.07 1.33 0.88 0.46 1.09 2.35 3.05 1.82 0.00 2.80 1.26 0.00 0.25 0.00 0.67 2.59 0.91 0.00 1.72 0.00 0.00 1.54 2.59 1.61 1.86 1.40 0.00 1.09 0.56 2.77 0.00 1.65 0.00 1.51 2.35 0.00 2.07 2.03 2.42 2.98 0.81 0.56 1.93 0.00 0.00 0.00 2.59 0.84 1.58 0.35 2.24 2.80 3.26 0.00 0.98 0.00 2.63 0.00 0.32 0.00
4 3.47 1.30 0.00 2.03 0.00 2.14 0.21 0.14 0.00 2.56 0.00 2.21 2.10 0.00 2.56 3.19 1.61 2.70 0.00 3.01 0.60 1.86 3.05 2.45 1.19 1.44 0.00 2.52 0.46 0.00 2.87 0.00 1.72 0.07 0.53 0.56 0.00 0.95 0.00 2.28 0.74 1.23 2.24 2.45 1.02 2.91 1.37 2.59 2.66 2.45 2.52 0.00 1.19 3.19 0.91 0.00 0.14 0.25 0.00 2.03 0.00 0.25 0.11 1.37 2.73 0.49 0.21 0.00 0.00 2.21 1.51 0.67 0.00 2.07 0.00 2.49 0.00 3.15 1.02 0.00 0.07 3.26 1.96 1.93 0.35 1.68 1.86 2.28 2.00 2.17 1.09 0.42 1.65 2.91 1.65 0.00 0.00 0.35 0.00 1.26
5 2.00 3.40 3.33 0.00 2.14 0.00 2.07 0.25 0.00 0.98 2.70 0.00 0.49 1.75 0.00 0.39 1.30 2.91 0.00 0.67 0.25 0.74 1.30 0.00 1.58 3.26 1.68 0.00 3.19 3.19 2.80 1.58 0.74 0.00 2.91 0.91 0.98 1.96 0.00 0.60 2.21 2.24 0.00 0.28 0.63 0.00 0.00 1.44 0.00 0.81 3.33 0.00 0.21 1.65 2.56 1.51 1.33 0.00 1.58 0.00 0.00 0.00 0.00 0.00 2.59 3.33 0.00 0.00 2.70 0.35 2.03 0.00 2.63 0.67 0.74 0.00 3.29 0.00 0.00 3.22 0.88 0.74 3.05 1.68 1.72 2.49 0.00 1.72 1.96 2.31 1.16 2.17 0.25 2.70 1.72 1.51 2.87 0.32 1.19 1.86
6 3.22 0.00 1.68 0.28 0.21 2.07 0.00 0.00 0.00 0.95 2.49 0.98 0.00 0.11 0.00 1.51 0.25 1.93 2.21 0.81 0.00 1.16 1.44 0.00 1.02 1.54 1.23 3.43 0.00 1.86 0.14 0.00 2.63 1.26 0.46 1.05 0.81 1.51 1.68 0.00 0.00 1.75 1.82 2.63 0.00 2.59 2.52 0.00 3.05 0.00 0.00 0.00 0.63 2.35 1.96 0.00 0.00 2.87 0.63 1.58 0.00 1.16 1.82 2.63 3.50 2.91 1.61 1.23 3.40 1.54 0.07 0.56 1.72 2.91 3.29 2.87 2.49 2.59 0.00 1.26 2.77 0.00 0.00 0.00 2.31 0.00 2.98 0.00 0.00 0.00 0.00 0.00 1.72 2.98 0.00 2.59 2.70 2.84 2.70 0.35
7 0.00 2.84 0.00 1.05 0.14 0.25 0.00 0.00 1.44 2.31 0.63 0.00 1.16 2.07 0.39 0.00 0.67 0.28 3.33 3.19 0.98 0.00 0.00 0.00 2.21 0.07 0.74 0.00 2.10 1.02 0.00 3.15 3.50 0.00 2.35 0.00 0.77 1.19 3.22 1.37 0.00 0.00 0.00 2.77 2.07 0.00 1.26 2.66 1.30 1.26 0.56 1.54 0.00 2.59 0.00 0.00 0.00 1.23 1.26 0.49 0.00 1.33 0.28 2.91 2.07 0.53 0.21 2.07 2.56 0.00 2.07 2.52 3.47 2.94 0.00 0.00 0.00 0.00 2.52 2.84 3.50 0.00 0.18 3.15 0.00 0.04 0.49 0.00 0.00 0.63 2.80 0.00 0.46 1.16 2.49 1.89 0.04 0.00 2.63 1.89
8 0.81 2.84 3.36 2.56 0.00 0.00 0.00 1.44 0.00 0.00 0.07 2.87 0.00 0.00 0.63 0.00 2.91 0.00 1.23 0.14 0.56 0.00 0.00 2.14 0.00 3.08 0.00 0.70 1.40 0.49 2.03 0.98 2.91 0.28 0.00 0.77 2.49 3.12 0.04 2.38 0.77 0.98 3.43 1.65 1.12 3.40 1.12 1.33 2.24 2.98 2.28 3.05 0.21 0.00 1.79 0.00 3.26 2.03 0.00 0.00 2.10 1.02 3.26 2.21 0.00 0.11 0.74 1.65 0.00 1.68 0.00 1.89 2.98 0.00 2.38 2.21 3.22 3.15 0.00 0.00 0.00 0.00 1.23 2.45 2.24 1.02 0.25 0.60 1.75 0.00 0.00 2.70 2.91 0.21 0.91 0.00 2.94 0.04 0.00 0.46
9 0.21 1.19 0.00 0.00 2.56 0.98 0.95 2.31 0.00 0.00 0.60 2.35 2.35 1.40 1.58 2.91 0.00 3.01 3.43 2.17 0.00 1.09 1.93 0.00 0.00 1.19 1.12 0.95 3.01 0.77 1.40 1.19 1.51 0.00 0.00 0.00 2.42 0.77 1.05 2.87 3.12 2.24 0.00 0.88 1.16 3.12 2.38 0.84 0.00 2.66 0.00 2.56 0.00 1.23 0.00 0.56 0.28 3.12 2.31 2.70 3.19 1.82 2.42 3.12 1.30 0.00 1.09 0.25 2.17 3.08 0.00 0.14 3.22 1.93 2.70 1.47 0.00 1.12 0.00 0.42 0.00 3.47 2.91 1.51 0.18 0.00 1.96 1.37 0.74 0.00 0.91 0.00 2.87 0.00 0.88 0.00 2.91 1.47 1.58 3.47
10 1.19 2.07 3.19 1.79 0.00 2.70 2.49 0.63 0.07 0.60 0.00 1.02 0.88 1.82 3.12 2.73 0.28 0.53 0.00 1.68 1.96 1.12 2.66 1.82 0.00 1.82 0.00 0.00 0.70 0.04 0.04 0.88 3.12 1.96 2.24 3.33 2.28 3.22 1.86 3.26 2.38 3.33 3.08 0.49 0.25 0.00 3.50 3.01 0.25 3.36 2.45 0.00 0.74 0.00 0.00 3.29 0.91 0.77 1.44 0.98 2.42 3.15 0.98 2.45 1.40 1.37 1.75 2.91 2.70 1.54 2.42 3.08 2.21 0.74 0.00 0.77 0.00 1.86 2.80 1.47 0.00 0.84 0.07 1.89 0.00 2.66 2.28 2.87 1.79 1.82 0.42 2.45 0.14 0.00 0.00 0.00 0.53 0.81 2.63 0.00
11 0.00 1.47 0.00 0.00 2.21 0.00 0.98 0.00 2.87 2.35 1.02 0.00 1.37 1.93 0.00 1.12 1.93 1.05 2.35 0.00 1.30 3.05 0.00 1.58 2.35 0.00 1.79 0.00 0.00 1.33 0.42 3.50 2.49 0.14 2.35 2.38 0.00 1.54 1.09 1.40 1.30 0.00 0.00 0.42 0.00 0.63 1.68 3.43 0.00 3.12 0.00 2.45 0.98 0.00 1.61 3.01 0.42 1.30 0.00 1.23 0.56 1.47 0.67 3.43 0.00 0.28 1.26 0.00 0.00 3.43 0.84 3.12 0.67 3.05 3.05 1.72 1.65 2.10 3.15 0.00 3.33 2.77 0.00 2.31 1.96 0.00 0.00 0.00 2.52 0.74 0.00 1.05 2.84 1.79 0.00 0.00 2.77 1.72 2.17 0.28
12 1.05 0.00 0.39 1.89 2.10 0.49 0.00 1.16 0.00 2.35 0.88 1.37 0.00 0.25 1.68 1.58 0.00 1.58 1.30 2.70 2.31 0.00 0.28 0.00 0.00 0.53 0.00 1.09 1.75 2.21 3.29 2.70 1.61 1.79 0.67 2.10 0.00 0.95 2.31 1.40 3.12 0.84 2.10 0.00 2.17 2.07 1.82 2.59 3.19 0.00 3.15 2.73 2.00 1.61 2.21 0.32 1.44 0.00 3.05 2.17 1.86 0.00 0.00 0.25 2.10 2.45 2.98 0.14 0.00 2.77 0.49 0.00 3.33 3.29 1.75 2.70 2.03 2.63 3.05 2.91 2.73 0.67 2.31 0.00 0.32 0.00 1.19 0.88 0.74 0.77 0.00 0.00 2.84 1.02 0.25 1.09 1.72 0.74 1.75 3.29
13 0.00 0.00 1.65 1.61 0.00 1.75 0.11 2.07 0.00 1.40 1.82 1.93 0.25 0.00 0.00 2.17 1.65 3.47 0.00 0.00 1.68 0.00 0.00 0.60 0.49 0.39 2.38 2.94 0.21 1.33 2.10 0.70 1.40 2.17 3.43 0.63 2.56 2.07 1.37 0.25 0.91 0.00 1.93 1.96 0.91 0.00 3.12 1.33 1.02 0.35 0.00 3.40 0.00 1.65 0.00 0.00 0.53 0.91 0.32 1.54 2.94 0.18 0.07 2.14 0.00 2.91 0.00 2.07 0.18 0.00 3.01 0.00 1.40 2.14 0.00 1.61 3.36 0.00 1.05 1.68 0.53 0.00 0.07 2.98 0.42 0.81 2.87 2.00 1.61 2.00 1.40 0.88 0.56 0.00 0.00 0.63 2.07 2.38 3.15 3.50
14 2.42 1.82 0.18 3.22 2.56 0.00 0.00 0.39 0.63 1.58 3.12 0.00 1.68 0.00 0.00 0.00 3.29 0.95 0.67 0.00 0.88 3.12 3.12 2.38 0.00 0.00 0.81 1.09 3.40 1.02 3.50 0.91 2.03 2.28 2.87 0.00 0.32 0.88 0.53 3.40 2.21 0.56 1.44 0.00 0.00 0.14 0.00 0.00 3.40 2.14 0.81 0.74 0.39 1.02 3.19 0.00 0.00 2.84 1.44 0.00 1.72 2.52 0.00 0.98 2.80 3.33 0.00 2.56 2.77 2.35 0.98 1.96 0.42 0.98 0.32 0.00 0.00 0.00 0.00 1.16 0.00 3.40 1.37 0.00 0.91 0.53 2.00 2.24 0.00 0.00 2.63 1.86 0.00 0.00 0.00 1.33 0.00 0.77 0.00 3.15
15 2.56 0.00 1.40 0.00 3.19 0.39 1.51 0.00 0.00 2.91 2.73 1.12 1.58 2.17 0.00 0.00 3.15 0.00 1.40 0.00 0.49 0.00 0.67 0.84 1.54 0.00 3.01 2.73 3.43 0.18 0.00 0.00 0.53 2.87 1.58 2.28 2.07 0.04 0.00 0.25 0.46 0.00 0.00 0.00 2.31 2.38 0.00 1.89 3.33 1.33 1.72 1.40 2.80 3.36 3.15 2.35 3.50 0.00 0.49 0.00 1.37 1.19 0.42 1.61 1.65 0.00 3.12 0.00 0.25 0.00 0.07 1.65 2.14 0.00 0.95 1.86 0.18 0.77 0.95 0.91 0.00 0.14 1.75 0.00 3.22 2.28 1.02 2.80 3.40 1.89 2.59 0.00 2.35 1.23 0.56 3.12 0.00 1.26 0.00 0.67
16 0.00 0.74 0.42 0.00 1.61 1.30 0.25 0.67 2.91 0.00 0.28 1.93 0.00 1.65 3.29 3.15 0.00 0.00 0.00 0.28 3.26 0.04 0.00 1.19 0.00 0.00 0.00 1.89 0.00 0.70 0.00 1.79 3.29 0.00 1.89 2.66 2.14 0.98 0.42 1.30 0.21 0.88 1.51 0.00 1.61 1.58 3.01 3.33 3.19 2.28 0.00 0.00 2.66 0.00 1.26 2.73 3.36 0.00 0.98 0.00 0.00 3.15 1.51 1.44 2.73 0.00 2.21 1.05 0.00 0.00 0.88 0.00 0.46 0.00 3.47 0.74 0.00 3.05 0.00 2.66 3.08 1.02 2.17 3.36 0.56 0.00 0.00 0.00 0.00 2.52 0.81 0.00 2.03 1.33 1.33 0.67 3.12 2.77 0.00 0.46
17 0.53 2.91 2.80 2.49 2.70 2.91 1.93 0.28 0.00 3.01 0.53 1.05 1.58 3.47 0.95 0.00 0.00 0.00 3.36 3.15 1.65 2.80 1.40 0.00 3.26 1.05 1.05 0.63 0.67 0.77 1.96 2.49 0.00 1.93 0.39 2.03 0.00 0.00 1.05 1.58 1.16 2.70 1.72 3.12 0.00 2.59 0.00 3.15 0.18 1.40 0.00 2.94 1.09 0.32 2.10 2.17 1.30 2.42 0.00 1.40 0.00 2.24 2.24 2.14 1.96 2.42 0.00 3.05 1.02 0.18 1.23 0.00 2.56 0.00 0.77 2.17 0.56 0.11 3.36 1.23 3.47 1.89 0.00 0.63 0.00 3.26 2.84 0.07 0.00 2.52 3.05 1.47 0.00 2.03 1.16 3.08 0.00 0.00 3.01 2.56
18 2.98 1.58 1.86 0.00 0.00 0.00 2.21 3.33 1.23 3.43 0.00 2.35 1.30 0.00 0.67 1.40 0.00 3.36 0.00 1.44 2.66 0.00 0.53 1.82 0.00 3.19 1.58 0.39 0.00 2.73 0.00 0.98 2.59 2.98 1.12 0.84 2.21 1.19 2.49 0.28 3.05 0.00 0.60 2.07 0.00 0.00 0.00 0.00 0.00 0.53 1.86 1.30 1.12 0.56 2.73 1.93 3.33 2.38 2.73 2.52 1.79 0.60 0.00 0.00 1.79 0.11 1.58 0.28 1.19 0.00 0.39 3.08 0.32 0.77 0.74 0.00 0.00 2.84 0.00 1.33 2.94 3.12 1.44 0.00 3.29 1.51 1.75 2.38 3.33 0.00 1.23 1.33 2.07 0.67 0.95 0.00 0.00 3.47 1.44 1.47
19 3.36 0.39 1.51 1.82 3.01 0.67 0.81 3.19 0.14 2.17 1.68 0.00 2.70 0.00 0.00 0.00 0.28 3.15 1.44 0.00 0.28 2.52 0.00 1.37 1.12 0.00 3.08 0.00 2.80 0.00 0.00 1.72 2.98 0.00 2.00 1.65 1.23 1.65 0.00 3.15 3.22 2.70 0.00 0.00 1.40 2.00 2.35 0.91 0.00 1.30 2.70 3.40 0.49 2.66 0.74 0.18 1.09 1.19 0.00 1.96 0.00 1.33 0.14 2.42 1.44 1.23 2.77 0.07 2.80 3.12 2.45 0.00 2.42 3.12 2.28 3.43 3.08 1.30 0.00 0.25 1.51 1.23 0.00 0.00 1.02 2.24 1.02 2.98 1.47 3.36 1.86 0.00 1.86 1.37 1.23 0.00 0.49 0.04 0.00 3.29
20 0.00 0.53 0.84 1.02 0.60 0.25 0.00 0.98 0.56 0.00 1.96 1.30 2.31 1.68 0.88 0.49 3.26 1.65 2.66 0.28 0.00 2.24 2.63 3.26 0.00 0.14 0.42 2.80 2.38 1.65 2.59 2.49 1.16 0.00 2.10 2.52 1.16 1.65 0.00 1.65 1.51 2.49 0.00 0.00 0.00 0.00 0.00 1.19 0.88 3.40 0.63 0.81 0.00 2.03 0.00 2.00 0.11 1.33 0.00 0.28 0.53 0.00 3.05 0.00 1.47 1.96 1.89 0.00 0.67 2.07 1.33 0.00 0.84 3.50 1.96 2.07 3.12 0.95 3.01 1.26 2.91 1.05 0.91 2.70 1.12 0.25 0.00 1.37 1.61 0.00 0.00 0.00 2.63 2.56 1.72 0.00 2.14 0.98 0.00 0.25
21 0.00 0.00 2.00 2.24 1.86 0.74 1.16 0.00 0.00 1.09 1.12 3.05 0.00 0.00 3.12 0.00 0.04 2.80 0.00 2.52 2.24 0.00 0.67 1.19 3.40 0.00 1.12 2.45 0.74 2.63 0.39 3.43 0.32 2.42 2.63 2.66 1.86 1.96 2.73 0.00 0.84 0.00 0.70 0.39 0.46 2.14 0.00 1.16 0.00 2.38 2.87 2.21 0.00 0.42 0.00 0.00 0.18 2.10 1.89 3.50 0.00 2.17 2.00 2.10 3.50 0.00 0.00 1.72 0.00 1.79 0.42 0.00 0.42 0.00 1.82 0.14 0.00 2.77 3.50 0.39 2.45 3.36 2.98 3.15 2.63 0.00 2.94 2.42 3.50 2.77 0.46 2.70 2.35 0.28 0.91 2.91 0.00 0.95 1.68 0.00
22 1.12 2.42 2.98 0.77 3.05 1.30 1.44 0.00 0.00 1.93 2.66 0.00 0.28 0.00 3.12 0.67 0.00 1.40 0.53 0.00 2.63 0.67 0.00 0.77 0.95 2.70 0.98 1.37 0.00 1.12 0.63 0.21 2.77 0.00 2.10 1.58 2.17 0.00 0.00 2.38 2.84 1.79 1.89 3.50 2.59 2.77 0.00 0.00 0.39 3.40 0.11 3.22 3.01 1.19 0.60 1.12 2.63 0.14 0.60 0.56 1.72 0.00 1.75 3.36 2.56 0.25 0.32 0.07 2.94 0.49 0.35 1.75 0.11 1.23 0.00 2.28 1.26 0.98 0.00 3.05 2.42 1.93 0.70 1.75 1.68 0.84 2.59 2.80 2.07 0.00 2.52 3.01 1.37 3.08 0.00 2.21 0.00 0.00 0.00 2.03
23 0.98 0.00 2.59 2.28 2.45 0.00 0.00 0.00 2.14 0.00 1.82 1.58 0.00 0.60 2.38 0.84 1.19 0.00 1.82 1.37 3.26 1.19 0.77 0.00 1.68 2.31 0.00 2.35 2.38 2.87 0.00 0.77 2.28 1.96 0.35 2.31 1.19 1.51 1.47 0.00 0.28 0.00 1.93 0.00 3.33 0.18 1.89 3.36 2.84 3.47 0.00 1.93 3.19 0.14 2.73 2.21 0.00 3.22 0.00 1.09 0.00 0.07 0.77 1.54 0.98 0.00 0.00 0.32 1.16 0.98 0.00 0.88 0.07 2.45 2.21 0.35 0.00 0.67 0.60 0.70 2.03 0.00 0.70 1.89 1.68 1.51 1.23 0.81 0.70 0.42 0.00 2.66 0.28 0.35 2.00 0.74 2.45 3.01 0.00 2.10
24 2.10 0.07 2.00 0.00 1.19 1.58 1.02 2.21 0.00 0.00 0.00 2.35 0.00 0.49 0.00 1.54 0.00 3.26 0.00 1.12 0.00 3.40 0.95 1.68 0.00 3.29 1.89 1.75 2.70 0.04 1.61 0.00 2.77 1.96 2.70 1.40 0.84 0.00 0.35 0.28 2.56 2.59 0.25 0.35 3.01 0.98 1.75 0.28 0.00 0.00 0.00 0.00 0.11 2.63 3.29 2.63 0.00 0.00 0.39 3.50 2.45 2.80 2.98 0.00 2.70 1.79 1.65 0.00 0.00 0.21 1.16 1.02 3.08 0.91 1.72 1.61 1.26 3.43 0.00 0.88 0.18 3.50 3.08 0.00 1.37 0.95 1.54 3.01 2.21 2.66 0.81 0.39 2.14 0.00 3.19 2.66 0.00 0.60 3.36 1.47
25 0.81 0.35 2.56 3.36 1.44 3.26 1.54 0.07 3.08 1.19 1.82 0.00 0.53 0.39 0.00 0.00 0.00 1.05 3.19 0.00 0.14 0.00 2.70 2.31 3.29 0.00 0.00 0.18 1.72 0.84 1.89 0.00 0.00 3.08 0.42 2.07 0.00 0.00 2.03 2.59 0.81 1.47 2.38 3.15 0.25 0.00 1.09 1.51 3.29 2.80 0.00 2.21 2.84 3.50 0.00 3.01 0.18 1.54 0.98 0.00 2.00 0.00 0.98 2.73 1.44 0.84 0.00 0.04 3.43 2.84 2.00 2.45 1.23 2.66 0.88 0.00 0.00 0.25 1.51 0.00 2.73 0.63 0.00 0.00 3.22 2.84 0.00 0.00 1.23 1.23 0.00 0.00 0.00 2.91 1.61 1.72 0.00 1.47 0.04 0.35
26 0.00 0.00 1.93 2.24 0.00 1.68 1.23 0.74 0.00 1.12 0.00 1.79 0.00 2.38 0.81 3.01 0.00 1.05 1.58 3.08 0.42 1.12 0.98 0.00 1.89 0.00 0.00 2.21 0.00 0.00 0.00 2.21 0.00 3.05 0.28 0.28 0.04 0.00 0.00 0.00 0.00 2.24 0.39 2.00 2.31 3.36 0.00 3.47 1.37 0.00 0.67 0.60 1.65 0.18 0.88 1.16 0.00 2.63 0.53 2.66 0.00 0.07 0.25 2.35 1.40 0.14 0.49 0.32 1.72 3.29 2.56 2.91 0.00 0.00 2.35 2.14 2.70 0.00 1.40 0.00 3.50 1.16 0.84 3.26 3.08 2.87 1.33 0.00 0.70 0.00 2.63 1.79 2.98 1.82 3.43 0.70 2.49 0.00 0.00 0.00
27 0.00 0.00 0.39 3.47 2.52 0.00 3.43 0.00 0.70 0.95 0.00 0.00 1.09 2.94 1.09 2.73 1.89 0.63 0.39 0.00 2.80 2.45 1.37 2.35 1.75 0.18 2.21 0.00 2.00 0.21 0.46 3.50 0.00 3.47 1.54 2.35 0.77 0.28 1.05 1.40 2.35 0.00 1.82 0.04 0.00 0.00 0.00 2.45 1.05 0.42 0.04 0.00 2.98 0.00 1.93 0.98 2.73 1.96 3.26 2.77 0.00 0.00 3.47 0.00 3.26 0.00 0.00 0.00 0.00 0.35 0.00 1.79 3.12 2.28 0.18 0.00 2.70 1.58 1.89 2.91 3.33 0.00 0.56 1.05 1.05 2.07 2.84 3.50 2.80 3.26 2.49 0.63 3.15 2.14 0.32 0.00 2.56 0.49 3.12 1.33
28 1.72 3.26 0.00 1.37 0.46 3.19 0.00 2.10 1.40 3.01 0.70 0.00 1.75 0.21 3.40 3.43 0.00 0.67 0.00 2.80 2.38 0.74 0.00 2.38 2.70 1.72 0.00 2.00 0.00 0.00 2.10 0.46 1.44 0.18 2.28 3.47 1.02 0.00 1.44 0.00 1.09 3.08 1.93 1.09 1.02 3.26 0.00 0.04 0.28 0.95 0.49 2.17 0.00 2.38 2.21 2.45 1.09 3.36 0.00 0.00 2.66 1.33 2.77 1.05 1.89 2.59 3.40 0.00 0.74 1.30 1.05 0.46 3.12 1.72 2.31 2.49 0.60 1.02 3.08 1.61 2.14 1.02 2.56 0.00 2.21 1.09 0.00 0.00 0.00 0.32 1.61 0.77 1.26 2.80 1.58 2.63 1.26 3.22 1.33 0.00
29 2.84 1.68 0.98 0.42 0.00 3.19 1.86 1.02 0.49 0.77 0.04 1.33 2.21 1.33 1.02 0.18 0.70 0.77 2.73 0.00 1.65 2.63 1.12 2.87 0.04 0.84 0.00 0.21 0.00 0.00 1.40 0.70 0.46 0.00 2.56 0.60 0.49 0.00 0.88 0.46 0.21 0.00 0.00 2.07 2.31 1.93 0.00 1.79 3.50 1.47 0.88 3.08 2.38 3.47 0.00 2.84 2.07 0.84 2.45 2.52 2.21 3.05 2.17 0.21 1.02 0.49 0.00 1.30 0.70 0.00 0.81 2.42 0.00 0.00 3.40 1.72 2.91 0.35 0.00 1.72 1.65 1.54 0.74 0.00 2.45 0.49 2.42 0.00 0.00 2.03 0.00 3.50 0.00 0.49 2.00 1.58 2.45 0.00 2.77 2.14
30 0.88 0.77 0.00 0.98 2.87 2.80 0.14 0.00 2.03 1.40 0.04 0.42 3.29 2.10 3.50 0.00 0.00 1.96 0.00 0.00 2.59 0.39 0.63 0.00 1.61 1.89 0.00 0.46 2.10 1.40 0.00 2.42 1.89 3.19 2.73 0.00 0.07 3.50 3.22 3.47 1.23 1.75 0.00 0.00 0.00 1.30 1.72 1.68 2.10 1.47 0.18 0.00 0.60 0.00 0.77 0.00 0.00 0.14 0.46 0.84 0.74 3.26 2.07 2.10 0.00 1.40 0.00 0.91 1.72 0.00 2.52 0.49 2.94 2.10 1.86 0.98 0.42 3.22 0.28 0.00 1.33 2.14 2.80 2.80 0.81 0.00 0.00 1.89 3.08 1.02 2.14 3.22 2.94 3.40 0.88 0.18 2.38 1.30 1.58 2.42
31 0.00 0.00 0.77 0.18 0.00 1.58 0.00 3.15 0.98 1.19 0.88 3.50 2.70 0.70 0.91 0.00 1.79 2.49 0.98 1.72 2.49 3.43 0.21 0.77 0.00 0.00 2.21 3.50 0.46 0.70 2.42 0.00 2.87 1.26 2.80 2.98 2.14 2.10 2.07 0.95 0.00 1.86 2.73 1.33 0.39 2.42 0.00 2.98 1.68 1.23 1.61 2.66 2.38 3.01 3.15 3.05 3.50 0.77 0.00 0.00 2.38 3.19 0.04 1.96 0.81 2.66 2.73 0.00 0.00 1.19 0.00 3.12 0.00 2.07 2.63 2.21 1.65 2.73 0.00 3.43 2.73 3.22 0.00 1.93 0.14 0.42 0.00 3.47 0.00 3.36 0.00 0.04 1.40 0.00 0.00 3.29 0.00 3.40 0.32 1.30
32 0.00 0.00 0.00 0.00 1.72 0.74 2.63 3.50 2.91 1.51 3.12 2.49 1.61 1.40 2.03 0.53 3.29 0.00 2.59 2.98 1.16 0.32 2.77 2.28 2.77 0.00 0.00 0.00 1.44 0.46 1.89 2.87 0.00 0.00 1.05 0.00 2.84 0.00 0.00 3.43 0.00 0.00 0.00 1.75 1.79 0.00 1.86 1.51 0.21 1.65 1.05 0.35 3.01 1.19 0.00 3.26 0.00 0.77 2.10 2.28 3.40 2.14 0.14 3.47 2.77 0.32 0.00 0.00 0.00 0.42 1.12 1.86 1.12 0.00 0.00 1.54 0.42 2.66 1.09 2.63 2.21 1.96 2.98 3.47 0.00 0.74 1.05 0.00 0.56 0.88 3.12 1.05 0.14 1.16 2.38 1.26 1.05 0.00 0.60 0.77
33 2.03 2.56 0.95 0.07 0.07 0.00 1.26 0.00 0.28 0.00 1.96 0.14 1.79 2.17 2.28 2.87 0.00 1.93 2.98 0.00 0.00 2.42 0.00 1.96 1.96 3.08 3.05 3.47 0.18 0.00 3.19 1.26 0.00 0.00 0.00 2.73 0.49 1.12 0.00 0.00 1.58 2.38 0.95 0.00 2.63 3.05 3.05 0.00 0.00 0.00 3.50 1.30 0.00 0.00 0.21 0.11 1.37 0.21 0.00 0.00 0.00 2.70 1.02 0.00 1.19 0.00 2.94 3.43 1.68 2.21 2.84 0.00 3.36 1.68 3.36 1.93 0.00 2.17 0.04 2.63 0.00 2.03 0.00 0.00 0.98 0.67 3.08 0.00 0.00 0.00 3.50 1.96 2.77 2.38 3.47 0.74 1.05 0.46 2.52 2.87
34 1.68 0.00 2.49 0.84 0.53 2.91 0.46 2.35 0.00 0.00 2.24 2.35 0.67 3.43 2.87 1.58 1.89 0.39 1.12 2.00 2.10 2.63 2.10 0.35 2.70 0.42 0.28 1.54 2.28 2.56 2.73 2.80 1.05 0.00 0.00 2.35 3.22 1.19 2.07 0.00 3.08 0.00 2.66 2.77 3.40 3.05 3.36 1.05 0.00 0.81 3.40 2.59 0.56 2.28 3.29 1.61 0.95 1.12 0.00 3.43 0.00 0.00 2.31 0.74 1.65 0.00 0.00 0.00 0.63 1.30 3.40 0.00 1.16 3.08 0.95 2.14 3.08 0.00 3.33 3.22 0.07 2.63 0.46 2.91 0.42 0.32 0.00 0.70 0.00 2.14 0.00 3.29 2.87 0.00 0.39 1.16 2.77 0.53 0.11 1.23
35 0.04 0.28 2.17 2.10 0.56 0.91 1.05 0.00 0.77 0.00 3.33 2.38 2.10 0.63 0.00 2.28 2.66 2.03 0.84 1.65 2.52 2.66 1.58 2.31 1.40 2.07 0.28 2.35 3.47 0.60 0.00 2.98 0.00 2.73 2.35 0.00 0.00 3.05 1.47 1.44 0.00 1.58 3.15 2.80 0.00 2.45 3.40 1.61 3.33 0.18 1.68 0.00 1.61 0.00 0.00 2.66 0.00 0.18 3.12 0.91 0.88 1.93 3.05 2.03 0.00 1.58 2.87 3.26 2.80 0.00 2.38 2.73 2.38 0.00 1.89 0.00 0.00 1.47 0.04 0.00 0.53 0.00 0.00 0.00 0.00 1.75 2.21 0.00 0.60 0.32 0.04 1.51 0.21 0.00 1.82 0.00 3.22 0.74 0.53 0.63
36 0.00 2.66 0.00 2.77 0.00 0.98 0.81 0.77 2.49 2.42 2.28 0.00 0.00 2.56 0.32 2.07 2.14 0.00 2.21 1.23 1.16 1.86 2.17 1.19 0.84 0.00 0.04 0.77 1.02 0.49 0.07 2.14 2.84 0.49 3.22 0.00 0.00 2.38 1.93 0.00 0.00 0.00 0.00 0.67 0.00 0.00 0.84 0.63 1.02 1.09 1.02 0.95 1.86 0.07 0.00 1.26 0.00 1.75 3.47 1.05 1.12 1.61 0.46 1.40 0.77 2.94 2.28 3.36 3.19 2.28 1.89 0.00 0.77 1.61 2.59 3.12 1.30 3.01 1.96 1.58 1.23 0.00 2.38 1.02 2.24 0.00 0.00 1.75 0.00 1.58 1.47 0.95 1.54 0.95 1.26 3.50 0.18 0.70 2.07 1.93
37 0.98 0.00 0.95 1.30 0.95 1.96 1.51 1.19 3.12 0.77 3.22 1.54 0.95 2.07 0.88 0.04 0.98 0.00 1.19 1.65 1.65 1.96 0.00 1.51 0.00 0.00 0.00 0.28 0.00 0.00 3.50 2.10 0.00 1.12 1.19 3.05 2.38 0.00 0.00 0.84 2.24 0.00 0.00 3.15 1.72 2.45 0.00 3.12 0.00 0.60 0.46 0.63 1.79 3.29 1.16 1.51 2.87 2.38 2.49 2.59 3.22 3.22 1.72 2.80 0.00 0.00 3.29 3.15 0.00 2.49 0.32 0.00 2.45 0.53 0.00 0.39 1.23 0.00 0.46 0.00 2.03 2.21 0.00 1.09 2.35 0.81 3.50 2.91 1.47 0.70 0.00 0.00 0.77 1.19 0.00 0.11 2.80 1.30 1.19 1.12
38 0.00 1.72 0.53 2.70 0.00 0.00 1.68 3.22 0.04 1.05 1.86 1.09 2.31 1.37 0.53 0.00 0.42 1.05 2.49 0.00 0.00 2.73 0.00 1.47 0.35 2.03 0.00 1.05 1.44 0.88 3.22 2.07 0.00 0.00 2.07 1.47 1.93 0.00 0.00 0.35 0.14 0.53 1.96 1.47 3.22 2.73 0.00 0.00 1.19 2.31 2.35 2.42 0.00 2.59 0.07 1.16 1.26 1.09 0.00 0.42 1.89 0.00 1.68 1.93 3.33 0.56 2.03 3.08 3.01 1.75 0.67 0.04 2.70 0.67 1.75 2.28 0.00 1.02 0.00 0.00 2.07 3.22 2.07 0.91 0.56 2.49 0.88 0.00 0.88 1.89 1.51 2.52 1.40 0.91 1.26 0.21 3.26 2.98 3.33 2.87
39 2.66 2.66 1.82 0.63 2.28 0.60 0.00 1.37 2.38 2.87 3.26 1.40 1.40 0.25 3.40 0.25 1.30 1.58 0.28 3.15 1.65 0.00 2.38 0.00 0.28 2.59 0.00 1.40 0.00 0.46 3.47 0.95 3.43 0.00 0.00 1.44 0.00 0.84 0.35 0.00 0.14 2.52 0.84 0.00 1.65 1.86 1.72 0.00 0.00 1.12 0.00 1.86 0.18 2.77 2.59 0.00 0.00 0.00 2.91 1.40 2.38 0.88 1.58 1.65 1.44 2.10 0.18 1.58 2.07 1.02 2.56 2.73 1.96 0.81 0.00 2.24 3.43 0.00 3.05 0.00 0.00 0.60 2.17 1.51 2.73 2.56 1.54 2.14 0.00 0.00 0.11 1.26 1.96 3.22 0.00 0.00 0.00 0.63 0.00 1.51
40 0.28 0.00 1.33 2.07 0.74 2.21 0.00 0.00 0.77 3.12 2.38 1.30 3.12 0.91 2.21 0.46 0.21 1.16 3.05 3.22 1.51 0.84 2.84 0.28 2.56 0.81 0.00 2.35 1.09 0.21 1.23 0.00 0.00 1.58 3.08 0.00 0.00 2.24 0.14 0.14 0.00 2.28 2.14 1.54 2.70 0.00 1.26 3.22 2.70 0.67 3.08 0.00 2.31 3.15 1.33 0.00 0.00 0.84 2.49 3.15 2.73 0.00 1.23 2.31 0.00 0.00 3.29 2.70 1.33 0.00 0.74 0.98 3.05 0.35 0.00 0.07 0.39 2.56 0.70 2.17 0.21 0.00 0.56 0.00 0.00 0.00 3.26 1.44 1.75 0.84 0.00 1.47 0.00 3.47 0.00 0.98 2.28 0.00 0.00 1.40
41 0.00 1.37 1.05 1.33 1.23 2.24 1.75 0.00 0.98 2.24 3.33 0.00 0.84 0.00 0.56 0.00 0.88 2.70 0.00 2.70 2.49 0.00 1.79 0.00 2.59 1.47 2.24 0.00 3.08 0.00 1.75 1.86 0.00 2.38 0.00 1.58 0.00 0.00 0.53 2.52 2.28 0.00 0.00 1.65 0.00 2.80 1.05 1.65 0.00 2.59 1.40 1.93 2.35 2.10 2.35 3.26 1.61 1.16 1.30 0.63 2.59 2.56 0.00 2.45 0.00 1.09 0.00 1.93 0.25 0.74 0.67 0.00 2.35 2.80 0.60 2.14 0.53 0.00 2.98 1.02 0.98 3.26 1.75 3.29 2.24 0.14 1.09 0.07 1.33 1.30 2.87 3.47 1.44 2.84 1.44 2.07 0.00 1.75 3.19 0.00
42 0.35 0.00 0.14 0.88 2.24 0.00 1.82 0.00 3.43 0.00 3.08 0.00 2.10 1.93 1.44 0.00 1.51 1.72 0.60 0.00 0.00 0.70 1.89 1.93 0.25 2.38 0.39 1.82 1.93 0.00 0.00 2.73 0.00 0.95 2.66 3.15 0.00 0.00 1.96 0.84 2.14 0.00 0.00 3.43 2.14 0.00 0.00 0.00 3.15 2.52 1.86 2.17 0.00 3.40 0.35 2.00 0.00 0.00 1.68 0.77 2.17 2.07 1.37 1.47 0.11 2.07 0.25 2.03 3.12 0.07 2.17 0.00 1.26 0.28 0.35 0.00 2.91 2.63 0.77 0.39 1.89 2.14 3.47 0.00 0.00 0.00 2.52 0.49 2.49 0.00 0.91 1.96 0.32 1.33 0.00 0.00 3.40 2.38 2.52 0.35
43 2.00 1.44 0.32 0.46 2.45 0.28 2.63 2.77 1.65 0.88 0.49 0.42 0.00 1.96 0.00 0.00 0.00 3.12 2.07 0.00 0.00 0.39 3.50 0.00 0.35 3.15 2.00 0.04 1.09 2.07 0.00 1.33 1.75 0.00 2.77 2.80 0.67 3.15 1.47 0.00 1.54 1.65 3.43 0.00 1.82 3.05 0.00 3.08 2.98 3.47 0.00 0.00 3.40 1.51 1.54 2.98 0.00 0.11 0.00 2.31 1.26 2.03 0.00 0.14 3.29 2.17 1.79 3.40 2.07 0.00 0.25 1.16 0.21 0.18 0.32 0.28 0.00 0.00 0.00 0.00 2.70 3.36 0.46 0.84 0.49 2.21 0.00 0.00 0.84 2.10 2.94 0.28 2.91 2.87 2.38 0.00 0.00 0.00 0.00 2.56
44 0.00 0.91 2.73 1.09 1.02 0.63 0.00 2.07 1.12 1.16 0.25 0.00 2.17 0.91 0.00 2.31 1.61 0.00 0.00 1.40 0.00 0.46 2.59 3.33 3.01 0.25 2.31 0.00 1.02 2.31 0.00 0.39 1.79 2.63 3.40 0.00 0.00 1.72 3.22 1.65 2.70 0.00 2.14 1.82 0.00 1.86 1.40 3.05 2.94 0.53 0.98 0.00 0.00 1.19 0.81 0.00 3.47 0.00 1.65 0.63 0.88 2.80 2.56 2.17 1.89 2.77 2.17 0.00 1.26 0.77 1.44 2.49 0.74 2.84 0.60 0.60 2.28 1.72 0.00 3.26 2.56 1.68 3.36 0.00 0.00 2.38 2.45 0.39 0.00 0.00 0.63 0.00 2.63 1.89 1.68 3.29 2.91 1.68 0.00 0.00
45 3.43 3.33 2.28 2.35 2.91 0.00 2.59 0.00 3.40 3.12 0.00 0.63 2.07 0.00 0.14 2.38 1.58 2.59 0.00 2.00 0.00 2.14 2.77 0.18 0.98 0.00 3.36 0.00 3.26 1.93 1.30 2.42 0.00 3.05 3.05 2.45 0.00 2.45 2.73 1.86 0.00 2.80 0.00 3.05 1.86 0.00 0.49 0.00 2.70 2.14 1.30 0.00 0.00 2.42 2.42 1.58 0.00 1.05 0.00 0.00 0.07 3.36 0.00 1.40 0.46 0.25 3.36 0.04 0.00 0.00 0.00 0.00 1.51 2.28 0.49 3.43 0.53 0.11 2.70 0.00 0.00 0.28 2.66 1.05 1.40 0.88 2.00 1.96 1.82 0.00 0.00 0.00 0.00 2.91 2.94 2.10 2.70 0.00 2.80 0.00
46 2.70 0.39 0.00 3.05 1.37 0.00 2.52 1.26 1.12 2.38 3.50 1.68 1.82 3.12 0.00 0.00 3.01 0.00 0.00 2.35 0.00 0.00 0.00 1.89 1.75 1.09 0.00 0.00 0.00 0.00 1.72 0.00 1.86 3.05 3.36 3.40 0.84 0.00 0.00 1.72 1.26 1.05 0.00 0.00 1.40 0.49 0.00 0.11 3.26 1.86 0.00 2.73 0.00 0.04 0.00 0.74 0.00 0.00 1.30 1.30 0.00 2.38 1.96 3.05 3.19 0.49 2.00 3.19 3.36 0.00 2.98 1.68 0.00 1.96 1.93 0.00 2.63 1.51 0.28 0.00 0.60 3.26 2.66 0.00 0.00 3.22 1.82 2.31 2.49 0.00 0.00 2.17 0.00 0.00 1.05 0.14 3.05 2.07 0.67 1.51
47 0.63 2.17 1.68 1.82 2.59 1.44 0.00 2.66 1.33 0.84 3.01 3.43 2.59 1.33 0.00 1.89 3.33 3.15 0.00 0.91 1.19 1.16 0.00 3.36 0.28 1.51 3.47 2.45 0.04 1.79 1.68 2.98 1.51 0.00 1.05 1.61 0.63 3.12 0.00 0.00 3.22 1.65 0.00 3.08 3.05 0.00 0.11 0.00 0.00 1.68 0.84 2.66 2.21 0.49 1.40 3.12 1.61 3.29 0.63 0.00 3.29 3.22 1.47 0.14 3.36 1.47 0.00 2.24 2.59 1.61 1.54 0.00 1.44 0.00 1.65 0.00 0.00 2.59 0.00 3.50 3.40 3.15 0.00 2.73 0.00 0.56 0.00 0.35 0.84 0.00 0.00 2.87 3.26 0.00 0.00 0.39 2.63 1.02 0.00 0.18
48 2.73 0.00 0.00 0.00 2.66 0.00 3.05 1.30 2.24 0.00 0.25 0.00 3.19 1.02 3.40 3.33 3.19 0.18 0.00 0.00 0.88 0.00 0.39 2.84 0.00 3.29 1.37 1.05 0.28 3.50 2.10 1.68 0.21 0.00 0.00 3.33 1.02 0.00 1.19 0.00 2.70 0.00 3.15 2.98 2.94 2.70 3.26 0.00 0.00 3.01 0.74 0.00 1.72 3.47 0.07 2.38 0.00 1.79 0.00 2.31 0.42 1.12 1.30 0.00 0.32 2.77 1.72 0.63 0.32 0.53 1.72 0.00 0.00 1.61 1.33 3.40 0.39 0.28 2.94 3.19 1.86 3.22 2.17 2.10 1.89 2.38 0.74 2.91 2.07 0.63 3.01 1.44 1.33 2.80 0.46 2.28 0.46 2.45 2.31 2.52
49 1.58 2.24 1.26 2.80 2.45 0.81 0.00 1.26 2.98 2.66 3.36 3.12 0.00 0.35 2.14 1.33 2.28 1.40 0.53 1.30 3.40 2.38 3.40 3.47 0.00 2.80 0.00 0.42 0.95 1.47 1.47 1.23 1.65 0.00 0.81 0.18 1.09 0.60 2.31 1.12 0.67 2.59 2.52 3.47 0.53 2.14 1.86 1.68 3.01 0.00 3.19 1.40 1.79 3.12 0.00 1.02 0.00 1.37 2.14 0.00 0.00 3.15 1.79 0.00 2.77 0.00 0.39 2.31 0.42 2.35 1.68 3.19 0.00 0.00 1.09 2.17 3.50 0.88 2.98 0.81 2.31 2.87 0.00 1.44 1.72 0.28 1.30 3.19 0.46 1.58 1.23 0.00 2.49 1.40 2.17 0.70 0.00 0.25 0.25 1.51
50 1.96 0.74 3.15 1.26 2.52 3.33 0.00 0.56 2.28 0.00 2.45 0.00 3.15 0.00 0.81 1.72 0.00 0.00 1.86 2.70 0.63 2.87 0.11 0.00 0.00 0.00 0.67 0.04 0.49 0.88 0.18 1.61 1.05 3.50 3.40 1.68 1.02 0.46 2.35 0.00 3.08 1.40 1.86 0.00 0.98 1.30 0.00 0.84 0.74 3.19 0.00 1.93 1.02 1.33 2.91 2.98 0.00 0.14 0.07 0.00 0.74 0.00 1.82 0.00 0.84 3.08 0.91 0.42 0.00 1.05 2.28 0.63 0.00 1.86 2.98 0.00 0.49 3.22 1.54 1.26 1.12 3.43 0.11 0.00 2.42 3.36 0.18 2.59 0.00 0.00 2.14 1.23 1.86 1.72 1.12 2.59 1.05 2.80 2.91 1.26
51 3.50 3.15 2.10 0.00 0.00 0.00 0.00 1.54 3.05 2.56 0.00 2.45 2.73 3.40 0.74 1.40 0.00 2.94 1.30 3.40 0.81 2.21 3.22 1.93 0.00 2.21 0.60 0.00 2.17 3.08 0.00 2.66 0.35 1.30 2.59 0.00 0.95 0.63 2.42 1.86 0.00 1.93 2.17 0.00 0.00 0.00 2.73 2.66 0.00 1.40 1.93 0.00 0.84 2.24 2.28 1.44 2.07 3.29 2.42 0.88 3.15 0.00 0.49 1.58 0.81 2.91 0.00 0.98 3.43 0.42 1.93 0.60 0.07 0.00 0.00 3.36 0.00 3.01 0.00 0.00 3.08 3.36 0.67 1.79 1.40 0.00 0.49 0.00 3.08 0.00 2.77 0.00 2.91 1.26 2.07 0.98 0.00 1.05 1.02 3.01
52 2.28 2.03 1.65 0.25 1.19 0.21 0.63 0.00 0.21 0.00 0.74 0.98 2.00 0.00 0.39 2.80 2.66 1.09 1.12 0.49 0.00 0.00 3.01 3.19 0.11 2.84 1.65 2.98 0.00 2.38 0.60 2.38 3.01 0.00 0.56 1.61 1.86 1.79 0.00 0.18 2.31 2.35 0.00 3.40 0.00 0.00 0.00 2.21 1.72 1.79 1.02 0.84 0.00 0.00 0.00 1.44 3.43 3.19 3.36 2.38 1.82 2.10 0.00 0.00 2.80 1.40 0.14 1.89 0.00 0.00 1.89 1.26 1.33 0.00 1.79 0.18 0.00 0.00 2.49 0.84 0.39 2.56 0.60 1.96 0.00 2.94 0.00 3.40 0.32 3.29 1.89 3.40 1.75 2.52 0.00 0.53 3.01 2.98 1.47 0.11
53 0.42 1.37 2.91 0.00 3.19 1.65 2.35 2.59 0.00 1.23 0.00 0.00 1.61 1.65 1.02 3.36 0.00 0.32 0.56 2.66 2.03 0.42 1.19 0.14 2.63 3.50 0.18 0.00 2.38 3.47 0.00 3.01 1.19 0.00 2.28 0.00 0.07 3.29 2.59 2.77 3.15 2.10 3.40 1.51 1.19 2.42 0.04 0.49 3.47 3.12 1.33 2.24 0.00 0.00 0.18 2.52 0.81 2.42 3.08 2.77 3.29 0.25 1.61 3.33 0.67 1.51 3.50 3.50 0.00 0.95 0.56 2.59 0.00 0.70 0.00 0.00 0.95 0.18 0.11 3.47 2.38 0.25 3.29 1.19 0.00 0.42 1.61 0.39 0.00 0.81 0.49 3.47 3.26 1.30 1.61 0.00 1.79 3.15 3.29 0.00
54 0.00 2.80 2.17 0.67 0.91 2.56 1.96 0.00 1.79 0.00 0.00 1.61 2.21 0.00 3.19 3.15 1.26 2.10 2.73 0.74 0.00 0.00 0.60 2.73 3.29 0.00 0.88 1.93 2.21 0.00 0.77 3.15 0.00 0.21 3.29 0.00 0.00 1.16 0.07 2.59 1.33 2.35 0.35 1.54 0.81 2.42 0.00 1.40 0.07 0.00 2.91 2.28 0.00 0.18 0.00 0.67 1.33 0.53 2.87 2.45 3.43 0.00 0.00 2.94 2.17 2.66 3.36 0.84 1.19 3.08 0.11 3.22 0.88 3.47 0.00 0.11 2.00 0.74 0.21 0.04 2.07 0.00 1.79 0.14 3.50 0.00 0.11 2.21 1.61 0.00 0.00 0.00 0.00 2.38 0.39 1.12 1.09 3.15 0.00 1.96
55 0.00 0.00 0.00 2.59 0.00 1.51 0.00 0.00 0.00 0.56 3.29 3.01 0.32 0.00 0.00 2.35 2.73 2.17 1.93 0.18 2.00 0.00 1.12 2.21 2.63 3.01 1.16 0.98 2.45 2.84 0.00 3.05 3.26 0.11 1.61 2.66 1.26 1.51 1.16 0.00 0.00 3.26 2.00 2.98 0.00 1.58 0.74 3.12 2.38 1.02 2.98 1.44 1.44 2.52 0.67 0.00 2.17 0.00 0.00 0.63 0.00 0.70 1.33 0.00 0.95 2.31 2.56 2.28 0.00 0.00 0.00 1.82 1.75 0.00 3.40 0.00 0.00 3.08 2.00 1.47 0.39 3.08 0.42 2.14 1.72 1.30 0.81 3.36 3.05 0.00 2.59 0.00 0.77 0.28 0.00 0.00 0.00 1.58 0.00 1.19
56 0.35 0.00 1.96 0.91 0.14 1.33 0.00 0.00 3.26 0.28 0.91 0.42 1.44 0.53 0.00 3.50 3.36 1.30 3.33 1.09 0.11 0.18 2.63 0.00 0.00 0.18 0.00 2.73 1.09 2.07 0.00 3.50 0.00 1.37 0.95 0.00 0.00 2.87 1.26 0.00 0.00 1.61 0.00 0.00 3.47 0.00 0.00 1.61 0.00 0.00 0.00 2.07 3.43 0.81 1.33 2.17 0.00 0.00 0.98 1.33 0.56 2.70 0.00 1.61 0.81 1.16 0.00 0.00 0.14 0.00 1.75 0.49 0.70 0.00 0.00 0.00 1.65 2.00 1.65 2.59 1.44 0.60 0.00 1.96 2.91 0.00 0.00 2.17 1.40 0.70 0.00 2.35 2.87 0.00 0.35 1.65 0.00 0.11 0.14 1.96
57 2.94 3.26 0.00 0.00 0.25 0.00 2.87 1.23 2.03 3.12 0.77 1.30 0.00 0.91 2.84 0.00 0.00 2.42 2.38 1.19 1.33 2.10 0.14 3.22 0.00 1.54 2.63 1.96 3.36 0.84 0.14 0.77 0.77 0.21 1.12 0.18 1.75 2.38 1.09 0.00 0.84 1.16 0.00 0.11 0.00 1.05 0.00 3.29 1.79 1.37 0.14 3.29 3.19 2.42 0.53 0.00 0.00 0.00 2.56 0.98 0.81 1.79 1.23 1.26 2.80 3.15 1.96 0.00 2.35 2.28 2.98 2.94 0.00 0.00 2.07 0.95 1.23 2.66 0.00 0.67 3.33 0.00 2.17 1.51 2.77 2.00 2.42 3.12 3.15 0.00 1.44 1.47 0.00 1.26 1.65 0.46 1.30 1.79 2.73 1.05
58 0.11 3.50 1.26 1.72 0.00 1.58 0.63 1.26 0.00 2.31 1.44 0.00 3.05 0.32 1.44 0.49 0.98 0.00 2.73 0.00 0.00 1.89 0.60 0.00 0.39 0.98 0.53 3.26 0.00 2.45 0.46 0.00 2.10 0.00 0.00 3.12 3.47 2.49 0.00 2.91 2.49 1.30 1.68 0.00 1.65 0.00 1.30 0.63 0.00 2.14 0.07 2.42 3.36 3.08 2.87 0.00 0.98 2.56 0.00 0.00 0.39 0.00 0.00 0.00 1.47 3.47 1.89 3.15 2.42 0.07 3.08 1.05 1.30 2.59 1.09 1.93 2.42 0.00 0.00 0.00 3.40 0.98 0.00 2.24 1.68 0.00 0.39 0.00 0.00 0.00 0.11 3.47 3.33 0.77 0.11 0.25 1.33 2.31 1.23 0.00
59 2.73 2.84 0.00 0.00 2.03 0.00 1.58 0.49 0.00 2.70 0.98 1.23 2.17 1.54 0.00 0.00 0.00 1.40 2.52 1.96 0.28 3.50 0.56 1.09 3.50 0.00 2.66 2.77 0.00 2.52 0.84 0.00 2.28 0.00 3.43 0.91 1.05 2.59 0.42 1.40 3.15 0.63 0.77 2.31 0.63 0.00 1.30 0.00 2.31 0.00 0.00 0.88 2.38 2.77 2.45 0.63 1.33 0.98 0.00 0.00 0.00 0.00 2.14 0.00 0.00 2.14 0.00 0.00 1.47 1.33 2.70 1.26 2.45 1.05 1.02 0.00 0.00 0.00 1.23 0.11 2.73 0.39 0.00 0.70 1.61 0.63 2.24 2.87 2.24 2.84 0.00 1.19 0.00 0.00 2.00 0.77 0.39 1.12 1.54 2.45
60 3.43 3.08 0.00 0.00 0.00 0.00 0.00 0.00 2.10 3.19 2.42 0.56 1.86 2.94 1.72 1.37 0.00 0.00 1.79 0.00 0.53 0.00 1.72 0.00 2.45 2.00 0.00 0.00 2.66 2.21 0.74 2.38 3.40 0.00 0.00 0.88 1.12 3.22 1.89 2.38 2.73 2.59 2.17 1.26 0.88 0.07 0.00 3.29 0.42 0.00 0.74 3.15 1.82 3.29 3.43 0.00 0.56 0.81 0.39 0.00 0.00 1.23 0.60 0.74 2.17 0.42 3.22 0.00 1.12 1.05 2.38 0.00 2.42 1.47 2.31 0.81 2.56 1.40 2.00 0.14 0.00 0.63 0.07 0.07 0.00 0.00 0.00 0.39 0.00 2.63 1.96 1.44 3.01 0.00 1.86 1.79 2.49 0.28 0.00 3.26
61 1.96 0.39 2.66 1.54 0.25 0.00 1.16 1.33 1.02 1.82 3.15 1.47 0.00 0.18 2.52 1.19 3.15 2.24 0.60 1.33 0.00 2.17 0.00 0.07 2.80 0.00 0.07 0.00 1.33 3.05 3.26 3.19 2.14 2.70 0.00 1.93 1.61 3.22 0.00 0.88 0.00 2.56 2.07 2.03 2.80 3.36 2.38 3.22 1.12 3.15 0.00 0.00 2.10 0.25 0.00 0.70 2.70 1.79 0.00 0.00 1.23 0.00 0.00 0.00 2.07 0.00 1.58 0.39 0.00 2.42 3.47 0.00 1.65 2.21 0.00 1.37 0.18 2.87 1.19 0.95 0.14 3.29 3.36 0.32 1.02 0.00 2.73 0.00 3.50 0.21 0.49 0.00 3.40 2.07 1.05 0.00 1.47 0.00 0.00 0.00
62 2.87 0.67 3.26 2.59 0.11 0.00 1.82 0.28 3.26 2.42 0.98 0.67 0.00 0.07 0.00 0.42 1.51 2.24 0.00 0.14 3.05 2.00 1.75 0.77 2.98 0.98 0.25 3.47 2.77 2.17 2.07 0.04 0.14 1.02 2.31 3.05 0.46 1.72 1.68 1.58 1.23 0.00 1.37 0.00 2.56 0.00 1.96 1.47 1.30 1.79 1.82 0.49 0.00 1.61 0.00 1.33 0.00 1.23 0.00 2.14 0.60 0.00 0.00 0.04 3.01 2.38 2.59 1.86 0.42 1.09 3.19 3.08 0.04 2.56 0.67 1.16 0.11 2.59 0.00 3.19 1.68 0.04 1.89 1.26 3.43 2.17 2.24 0.00 3.40 0.42 2.38 2.24 0.00 0.07 1.75 0.07 0.63 3.15 0.77 0.49
63 2.63 0.00 2.31 1.61 1.37 0.00 2.63 2.91 2.21 3.12 2.45 3.43 0.25 2.14 0.98 1.61 1.44 2.14 0.00 2.42 0.00 2.10 3.36 1.54 0.00 2.73 2.35 0.00 1.05 0.21 2.10 1.96 3.47 0.00 0.74 2.03 1.40 2.80 1.93 1.65 2.31 2.45 1.47 0.14 2.17 1.40 3.05 0.14 0.00 0.00 0.00 1.58 0.00 3.33 2.94 0.00 1.61 1.26 0.00 0.00 0.74 0.00 0.04 0.00 0.00 1.40 1.61 1.33 3.36 1.37 0.28 2.14 0.00 0.00 3.43 0.00 2.28 0.00 0.28 2.24 0.32 2.14 2.28 3.01 2.14 0.00 2.94 0.00 0.00 1.58 1.23 0.84 0.00 1.54 1.68 0.39 2.59 0.00 0.11 2.70
64 0.00 1.09 1.47 1.86 2.73 2.59 3.50 2.07 0.00 1.30 1.40 0.00 2.10 0.00 2.80 1.65 2.73 1.96 1.79 1.44 1.47 3.50 2.56 0.98 2.70 1.44 1.40 3.26 1.89 1.02 0.00 0.81 2.77 1.19 1.65 0.00 0.77 0.00 3.33 1.44 0.00 0.00 0.11 3.29 1.89 0.46 3.19 3.36 0.32 2.77 0.84 0.81 2.80 0.67 2.17 0.95 0.81 2.80 1.47 0.00 2.17 2.07 3.01 0.00 0.00 1.02 1.65 3.15 0.28 2.73 2.91 2.70 0.98 1.47 1.33 0.21 0.00 0.28 2.31 0.67 0.00 2.38 1.44 0.00 3.01 0.00 0.46 0.46 3.26 1.96 1.09 0.00 0.00 0.39 3.26 0.74 0.00 1.09 1.79 0.00
65 0.98 2.17 0.04 1.40 0.49 3.33 2.91 0.53 0.11 0.00 1.37 0.28 2.45 2.91 3.33 0.00 0.00 2.42 0.11 1.23 1.96 0.00 0.25 0.00 1.79 0.84 0.14 0.00 2.59 0.49 1.40 2.66 0.32 0.00 0.00 1.58 2.94 0.00 0.56 2.10 0.00 1.09 2.07 2.17 2.77 0.25 0.49 1.47 2.77 0.00 3.08 2.91 1.40 1.51 2.66 2.31 1.16 3.15 3.47 2.14 0.42 0.00 2.38 1.40 1.02 0.00 0.00 0.00 0.32 1.12 0.00 2.77 3.36 3.22 1.37 1.44 0.00 3.40 1.86 0.18 2.52 0.00 2.10 0.00 3.26 1.68 2.49 2.24 1.19 0.00 3.12 0.91 2.21 1.89 0.35 0.00 0.00 2.07 0.00 2.87
66 2.24 0.00 2.21 0.00 0.21 0.00 1.61 0.21 0.74 1.09 1.75 1.26 2.98 0.00 0.00 3.12 2.21 0.00 1.58 2.77 1.89 0.00 0.32 0.00 1.65 0.00 0.49 0.00 3.40 0.00 0.00 2.73 0.00 2.94 0.00 2.87 2.28 3.29 2.03 0.18 3.29 0.00 0.25 1.79 2.17 3.36 2.00 0.00 1.72 0.39 0.91 0.00 0.14 3.50 3.36 2.56 0.00 1.96 1.89 0.00 3.22 1.58 2.59 1.61 1.65 0.00 0.00 0.00 2.38 1.19 2.17 2.38 1.16 2.66 0.81 0.32 1.61 0.49 0.77 2.45 0.74 1.26 2.17 1.26 0.00 0.21 1.82 1.72 3.01 0.00 0.53 2.66 3.15 0.00 0.00 2.98 2.73 3.33 3.15 3.08
67 3.29 1.58 0.00 1.09 0.00 0.00 1.23 2.07 1.65 0.25 2.91 0.00 0.14 2.07 2.56 0.00 1.05 3.05 0.28 0.07 0.00 1.72 0.07 0.32 0.00 0.04 0.32 0.00 0.00 1.30 0.91 0.00 0.00 3.43 0.00 3.26 3.36 3.15 3.08 1.58 2.70 1.93 2.03 3.40 0.00 0.04 3.19 2.24 0.63 2.31 0.42 0.98 1.89 3.50 0.84 2.28 0.00 0.00 3.15 0.00 0.00 0.39 1.86 1.33 3.15 0.00 0.00 0.00 0.00 1.93 0.00 0.00 3.50 0.00 1.30 0.00 1.16 0.74 1.72 0.14 0.00 2.10 1.33 0.00 1.68 0.21 0.04 1.26 0.00 0.04 2.42 1.26 1.61 0.88 0.46 0.00 1.54 0.00 0.00 0.00
68 1.33 3.47 0.88 0.56 0.00 2.70 3.40 2.56 0.00 2.17 2.70 0.00 0.00 0.18 2.77 0.25 0.00 1.02 1.19 2.80 0.67 0.00 2.94 1.16 0.00 3.43 1.72 0.00 0.74 0.70 1.72 0.00 0.00 1.68 0.63 2.80 3.19 0.00 3.01 2.07 1.33 0.25 3.12 2.07 1.26 0.00 3.36 2.59 0.32 0.42 0.00 3.43 0.00 0.00 1.19 0.00 0.14 2.35 2.42 1.47 1.12 0.00 0.42 3.36 0.28 0.32 2.38 0.00 0.00 3.15 3.29 0.00 1.89 2.49 1.65 0.00 2.84 1.37 2.70 0.00 2.45 1.86 1.09 1.05 0.18 2.70 1.68 3.01 0.00 0.67 1.93 2.31 0.00 1.37 0.00 0.98 0.00 0.00 0.00 1.89
69 0.35 2.07 0.00 2.77 2.21 0.35 1.54 0.00 1.68 3.08 1.54 3.43 2.77 0.00 2.35 0.00 0.00 0.18 0.00 3.12 2.07 1.79 0.49 0.98 0.21 2.84 3.29 0.35 1.30 0.00 0.00 1.19 0.42 2.21 1.30 0.00 2.28 2.49 1.75 1.02 0.00 0.74 0.07 0.00 0.77 0.00 0.00 1.61 0.53 2.35 1.05 0.42 0.00 0.95 3.08 0.00 0.00 2.28 0.07 1.33 1.05 2.42 1.09 1.37 2.73 1.12 1.19 1.93 3.15 0.00 0.00 0.35 2.84 1.65 2.52 3.12 3.36 0.00 2.38 3.01 2.94 2.56 0.18 0.60 2.07 0.00 1.72 2.59 0.42 1.47 2.59 3.33 2.52 1.54 1.12 0.00 3.40 2.66 2.03 1.16
70 2.66 0.00 2.87 0.00 1.51 2.03 0.07 2.07 0.00 0.00 2.42 0.84 0.49 3.01 0.98 0.07 0.88 1.23 0.39 2.45 1.33 0.42 0.35 0.00 1.16 2.00 2.56 0.00 1.05 0.81 2.52 0.00 1.12 2.84 3.40 2.38 1.89 0.32 0.67 2.56 0.74 0.67 2.17 0.25 1.44 0.00 2.98 1.54 1.72 1.68 2.28 1.93 1.89 0.56 0.11 0.00 1.75 2.98 3.08 2.70 2.38 3.47 3.19 0.28 2.91 0.00 2.17 0.00 3.29 0.00 0.00 0.74 0.00 0.49 0.00 0.74 1.30 0.91 0.00 0.00 0.00 2.10 1.26 0.46 0.00 0.04 0.00 2.80 1.82 3.05 3.05 2.21 2.98 3.29 0.35 0.25 1.96 2.70 2.87 2.91
71 2.24 2.70 0.00 1.65 0.67 0.00 0.56 2.52 1.89 0.14 3.08 3.12 0.00 0.00 1.96 1.65 0.00 0.00 3.08 0.00 0.00 0.00 1.75 0.88 1.02 2.45 2.91 1.79 0.46 2.42 0.49 3.12 1.86 0.00 0.00 2.73 0.00 0.00 0.04 2.73 0.98 0.00 0.00 1.16 2.49 0.00 1.68 0.00 0.00 3.19 0.63 0.60 1.26 2.59 3.22 1.82 0.49 2.94 1.05 1.26 0.00 0.00 3.08 2.14 2.70 2.77 2.38 0.00 0.00 0.35 0.74 0.00 1.09 3.26 0.32 0.14 2.84 2.03 0.00 1.23 2.35 0.00 0.07 3.19 0.00 2.80 0.00 2.70 1.89 0.00 2.28 3.36 1.51 3.08 0.98 3.15 0.00 1.09 1.33 2.70
72 2.98 0.00 0.11 0.00 0.00 2.63 1.72 3.47 2.98 3.22 2.21 0.67 3.33 1.40 0.42 2.14 0.46 2.56 0.32 2.42 0.84 0.42 0.11 0.07 3.08 1.23 0.00 3.12 3.12 0.00 2.94 0.00 1.12 3.36 1.16 2.38 0.77 2.45 2.70 1.96 3.05 2.35 1.26 0.21 0.74 1.51 0.00 1.44 0.00 0.00 0.00 0.07 1.33 0.00 0.88 1.75 0.70 0.00 1.30 2.45 2.42 1.65 0.04 0.00 0.98 3.36 1.16 3.50 1.89 2.84 0.00 1.09 0.00 1.61 1.16 1.37 2.56 1.93 0.00 2.63 0.00 0.00 2.70 3.40 1.75 0.56 1.72 0.91 0.00 2.14 0.00 0.00 1.44 0.32 2.63 0.00 2.14 1.86 0.00 0.98
73 0.35 0.18 3.19 1.51 2.07 0.67 2.91 2.94 0.00 1.93 0.74 3.05 3.29 2.14 0.98 0.00 0.00 0.00 0.77 3.12 3.50 0.00 1.23 2.45 0.91 2.66 0.00 2.28 1.72 0.00 2.10 2.07 0.00 1.68 3.08 0.00 1.61 0.53 0.67 0.81 0.35 2.80 0.28 0.18 2.84 2.28 1.96 0.00 1.61 0.00 1.86 0.00 0.00 0.70 3.47 0.00 0.00 0.00 2.59 1.05 1.47 2.21 2.56 0.00 1.47 3.22 2.66 0.00 2.49 1.65 0.49 3.26 1.61 0.00 2.00 0.39 0.88 1.40 0.00 0.00 0.00 2.66 1.33 0.39 1.23 0.00 2.21 0.00 3.05 2.00 2.49 2.31 0.00 2.66 0.81 2.03 0.18 0.00 1.40 0.00
74 1.82 1.16 1.96 2.35 0.00 0.74 3.29 0.00 2.38 2.70 0.00 3.05 1.75 0.00 0.32 0.95 3.47 0.77 0.74 2.28 1.96 1.82 0.00 2.21 1.72 0.88 2.35 0.18 2.31 3.40 1.86 2.63 0.00 3.36 0.95 1.89 2.59 0.00 1.75 0.00 0.00 0.60 0.35 0.32 0.60 0.49 1.93 1.65 1.33 1.09 2.98 0.00 1.79 0.00 0.00 3.40 0.00 2.07 1.09 1.02 2.31 0.00 0.67 3.43 1.33 1.37 0.81 1.30 1.65 2.52 0.00 0.32 1.16 2.00 0.00 1.02 1.86 1.16 0.04 1.02 0.00 1.89 0.04 0.46 0.67 0.56 2.07 1.68 0.00 0.00 1.47 1.47 1.47 1.51 0.00 1.09 3.08 1.68 2.31 1.12
75 3.36 1.51 0.00 0.00 2.49 0.00 2.87 0.00 2.21 1.47 0.77 1.72 2.70 1.61 0.00 1.86 0.74 2.17 0.00 3.43 2.07 0.14 2.28 0.35 1.61 0.00 2.14 0.00 2.49 1.72 0.98 2.21 1.54 1.93 2.14 0.00 3.12 0.39 2.28 2.24 0.07 2.14 0.00 0.28 0.60 3.43 0.00 0.00 3.40 2.17 0.00 3.36 0.18 0.00 0.11 0.00 0.00 0.95 1.93 0.00 0.81 1.37 1.16 0.00 0.21 1.44 0.32 0.00 0.00 3.12 0.74 0.14 1.37 0.39 1.02 0.00 0.35 2.21 0.00 0.70 1.44 0.00 0.00 0.00 0.00 1.12 2.17 0.00 1.72 0.70 0.00 2.56 2.38 0.25 0.00 0.00 1.37 2.84 0.00 0.00
76 0.00 2.98 2.80 2.07 0.00 3.29 2.49 0.00 3.22 0.00 0.00 1.65 2.03 3.36 0.00 0.18 0.00 0.56 0.00 3.08 3.12 0.00 1.26 0.00 1.26 0.00 2.70 2.70 0.60 2.91 0.42 1.65 0.42 0.00 3.08 0.00 1.30 1.23 0.00 3.43 0.39 0.53 2.91 0.00 2.28 0.53 2.63 0.00 0.39 3.50 0.49 0.00 0.00 0.95 2.00 0.00 1.65 1.23 2.42 0.00 2.56 0.18 0.11 2.28 0.00 0.00 1.61 1.16 2.84 3.36 1.30 2.84 2.56 0.88 1.86 0.35 0.00 0.00 0.00 2.21 0.00 0.00 1.79 2.49 1.40 0.00 0.00 1.96 1.23 0.07 2.59 0.81 2.14 3.33 2.38 0.00 1.19 0.00 1.47 1.93
77 0.00 0.53 0.00 2.03 3.15 0.00 2.59 0.00 3.15 1.12 1.86 2.10 2.63 0.00 0.00 0.77 3.05 0.11 2.84 1.30 0.95 2.77 0.98 0.67 3.43 0.25 0.00 1.58 1.02 0.35 3.22 2.73 2.66 2.17 0.00 1.47 3.01 0.00 1.02 0.00 2.56 0.00 2.63 0.00 1.72 0.11 1.51 2.59 0.28 0.88 3.22 3.01 0.00 0.18 0.74 3.08 2.00 2.66 0.00 0.00 1.40 2.87 2.59 0.00 0.28 3.40 0.49 0.74 1.37 0.00 0.91 2.03 1.93 1.40 1.16 2.21 0.00 0.00 3.40 0.00 1.58 3.12 3.36 0.00 1.68 0.00 2.98 1.54 1.33 0.00 2.66 0.00 0.00 0.63 0.91 2.38 0.00 2.24 0.11 1.23
78 0.00 0.95 0.00 2.42 1.02 0.00 0.00 2.52 0.00 0.00 2.80 3.15 3.05 1.05 0.00 0.95 0.00 3.36 0.00 0.00 3.01 3.50 0.00 0.60 0.00 1.51 1.40 1.89 3.08 0.00 0.28 0.00 1.09 0.04 3.33 0.04 1.96 0.46 0.00 3.05 0.70 2.98 0.77 0.00 0.00 2.70 0.28 0.00 2.94 2.98 1.54 0.00 2.49 0.11 0.21 2.00 1.65 0.00 0.00 1.23 2.00 1.19 0.00 0.28 2.31 1.86 0.77 1.72 2.70 2.38 0.00 0.00 0.00 0.00 0.04 0.00 0.00 3.40 0.00 1.19 0.74 0.39 0.77 0.00 0.00 0.14 0.00 3.19 0.32 2.38 1.12 1.02 1.93 2.28 1.16 1.40 2.59 0.00 2.03 2.77
79 0.00 0.70 0.00 2.98 0.00 3.22 1.26 2.84 0.00 0.42 1.47 0.00 2.91 1.68 1.16 0.91 2.66 1.23 1.33 0.25 1.26 0.39 3.05 0.70 0.88 0.00 0.00 2.91 1.61 1.72 0.00 3.43 2.63 2.63 3.22 0.00 1.58 0.00 0.00 0.00 2.17 1.02 0.39 0.00 3.26 0.00 0.00 3.50 3.19 0.81 1.26 0.00 0.84 3.47 0.04 1.47 2.59 0.67 0.00 0.11 0.14 0.95 3.19 2.24 0.67 0.18 2.45 0.14 0.00 3.01 0.00 1.23 2.63 0.00 1.02 0.70 2.21 0.00 1.19 0.00 2.63 2.94 2.07 0.11 2.38 2.35 3.05 3.47 0.11 2.31 1.86 0.00 0.95 1.16 1.44 1.47 0.56 2.94 0.81 3.29
80 0.00 2.63 1.37 0.81 0.07 0.88 2.77 3.50 0.00 0.00 0.00 3.33 2.73 0.53 0.00 0.00 3.08 3.47 2.94 1.51 2.91 2.45 2.42 2.03 0.18 2.73 3.50 3.33 2.14 1.65 1.33 2.73 2.21 0.00 0.07 0.53 1.23 2.03 2.07 0.00 0.21 0.98 1.89 2.70 2.56 0.00 0.60 3.40 1.86 2.31 1.12 3.08 0.39 2.38 2.07 0.39 1.44 3.33 3.40 2.73 0.00 0.14 1.68 0.32 0.00 2.52 0.74 0.00 2.45 2.94 0.00 2.35 0.00 0.00 0.00 1.44 0.00 1.58 0.74 2.63 0.00 3.08 0.98 2.73 0.07 0.00 1.09 0.00 1.47 0.46 0.00 0.00 2.10 1.79 2.07 0.67 0.00 0.35 2.21 0.60
81 3.15 1.40 1.33 0.56 3.26 0.74 0.00 0.00 0.00 3.47 0.84 2.77 0.67 0.00 3.40 0.14 1.02 1.89 3.12 1.23 1.05 3.36 1.93 0.00 3.50 0.63 1.16 0.00 1.02 1.54 2.14 3.22 1.96 2.03 2.63 0.00 0.00 2.21 3.22 0.60 0.00 3.26 2.14 3.36 1.68 0.28 3.26 3.15 3.22 2.87 3.43 3.36 2.56 0.25 0.00 3.08 0.60 0.00 0.98 0.39 0.63 3.29 0.04 2.14 2.38 0.00 1.26 2.10 1.86 2.56 2.10 0.00 0.00 2.66 1.89 0.00 0.00 3.12 0.39 2.94 3.08 0.00 0.00 2.35 2.66 0.00 2.07 3.22 0.00 2.91 1.40 2.03 2.24 0.00 1.09 2.00 0.00 1.82 1.26 1.16
82 2.24 0.11 0.18 1.93 1.96 3.05 0.00 0.18 1.23 2.91 0.07 0.00 2.31 0.07 1.37 1.75 2.17 0.00 1.44 0.00 0.91 2.98 0.70 0.70 3.08 0.00 0.84 0.56 2.56 0.74 2.80 0.00 2.98 0.00 0.46 0.00 2.38 0.00 2.07 2.17 0.56 1.75 3.47 0.46 3.36 2.66 2.66 0.00 2.17 0.00 0.11 0.67 0.60 3.29 1.79 0.42 0.00 2.17 0.00 0.00 0.07 3.36 1.89 2.28 1.44 2.10 2.17 1.33 1.09 0.18 1.26 0.07 2.70 1.33 0.04 0.00 1.79 3.36 0.77 2.07 0.98 0.00 0.00 3.40 1.75 2.70 0.00 2.80 0.56 2.38 3.08 2.63 0.00 0.00 3.08 0.46 0.77 1.72 0.00 1.58
83 3.19 1.09 0.21 0.00 1.93 1.68 0.00 3.15 2.45 1.51 1.89 2.31 0.00 2.98 0.00 0.00 3.36 0.63 0.00 0.00 2.70 3.15 1.75 1.89 0.00 0.00 3.26 1.05 0.00 0.00 2.80 1.93 3.47 0.00 2.91 0.00 1.02 1.09 0.91 1.51 0.00 3.29 0.00 0.84 0.00 1.05 0.00 2.73 2.10 1.44 0.00 1.79 1.96 1.19 0.14 2.14 1.96 1.51 2.24 0.70 0.07 0.32 1.26 3.01 0.00 0.00 1.26 0.00 1.05 0.60 0.46 3.19 3.40 0.39 0.46 0.00 2.49 0.00 0.00 0.11 2.73 2.35 3.40 0.00 3.40 0.49 0.32 0.00 0.25 3.05 0.00 0.00 0.46 2.87 1.16 1.44 0.98 1.96 0.00 1.79
84 3.19 2.21 1.44 0.00 0.35 1.72 2.31 0.00 2.24 0.18 0.00 1.96 0.32 0.42 0.91 3.22 0.56 0.00 3.29 1.02 1.12 2.63 1.68 1.68 1.37 3.22 3.08 1.05 2.21 2.45 0.81 0.14 0.00 0.98 0.42 0.00 2.24 2.35 0.56 2.73 0.00 2.24 0.00 0.49 0.00 1.40 0.00 0.00 1.89 1.72 2.42 1.40 0.00 0.00 3.50 1.72 2.91 2.77 1.68 1.61 0.00 1.02 3.43 2.14 3.01 3.26 0.00 1.68 0.18 2.07 0.00 0.00 1.75 1.23 0.67 0.00 1.40 1.68 0.00 2.38 0.07 2.66 1.75 3.40 0.00 0.07 0.00 0.00 0.74 1.58 3.22 1.58 0.00 0.11 0.32 0.18 1.86 0.00 0.00 2.31
85 2.42 1.19 0.00 0.00 1.68 2.49 0.00 0.04 1.02 0.00 2.66 0.00 0.00 0.81 0.53 2.28 0.00 3.26 1.51 2.24 0.25 0.00 0.84 1.51 0.95 2.84 2.87 2.07 1.09 0.49 0.00 0.42 0.74 0.67 0.32 1.75 0.00 0.81 2.49 2.56 0.00 0.14 0.00 2.21 2.38 0.88 3.22 0.56 2.38 0.28 3.36 0.00 2.94 0.42 0.00 1.30 0.00 2.00 0.00 0.63 0.00 0.00 2.17 0.00 0.00 1.68 0.21 0.21 2.70 0.00 0.04 2.80 0.56 0.00 0.56 1.12 0.00 0.00 0.14 2.35 0.00 0.00 2.70 0.49 0.07 0.00 0.00 0.00 0.21 1.72 1.44 1.58 0.04 0.25 0.74 1.72 0.00 0.00 0.00 0.00
86 1.37 2.77 2.63 2.59 1.86 0.00 2.98 0.49 0.25 1.96 2.28 0.00 1.19 2.87 2.00 1.02 0.00 2.84 1.75 1.02 0.00 2.94 2.59 1.23 1.54 0.00 1.33 2.84 0.00 2.42 0.00 0.00 1.05 3.08 0.00 2.21 0.00 3.50 0.88 1.54 3.26 1.09 2.52 0.00 2.45 2.00 1.82 0.00 0.74 1.30 0.18 0.49 0.00 1.61 0.11 0.81 0.00 2.42 0.39 2.24 0.00 2.73 2.24 2.94 0.46 2.49 1.82 0.04 1.68 1.72 0.00 0.00 1.72 2.21 2.07 2.17 0.00 2.98 0.00 3.05 1.09 2.07 0.00 0.32 0.00 0.00 0.00 0.00 2.66 1.86 3.50 1.26 0.00 2.45 2.07 0.21 0.04 2.31 0.00 0.84
87 1.26 0.56 3.47 0.84 2.28 1.72 0.00 0.00 0.60 1.37 2.87 0.00 0.88 2.00 2.24 2.80 0.00 0.07 2.38 2.98 1.37 2.42 2.80 0.81 3.01 0.00 0.00 3.50 0.00 0.00 1.89 3.47 0.00 0.00 0.70 0.00 1.75 2.91 0.00 2.14 1.44 0.07 0.49 0.00 0.39 1.96 2.31 0.35 2.91 3.19 2.59 0.00 3.40 0.39 2.21 3.36 2.17 3.12 0.00 2.87 0.39 0.00 0.00 0.00 0.46 2.24 1.72 1.26 3.01 2.59 2.80 2.70 0.91 0.00 1.68 0.00 1.96 1.54 3.19 3.47 0.00 3.22 2.80 0.00 0.00 0.00 0.00 0.00 2.70 3.12 0.21 2.59 0.25 0.88 1.96 0.42 0.95 1.61 3.12 0.74
88 2.14 2.52 2.98 1.58 2.00 1.96 0.00 0.00 1.75 0.74 1.79 2.52 0.74 1.61 0.00 3.40 0.00 0.00 3.33 1.47 1.61 3.50 2.07 0.70 2.21 1.23 0.70 2.80 0.00 0.00 3.08 0.00 0.56 0.00 0.00 0.60 0.00 1.47 0.88 0.00 1.75 1.33 2.49 0.84 0.00 1.82 2.49 0.84 2.07 0.46 0.00 3.08 0.32 0.00 1.61 3.05 1.40 3.15 0.00 2.24 0.00 3.50 3.40 0.00 3.26 1.19 3.01 0.00 0.00 0.42 1.82 1.89 0.00 3.05 0.00 1.72 1.23 1.33 0.32 0.11 1.47 0.00 0.56 0.25 0.74 0.21 2.66 2.70 0.00 1.26 2.77 2.00 1.61 1.65 0.21 2.94 0.14 1.72 2.42 3.33
89 3.47 1.93 2.24 0.35 2.17 2.31 0.00 0.63 0.00 0.00 1.82 0.74 0.77 2.00 0.00 1.89 2.52 2.52 0.00 3.36 0.00 2.77 0.00 0.42 2.66 1.23 0.00 3.26 0.32 2.03 1.02 3.36 0.88 0.00 2.14 0.32 1.58 0.70 1.89 0.00 0.84 1.30 0.00 2.10 0.00 0.00 0.00 0.00 0.63 1.58 0.00 0.00 3.29 0.81 0.00 0.00 0.70 0.00 0.00 2.84 2.63 0.21 0.42 1.58 1.96 0.00 0.00 0.04 0.67 1.47 3.05 0.00 2.14 2.00 0.00 0.70 0.07 0.00 2.38 2.31 0.46 2.91 2.38 3.05 1.58 1.72 1.86 3.12 1.26 0.00 0.00 1.75 0.32 0.00 2.70 0.00 0.00 1.89 0.00 2.73
90 2.70 2.77 0.00 2.24 1.09 1.16 0.00 2.80 0.00 0.91 0.42 0.00 0.00 1.40 2.63 2.59 0.81 3.05 1.23 1.86 0.00 0.46 2.52 0.00 0.81 0.00 2.63 2.49 1.61 0.00 2.14 0.00 3.12 3.50 0.00 0.04 1.47 0.00 1.51 0.11 0.00 2.87 0.91 2.94 0.63 0.00 0.00 0.00 3.01 1.23 2.14 2.77 1.89 0.49 0.00 2.59 0.00 1.44 0.11 0.00 1.96 0.49 2.38 1.23 1.09 3.12 0.53 2.42 1.93 2.59 3.05 2.28 0.00 2.49 1.47 0.00 2.59 2.66 1.12 1.86 0.00 1.40 3.08 0.00 3.22 1.44 3.50 0.21 2.77 0.00 0.00 0.00 3.01 3.05 0.00 0.21 0.88 1.89 2.91 1.54
91 3.50 1.16 3.43 2.80 0.42 2.17 0.00 0.00 2.70 0.00 2.45 1.05 0.00 0.88 1.86 0.00 0.00 1.47 1.33 0.00 0.00 2.70 3.01 2.66 0.39 0.00 1.79 0.63 0.77 3.50 3.22 0.04 1.05 1.96 3.29 1.51 0.95 0.00 2.52 1.26 1.47 3.47 1.96 0.28 0.00 0.00 2.17 2.87 1.44 0.00 1.23 0.00 3.40 3.47 0.00 0.00 2.35 1.47 3.47 1.19 1.44 0.00 2.24 0.84 0.00 0.91 2.66 1.26 2.31 3.33 2.21 3.36 0.00 2.31 1.47 2.56 0.81 0.00 1.02 0.00 0.00 2.03 2.63 0.00 1.58 1.58 1.26 2.59 2.00 1.75 0.00 0.00 3.50 1.40 0.00 0.00 1.75 1.72 3.33 0.32
92 2.00 0.32 0.70 3.26 1.65 0.25 1.72 0.46 2.91 2.87 0.14 2.84 2.84 0.56 0.00 2.35 2.03 0.00 2.07 1.86 2.63 2.35 1.37 0.28 2.14 0.00 2.98 3.15 1.26 0.00 2.94 1.40 0.14 2.77 2.87 0.21 1.54 0.77 1.40 1.96 0.00 1.44 0.32 2.91 2.63 0.00 0.00 3.26 1.33 2.49 1.86 2.91 1.75 3.26 0.00 0.77 2.87 0.00 3.33 0.00 3.01 3.40 0.00 0.00 0.00 2.21 3.15 1.61 0.00 2.52 2.98 1.51 1.44 0.00 1.47 2.38 2.14 0.00 1.93 0.95 2.10 2.24 0.00 0.46 0.00 0.04 0.00 0.25 1.61 0.32 3.01 3.50 0.00 3.15 0.25 1.65 0.04 0.00 0.35 1.09
93 2.03 0.67 0.77 0.00 2.91 2.70 2.98 1.16 0.21 0.00 0.00 1.79 1.02 0.00 0.00 1.23 1.33 2.03 0.67 1.37 2.56 0.28 3.08 0.35 0.00 2.91 1.82 2.14 2.80 0.49 3.40 0.00 1.16 2.38 0.00 0.00 0.95 1.19 0.91 3.22 3.47 2.84 1.33 2.87 1.89 2.91 0.00 0.00 2.80 1.40 1.72 1.26 2.52 1.30 2.38 0.28 0.00 1.26 0.77 0.00 0.00 2.07 0.07 1.54 0.39 1.89 0.00 0.88 1.37 1.54 3.29 3.08 0.32 2.66 1.51 0.25 3.33 0.63 2.28 1.16 1.79 0.00 0.00 2.87 0.11 0.25 2.45 0.88 1.65 0.00 3.05 1.40 3.15 0.00 0.00 0.77 2.63 1.12 1.51 0.00
94 1.47 0.00 1.19 0.98 1.65 1.72 0.00 2.49 0.91 0.88 0.00 0.00 0.25 0.00 0.00 0.56 1.33 1.16 0.95 1.23 1.72 0.91 0.00 2.00 3.19 1.61 3.43 0.32 1.58 2.00 0.88 0.00 2.38 3.47 0.39 1.82 1.26 0.00 1.26 0.00 0.00 1.44 0.00 2.38 1.68 2.94 1.05 0.00 0.46 2.17 1.12 2.07 0.00 1.61 0.39 0.00 0.35 1.65 0.11 2.00 1.86 1.05 1.75 1.68 3.26 0.35 0.00 0.46 0.00 1.12 0.35 0.98 2.63 0.81 0.00 0.00 2.38 0.91 1.16 1.44 2.07 1.09 3.08 1.16 0.32 0.74 2.07 1.96 0.21 2.70 0.00 0.00 0.25 0.00 0.00 3.05 0.00 3.26 3.12 1.96
95 2.10 0.00 2.10 0.00 0.00 1.51 2.59 1.89 0.00 0.00 0.00 0.00 1.09 0.63 1.33 3.12 0.67 3.08 0.00 0.00 0.00 2.91 2.21 0.74 2.66 1.72 0.70 0.00 2.63 1.58 0.18 3.29 1.26 0.74 1.16 0.00 3.50 0.11 0.21 0.00 0.98 2.07 0.00 0.00 3.29 2.10 0.14 0.39 2.28 0.70 2.59 0.98 0.53 0.00 1.12 0.00 1.65 0.46 0.25 0.77 1.79 0.00 0.07 0.39 0.74 0.00 2.98 0.00 0.98 0.00 0.25 3.15 0.00 2.03 1.09 0.00 0.00 2.38 1.40 1.47 0.67 2.00 0.46 1.44 0.18 1.72 0.21 0.42 2.94 0.00 0.21 0.00 1.65 0.77 3.05 0.00 2.42 0.46 2.56 3.08
96 0.42 0.11 3.33 2.63 0.00 2.87 2.70 0.04 2.94 2.91 0.53 2.77 1.72 2.07 0.00 0.00 3.12 0.00 0.00 0.49 2.14 0.00 0.00 2.45 0.00 0.00 2.49 2.56 1.26 2.45 2.38 0.00 1.05 1.05 2.77 3.22 0.18 2.80 3.26 0.00 2.28 0.00 3.40 0.00 2.91 2.70 3.05 2.63 0.46 0.00 1.05 0.00 3.01 1.79 1.09 0.00 0.00 1.30 1.33 0.39 2.49 1.47 0.63 2.59 0.00 0.00 2.73 1.54 0.00 3.40 1.96 0.00 2.14 0.18 3.08 1.37 1.19 0.00 2.59 0.56 0.00 0.00 0.77 0.98 1.86 0.00 0.04 0.95 0.14 0.00 0.88 1.75 0.04 2.63 0.00 2.42 0.00 1.12 0.60 0.25
97 0.32 0.00 2.77 0.00 0.35 0.32 2.84 0.00 0.04 1.47 0.81 1.72 0.74 2.38 0.77 1.26 2.77 0.00 3.47 0.04 0.98 0.95 0.00 3.01 0.60 1.47 0.00 0.49 3.22 0.00 1.30 3.40 0.00 0.46 0.53 0.74 0.70 1.30 2.98 0.63 0.00 1.75 2.38 0.00 1.68 0.00 2.07 1.02 2.45 0.25 2.80 1.05 2.98 3.15 3.15 1.58 0.11 1.79 2.31 1.12 0.28 0.00 3.15 0.00 1.09 2.07 3.33 0.00 0.00 2.66 2.70 1.09 1.86 0.00 1.68 2.84 0.00 2.24 0.00 2.94 0.35 1.82 1.72 1.96 0.00 0.00 2.31 1.61 1.72 1.89 1.89 1.72 0.00 1.12 3.26 0.46 1.12 0.00 2.45 2.14
98 3.05 2.24 0.00 0.32 0.00 1.19 2.70 2.63 0.00 1.58 2.63 2.17 1.75 3.15 0.00 0.00 0.00 3.01 1.44 0.00 0.00 1.68 0.00 0.00 3.36 0.04 0.00 3.12 1.33 2.77 1.58 0.32 0.60 2.52 0.11 0.53 2.07 1.19 3.33 0.00 0.00 3.19 2.52 0.00 0.00 2.80 0.67 0.00 2.31 0.25 2.91 1.02 1.47 3.29 0.00 0.00 0.14 2.73 1.23 1.54 0.00 0.00 0.77 0.11 1.79 0.00 3.15 0.00 0.00 2.03 2.87 1.33 0.00 1.40 2.31 0.00 1.47 0.11 2.03 0.81 2.21 1.26 0.00 0.00 0.00 0.00 0.00 3.12 2.42 0.00 2.91 3.33 0.35 1.51 3.12 2.56 0.60 2.45 0.00 0.98
99 0.00 1.12 0.00 0.00 1.26 1.86 0.35 1.89 0.46 3.47 0.00 0.28 3.29 3.50 3.15 0.67 0.46 2.56 1.47 3.29 0.25 0.00 2.03 2.10 1.47 0.35 0.00 1.33 0.00 2.14 2.42 1.30 0.77 2.87 1.23 0.63 1.93 1.12 2.87 1.51 1.40 0.00 0.35 2.56 0.00 0.00 1.51 0.18 2.52 1.51 1.26 3.01 0.11 0.00 1.96 1.19 1.96 1.05 0.00 2.45 3.26 0.00 0.49 2.70 0.00 2.87 3.08 0.00 1.89 1.16 2.91 2.70 0.98 0.00 1.12 0.00 1.93 1.23 2.77 3.29 0.60 1.16 1.58 1.79 2.31 0.00 0.84 0.74 3.33 2.73 1.54 0.32 1.09 0.00 1.96 3.08 0.25 2.14 0.98 0.00

ITEMS
nominal_profits 80.00 76.00 0.00 23.00 92.00 0.00 36.00 70.00 92.00 6.00 10.00 75.00 0.00 0.00 86.00 14.00 17.00 86.00 0.00 0.00 38.00 43.00 6.00 0.00 32.00 0.00 62.00 96.00 0.00 98.00 30.00 93.00 12.00 74.00 89.00 56.00 0.00 0.00 58.00 28.00 12.00 30.00 100.00 24.00 33.00 19.00 19.00 82.00 34.00 59.00 0.00 58.00 55.00 39.00 0.00 28.00 51.00 15.00 99.00 0.00 38.00 10.00 0.00 0.00 0.00 38.00 32.00 9.00 63.00 0.00 17.00 0.00 0.00 0.00 0.00 88.00 43.00 98.00 42.00 31.00 55.00 60.00 0.00 0.00 37.00 46.00 0.00 65.00 79.00 85.00 8.00 86.00 3.00 47.00 57.00 0.00 43.00 0.00 28.00 7.00
weights 26 24 21 2 26 11 28 46 13 45 45 9 39 14 35 27 27 9 41 18 20 37 43 42 46 39 6 2 1 35 38 10 33 7 2 27 4 29 49 47 33 8 30 39 6 2 28 6 11 37 6 30 9 1 5 50 12 46 5 8 30 32 36 34 42 49 16 40 38 38 34 39 7 14 13 35 40 16 34 29 40 33 29 8 30 28 18 19 18 35 33 1 28 39 11 35 14 6 26 38
capacity 953
k_max 60

COMMENTS
original_pairwise_profits
0 0.00 15.00 0.00 96.00 99.00 57.00 92.00 0.00 23.00 6.00 34.00 0.00 30.00 0.00 69.00 73.00 0.00 15.00 85.00 96.00 0.00 0.00 32.00 28.00 60.00 23.00 0.00 0.00 49.00 81.00 25.00 0.00 0.00 58.00 48.00 1.00 0.00 28.00 0.00 76.00 8.00 0.00 10.00 57.00 0.00 98.00 77.00 18.00 78.00 45.00 56.00 100.00 65.00 12.00 0.00 0.00 10.00 84.00 3.00 78.00 98.00 56.00 82.00 75.00 0.00 28.00 64.00 94.00 38.00 10.00 76.00 64.00 85.00 10.00 52.00 96.00 0.00 0.00 0.00 0.00 0.00 90.00 64.00 91.00 91.00 69.00 39.00 36.00 61.00 99.00 77.00 100.00 57.00 58.00 42.00 60.00 12.00 9.00 87.00 0.00
1 15.00 0.00 84.00 5.00 37.00 97.00 0.00 81.00 81.00 34.00 59.00 42.00 0.00 0.00 52.00 0.00 21.00 83.00 45.00 11.00 15.00 0.00 69.00 0.00 2.00 10.00 0.00 0.00 93.00 48.00 22.00 0.00 0.00 73.00 0.00 8.00 76.00 0.00 49.00 76.00 0.00 39.00 0.00 41.00 26.00 95.00 11.00 62.00 0.00 64.00 21.00 90.00 58.00 39.00 80.00 0.00 0.00 93.00 100.00 81.00 88.00 11.00 19.00 0.00 31.00 62.00 0.00 45.00 99.00 59.00 0.00 77.00 0.00 5.00 33.00 43.00 85.00 15.00 27.00 20.00 75.00 40.00 3.00 31.00 63.00 34.00 79.00 16.00 72.00 55.00 79.00 33.00 9.00 19.00 0.00 0.00 3.00 0.00 64.00 32.00
2 0.00 84.00 0.00 51.00 0.00 95.00 48.00 0.00 96.00 0.00 91.00 0.00 11.00 47.00 5.00 40.00 12.00 80.00 53.00 43.00 24.00 57.00 85.00 74.00 57.00 73.00 55.00 11.00 0.00 28.00 0.00 22.00 0.00 27.00 71.00 62.00 0.00 27.00 15.00 52.00 38.00 30.00 4.00 9.00 78.00 65.00 0.00 48.00 0.00 36.00 90.00 60.00 47.00 83.00 62.00 0.00 56.00 0.00 36.00 0.00 0.00 76.00 93.00 66.00 42.00 1.00 63.00 0.00 25.00 0.00 82.00 0.00 3.00 91.00 56.00 0.00 80.00 0.00 0.00 0.00 39.00 38.00 5.00 6.00 41.00 0.00 75.00 99.00 85.00 64.00 0.00 98.00 20.00 22.00 34.00 60.00 95.00 79.00 0.00 0.00
3 96.00 5.00 51.00 0.00 58.00 0.00 8.00 30.00 73.00 0.00 51.00 0.00 54.00 46.00 92.00 0.00 0.00 71.00 0.00 52.00 29.00 64.00 22.00 65.00 0.00 96.00 64.00 99.00 39.00 12.00 28.00 5.00 0.00 2.00 24.00 60.00 79.00 37.00 77.00 18.00 59.00 38.00 25.00 13.00 31.00 67.00 87.00 52.00 0.00 80.00 36.00 0.00 7.00 0.00 19.00 74.00 26.00 0.00 49.00 0.00 0.00 44.00 74.00 46.00 53.00 40.00 0.00 31.00 16.00 79.00 0.00 47.00 0.00 43.00 67.00 0.00 59.00 58.00 69.00 85.00 23.00 16.00 55.00 0.00 0.00 0.00 74.00 24.00 45.00 10.00 64.00 80.00 93.00 0.00 28.00 0.00 75.00 0.00 9.00 0.00
4 99.00 37.00 0.00 58.00 0.00 61.00 6.00 4.00 0.00 73.00 0.00 63.00 60.00 0.00 73.00 91.00 46.00 77.00 0.00 86.00 17.00 53.00 87.00 70.00 34.00 41.00 0.00 72.00 13.00 0.00 82.00 0.00 49.00 2.00 15.00 16.00 0.00 27.00 0.00 65.00 21.00 35.00 64.00 70.00 29.00 83.00 39.00 74.00 76.00 70.00 72.00 0.00 34.00 91.00 26.00 0.00 4.00 7.00 0.00 58.00 0.00 7.00 3.00 39.00 78.00 14.00 6.00 0.00 0.00 63.00 43.00 19.00 0.00 59.00 0.00 71.00 0.00 90.00 29.00 0.00 2.00 93.00 56.00 55.00 10.00 48.00 53.00 65.00 57.00 62.00 31.00 12.00 47.00 83.00 47.00 0.00 0.00 10.00 0.00 36.00
5 57.00 97.00 95.00 0.00 61.00 0.00 59.00 7.00 0.00 28.00 77.00 0.00 14.00 50.00 0.00 11.00 37.00 83.00 0.00 19.00 7.00 21.00 37.00 0.00 45.00 93.00 48.00 0.00 91.00 91.00 80.00 45.00 21.00 0.00 83.00 26.00 28.00 56.00 0.00 17.00 63.00 64.00 0.00 8.00 18.00 0.00 0.00 41.00 0.00 23.00 95.00 0.00 6.00 47.00 73.00 43.00 38.00 0.00 45.00 0.00 0.00 0.00 0.00 0.00 74.00 95.00 0.00 0.00 77.00 10.00 58.00 0.00 75.00 19.00 21.00 0.00 94.00 0.00 0.00 92.00 25.00 21.00 87.00 48.00 49.00 71.00 0.00 49.00 56.00 66.00 33.00 62.00 7.00 77.00 49.00 43.00 82.00 9.00 34.00 53.00
6 92.00 0.00 48.00 8.00 6.00 59.00 0.00 0.00 0.00 27.00 71.00 28.00 0.00 3.00 0.00 43.00 7.00 55.00 63.00 23.00 0.00 33.00 41.00 0.00 29.00 44.00 35.00 98.00 0.00 53.00 4.00 0.00 75.00 36.00 13.00 30.00 23.00 43.00 48.00 0.00 0.00 50.00 52.00 75.00 0.00 74.00 72.00 0.00 87.00 0.00 0.00 0.00 18.00 67.00 56.00 0.00 0.00 82.00 18.00 45.00 0.00 33.00 52.00 75.00 100.00 83.00 46.00 35.00 97.00 44.00 2.00 16.00 49.00 83.00 94.00 82.00 71.00 74.00 0.00 36.00 79.00 0.00 0.00 0.00 66.00 0.00 85.00 0.00 0.00 0.00 0.00 0.00 49.00 85.00 0.00 74.00 77.00 81.00 77.00 10.00
7 0.00 81.00 0.00 30.00 4.00 7.00 0.00 0.00 41.00 66.00 18.00 0.00 33.00 59.00 11.00 0.00 19.00 8.00 95.00 91.00 28.00 0.00 0.00 0.00 63.00 2.00 21.00 0.00 60.00 29.00 0.00 90.00 100.00 0.00 67.00 0.00 22.00 34.00 92.00 39.00 0.00 0.00 0.00 79.00 59.00 0.00 36.00 76.00 37.00 36.00 16.00 44.00 0.00 74.00 0.00 0.00 0.00 35.00 36.00 14.00 0.00 38.00 8.00 83.00 59.00 15.00 6.00 59.00 73.00 0.00 59.00 72.00 99.00 84.00 0.00 0.00 0.00 0.00 72.00 81.00 100.00 0.00 5.00 90.00 0.00 1.00 14.00 0.00 0.00 18.00 80.00 0.00 13.00 33.00 71.00 54.00 1.00 0.00 75.00 54.00
8 23.00 81.00 96.00 73.00 0.00 0.00 0.00 41.00 0.00 0.00 2.00 82.00 0.00 0.00 18.00 0.00 83.00 0.00 35.00 4.00 16.00 0.00 0.00 61.00 0.00 88.00 0.00 20.00 40.00 14.00 58.00 28.00 83.00 8.00 0.00 22.00 71.00 89.00 1.00 68.00 22.00 28.00 98.00 47.00 32.00 97.00 32.00 38.00 64.00 85.00 65.00 87.00 6.00 0.00 51.00 0.00 93.00 58.00 0.00 0.00 60.00 29.00 93.00 63.00 0.00 3.00 21.00 47.00 0.00 48.00 0.00 54.00 85.00 0.00 68.00 63.00 92.00 90.00 0.00 0.00 0.00 0.00 35.00 70.00 64.00 29.00 7.00 17.00 50.00 0.00 0.00 77.00 83.00 6.00 26.00 0.00 84.00 1.00 0.00 13.00
9 6.00 34.00 0.00 0.00 73.00 28.00 27.00 66.00 0.00 0.00 17.00 67.00 67.00 40.00 45.00 83.00 0.00 86.00 98.00 62.00 0.00 31.00 55.00 0.00 0.00 34.00 32.00 27.00 86.00 22.00 40.00 34.00 43.00 0.00 0.00 0.00 69.00 22.00 30.00 82.00 89.00 64.00 0.00 25.00 33.00 89.00 68.00 24.00 0.00 76.00 0.00 73.00 0.00 35.00 0.00 16.00 8.00 89.00 66.00 77.00 91.00 52.00 69.00 89.00 37.00 0.00 31.00 7.00 62.00 88.00 0.00 4.00 92.00 55.00 77.00 42.00 0.00 32.00 0.00 12.00 0.00 99.00 83.00 43.00 5.00 0.00 56.00 39.00 21.00 0.00 26.00 0.00 82.00 0.00 25.00 0.00 83.00 42.00 45.00 99.00
10 34.00 59.00 91.00 51.00 0.00 77.00 71.00 18.00 2.00 17.00 0.00 29.00 25.00 52.00 89.00 78.00 8.00 15.00 0.00 48.00 56.00 32.00 76.00 52.00 0.00 52.00 0.00 0.00 20.00 1.00 1.00 25.00 89.00 56.00 64.00 95.00 65.00 92.00 53.00 93.00 68.00 95.00 88.00 14.00 7.00 0.00 100.00 86.00 7.00 96.00 70.00 0.00 21.00 0.00 0.00 94.00 26.00 22.00 41.00 28.00 69.00 90.00 28.00 70.00 40.00 39.00 50.00 83.00 77.00 44.00 69.00 88.00 63.00 21.00 0.00 22.00 0.00 53.00 80.00 42.00 0.00 24.00 2.00 54.00 0.00 76.00 65.00 82.00 51.00 52.00 12.00 70.00 4.00 0.00 0.00 0.00 15.00 23.00 75.00 0.00
11 0.00 42.00 0.00 0.00 63.00 0.00 28.00 0.00 82.00 67.00 29.00 0.00 39.00 55.00 0.00 32.00 55.00 30.00 67.00 0.00 37.00 87.00 0.00 45.00 67.00 0.00 51.00 0.00 0.00 38.00 12.00 100.00 71.00 4.00 67.00 68.00 0.00 44.00 31.00 40.00 37.00 0.00 0.00 12.00 0.00 18.00 48.00 98.00 0.00 89.00 0.00 70.00 28.00 0.00 46.00 86.00 12.00 37.00 0.00 35.00 16.00 42.00 19.00 98.00 0.00 8.00 36.00 0.00 0.00 98.00 24.00 89.00 19.00 87.00 87.00 49.00 47.00 60.00 90.00 0.00 95.00 79.00 0.00 66.00 56.00 0.00 0.00 0.00 72.00 21.00 0.00 30.00 81.00 51.00 0.00 0.00 79.00 49.00 62.00 8.00
12 30.00 0.00 11.00 54.00 60.00 14.00 0.00 33.00 0.00 67.00 25.00 39.00 0.00 7.00 48.00 45.00 0.00 45.00 37.00 77.00 66.00 0.00 8.00 0.00 0.00 15.00 0.00 31.00 50.00 63.00 94.00 77.00 46.00 51.00 19.00 60.00 0.00 27.00 66.00 40.00 89.00 24.00 60.00 0.00 62.00 59.00 52.00 74.00 91.00 0.00 90.00 78.00 57.00 46.00 63.00 9.00 41.00 0.00 87.00 62.00 53.00 0.00 0.00 7.00 60.00 70.00 85.00 4.00 0.00 79.00 14.00 0.00 95.00 94.00 50.00 77.00 58.00 75.00 87.00 83.00 78.00 19.00 66.00 0.00 9.00 0.00 34.00 25.00 21.00 22.00 0.00 0.00 81.00 29.00 7.00 31.00 49.00 21.00 50.00 94.00
13 0.00 0.00 47.00 46.00 0.00 50.00 3.00 59.00 0.00 40.00 52.00 55.00 7.00 0.00 0.00 62.00 47.00 99.00 0.00 0.00 48.00 0.00 0.00 17.00 14.00 11.00 68.00 84.00 6.00 38.00 60.00 20.00 40.00 62.00 98.00 18.00 73.00 59.00 39.00 7.00 26.00 0.00 55.00 56.00 26.00 0.00 89.00 38.00 29.00 10.00 0.00 97.00 0.00 47.00 0.00 0.00 15.00 26.00 9.00 44.00 84.00 5.00 2.00 61.00 0.00 83.00 0.00 59.00 5.00 0.00 86.00 0.00 40.00 61.00 0.00 46.00 96.00 0.00 30.00 48.00 15.00 0.00 2.00 85.00 12.00 23.00 82.00 57.00 46.00 57.00 40.00 25.00 16.00 0.00 0.00 18.00 59.00 68.00 90.00 100.00
14 69.00 52.00 5.00 92.00 73.00 0.00 0.00 11.00 18.00 45.00 89.00 0.00 48.00 0.00 0.00 0.00 94.00 27.00 19.00 0.00 25.00 89.00 89.00 68.00 0.00 0.00 23.00 31.00 97.00 29.00 100.00 26.00 58.00 65.00 82.00 0.00 9.00 25.00 15.00 97.00 63.00 16.00 41.00 0.00 0.00 4.00 0.00 0.00 97.00 61.00 23.00 21.00 11.00 29.00 91.00 0.00 0.00 81.00 41.00 0.00 49.00 72.00 0.00 28.00 80.00 95.00 0.00 73.00 79.00 67.00 28.00 56.00 12.00 28.00 9.00 0.00 0.00 0.00 0.00 33.00 0.00 97.00 39.00 0.00 26.00 15.00 57.00 64.00 0.00 0.00 75.00 53.00 0.00 0.00 0.00 38.00 0.00 22.00 0.00 90.00
15 73.00 0.00 40.00 0.00 91.00 11.00 43.00 0.00 0.00 83.00 78.00 32.00 45.00 62.00 0.00 0.00 90.00 0.00 40.00 0.00 14.00 0.00 19.00 24.00 44.00 0.00 86.00 78.00 98.00 5.00 0.00 0.00 15.00 82.00 45.00 65.00 59.00 1.00 0.00 7.00 13.00 0.00 0.00 0.00 66.00 68.00 0.00 54.00 95.00 38.00 49.00 40.00 80.00 96.00 90.00 67.00 100.00 0.00 14.00 0.00 39.00 34.00 12.00 46.00 47.00 0.00 89.00 0.00 7.00 0.00 2.00 47.00 61.00 0.00 27.00 53.00 5.00 22.00 27.00 26.00 0.00 4.00 50.00 0.00 92.00 65.00 29.00 80.00 97.00 54.00 74.00 0.00 67.00 35.00 16.00 89.00 0.00 36.00 0.00 19.00
16 0.00 21.00 12.00 0.00 46.00 37.00 7.00 19.00 83.00 0.00 8.00 55.00 0.00 47.00 94.00 90.00 0.00 0.00 0.00 8.00 93.00 1.00 0.00 34.00 0.00 0.00 0.00 54.00 0.00 20.00 0.00 51.00 94.00 0.00 54.00 76.00 61.00 28.00 12.00 37.00 6.00 25.00 43.00 0.00 46.00 45.00 86.00 95.00 91.00 65.00 0.00 0.00 76.00 0.00 36.00 78.00 96.00 0.00 28.00 0.00 0.00 90.00 43.00 41.00 78.00 0.00 63.00 30.00 0.00 0.00 25.00 0.00 13.00 0.00 99.00 21.00 0.00 87.00 0.00 76.00 88.00 29.00 62.00 96.00 16.00 0.00 0.00 0.00 0.00 72.00 23.00 0.00 58.00 38.00 38.00 19.00 89.00 79.00 0.00 13.00
17 15.00 83.00 80.00 71.00 77.00 83.00 55.00 8.00 0.00 86.00 15.00 30.00 45.00 99.00 27.00 0.00 0.00 0.00 96.00 90.00 47.00 80.00 40.00 0.00 93.00 30.00 30.00 18.00 19.00 22.00 56.00 71.00 0.00 55.00 11.00 58.00 0.00 0.00 30.00 45.00 33.00 77.00 49.00 89.00 0.00 74.00 0.00 90.00 5.00 40.00 0.00 84.00 31.00 9.00 60.00 62.00 37.00 69.00 0.00 40.00 0.00 64.00 64.00 61.00 56.00 69.00 0.00 87.00 29.00 5.00 35.00 0.00 73.00 0.00 22.00 62.00 16.00 3.00 96.00 35.00 99.00 54.00 0.00 18.00 0.00 93.00 81.00 2.00 0.00 72.00 87.00 42.00 0.00 58.00 33.00 88.00 0.00 0.00 86.00 73.00
18 85.00 45.00 53.00 0.00 0.00 0.00 63.00 95.00 35.00 98.00 0.00 67.00 37.00 0.00 19.00 40.00 0.00 96.00 0.00 41.00 76.00 0.00 15.00 52.00 0.00 91.00 45.00 11.00 0.00 78.00 0.00 28.00 74.00 85.00 32.00 24.00 63.00 34.00 71.00 8.00 87.00 0.00 17.00 59.00 0.00 0.00 0.00 0.00 0.00 15.00 53.00 37.00 32.00 16.00 78.00 55.00 95.00 68.00 78.00 72.00 51.00 17.00 0.00 0.00 51.00 3.00 45.00 8.00 34.00 0.00 11.00 88.00 9.00 22.00 21.00 0.00 0.00 81.00 0.00 38.00 84.00 89.00 41.00 0.00 94.00 43.00 50.00 68.00 95.00 0.00 35.00 38.00 59.00 19.00 27.00 0.00 0.00 99.00 41.00 42.00
19 96.00 11.00 43.00 52.00 86.00 19.00 23.00 91.00 4.00 62.00 48.00 0.00 77.00 0.00 0.00 0.00 8.00 90.00 41.00 0.00 8.00 72.00 0.00 39.00 32.00 0.00 88.00 0.00 80.00 0.00 0.00 49.00 85.00 0.00 57.00 47.00 35.00 47.00 0.00 90.00 92.00 77.00 0.00 0.00 40.00 57.00 67.00 26.00 0.00 37.00 77.00 97.00 14.00 76.00 21.00 5.00 31.00 34.00 0.00 56.00 0.00 38.00 4.00 69.00 41.00 35.00 79.00 2.00 80.00 89.00 70.00 0.00 69.00 89.00 65.00 98.00 88.00 37.00 0.00 7.00 43.00 35.00 0.00 0.00 29.00 64.00 29.00 85.00 42.00 96.00 53.00 0.00 53.00 39.00 35.00 0.00 14.00 1.00 0.00 94.00
20 0.00 15.00 24.00 29.00 17.00 7.00 0.00 28.00 16.00 0.00 56.00 37.00 66.00 48.00 25.00 14.00 93.00 47.00 76.00 8.00 0.00 64.00 75.00 93.00 0.00 4.00 12.00 80.00 68.00 47.00 74.00 71.00 33.00 0.00 60.00 72.00 33.00 47.00 0.00 47.00 43.00 71.00 0.00 0.00 0.00 0.00 0.00 34.00 25.00 97.00 18.00 23.00 0.00 58.00 0.00 57.00 3.00 38.00 0.00 8.00 15.00 0.00 87.00 0.00 42.00 56.00 54.00 0.00 19.00 59.00 38.00 0.00 24.00 100.00 56.00 59.00 89.00 27.00 86.00 36.00 83.00 30.00 26.00 77.00 32.00 7.00 0.00 39.00 46.00 0.00 0.00 0.00 75.00 73.00 49.00 0.00 61.00 28.00 0.00 7.00
21 0.00 0.00 57.00 64.00 53.00 21.00 33.00 0.00 0.00 31.00 32.00 87.00 0.00 0.00 89.00 0.00 1.00 80.00 0.00 72.00 64.00 0.00 19.00 34.00 97.00 0.00 32.00 70.00 21.00 75.00 11.00 98.00 9.00 69.00 75.00 76.00 53.00 56.00 78.00 0.00 24.00 0.00 20.00 11.00 13.00 61.00 0.00 33.00 0.00 68.00 82.00 63.00 0.00 12.00 0.00 0.00 5.00 60.00 54.00 100.00 0.00 62.00 57.00 60.00 100.00 0.00 0.00 49.00 0.00 51.00 12.00 0.00 12.00 0.00 52.00 4.00 0.00 79.00 100.00 11.00 70.00 96.00 85.00 90.00 75.00 0.00 84.00 69.00 100.00 79.00 13.00 77.00 67.00 8.00 26.00 83.00 0.00 27.00 48.00 0.00
22 32.00 69.00 85.00 22.00 87.00 37.00 41.00 0.00 0.00 55.00 76.00 0.00 8.00 0.00 89.00 19.00 0.00 40.00 15.00 0.00 75.00 19.00 0.00 22.00 27.00 77.00 28.00 39.00 0.00 32.00 18.00 6.00 79.00 0.00 60.00 45.00 62.00 0.00 0.00 68.00 81.00 51.00 54.00 100.00 74.00 79.00 0.00 0.00 11.00 97.00 3.00 92.00 86.00 34.00 17.00 32.00 75.00 4.00 17.00 16.00 49.00 0.00 50.00 96.00 73.00 7.00 9.00 2.00 84.00 14.00 10.00 50.00 3.00 35.00 0.00 65.00 36.00 28.00 0.00 87.00 69.00 55.00 20.00 50.00 48.00 24.00 74.00 80.00 59.00 0.00 72.00 86.00 39.00 88.00 0.00 63.00 0.00 0.00 0.00 58.00
23 28.00 0.00 74.00 65.00 70.00 0.00 0.00 0.00 61.00 0.00 52.00 45.00 0.00 17.00 68.00 24.00 34.00 0.00 52.00 39.00 93.00 34.00 22.00 0.00 48.00 66.00 0.00 67.00 68.00 82.00 0.00 22.00 65.00 56.00 10.00 66.00 34.00 43.00 42.00 0.00 8.00 0.00 55.00 0.00 95.00 5.00 54.00 96.00 81.00 99.00 0.00 55.00 91.00 4.00 78.00 63.00 0.00 92.00 0.00 31.00 0.00 2.00 22.00 44.00 28.00 0.00 0.00 9.00 33.00 28.00 0.00 25.00 2.00 70.00 63.00 10.00 0.00 19.00 17.00 20.00 58.00 0.00 20.00 54.00 48.00 43.00 35.00 23.00 20.00 12.00 0.00 76.00 8.00 10.00 57.00 21.00 70.00 86.00 0.00 60.00
24 60.00 2.00 57.00 0.00 34.00 45.00 29.00 63.00 0.00 0.00 0.00 67.00 0.00 14.00 0.00 44.00 0.00 93.00 0.00 32.00 0.00 97.00 27.00 48.00 0.00 94.00 54.00 50.00 77.00 1.00 46.00 0.00 79.00 56.00 77.00 40.00 24.00 0.00 10.00 8.00 73.00 74.00 7.00 10.00 86.00 28.00 50.00 8.00 0.00 0.00 0.00 0.00 3.00 75.00 94.00 75.00 0.00 0.00 11.00 100.00 70.00 80.00 85.00 0.00 77.00 51.00 47.00 0.00 0.00 6.00 33.00 29.00 88.00 26.00 49.00 46.00 36.00 98.00 0.00 25.00 5.00 100.00 88.00 0.00 39.00 27.00 44.00 86.00 63.00 76.00 23.00 11.00 61.00 0.00 91.00 76.00 0.00 17.00 96.00 42.00
25 23.00 10.00 73.00 96.00 41.00 93.00 44.00 2.00 88.00 34.00 52.00 0.00 15.00 11.00 0.00 0.00 0.00 30.00 91.00 0.00 4.00 0.00 77.00 66.00 94.00 0.00 0.00 5.00 49.00 24.00 54.00 0.00 0.00 88.00 12.00 59.00 0.00 0.00 58.00 74.00 23.00 42.00 68.00 90.00 7.00 0.00 31.00 43.00 94.00 80.00 0.00 63.00 81.00 100.00 0.00 86.00 5.00 44.00 28.00 0.00 57.00 0.00 28.00 78.00 41.00 24.00 0.00 1.00 98.00 81.00 57.00 70.00 35.00 76.00 25.00 0.00 0.00 7.00 43.00 0.00 78.00 18.00 0.00 0.00 92.00 81.00 0.00 0.00 35.00 35.00 0.00 0.00 0.00 83.00 46.00 49.00 0.00 42.00 1.00 10.00
26 0.00 0.00 55.00 64.00 0.00 48.00 35.00 21.00 0.00 32.00 0.00 51.00 0.00 68.00 23.00 86.00 0.00 30.00 45.00 88.00 12.00 32.00 28.00 0.00 54.00 0.00 0.00 63.00 0.00 0.00 0.00 63.00 0.00 87.00 8.00 8.00 1.00 0.00 0.00 0.00 0.00 64.00 11.00 57.00 66.00 96.00 0.00 99.00 39.00 0.00 19.00 17.00 47.00 5.00 25.00 33.00 0.00 75.00 15.00 76.00 0.00 2.00 7.00 67.00 40.00 4.00 14.00 9.00 49.00 94.00 73.00 83.00 0.00 0.00 67.00 61.00 77.00 0.00 40.00 0.00 100.00 33.00 24.00 93.00 88.00 82.00 38.00 0.00 20.00 0.00 75.00 51.00 85.00 52.00 98.00 20.00 71.00 0.00 0.00 0.00
27 0.00 0.00 11.00 99.00 72.00 0.00 98.00 0.00 20.00 27.00 0.00 0.00 31.00 84.00 31.00 78.00 54.00 18.00 11.00 0.00 80.00 70.00 39.00 67.00 50.00 5.00 63.00 0.00 57.00 6.00 13.00 100.00 0.00 99.00 44.00 67.00 22.00 8.00 30.00 40.00 67.00 0.00 52.00 1.00 0.00 0.00 0.00 70.00 30.00 12.00 1.00 0.00 85.00 0.00 55.00 28.00 78.00 56.00 93.00 79.00 0.00 0.00 99.00 0.00 93.00 0.00 0.00 0.00 0.00 10.00 0.00 51.00 89.00 65.00 5.00 0.00 77.00 45.00 54.00 83.00 95.00 0.00 16.00 30.00 30.00 59.00 81.00 100.00 80.00 93.00 71.00 18.00 90.00 61.00 9.00 0.00 73.00 14.00 89.00 38.00
28 49.00 93.00 0.00 39.00 13.00 91.00 0.00 60.00 40.00 86.00 20.00 0.00 50.00 6.00 97.00 98.00 0.00 19.00 0.00 80.00 68.00 21.00 0.00 68.00 77.00 49.00 0.00 57.00 0.00 0.00 60.00 13.00 41.00 5.00 65.00 99.00 29.00 0.00 41.00 0.00 31.00 88.00 55.00 31.00 29.00 93.00 0.00 1.00 8.00 27.00 14.00 62.00 0.00 68.00 63.00 70.00 31.00 96.00 0.00 0.00 76.00 38.00 79.00 30.00 54.00 74.00 97.00 0.00 21.00 37.00 30.00 13.00 89.00 49.00 66.00 71.00 17.00 29.00 88.00 46.00 61.00 29.00 73.00 0.00 63.00 31.00 0.00 0.00 0.00 9.00 46.00 22.00 36.00 80.00 45.00 75.00 36.00 92.00 38.00 0.00
29 81.00 48.00 28.00 12.00 0.00 91.00 53.00 29.00 14.00 22.00 1.00 38.00 63.00 38.00 29.00 5.00 20.00 22.00 78.00 0.00 47.00 75.00 32.00 82.00 1.00 24.00 0.00 6.00 0.00 0.00 40.00 20.00 13.00 0.00 73.00 17.00 14.00 0.00 25.00 13.00 6.00 0.00 0.00 59.00 66.00 55.00 0.00 51.00 100.00 42.00 25.00 88.00 68.00 99.00 0.00 81.00 59.00 24.00 70.00 72.00 63.00 87.00 62.00 6.00 29.00 14.00 0.00 37.00 20.00 0.00 23.00 69.00 0.00 0.00 97.00 49.00 83.00 10.00 0.00 49.00 47.00 44.00 21.00 0.00 70.00 14.00 69.00 0.00 0.00 58.00 0.00 100.00 0.00 14.00 57.00 45.00 70.00 0.00 79.00 61.00
30 25.00 22.00 0.00 28.00 82.00 80.00 4.00 0.00 58.00 40.00 1.00 12.00 94.00 60.00 100.00 0.00 0.00 56.00 0.00 0.00 74.00 11.00 18.00 0.00 46.00 54.00 0.00 13.00 60.00 40.00 0.00 69.00 54.00 91.00 78.00 0.00 2.00 100.00 92.00 99.00 35.00 50.00 0.00 0.00 0.00 37.00 49.00 48.00 60.00 42.00 5.00 0.00 17.00 0.00 22.00 0.00 0.00 4.00 13.00 24.00 21.00 93.00 59.00 60.00 0.00 40.00 0.00 26.00 49.00 0.00 72.00 14.00 84.00 60.00 53.00 28.00 12.00 92.00 8.00 0.00 38.00 61.00 80.00 80.00 23.00 0.00 0.00 54.00 88.00 29.00 61.00 92.00 84.00 97.00 25.00 5.00 68.00 37.00 45.00 69.00
31 0.00 0.00 22.00 5.00 0.00 45.00 0.00 90.00 28.00 34.00 25.00 100.00 77.00 20.00 26.00 0.00 51.00 71.00 28.00 49.00 71.00 98.00 6.00 22.00 0.00 0.00 63.00 100.00 13.00 20.00 69.00 0.00 82.00 36.00 80.00 85.00 61.00 60.00 59.00 27.00 0.00 53.00 78.00 38.00 11.00 69.00 0.00 85.00 48.00 35.00 46.00 76.00 68.00 86.00 90.00 87.00 100.00 22.00 0.00 0.00 68.00 91.00 1.00 56.00 23.00 76.00 78.00 0.00 0.00 34.00 0.00 89.00 0.00 59.00 75.00 63.00 47.00 78.00 0.00 98.00 78.00 92.00 0.00 55.00 4.00 12.00 0.00 99.00 0.00 96.00 0.00 1.00 40.00 0.00 0.00 94.00 0.00 97.00 9.00 37.00
32 0.00 0.00 0.00 0.00 49.00 21.00 75.00 100.00 83.00 43.00 89.00 71.00 46.00 40.00 58.00 15.00 94.00 0.00 74.00 85.00 33.00 9.00 79.00 65.00 79.00 0.00 0.00 0.00 41.00 13.00 54.00 82.00 0.00 0.00 30.00 0.00 81.00 0.00 0.00 98.00 0.00 0.00 0.00 50.00 51.00 0.00 53.00 43.00 6.00 47.00 30.00 10.00 86.00 34.00 0.00 93.00 0.00 22.00 60.00 65.00 97.00 61.00 4.00 99.00 79.00 9.00 0.00 0.00 0.00 12.00 32.00 53.00 32.00 0.00 0.00 44.00 12.00 76.00 31.00 75.00 63.00 56.00 85.00 99.00 0.00 21.00 30.00 0.00 16.00 25.00 89.00 30.00 4.00 33.00 68.00 36.00 30.00 0.00 17.00 22.00
33 58.00 73.00 27.00 2.00 2.00 0.00 36.00 0.00 8.00 0.00 56.00 4.00 51.00 62.00 65.00 82.00 0.00 55.00 85.00 0.00 0.00 69.00 0.00 56.00 56.00 88.00 87.00 99.00 5.00 0.00 91.00 36.00 0.00 0.00 0.00 78.00 14.00 32.00 0.00 0.00 45.00 68.00 27.00 0.00 75.00 87.00 87.00 0.00 0.00 0.00 100.00 37.00 0.00 0.00 6.00 3.00 39.00 6.00 0.00 0.00 0.00 77.00 29.00 0.00 34.00 0.00 84.00 98.00 48.00 63.00 81.00 0.00 96.00 48.00 96.00 55.00 0.00 62.00 1.00 75.00 0.00 58.00 0.00 0.00 28.00 19.00 88.00 0.00 0.00 0.00 100.00 56.00 79.00 68.00 99.00 21.00 30.00 13.00 72.00 82.00
34 48.00 0.00 71.00 24.00 15.00 83.00 13.00 67.00 0.00 0.00 64.00 67.00 19.00 98.00 82.00 45.00 54.00 11.00 32.00 57.00 60.00 75.00 60.00 10.00 77.00 12.00 8.00 44.00 65.00 73.00 78.00 80.00 30.00 0.00 0.00 67.00 92.00 34.00 59.00 0.00 88.00 0.00 76.00 79.00 97.00 87.00 96.00 30.00 0.00 23.00 97.00 74.00 16.00 65.00 94.00 46.00 27.00 32.00 0.00 98.00 0.00 0.00 66.00 21.00 47.00 0.00 0.00 0.00 18.00 37.00 97.00 0.00 33.00 88.00 27.00 61.00 88.00 0.00 95.00 92.00 2.00 75.00 13.00 83.00 12.00 9.00 0.00 20.00 0.00 61.00 0.00 94.00 82.00 0.00 11.00 33.00 79.00 15.00 3.00 35.00
35 1.00 8.00 62.00 60.00 16.00 26.00 30.00 0.00 22.00 0.00 95.00 68.00 60.00 18.00 0.00 65.00 76.00 58.00 24.00 47.00 72.00 76.00 45.00 66.00 40.00 59.00 8.00 67.00 99.00 17.00 0.00 85.00 0.00 78.00 67.00 0.00 0.00 87.00 42.00 41.00 0.00 45.00 90.00 80.00 0.00 70.00 97.00 46.00 95.00 5.00 48.00 0.00 46.00 0.00 0.00 76.00 0.00 5.00 89.00 26.00 25.00 55.00 87.00 58.00 0.00 45.00 82.00 93.00 80.00 0.00 68.00 78.00 68.00 0.00 54.00 0.00 0.00 42.00 1.00 0.00 15.00 0.00 0.00 0.00 0.00 50.00 63.00 0.00 17.00 9.00 1.00 43.00 6.00 0.00 52.00 0.00 92.00 21.00 15.00 18.00
36 0.00 76.00 0.00 79.00 0.00 28.00 23.00 22.00 71.00 69.00 65.00 0.00 0.00 73.00 9.00 59.00 61.00 0.00 63.00 35.00 33.00 53.00 62.00 34.00 24.00 0.00 1.00 22.00 29.00 14.00 2.00 61.00 81.00 14.00 92.00 0.00 0.00 68.00 55.00 0.00 0.00 0.00 0.00 19.00 0.00 0.00 24.00 18.00 29.00 31.00 29.00 27.00 53.00 2.00 0.00 36.00 0.00 50.00 99.00 30.00 32.00 46.00 13.00 40.00 22.00 84.00 65.00 96.00 91.00 65.00 54.00 0.00 22.00 46.00 74.00 89.00 37.00 86.00 56.00 45.00 35.00 0.00 68.00 29.00 64.00 0.00 0.00 50.00 0.00 45.00 42.00 27.00 44.00 27.00 36.00 100.00 5.00 20.00 59.00 55.00
37 28.00 0.00 27.00 37.00 27.00 56.00 43.00 34.00 89.00 22.00 92.00 44.00 27.00 59.00 25.00 1.00 28.00 0.00 34.00 47.00 47.00 56.00 0.00 43.00 0.00 0.00 0.00 8.00 0.00 0.00 100.00 60.00 0.00 32.00 34.00 87.00 68.00 0.00 0.00 24.00 64.00 0.00 0.00 90.00 49.00 70.00 0.00 89.00 0.00 17.00 13.00 18.00 51.00 94.00 33.00 43.00 82.00 68.00 71.00 74.00 92.00 92.00 49.00 80.00 0.00 0.00 94.00 90.00 0.00 71.00 9.00 0.00 70.00 15.00 0.00 11.00 35.00 0.00 13.00 0.00 58.00 63.00 0.00 31.00 67.00 23.00 100.00 83.00 42.00 20.00 0.00 0.00 22.00 34.00 0.00 3.00 80.00 37.00 34.00 32.00
38 0.00 49.00 15.00 77.00 0.00 0.00 48.00 92.00 1.00 30.00 53.00 31.00 66.00 39.00 15.00 0.00 12.00 30.00 71.00 0.00 0.00 78.00 0.00 42.00 10.00 58.00 0.00 30.00 41.00 25.00 92.00 59.00 0.00 0.00 59.00 42.00 55.00 0.00 0.00 10.00 4.00 15.00 56.00 42.00 92.00 78.00 0.00 0.00 34.00 66.00 67.00 69.00 0.00 74.00 2.00 33.00 36.00 31.00 0.00 12.00 54.00 0.00 48.00 55.00 95.00 16.00 58.00 88.00 86.00 50.00 19.00 1.00 77.00 19.00 50.00 65.00 0.00 29.00 0.00 0.00 59.00 92.00 59.00 26.00 16.00 71.00 25.00 0.00 25.00 54.00 43.00 72.00 40.00 26.00 36.00 6.00 93.00 85.00 95.00 82.00
39 76.00 76.00 52.00 18.00 65.00 17.00 0.00 39.00 68.00 82.00 93.00 40.00 40.00 7.00 97.00 7.00 37.00 45.00 8.00 90.00 47.00 0.00 68.00 0.00 8.00 74.00 0.00 40.00 0.00 13.00 99.00 27.00 98.00 0.00 0.00 41.00 0.00 24.00 10.00 0.00 4.00 72.00 24.00 0.00 47.00 53.00 49.00 0.00 0.00 32.00 0.00 53.00 5.00 79.00 74.00 0.00 0.00 0.00 83.00 40.00 68.00 25.00 45.00 47.00 41.00 60.00 5.00 45.00 59.00 29.00 73.00 78.00 56.00 23.00 0.00 64.00 98.00 0.00 87.00 0.00 0.00 17.00 62.00 43.00 78.00 73.00 44.00 61.00 0.00 0.00 3.00 36.00 56.00 92.00 0.00 0.00 0.00 18.00 0.00 43.00
40 8.00 0.00 38.00 59.00 21.00 63.00 0.00 0.00 22.00 89.00 68.00 37.00 89.00 26.00 63.00 13.00 6.00 33.00 87.00 92.00 43.00 24.00 81.00 8.00 73.00 23.00 0.00 67.00 31.00 6.00 35.00 0.00 0.00 45.00 88.00 0.00 0.00 64.00 4.00 4.00 0.00 65.00 61.00 44.00 77.00 0.00 36.00 92.00 77.00 19.00 88.00 0.00 66.00 90.00 38.00 0.00 0.00 24.00 71.00 90.00 78.00 0.00 35.00 66.00 0.00 0.00 94.00 77.00 38.00 0.00 21.00 28.00 87.00 10.00 0.00 2.00 11.00 73.00 20.00 62.00 6.00 0.00 16.00 0.00 0.00 0.00 93.00 41.00 50.00 24.00 0.00 42.00 0.00 99.00 0.00 28.00 65.00 0.00 0.00 40.00
41 0.00 39.00 30.00 38.00 35.00 64.00 50.00 0.00 28.00 64.00 95.00 0.00 24.00 0.00 16.00 0.00 25.00 77.00 0.00 77.00 71.00 0.00 51.00 0.00 74.00 42.00 64.00 0.00 88.00 0.00 50.00 53.00 0.00 68.00 0.00 45.00 0.00 0.00 15.00 72.00 65.00 0.00 0.00 47.00 0.00 80.00 30.00 47.00 0.00 74.00 40.00 55.00 67.00 60.00 67.00 93.00 46.00 33.00 37.00 18.00 74.00 73.00 0.00 70.00 0.00 31.00 0.00 55.00 7.00 21.00 19.00 0.00 67.00 80.00 17.00 61.00 15.00 0.00 85.00 29.00 28.00 93.00 50.00 94.00 64.00 4.00 31.00 2.00 38.00 37.00 82.00 99.00 41.00 81.00 41.00 59.00 0.00 50.00 91.00 0.00
42 10.00 0.00 4.00 25.00 64.00 0.00 52.00 0.00 98.00 0.00 88.00 0.00 60.00 55.00 41.00 0.00 43.00 49.00 17.00 0.00 0.00 20.00 54.00 55.00 7.00 68.00 11.00 52.00 55.00 0.00 0.00 78.00 0.00 27.00 76.00 90.00 0.00 0.00 56.00 24.00 61.00 0.00 0.00 98.00 61.00 0.00 0.00 0.00 90.00 72.00 53.00 62.00 0.00 97.00 10.00 57.00 0.00 0.00 48.00 22.00 62.00 59.00 39.00 42.00 3.00 59.00 7.00 58.00 89.00 2.00 62.00 0.00 36.00 8.00 10.00 0.00 83.00 75.00 22.00 11.00 54.00 61.00 99.00 0.00 0.00 0.00 72.00 14.00 71.00 0.00 26.00 56.00 9.00 38.00 0.00 0.00 97.00 68.00 72.00 10.00
43 57.00 41.00 9.00 13.00 70.00 8.00 75.00 79.00 47.00 25.00 14.00 12.00 0.00 56.00 0.00 0.00 0.00 89.00 59.00 0.00 0.00 11.00 100.00 0.00 10.00 90.00 57.00 1.00 31.00 59.00 0.00 38.00 50.00 0.00 79.00 80.00 19.00 90.00 42.00 0.00 44.00 47.00 98.00 0.00 52.00 87.00 0.00 88.00 85.00 99.00 0.00 0.00 97.00 43.00 44.00 85.00 0.00 3.00 0.00 66.00 36.00 58.00 0.00 4.00 94.00 62.00 51.00 97.00 59.00 0.00 7.00 33.00 6.00 5.00 9.00 8.00 0.00 0.00 0.00 0.00 77.00 96.00 13.00 24.00 14.00 63.00 0.00 0.00 24.00 60.00 84.00 8.00 83.00 82.00 68.00 0.00 0.00 0.00 0.00 73.00
44 0.00 26.00 78.00 31.00 29.00 18.00 0.00 59.00 32.00 33.00 7.00 0.00 62.00 26.00 0.00 66.00 46.00 0.00 0.00 40.00 0.00 13.00 74.00 95.00 86.00 7.00 66.00 0.00 29.00 66.00 0.00 11.00 51.00 75.00 97.00 0.00 0.00 49.00 92.00 47.00 77.00 0.00 61.00 52.00 0.00 53.00 40.00 87.00 84.00 15.00 28.00 0.00 0.00 34.00 23.00 0.00 99.00 0.00 47.00 18.00 25.00 80.00 73.00 62.00 54.00 79.00 62.00 0.00 36.00 22.00 41.00 71.00 21.00 81.00 17.00 17.00 65.00 49.00 0.00 93.00 73.00 48.00 96.00 0.00 0.00 68.00 70.00 11.00 0.00 0.00 18.00 0.00 75.00 54.00 48.00 94.00 83.00 48.00 0.00 0.00
45 98.00 95.00 65.00 67.00 83.00 0.00 74.00 0.00 97.00 89.00 0.00 18.00 59.00 0.00 4.00 68.00 45.00 74.00 0.00 57.00 0.00 61.00 79.00 5.00 28.00 0.00 96.00 0.00 93.00 55.00 37.00 69.00 0.00 87.00 87.00 70.00 0.00 70.00 78.00 53.00 0.00 80.00 0.00 87.00 53.00 0.00 14.00 0.00 77.00 61.00 37.00 0.00 0.00 69.00 69.00 45.00 0.00 30.00 0.00 0.00 2.00 96.00 0.00 40.00 13.00 7.00 96.00 1.00 0.00 0.00 0.00 0.00 43.00 65.00 14.00 98.00 15.00 3.00 77.00 0.00 0.00 8.00 76.00 30.00 40.00 25.00 57.00 56.00 52.00 0.00 0.00 0.00 0.00 83.00 84.00 60.00 77.00 0.00 80.00 0.00
46 77.00 11.00 0.00 87.00 39.00 0.00 72.00 36.00 32.00 68.00 100.00 48.00 52.00 89.00 0.00 0.00 86.00 0.00 0.00 67.00 0.00 0.00 0.00 54.00 50.00 31.00 0.00 0.00 0.00 0.00 49.00 0.00 53.00 87.00 96.00 97.00 24.00 0.00 0.00 49.00 36.00 30.00 0.00 0.00 40.00 14.00 0.00 3.00 93.00 53.00 0.00 78.00 0.00 1.00 0.00 21.00 0.00 0.00 37.00 37.00 0.00 68.00 56.00 87.00 91.00 14.00 57.00 91.00 96.00 0.00 85.00 48.00 0.00 56.00 55.00 0.00 75.00 43.00 8.00 0.00 17.00 93.00 76.00 0.00 0.00 92.00 52.00 66.00 71.00 0.00 0.00 62.00 0.00 0.00 30.00 4.00 87.00 59.00 19.00 43.00
47 18.00 62.00 48.00 52.00 74.00 41.00 0.00 76.00 38.00 24.00 86.00 98.00 74.00 38.00 0.00 54.00 95.00 90.00 0.00 26.00 34.00 33.00 0.00 96.00 8.00 43.00 99.00 70.00 1.00 51.00 48.00 85.00 43.00 0.00 30.00 46.00 18.00 89.00 0.00 0.00 92.00 47.00 0.00 88.00 87.00 0.00 3.00 0.00 0.00 48.00 24.00 76.00 63.00 14.00 40.00 89.00 46.00 94.00 18.00 0.00 94.00 92.00 42.00 4.00 96.00 42.00 0.00 64.00 74.00 46.00 44.00 0.00 41.00 0.00 47.00 0.00 0.00 74.00 0.00 100.00 97.00 90.00 0.00 78.00 0.00 16.00 0.00 10.00 24.00 0.00 0.00 82.00 93.00 0.00 0.00 11.00 75.00 29.00 0.00 5.00
48 78.00 0.00 0.00 0.00 76.00 0.00 87.00 37.00 64.00 0.00 7.00 0.00 91.00 29.00 97.00 95.00 91.00 5.00 0.00 0.00 25.00 0.00 11.00 81.00 0.00 94.00 39.00 30.00 8.00 100.00 60.00 48.00 6.00 0.00 0.00 95.00 29.00 0.00 34.00 0.00 77.00 0.00 90.00 85.00 84.00 77.00 93.00 0.00 0.00 86.00 21.00 0.00 49.00 99.00 2.00 68.00 0.00 51.00 0.00 66.00 12.00 32.00 37.00 0.00 9.00 79.00 49.00 18.00 9.00 15.00 49.00 0.00 0.00 46.00 38.00 97.00 11.00 8.00 84.00 91.00 53.00 92.00 62.00 60.00 54.00 68.00 21.00 83.00 59.00 18.00 86.00 41.00 38.00 80.00 13.00 65.00 13.00 70.00 66.00 72.00
49 45.00 64.00 36.00 80.00 70.00 23.00 0.00 36.00 85.00 76.00 96.00 89.00 0.00 10.00 61.00 38.00 65.00 40.00 15.00 37.00 97.00 68.00 97.00 99.00 0.00 80.00 0.00 12.00 27.00 42.00 42.00 35.00 47.00 0.00 23.00 5.00 31.00 17.00 66.00 32.00 19.00 74.00 72.00 99.00 15.00 61.00 53.00 48.00 86.00 0.00 91.00 40.00 51.00 89.00 0.00 29.00 0.00 39.00 61.00 0.00 0.00 90.00 51.00 0.00 79.00 0.00 11.00 66.00 12.00 67.00 48.00 91.00 0.00 0.00 31.00 62.00 100.00 25.00 85.00 23.00 66.00 82.00 0.00 41.00 49.00 8.00 37.00 91.00 13.00 45.00 35.00 0.00 71.00 40.00 62.00 20.00 0.00 7.00 7.00 43.00
50 56.00 21.00 90.00 36.00 72.00 95.00 0.00 16.00 65.00 0.00 70.00 0.00 90.00 0.00 23.00 49.00 0.00 0.00 53.00 77.00 18.00 82.00 3.00 0.00 0.00 0.00 19.00 1.00 14.00 25.00 5.00 46.00 30.00 100.00 97.00 48.00 29.00 13.00 67.00 0.00 88.00 40.00 53.00 0.00 28.00 37.00 0.00 24.00 21.00 91.00 0.00 55.00 29.00 38.00 83.00 85.00 0.00 4.00 2.00 0.00 21.00 0.00 52.00 0.00 24.00 88.00 26.00 12.00 0.00 30.00 65.00 18.00 0.00 53.00 85.00 0.00 14.00 92.00 44.00 36.00 32.00 98.00 3.00 0.00 69.00 96.00 5.00 74.00 0.00 0.00 61.00 35.00 53.00 49.00 32.00 74.00 30.00 80.00 83.00 36.00
51 100.00 90.00 60.00 0.00 0.00 0.00 0.00 44.00 87.00 73.00 0.00 70.00 78.00 97.00 21.00 40.00 0.00 84.00 37.00 97.00 23.00 63.00 92.00 55.00 0.00 63.00 17.00 0.00 62.00 88.00 0.00 76.00 10.00 37.00 74.00 0.00 27.00 18.00 69.00 53.00 0.00 55.00 62.00 0.00 0.00 0.00 78.00 76.00 0.00 40.00 55.00 0.00 24.00 64.00 65.00 41.00 59.00 94.00 69.00 25.00 90.00 0.00 14.00 45.00 23.00 83.00 0.00 28.00 98.00 12.00 55.00 17.00 2.00 0.00 0.00 96.00 0.00 86.00 0.00 0.00 88.00 96.00 19.00 51.00 40.00 0.00 14.00 0.00 88.00 0.00 79.00 0.00 83.00 36.00 59.00 28.00 0.00 30.00 29.00 86.00
52 65.00 58.00 47.00 7.00 34.00 6.00 18.00 0.00 6.00 0.00 21.00 28.00 57.00 0.00 11.00 80.00 76.00 31.00 32.00 14.00 0.00 0.00 86.00 91.00 3.00 81.00 47.00 85.00 0.00 68.00 17.00 68.00 86.00 0.00 16.00 46.00 53.00 51.00 0.00 5.00 66.00 67.00 0.00 97.00 0.00 0.00 0.00 63.00 49.00 51.00 29.00 24.00 0.00 0.00 0.00 41.00 98.00 91.00 96.00 68.00 52.00 60.00 0.00 0.00 80.00 40.00 4.00 54.00 0.00 0.00 54.00 36.00 38.00 0.00 51.00 5.00 0.00 0.00 71.00 24.00 11.00 73.00 17.00 56.00 0.00 84.00 0.00 97.00 9.00 94.00 54.00 97.00 50.00 72.00 0.00 15.00 86.00 85.00 42.00 3.00
53 12.00 39.00 83.00 0.00 91.00 47.00 67.00 74.00 0.00 35.00 0.00 0.00 46.00 47.00 29.00 96.00 0.00 9.00 16.00 76.00 58.00 12.00 34.00 4.00 75.00 100.00 5.00 0.00 68.00 99.00 0.00 86.00 34.00 0.00 65.00 0.00 2.00 94.00 74.00 79.00 90.00 60.00 97.00 43.00 34.00 69.00 1.00 14.00 99.00 89.00 38.00 64.00 0.00 0.00 5.00 72.00 23.00 69.00 88.00 79.00 94.00 7.00 46.00 95.00 19.00 43.00 100.00 100.00 0.00 27.00 16.00 74.00 0.00 20.00 0.00 0.00 27.00 5.00 3.00 99.00 68.00 7.00 94.00 34.00 0.00 12.00 46.00 11.00 0.00 23.00 14.00 99.00 93.00 37.00 46.00 0.00 51.00 90.00 94.00 0.00
54 0.00 80.00 62.00 19.00 26.00 73.00 56.00 0.00 51.00 0.00 0.00 46.00 63.00 0.00 91.00 90.00 36.00 60.00 78.00 21.00 0.00 0.00 17.00 78.00 94.00 0.00 25.00 55.00 63.00 0.00 22.00 90.00 0.00 6.00 94.00 0.00 0.00 33.00 2.00 74.00 38.00 67.00 10.00 44.00 23.00 69.00 0.00 40.00 2.00 0.00 83.00 65.00 0.00 5.00 0.00 19.00 38.00 15.00 82.00 70.00 98.00 0.00 0.00 84.00 62.00 76.00 96.00 24.00 34.00 88.00 3.00 92.00 25.00 99.00 0.00 3.00 57.00 21.00 6.00 1.00 59.00 0.00 51.00 4.00 100.00 0.00 3.00 63.00 46.00 0.00 0.00 0.00 0.00 68.00 11.00 32.00 31.00 90.00 0.00 56.00
55 0.00 0.00 0.00 74.00 0.00 43.00 0.00 0.00 0.00 16.00 94.00 86.00 9.00 0.00 0.00 67.00 78.00 62.00 55.00 5.00 57.00 0.00 32.00 63.00 75.00 86.00 33.00 28.00 70.00 81.00 0.00 87.00 93.00 3.00 46.00 76.00 36.00 43.00 33.00 0.00 0.00 93.00 57.00 85.00 0.00 45.00 21.00 89.00 68.00 29.00 85.00 41.00 41.00 72.00 19.00 0.00 62.00 0.00 0.00 18.00 0.00 20.00 38.00 0.00 27.00 66.00 73.00 65.00 0.00 0.00 0.00 52.00 50.00 0.00 97.00 0.00 0.00 88.00 57.00 42.00 11.00 88.00 12.00 61.00 49.00 37.00 23.00 96.00 87.00 0.00 74.00 0.00 22.00 8.00 0.00 0.00 0.00 45.00 0.00 34.00
56 10.00 0.00 56.00 26.00 4.00 38.00 0.00 0.00 93.00 8.00 26.00 12.00 41.00 15.00 0.00 100.00 96.00 37.00 95.00 31.00 3.00 5.00 75.00 0.00 0.00 5.00 0.00 78.00 31.00 59.00 0.00 100.00 0.00 39.00 27.00 0.00 0.00 82.00 36.00 0.00 0.00 46.00 0.00 0.00 99.00 0.00 0.00 46.00 0.00 0.00 0.00 59.00 98.00 23.00 38.00 62.00 0.00 0.00 28.00 38.00 16.00 77.00 0.00 46.00 23.00 33.00 0.00 0.00 4.00 0.00 50.00 14.00 20.00 0.00 0.00 0.00 47.00 57.00 47.00 74.00 41.00 17.00 0.00 56.00 83.00 0.00 0.00 62.00 40.00 20.00 0.00 67.00 82.00 0.00 10.00 47.00 0.00 3.00 4.00 56.00
57 84.00 93.00 0.00 0.00 7.00 0.00 82.00 35.00 58.00 89.00 22.00 37.00 0.00 26.00 81.00 0.00 0.00 69.00 68.00 34.00 38.00 60.00 4.00 92.00 0.00 44.00 75.00 56.00 96.00 24.00 4.00 22.00 22.00 6.00 32.00 5.00 50.00 68.00 31.00 0.00 24.00 33.00 0.00 3.00 0.00 30.00 0.00 94.00 51.00 39.00 4.00 94.00 91.00 69.00 15.00 0.00 0.00 0.00 73.00 28.00 23.00 51.00 35.00 36.00 80.00 90.00 56.00 0.00 67.00 65.00 85.00 84.00 0.00 0.00 59.00 27.00 35.00 76.00 0.00 19.00 95.00 0.00 62.00 43.00 79.00 57.00 69.00 89.00 90.00 0.00 41.00 42.00 0.00 36.00 47.00 13.00 37.00 51.00 78.00 30.00
58 3.00 100.00 36.00 49.00 0.00 45.00 18.00 36.00 0.00 66.00 41.00 0.00 87.00 9.00 41.00 14.00 28.00 0.00 78.00 0.00 0.00 54.00 17.00 0.00 11.00 28.00 15.00 93.00 0.00 70.00 13.00 0.00 60.00 0.00 0.00 89.00 99.00 71.00 0.00 83.00 71.00 37.00 48.00 0.00 47.00 0.00 37.00 18.00 0.00 61.00 2.00 69.00 96.00 88.00 82.00 0.00 28.00 73.00 0.00 0.00 11.00 0.00 0.00 0.00 42.00 99.00 54.00 90.00 69.00 2.00 88.00 30.00 37.00 74.00 31.00 55.00 69.00 0.00 0.00 0.00 97.00 28.00 0.00 64.00 48.00 0.00 11.00 0.00 0.00 0.00 3.00 99.00 95.00 22.00 3.00 7.00 38.00 66.00 35.00 0.00
59 78.00 81.00 0.00 0.00 58.00 0.00 45.00 14.00 0.00 77.00 28.00 35.00 62.00 44.00 0.00 0.00 0.00 40.00 72.00 56.00 8.00 100.00 16.00 31.00 100.00 0.00 76.00 79.00 0.00 72.00 24.00 0.00 65.00 0.00 98.00 26.00 30.00 74.00 12.00 40.00 90.00 18.00 22.00 66.00 18.00 0.00 37.00 0.00 66.00 0.00 0.00 25.00 68.00 79.00 70.00 18.00 38.00 28.00 0.00 0.00 0.00 0.00 61.00 0.00 0.00 61.00 0.00 0.00 42.00 38.00 77.00 36.00 70.00 30.00 29.00 0.00 0.00 0.00 35.00 3.00 78.00 11.00 0.00 20.00 46.00 18.00 64.00 82.00 64.00 81.00 0.00 34.00 0.00 0.00 57.00 22.00 11.00 32.00 44.00 70.00
60 98.00 88.00 0.00 0.00 0.00 0.00 0.00 0.00 60.00 91.00 69.00 16.00 53.00 84.00 49.00 39.00 0.00 0.00 51.00 0.00 15.00 0.00 49.00 0.00 70.00 57.00 0.00 0.00 76.00 63.00 21.00 68.00 97.00 0.00 0.00 25.00 32.00 92.00 54.00 68.00 78.00 74.00 62.00 36.00 25.00 2.00 0.00 94.00 12.00 0.00 21.00 90.00 52.00 94.00 98.00 0.00 16.00 23.00 11.00 0.00 0.00 35.00 17.00 21.00 62.00 12.00 92.00 0.00 32.00 30.00 68.00 0.00 69.00 42.00 66.00 23.00 73.00 40.00 57.00 4.00 0.00 18.00 2.00 2.00 0.00 0.00 0.00 11.00 0.00 75.00 56.00 41.00 86.00 0.00 53.00 51.00 71.00 8.00 0.00 93.00
61 56.00 11.00 76.00 44.00 7.00 0.00 33.00 38.00 29.00 52.00 90.00 42.00 0.00 5.00 72.00 34.00 90.00 64.00 17.00 38.00 0.00 62.00 0.00 2.00 80.00 0.00 2.00 0.00 38.00 87.00 93.00 91.00 61.00 77.00 0.00 55.00 46.00 92.00 0.00 25.00 0.00 73.00 59.00 58.00 80.00 96.00 68.00 92.00 32.00 90.00 0.00 0.00 60.00 7.00 0.00 20.00 77.00 51.00 0.00 0.00 35.00 0.00 0.00 0.00 59.00 0.00 45.00 11.00 0.00 69.00 99.00 0.00 47.00 63.00 0.00 39.00 5.00 82.00 34.00 27.00 4.00 94.00 96.00 9.00 29.00 0.00 78.00 0.00 100.00 6.00 14.00 0.00 97.00 59.00 30.00 0.00 42.00 0.00 0.00 0.00
62 82.00 19.00 93.00 74.00 3.00 0.00 52.00 8.00 93.00 69.00 28.00 19.00 0.00 2.00 0.00 12.00 43.00 64.00 0.00 4.00 87.00 57.00 50.00 22.00 85.00 28.00 7.00 99.00 79.00 62.00 59.00 1.00 4.00 29.00 66.00 87.00 13.00 49.00 48.00 45.00 35.00 0.00 39.00 0.00 73.00 0.00 56.00 42.00 37.00 51.00 52.00 14.00 0.00 46.00 0.00 38.00 0.00 35.00 0.00 61.00 17.00 0.00 0.00 1.00 86.00 68.00 74.00 53.00 12.00 31.00 91.00 88.00 1.00 73.00 19.00 33.00 3.00 74.00 0.00 91.00 48.00 1.00 54.00 36.00 98.00 62.00 64.00 0.00 97.00 12.00 68.00 64.00 0.00 2.00 50.00 2.00 18.00 90.00 22.00 14.00
63 75.00 0.00 66.00 46.00 39.00 0.00 75.00 83.00 63.00 89.00 70.00 98.00 7.00 61.00 28.00 46.00 41.00 61.00 0.00 69.00 0.00 60.00 96.00 44.00 0.00 78.00 67.00 0.00 30.00 6.00 60.00 56.00 99.00 0.00 21.00 58.00 40.00 80.00 55.00 47.00 66.00 70.00 42.00 4.00 62.00 40.00 87.00 4.00 0.00 0.00 0.00 45.00 0.00 95.00 84.00 0.00 46.00 36.00 0.00 0.00 21.00 0.00 1.00 0.00 0.00 40.00 46.00 38.00 96.00 39.00 8.00 61.00 0.00 0.00 98.00 0.00 65.00 0.00 8.00 64.00 9.00 61.00 65.00 86.00 61.00 0.00 84.00 0.00 0.00 45.00 35.00 24.00 0.00 44.00 48.00 11.00 74.00 0.00 3.00 77.00
64 0.00 31.00 42.00 53.00 78.00 74.00 100.00 59.00 0.00 37.00 40.00 0.00 60.00 0.00 80.00 47.00 78.00 56.00 51.00 41.00 42.00 100.00 73.00 28.00 77.00 41.00 40.00 93.00 54.00 29.00 0.00 23.00 79.00 34.00 47.00 0.00 22.00 0.00 95.00 41.00 0.00 0.00 3.00 94.00 54.00 13.00 91.00 96.00 9.00 79.00 24.00 23.00 80.00 19.00 62.00 27.00 23.00 80.00 42.00 0.00 62.00 59.00 86.00 0.00 0.00 29.00 47.00 90.00 8.00 78.00 83.00 77.00 28.00 42.00 38.00 6.00 0.00 8.00 66.00 19.00 0.00 68.00 41.00 0.00 86.00 0.00 13.00 13.00 93.00 56.00 31.00 0.00 0.00 11.00 93.00 21.00 0.00 31.00 51.00 0.00
65 28.00 62.00 1.00 40.00 14.00 95.00 83.00 15.00 3.00 0.00 39.00 8.00 70.00 83.00 95.00 0.00 0.00 69.00 3.00 35.00 56.00 0.00 7.00 0.00 51.00 24.00 4.00 0.00 74.00 14.00 40.00 76.00 9.00 0.00 0.00 45.00 84.00 0.00 16.00 60.00 0.00 31.00 59.00 62.00 79.00 7.00 14.00 42.00 79.00 0.00 88.00 83.00 40.00 43.00 76.00 66.00 33.00 90.00 99.00 61.00 12.00 0.00 68.00 40.00 29.00 0.00 0.00 0.00 9.00 32.00 0.00 79.00 96.00 92.00 39.00 41.00 0.00 97.00 53.00 5.00 72.00 0.00 60.00 0.00 93.00 48.00 71.00 64.00 34.00 0.00 89.00 26.00 63.00 54.00 10.00 0.00 0.00 59.00 0.00 82.00
66 64.00 0.00 63.00 0.00 6.00 0.00 46.00 6.00 21.00 31.00 50.00 36.00 85.00 0.00 0.00 89.00 63.00 0.00 45.00 79.00 54.00 0.00 9.00 0.00 47.00 0.00 14.00 0.00 97.00 0.00 0.00 78.00 0.00 84.00 0.00 82.00 65.00 94.00 58.00 5.00 94.00 0.00 7.00 51.00 62.00 96.00 57.00 0.00 49.00 11.00 26.00 0.00 4.00 100.00 96.00 73.00 0.00 56.00 54.00 0.00 92.00 45.00 74.00 46.00 47.00 0.00 0.00 0.00 68.00 34.00 62.00 68.00 33.00 76.00 23.00 9.00 46.00 14.00 22.00 70.00 21.00 36.00 62.00 36.00 0.00 6.00 52.00 49.00 86.00 0.00 15.00 76.00 90.00 0.00 0.00 85.00 78.00 95.00 90.00 88.00
67 94.00 45.00 0.00 31.00 0.00 0.00 35.00 59.00 47.00 7.00 83.00 0.00 4.00 59.00 73.00 0.00 30.00 87.00 8.00 2.00 0.00 49.00 2.00 9.00 0.00 1.00 9.00 0.00 0.00 37.00 26.00 0.00 0.00 98.00 0.00 93.00 96.00 90.00 88.00 45.00 77.00 55.00 58.00 97.00 0.00 1.00 91.00 64.00 18.00 66.00 12.00 28.00 54.00 100.00 24.00 65.00 0.00 0.00 90.00 0.00 0.00 11.00 53.00 38.00 90.00 0.00 0.00 0.00 0.00 55.00 0.00 0.00 100.00 0.00 37.00 0.00 33.00 21.00 49.00 4.00 0.00 60.00 38.00 0.00 48.00 6.00 1.00 36.00 0.00 1.00 69.00 36.00 46.00 25.00 13.00 0.00 44.00 0.00 0.00 0.00
68 38.00 99.00 25.00 16.00 0.00 77.00 97.00 73.00 0.00 62.00 77.00 0.00 0.00 5.00 79.00 7.00 0.00 29.00 34.00 80.00 19.00 0.00 84.00 33.00 0.00 98.00 49.00 0.00 21.00 20.00 49.00 0.00 0.00 48.00 18.00 80.00 91.00 0.00 86.00 59.00 38.00 7.00 89.00 59.00 36.00 0.00 96.00 74.00 9.00 12.00 0.00 98.00 0.00 0.00 34.00 0.00 4.00 67.00 69.00 42.00 32.00 0.00 12.00 96.00 8.00 9.00 68.00 0.00 0.00 90.00 94.00 0.00 54.00 71.00 47.00 0.00 81.00 39.00 77.00 0.00 70.00 53.00 31.00 30.00 5.00 77.00 48.00 86.00 0.00 19.00 55.00 66.00 0.00 39.00 0.00 28.00 0.00 0.00 0.00 54.00
69 10.00 59.00 0.00 79.00 63.00 10.00 44.00 0.00 48.00 88.00 44.00 98.00 79.00 0.00 67.00 0.00 0.00 5.00 0.00 89.00 59.00 51.00 14.00 28.00 6.00 81.00 94.00 10.00 37.00 0.00 0.00 34.00 12.00 63.00 37.00 0.00 65.00 71.00 50.00 29.00 0.00 21.00 2.00 0.00 22.00 0.00 0.00 46.00 15.00 67.00 30.00 12.00 0.00 27.00 88.00 0.00 0.00 65.00 2.00 38.00 30.00 69.00 31.00 39.00 78.00 32.00 34.00 55.00 90.00 0.00 0.00 10.00 81.00 47.00 72.00 89.00 96.00 0.00 68.00 86.00 84.00 73.00 5.00 17.00 59.00 0.00 49.00 74.00 12.00 42.00 74.00 95.00 72.00 44.00 32.00 0.00 97.00 76.00 58.00 33.00
70 76.00 0.00 82.00 0.00 43.00 58.00 2.00 59.00 0.00 0.00 69.00 24.00 14.00 86.00 28.00 2.00 25.00 35.00 11.00 70.00 38.00 12.00 10.00 0.00 33.00 57.00 73.00 0.00 30.00 23.00 72.00 0.00 32.00 81.00 97.00 68.00 54.00 9.00 19.00 73.00 21.00 19.00 62.00 7.00 41.00 0.00 85.00 44.00 49.00 48.00 65.00 55.00 54.00 16.00 3.00 0.00 50.00 85.00 88.00 77.00 68.00 99.00 91.00 8.00 83.00 0.00 62.00 0.00 94.00 0.00 0.00 21.00 0.00 14.00 0.00 21.00 37.00 26.00 0.00 0.00 0.00 60.00 36.00 13.00 0.00 1.00 0.00 80.00 52.00 87.00 87.00 63.00 85.00 94.00 10.00 7.00 56.00 77.00 82.00 83.00
71 64.00 77.00 0.00 47.00 19.00 0.00 16.00 72.00 54.00 4.00 88.00 89.00 0.00 0.00 56.00 47.00 0.00 0.00 88.00 0.00 0.00 0.00 50.00 25.00 29.00 70.00 83.00 51.00 13.00 69.00 14.00 89.00 53.00 0.00 0.00 78.00 0.00 0.00 1.00 78.00 28.00 0.00 0.00 33.00 71.00 0.00 48.00 0.00 0.00 91.00 18.00 17.00 36.00 74.00 92.00 52.00 14.00 84.00 30.00 36.00 0.00 0.00 88.00 61.00 77.00 79.00 68.00 0.00 0.00 10.00 21.00 0.00 31.00 93.00 9.00 4.00 81.00 58.00 0.00 35.00 67.00 0.00 2.00 91.00 0.00 80.00 0.00 77.00 54.00 0.00 65.00 96.00 43.00 88.00 28.00 90.00 0.00 31.00 38.00 77.00
72 85.00 0.00 3.00 0.00 0.00 75.00 49.00 99.00 85.00 92.00 63.00 19.00 95.00 40.00 12.00 61.00 13.00 73.00 9.00 69.00 24.00 12.00 3.00 2.00 88.00 35.00 0.00 89.00 89.00 0.00 84.00 0.00 32.00 96.00 33.00 68.00 22.00 70.00 77.00 56.00 87.00 67.00 36.00 6.00 21.00 43.00 0.00 41.00 0.00 0.00 0.00 2.00 38.00 0.00 25.00 50.00 20.00 0.00 37.00 70.00 69.00 47.00 1.00 0.00 28.00 96.00 33.00 100.00 54.00 81.00 0.00 31.00 0.00 46.00 33.00 39.00 73.00 55.00 0.00 75.00 0.00 0.00 77.00 97.00 50.00 16.00 49.00 26.00 0.00 61.00 0.00 0.00 41.00 9.00 75.00 0.00 61.00 53.00 0.00 28.00
73 10.00 5.00 91.00 43.00 59.00 19.00 83.00 84.00 0.00 55.00 21.00 87.00 94.00 61.00 28.00 0.00 0.00 0.00 22.00 89.00 100.00 0.00 35.00 70.00 26.00 76.00 0.00 65.00 49.00 0.00 60.00 59.00 0.00 48.00 88.00 0.00 46.00 15.00 19.00 23.00 10.00 80.00 8.00 5.00 81.00 65.00 56.00 0.00 46.00 0.00 53.00 0.00 0.00 20.00 99.00 0.00 0.00 0.00 74.00 30.00 42.00 63.00 73.00 0.00 42.00 92.00 76.00 0.00 71.00 47.00 14.00 93.00 46.00 0.00 57.00 11.00 25.00 40.00 0.00 0.00 0.00 76.00 38.00 11.00 35.00 0.00 63.00 0.00 87.00 57.00 71.00 66.00 0.00 76.00 23.00 58.00 5.00 0.00 40.00 0.00
74 52.00 33.00 56.00 67.00 0.00 21.00 94.00 0.00 68.00 77.00 0.00 87.00 50.00 0.00 9.00 27.00 99.00 22.00 21.00 65.00 56.00 52.00 0.00 63.00 49.00 25.00 67.00 5.00 66.00 97.00 53.00 75.00 0.00 96.00 27.00 54.00 74.00 0.00 50.00 0.00 0.00 17.00 10.00 9.00 17.00 14.00 55.00 47.00 38.00 31.00 85.00 0.00 51.00 0.00 0.00 97.00 0.00 59.00 31.00 29.00 66.00 0.00 19.00 98.00 38.00 39.00 23.00 37.00 47.00 72.00 0.00 9.00 33.00 57.00 0.00 29.00 53.00 33.00 1.00 29.00 0.00 54.00 1.00 13.00 19.00 16.00 59.00 48.00 0.00 0.00 42.00 42.00 42.00 43.00 0.00 31.00 88.00 48.00 66.00 32.00
75 96.00 43.00 0.00 0.00 71.00 0.00 82.00 0.00 63.00 42.00 22.00 49.00 77.00 46.00 0.00 53.00 21.00 62.00 0.00 98.00 59.00 4.00 65.00 10.00 46.00 0.00 61.00 0.00 71.00 49.00 28.00 63.00 44.00 55.00 61.00 0.00 89.00 11.00 65.00 64.00 2.00 61.00 0.00 8.00 17.00 98.00 0.00 0.00 97.00 62.00 0.00 96.00 5.00 0.00 3.00 0.00 0.00 27.00 55.00 0.00 23.00 39.00 33.00 0.00 6.00 41.00 9.00 0.00 0.00 89.00 21.00 4.00 39.00 11.00 29.00 0.00 10.00 63.00 0.00 20.00 41.00 0.00 0.00 0.00 0.00 32.00 62.00 0.00 49.00 20.00 0.00 73.00 68.00 7.00 0.00 0.00 39.00 81.00 0.00 0.00
76 0.00 85.00 80.00 59.00 0.00 94.00 71.00 0.00 92.00 0.00 0.00 47.00 58.00 96.00 0.00 5.00 0.00 16.00 0.00 88.00 89.00 0.00 36.00 0.00 36.00 0.00 77.00 77.00 17.00 83.00 12.00 47.00 12.00 0.00 88.00 0.00 37.00 35.00 0.00 98.00 11.00 15.00 83.00 0.00 65.00 15.00 75.00 0.00 11.00 100.00 14.00 0.00 0.00 27.00 57.00 0.00 47.00 35.00 69.00 0.00 73.00 5.00 3.00 65.00 0.00 0.00 46.00 33.00 81.00 96.00 37.00 81.00 73.00 25.00 53.00 10.00 0.00 0.00 0.00 63.00 0.00 0.00 51.00 71.00 40.00 0.00 0.00 56.00 35.00 2.00 74.00 23.00 61.00 95.00 68.00 0.00 34.00 0.00 42.00 55.00
77 0.00 15.00 0.00 58.00 90.00 0.00 74.00 0.00 90.00 32.00 53.00 60.00 75.00 0.00 0.00 22.00 87.00 3.00 81.00 37.00 27.00 79.00 28.00 19.00 98.00 7.00 0.00 45.00 29.00 10.00 92.00 78.00 76.00 62.00 0.00 42.00 86.00 0.00 29.00 0.00 73.00 0.00 75.00 0.00 49.00 3.00 43.00 74.00 8.00 25.00 92.00 86.00 0.00 5.00 21.00 88.00 57.00 76.00 0.00 0.00 40.00 82.00 74.00 0.00 8.00 97.00 14.00 21.00 39.00 0.00 26.00 58.00 55.00 40.00 33.00 63.00 0.00 0.00 97.00 0.00 45.00 89.00 96.00 0.00 48.00 0.00 85.00 44.00 38.00 0.00 76.00 0.00 0.00 18.00 26.00 68.00 0.00 64.00 3.00 35.00
78 0.00 27.00 0.00 69.00 29.00 0.00 0.00 72.00 0.00 0.00 80.00 90.00 87.00 30.00 0.00 27.00 0.00 96.00 0.00 0.00 86.00 100.00 0.00 17.00 0.00 43.00 40.00 54.00 88.00 0.00 8.00 0.00 31.00 1.00 95.00 1.00 56.00 13.00 0.00 87.00 20.00 85.00 22.00 0.00 0.00 77.00 8.00 0.00 84.00 85.00 44.00 0.00 71.00 3.00 6.00 57.00 47.00 0.00 0.00 35.00 57.00 34.00 0.00 8.00 66.00 53.00 22.00 49.00 77.00 68.00 0.00 0.00 0.00 0.00 1.00 0.00 0.00 97.00 0.00 34.00 21.00 11.00 22.00 0.00 0.00 4.00 0.00 91.00 9.00 68.00 32.00 29.00 55.00 65.00 33.00 40.00 74.00 0.00 58.00 79.00
79 0.00 20.00 0.00 85.00 0.00 92.00 36.00 81.00 0.00 12.00 42.00 0.00 83.00 48.00 33.00 26.00 76.00 35.00 38.00 7.00 36.00 11.00 87.00 20.00 25.00 0.00 0.00 83.00 46.00 49.00 0.00 98.00 75.00 75.00 92.00 0.00 45.00 0.00 0.00 0.00 62.00 29.00 11.00 0.00 93.00 0.00 0.00 100.00 91.00 23.00 36.00 0.00 24.00 99.00 1.00 42.00 74.00 19.00 0.00 3.00 4.00 27.00 91.00 64.00 19.00 5.00 70.00 4.00 0.00 86.00 0.00 35.00 75.00 0.00 29.00 20.00 63.00 0.00 34.00 0.00 75.00 84.00 59.00 3.00 68.00 67.00 87.00 99.00 3.00 66.00 53.00 0.00 27.00 33.00 41.00 42.00 16.00 84.00 23.00 94.00
80 0.00 75.00 39.00 23.00 2.00 25.00 79.00 100.00 0.00 0.00 0.00 95.00 78.00 15.00 0.00 0.00 88.00 99.00 84.00 43.00 83.00 70.00 69.00 58.00 5.00 78.00 100.00 95.00 61.00 47.00 38.00 78.00 63.00 0.00 2.00 15.00 35.00 58.00 59.00 0.00 6.00 28.00 54.00 77.00 73.00 0.00 17.00 97.00 53.00 66.00 32.00 88.00 11.00 68.00 59.00 11.00 41.00 95.00 97.00 78.00 0.00 4.00 48.00 9.00 0.00 72.00 21.00 0.00 70.00 84.00 0.00 67.00 0.00 0.00 0.00 41.00 0.00 45.00 21.00 75.00 0.00 88.00 28.00 78.00 2.00 0.00 31.00 0.00 42.00 13.00 0.00 0.00 60.00 51.00 59.00 19.00 0.00 10.00 63.00 17.00
81 90.00 40.00 38.00 16.00 93.00 21.00 0.00 0.00 0.00 99.00 24.00 79.00 19.00 0.00 97.00 4.00 29.00 54.00 89.00 35.00 30.00 96.00 55.00 0.00 100.00 18.00 33.00 0.00 29.00 44.00 61.00 92.00 56.00 58.00 75.00 0.00 0.00 63.00 92.00 17.00 0.00 93.00 61.00 96.00 48.00 8.00 93.00 90.00 92.00 82.00 98.00 96.00 73.00 7.00 0.00 88.00 17.00 0.00 28.00 11.00 18.00 94.00 1.00 61.00 68.00 0.00 36.00 60.00 53.00 73.00 60.00 0.00 0.00 76.00 54.00 0.00 0.00 89.00 11.00 84.00 88.00 0.00 0.00 67.00 76.00 0.00 59.00 92.00 0.00 83.00 40.00 58.00 64.00 0.00 31.00 57.00 0.00 52.00 36.00 33.00
82 64.00 3.00 5.00 55.00 56.00 87.00 0.00 5.00 35.00 83.00 2.00 0.00 66.00 2.00 39.00 50.00 62.00 0.00 41.00 0.00 26.00 85.00 20.00 20.00 88.00 0.00 24.00 16.00 73.00 21.00 80.00 0.00 85.00 0.00 13.00 0.00 68.00 0.00 59.00 62.00 16.00 50.00 99.00 13.00 96.00 76.00 76.00 0.00 62.00 0.00 3.00 19.00 17.00 94.00 51.00 12.00 0.00 62.00 0.00 0.00 2.00 96.00 54.00 65.00 41.00 60.00 62.00 38.00 31.00 5.00 36.00 2.00 77.00 38.00 1.00 0.00 51.00 96.00 22.00 59.00 28.00 0.00 0.00 97.00 50.00 77.00 0.00 80.00 16.00 68.00 88.00 75.00 0.00 0.00 88.00 13.00 22.00 49.00 0.00 45.00
83 91.00 31.00 6.00 0.00 55.00 48.00 0.00 90.00 70.00 43.00 54.00 66.00 0.00 85.00 0.00 0.00 96.00 18.00 0.00 0.00 77.00 90.00 50.00 54.00 0.00 0.00 93.00 30.00 0.00 0.00 80.00 55.00 99.00 0.00 83.00 0.00 29.00 31.00 26.00 43.00 0.00 94.00 0.00 24.00 0.00 30.00 0.00 78.00 60.00 41.00 0.00 51.00 56.00 34.00 4.00 61.00 56.00 43.00 64.00 20.00 2.00 9.00 36.00 86.00 0.00 0.00 36.00 0.00 30.00 17.00 13.00 91.00 97.00 11.00 13.00 0.00 71.00 0.00 0.00 3.00 78.00 67.00 97.00 0.00 97.00 14.00 9.00 0.00 7.00 87.00 0.00 0.00 13.00 82.00 33.00 41.00 28.00 56.00 0.00 51.00
84 91.00 63.00 41.00 0.00 10.00 49.00 66.00 0.00 64.00 5.00 0.00 56.00 9.00 12.00 26.00 92.00 16.00 0.00 94.00 29.00 32.00 75.00 48.00 48.00 39.00 92.00 88.00 30.00 63.00 70.00 23.00 4.00 0.00 28.00 12.00 0.00 64.00 67.00 16.00 78.00 0.00 64.00 0.00 14.00 0.00 40.00 0.00 0.00 54.00 49.00 69.00 40.00 0.00 0.00 100.00 49.00 83.00 79.00 48.00 46.00 0.00 29.00 98.00 61.00 86.00 93.00 0.00 48.00 5.00 59.00 0.00 0.00 50.00 35.00 19.00 0.00 40.00 48.00 0.00 68.00 2.00 76.00 50.00 97.00 0.00 2.00 0.00 0.00 21.00 45.00 92.00 45.00 0.00 3.00 9.00 5.00 53.00 0.00 0.00 66.00
85 69.00 34.00 0.00 0.00 48.00 71.00 0.00 1.00 29.00 0.00 76.00 0.00 0.00 23.00 15.00 65.00 0.00 93.00 43.00 64.00 7.00 0.00 24.00 43.00 27.00 81.00 82.00 59.00 31.00 14.00 0.00 12.00 21.00 19.00 9.00 50.00 0.00 23.00 71.00 73.00 0.00 4.00 0.00 63.00 68.00 25.00 92.00 16.00 68.00 8.00 96.00 0.00 84.00 12.00 0.00 37.00 0.00 57.00 0.00 18.00 0.00 0.00 62.00 0.00 0.00 48.00 6.00 6.00 77.00 0.00 1.00 80.00 16.00 0.00 16.00 32.00 0.00 0.00 4.00 67.00 0.00 0.00 77.00 14.00 2.00 0.00 0.00 0.00 6.00 49.00 41.00 45.00 1.00 7.00 21.00 49.00 0.00 0.00 0.00 0.00
86 39.00 79.00 75.00 74.00 53.00 0.00 85.00 14.00 7.00 56.00 65.00 0.00 34.00 82.00 57.00 29.00 0.00 81.00 50.00 29.00 0.00 84.00 74.00 35.00 44.00 0.00 38.00 81.00 0.00 69.00 0.00 0.00 30.00 88.00 0.00 63.00 0.00 100.00 25.00 44.00 93.00 31.00 72.00 0.00 70.00 57.00 52.00 0.00 21.00 37.00 5.00 14.00 0.00 46.00 3.00 23.00 0.00 69.00 11.00 64.00 0.00 78.00 64.00 84.00 13.00 71.00 52.00 1.00 48.00 49.00 0.00 0.00 49.00 63.00 59.00 62.00 0.00 85.00 0.00 87.00 31.00 59.00 0.00 9.00 0.00 0.00 0.00 0.00 76.00 53.00 100.00 36.00 0.00 70.00 59.00 6.00 1.00 66.00 0.00 24.00
87 36.00 16.00 99.00 24.00 65.00 49.00 0.00 0.00 17.00 39.00 82.00 0.00 25.00 57.00 64.00 80.00 0.00 2.00 68.00 85.00 39.00 69.00 80.00 23.00 86.00 0.00 0.00 100.00 0.00 0.00 54.00 99.00 0.00 0.00 20.00 0.00 50.00 83.00 0.00 61.00 41.00 2.00 14.00 0.00 11.00 56.00 66.00 10.00 83.00 91.00 74.00 0.00 97.00 11.00 63.00 96.00 62.00 89.00 0.00 82.00 11.00 0.00 0.00 0.00 13.00 64.00 49.00 36.00 86.00 74.00 80.00 77.00 26.00 0.00 48.00 0.00 56.00 44.00 91.00 99.00 0.00 92.00 80.00 0.00 0.00 0.00 0.00 0.00 77.00 89.00 6.00 74.00 7.00 25.00 56.00 12.00 27.00 46.00 89.00 21.00
88 61.00 72.00 85.00 45.00 57.00 56.00 0.00 0.00 50.00 21.00 51.00 72.00 21.00 46.00 0.00 97.00 0.00 0.00 95.00 42.00 46.00 100.00 59.00 20.00 63.00 35.00 20.00 80.00 0.00 0.00 88.00 0.00 16.00 0.00 0.00 17.00 0.00 42.00 25.00 0.00 50.00 38.00 71.00 24.00 0.00 52.00 71.00 24.00 59.00 13.00 0.00 88.00 9.00 0.00 46.00 87.00 40.00 90.00 0.00 64.00 0.00 100.00 97.00 0.00 93.00 34.00 86.00 0.00 0.00 12.00 52.00 54.00 0.00 87.00 0.00 49.00 35.00 38.00 9.00 3.00 42.00 0.00 16.00 7.00 21.00 6.00 76.00 77.00 0.00 36.00 79.00 57.00 46.00 47.00 6.00 84.00 4.00 49.00 69.00 95.00
89 99.00 55.00 64.00 10.00 62.00 66.00 0.00 18.00 0.00 0.00 52.00 21.00 22.00 57.00 0.00 54.00 72.00 72.00 0.00 96.00 0.00 79.00 0.00 12.00 76.00 35.00 0.00 93.00 9.00 58.00 29.00 96.00 25.00 0.00 61.00 9.00 45.00 20.00 54.00 0.00 24.00 37.00 0.00 60.00 0.00 0.00 0.00 0.00 18.00 45.00 0.00 0.00 94.00 23.00 0.00 0.00 20.00 0.00 0.00 81.00 75.00 6.00 12.00 45.00 56.00 0.00 0.00 1.00 19.00 42.00 87.00 0.00 61.00 57.00 0.00 20.00 2.00 0.00 68.00 66.00 13.00 83.00 68.00 87.00 45.00 49.00 53.00 89.00 36.00 0.00 0.00 50.00 9.00 0.00 77.00 0.00 0.00 54.00 0.00 78.00
90 77.00 79.00 0.00 64.00 31.00 33.00 0.00 80.00 0.00 26.00 12.00 0.00 0.00 40.00 75.00 74.00 23.00 87.00 35.00 53.00 0.00 13.00 72.00 0.00 23.00 0.00 75.00 71.00 46.00 0.00 61.00 0.00 89.00 100.00 0.00 1.00 42.00 0.00 43.00 3.00 0.00 82.00 26.00 84.00 18.00 0.00 0.00 0.00 86.00 35.00 61.00 79.00 54.00 14.00 0.00 74.00 0.00 41.00 3.00 0.00 56.00 14.00 68.00 35.00 31.00 89.00 15.00 69.00 55.00 74.00 87.00 65.00 0.00 71.00 42.00 0.00 74.00 76.00 32.00 53.00 0.00 40.00 88.00 0.00 92.00 41.00 100.00 6.00 79.00 0.00 0.00 0.00 86.00 87.00 0.00 6.00 25.00 54.00 83.00 44.00
91 100.00 33.00 98.00 80.00 12.00 62.00 0.00 0.00 77.00 0.00 70.00 30.00 0.00 25.00 53.00 0.00 0.00 42.00 38.00 0.00 0.00 77.00 86.00 76.00 11.00 0.00 51.00 18.00 22.00 100.00 92.00 1.00 30.00 56.00 94.00 43.00 27.00 0.00 72.00 36.00 42.00 99.00 56.00 8.00 0.00 0.00 62.00 82.00 41.00 0.00 35.00 0.00 97.00 99.00 0.00 0.00 67.00 42.00 99.00 34.00 41.00 0.00 64.00 24.00 0.00 26.00 76.00 36.00 66.00 95.00 63.00 96.00 0.00 66.00 42.00 73.00 23.00 0.00 29.00 0.00 0.00 58.00 75.00 0.00 45.00 45.00 36.00 74.00 57.00 50.00 0.00 0.00 100.00 40.00 0.00 0.00 50.00 49.00 95.00 9.00
92 57.00 9.00 20.00 93.00 47.00 7.00 49.00 13.00 83.00 82.00 4.00 81.00 81.00 16.00 0.00 67.00 58.00 0.00 59.00 53.00 75.00 67.00 39.00 8.00 61.00 0.00 85.00 90.00 36.00 0.00 84.00 40.00 4.00 79.00 82.00 6.00 44.00 22.00 40.00 56.00 0.00 41.00 9.00 83.00 75.00 0.00 0.00 93.00 38.00 71.00 53.00 83.00 50.00 93.00 0.00 22.00 82.00 0.00 95.00 0.00 86.00 97.00 0.00 0.00 0.00 63.00 90.00 46.00 0.00 72.00 85.00 43.00 41.00 0.00 42.00 68.00 61.00 0.00 55.00 27.00 60.00 64.00 0.00 13.00 0.00 1.00 0.00 7.00 46.00 9.00 86.00 100.00 0.00 90.00 7.00 47.00 1.00 0.00 10.00 31.00
93 58.00 19.00 22.00 0.00 83.00 77.00 85.00 33.00 6.00 0.00 0.00 51.00 29.00 0.00 0.00 35.00 38.00 58.00 19.00 39.00 73.00 8.00 88.00 10.00 0.00 83.00 52.00 61.00 80.00 14.00 97.00 0.00 33.00 68.00 0.00 0.00 27.00 34.00 26.00 92.00 99.00 81.00 38.00 82.00 54.00 83.00 0.00 0.00 80.00 40.00 49.00 36.00 72.00 37.00 68.00 8.00 0.00 36.00 22.00 0.00 0.00 59.00 2.00 44.00 11.00 54.00 0.00 25.00 39.00 44.00 94.00 88.00 9.00 76.00 43.00 7.00 95.00 18.00 65.00 33.00 51.00 0.00 0.00 82.00 3.00 7.00 70.00 25.00 47.00 0.00 87.00 40.00 90.00 0.00 0.00 22.00 75.00 32.00 43.00 0.00
94 42.00 0.00 34.00 28.00 47.00 49.00 0.00 71.00 26.00 25.00 0.00 0.00 7.00 0.00 0.00 16.00 38.00 33.00 27.00 35.00 49.00 26.00 0.00 57.00 91.00 46.00 98.00 9.00 45.00 57.00 25.00 0.00 68.00 99.00 11.00 52.00 36.00 0.00 36.00 0.00 0.00 41.00 0.00 68.00 48.00 84.00 30.00 0.00 13.00 62.00 32.00 59.00 0.00 46.00 11.00 0.00 10.00 47.00 3.00 57.00 53.00 30.00 50.00 48.00 93.00 10.00 0.00 13.00 0.00 32.00 10.00 28.00 75.00 23.00 0.00 0.00 68.00 26.00 33.00 41.00 59.00 31.00 88.00 33.00 9.00 21.00 59.00 56.00 6.00 77.00 0.00 0.00 7.00 0.00 0.00 87.00 0.00 93.00 89.00 56.00
95 60.00 0.00 60.00 0.00 0.00 43.00 74.00 54.00 0.00 0.00 0.00 0.00 31.00 18.00 38.00 89.00 19.00 88.00 0.00 0.00 0.00 83.00 63.00 21.00 76.00 49.00 20.00 0.00 75.00 45.00 5.00 94.00 36.00 21.00 33.00 0.00 100.00 3.00 6.00 0.00 28.00 59.00 0.00 0.00 94.00 60.00 4.00 11.00 65.00 20.00 74.00 28.00 15.00 0.00 32.00 0.00 47.00 13.00 7.00 22.00 51.00 0.00 2.00 11.00 21.00 0.00 85.00 0.00 28.00 0.00 7.00 90.00 0.00 58.00 31.00 0.00 0.00 68.00 40.00 42.00 19.00 57.00 13.00 41.00 5.00 49.00 6.00 12.00 84.00 0.00 6.00 0.00 47.00 22.00 87.00 0.00 69.00 13.00 73.00 88.00
96 12.00 3.00 95.00 75.00 0.00 82.00 77.00 1.00 84.00 83.00 15.00 79.00 49.00 59.00 0.00 0.00 89.00 0.00 0.00 14.00 61.00 0.00 0.00 70.00 0.00 0.00 71.00 73.00 36.00 70.00 68.00 0.00 30.00 30.00 79.00 92.00 5.00 80.00 93.00 0.00 65.00 0.00 97.00 0.00 83.00 77.00 87.00 75.00 13.00 0.00 30.00 0.00 86.00 51.00 31.00 0.00 0.00 37.00 38.00 11.00 71.00 42.00 18.00 74.00 0.00 0.00 78.00 44.00 0.00 97.00 56.00 0.00 61.00 5.00 88.00 39.00 34.00 0.00 74.00 16.00 0.00 0.00 22.00 28.00 53.00 0.00 1.00 27.00 4.00 0.00 25.00 50.00 1.00 75.00 0.00 69.00 0.00 32.00 17.00 7.00
97 9.00 0.00 79.00 0.00 10.00 9.00 81.00 0.00 1.00 42.00 23.00 49.00 21.00 68.00 22.00 36.00 79.00 0.00 99.00 1.00 28.00 27.00 0.00 86.00 17.00 42.00 0.00 14.00 92.00 0.00 37.00 97.00 0.00 13.00 15.00 21.00 20.00 37.00 85.00 18.00 0.00 50.00 68.00 0.00 48.00 0.00 59.00 29.00 70.00 7.00 80.00 30.00 85.00 90.00 90.00 45.00 3.00 51.00 66.00 32.00 8.00 0.00 90.00 0.00 31.00 59.00 95.00 0.00 0.00 76.00 77.00 31.00 53.00 0.00 48.00 81.00 0.00 64.00 0.00 84.00 10.00 52.00 49.00 56.00 0.00 0.00 66.00 46.00 49.00 54.00 54.00 49.00 0.00 32.00 93.00 13.00 32.00 0.00 70.00 61.00
98 87.00 64.00 0.00 9.00 0.00 34.00 77.00 75.00 0.00 45.00 75.00 62.00 50.00 90.00 0.00 0.00 0.00 86.00 41.00 0.00 0.00 48.00 0.00 0.00 96.00 1.00 0.00 89.00 38.00 79.00 45.00 9.00 17.00 72.00 3.00 15.00 59.00 34.00 95.00 0.00 0.00 91.00 72.00 0.00 0.00 80.00 19.00 0.00 66.00 7.00 83.00 29.00 42.00 94.00 0.00 0.00 4.00 78.00 35.00 44.00 0.00 0.00 22.00 3.00 51.00 0.00 90.00 0.00 0.00 58.00 82.00 38.00 0.00 40.00 66.00 0.00 42.00 3.00 58.00 23.00 63.00 36.00 0.00 0.00 0.00 0.00 0.00 89.00 69.00 0.00 83.00 95.00 10.00 43.00 89.00 73.00 17.00 70.00 0.00 28.00
99 0.00 32.00 0.00 0.00 36.00 53.00 10.00 54.00 13.00 99.00 0.00 8.00 94.00 100.00 90.00 19.00 13.00 73.00 42.00 94.00 7.00 0.00 58.00 60.00 42.00 10.00 0.00 38.00 0.00 61.00 69.00 37.00 22.00 82.00 35.00 18.00 55.00 32.00 82.00 43.00 40.00 0.00 10.00 73.00 0.00 0.00 43.00 5.00 72.00 43.00 36.00 86.00 3.00 0.00 56.00 34.00 56.00 30.00 0.00 70.00 93.00 0.00 14.00 77.00 0.00 82.00 88.00 0.00 54.00 33.00 83.00 77.00 28.00 0.00 32.00 0.00 55.00 35.00 79.00 94.00 17.00 33.00 45.00 51.00 66.00 0.00 24.00 21.00 95.00 78.00 44.00 9.00 31.00 0.00 56.00 88.00 7.00 61.00 28.00 0.00
mcp_obj 60
mcp_gap 0
mcp_x 1 1 1 1 1 1 1 0 1 0 0 1 0 1 0 1 1 1 0 1 1 0 0 0 0 0 1 1 1 0 0 1 0 1 1 1 1 1 0 0 0 1 1 0 1 1 1 1 1 0 1 1 1 1 1 0 1 0 1 1 1 1 0 0 0 0 1 0 0 0 0 0 1 1 1 0 0 1 0 1 0 0 1 1 1 1 1 1 1 0 0 1 1 0 1 0 1 1 1 0
