NAME N100_rc_0.7_rGamma_1_dc_0.035_dGamma_0.0005_jeu_100_50_5.txt
NUM_ITEMS 100
SOURCE r_100_50_5
PARAMETERS
r_c 0.7
r_Gamma 1
d_c 0.035
d_Gamma 0.0005

BOUNDS
c_lb 0.00
c_ub 166.19
Gamma_lb 16
Gamma_ub 22
B_i_1_lb 0.00 0.00 0.00 0.00 0.00 0.00 0.00 0.00 0.00 0.00 0.00 0.00 0.00 0.00 0.00 0.00 0.00 0.00 0.00 0.00 0.00 0.00 0.00 0.00 0.00 0.00 0.00 0.00 0.00 0.00 0.00 0.00 0.00 0.00 0.00 0.00 0.00 0.00 0.00 0.00 0.00 0.00 0.00 0.00 0.00 0.00 0.00 0.00 0.00 0.00 0.00 0.00 0.00 0.00 0.00 0.00 0.00 0.00 0.00 0.00 0.00 0.00 0.00 0.00 0.00 0.00 0.00 0.00 0.00 0.00 0.00 0.00 0.00 0.00 0.00 0.00 0.00 0.00 0.00 0.00 0.00 0.00 0.00 0.00 0.00 0.00 0.00 0.00 0.00 0.00 0.00 0.00 0.00 0.00 0.00 0.00 0.00 0.00 0.00 0.00
B_i_1_ub 75.70 93.22 73.93 84.49 91.06 92.26 83.15 74.46 88.51 74.77 76.11 82.27 84.45 81.17 67.48 86.55 86.19 76.67 101.15 79.55 79.91 83.77 98.06 75.27 81.02 85.33 105.38 96.53 93.70 86.43 79.66 92.87 92.31 72.95 71.28 84.66 85.60 102.00 83.87 87.87 103.84 67.93 85.79 102.18 90.20 90.37 95.55 99.42 92.10 88.93 81.28 100.91 81.88 86.59 69.15 86.70 67.35 76.16 88.86 93.32 92.50 72.28 68.11 84.91 78.51 79.00 94.96 90.57 80.83 99.95 64.60 92.64 93.02 83.03 82.63 100.29 79.10 80.84 100.27 91.82 75.53 68.57 91.74 85.40 77.16 96.78 91.45 86.41 100.97 79.81 78.40 70.69 76.25 77.95 76.86 86.55 72.02 87.07 111.61 81.31
B_i_0_lb 0.00 0.00 0.00 0.00 0.00 0.00 0.00 0.00 0.00 0.00 0.00 0.00 0.00 0.00 0.00 0.00 0.00 0.00 0.00 0.00 0.00 0.00 0.00 0.00 0.00 0.00 0.00 0.00 0.00 0.00 0.00 0.00 0.00 0.00 0.00 0.00 0.00 0.00 0.00 0.00 0.00 0.00 0.00 0.00 0.00 0.00 0.00 0.00 0.00 0.00 0.00 0.00 0.00 0.00 0.00 0.00 0.00 0.00 0.00 0.00 0.00 0.00 0.00 0.00 0.00 0.00 0.00 0.00 0.00 0.00 0.00 0.00 0.00 0.00 0.00 0.00 0.00 0.00 0.00 0.00 0.00 0.00 0.00 0.00 0.00 0.00 0.00 0.00 0.00 0.00 0.00 0.00 0.00 0.00 0.00 0.00 0.00 0.00 0.00 0.00
B_i_0_ub 76.02 94.62 74.42 85.12 91.20 93.74 83.29 74.56 89.39 74.77 76.64 82.38 84.56 81.17 67.62 87.12 86.37 76.99 101.71 81.20 80.15 84.09 98.35 75.73 81.29 85.79 105.38 96.85 93.91 87.17 80.08 93.15 92.98 72.95 71.70 85.05 85.64 102.35 83.97 89.76 104.54 68.04 86.11 103.41 91.64 90.37 95.73 99.81 93.89 91.28 81.53 101.82 82.13 86.59 69.15 87.37 67.35 76.16 89.25 93.91 92.89 72.28 68.11 84.95 78.51 80.30 95.52 91.13 81.36 100.61 64.60 93.73 93.20 83.35 82.70 100.39 79.38 80.84 101.25 92.14 75.53 68.71 92.37 86.35 77.72 97.65 91.45 87.63 102.65 80.09 78.40 70.69 76.25 78.62 77.11 87.01 72.23 87.74 112.76 81.52
c_i_1_lb 46.20 54.60 60.20 44.80 1.40 0.00 0.00 0.00 65.10 0.00 0.00 0.00 68.60 0.00 0.00 23.10 37.10 0.00 45.50 0.00 0.00 0.00 0.00 0.00 37.10 11.20 0.00 36.40 0.00 0.00 18.20 37.10 52.50 0.00 4.20 0.00 0.00 35.00 19.60 0.00 0.00 0.00 12.60 42.70 63.70 0.00 37.10 58.80 0.00 0.00 4.20 0.00 35.70 46.90 2.80 24.50 14.00 24.50 1.40 44.80 44.10 48.30 52.50 9.10 6.30 41.30 18.20 0.00 0.00 7.70 0.00 40.60 26.60 0.00 0.00 65.80 0.00 7.00 47.60 0.00 0.00 0.00 62.30 9.10 36.40 9.80 48.30 0.00 0.00 58.10 0.00 15.40 11.90 0.00 0.00 0.00 0.00 13.30 9.10 0.00
c_i_1_ub 121.90 147.82 134.13 129.29 92.46 92.26 83.15 74.46 153.61 74.77 76.11 82.27 153.05 81.17 67.48 109.65 123.29 76.67 146.65 79.55 79.91 83.77 98.06 75.27 118.12 96.53 105.38 132.93 93.70 86.43 97.86 129.97 144.81 72.95 75.48 84.66 85.60 137.00 103.47 87.87 103.84 67.93 98.39 144.88 153.90 90.37 132.65 158.22 92.10 88.93 85.48 100.91 117.58 133.49 71.95 111.20 81.35 100.66 90.26 138.12 136.60 120.58 120.61 94.01 84.81 120.30 113.16 90.57 80.83 107.65 64.60 133.24 119.62 83.03 82.63 166.09 79.10 87.84 147.87 91.82 75.53 68.57 154.04 94.50 113.56 106.58 139.75 86.41 100.97 137.91 78.40 86.09 88.15 77.95 76.86 86.55 72.02 100.37 120.71 81.31
c_i_0_lb 46.20 54.60 60.20 44.80 1.40 0.00 0.00 0.00 65.10 0.00 0.00 0.00 68.60 0.00 0.00 23.10 37.10 0.00 45.50 0.00 0.00 0.00 0.00 0.00 37.10 11.20 0.00 36.40 0.00 0.00 18.20 37.10 52.50 0.00 4.20 0.00 0.00 35.00 19.60 0.00 0.00 0.00 12.60 42.70 63.70 0.00 37.10 58.80 0.00 0.00 4.20 0.00 35.70 46.90 2.80 24.50 14.00 24.50 1.40 44.80 44.10 48.30 52.50 9.10 6.30 41.30 18.20 0.00 0.00 7.70 0.00 40.60 26.60 0.00 0.00 65.80 0.00 7.00 47.60 0.00 0.00 0.00 62.30 9.10 36.40 9.80 48.30 0.00 0.00 58.10 0.00 15.40 11.90 0.00 0.00 0.00 0.00 13.30 9.10 0.00
c_i_0_ub 122.22 149.22 134.62 129.92 92.60 93.74 83.29 74.56 154.49 74.77 76.64 82.38 153.16 81.17 67.62 110.22 123.47 76.99 147.21 81.20 80.15 84.09 98.35 75.73 118.39 96.99 105.38 133.25 93.91 87.17 98.28 130.25 145.48 72.95 75.90 85.05 85.64 137.35 103.57 89.76 104.54 68.04 98.71 146.11 155.34 90.37 132.83 158.61 93.89 91.28 85.73 101.82 117.83 133.49 71.95 111.87 81.35 100.66 90.65 138.71 136.99 120.58 120.61 94.05 84.81 121.60 113.72 91.13 81.36 108.31 64.60 134.33 119.80 83.35 82.70 166.19 79.38 87.84 148.85 92.14 75.53 68.71 154.67 95.45 114.12 107.45 139.75 87.63 102.65 138.19 78.40 86.09 88.15 78.62 77.11 87.01 72.23 101.04 121.86 81.52
c_1_lb 0.00
c_1_ub 166.09
c_0_lb 0.00
c_0_ub 166.19

BOUND_TIMES
k_max_time 0.001349
Gamma_ub_time 0.000128
B_i_1_lb_time 0.008097
B_i_1_ub_time 0.032951
B_i_0_lb_time 0.007689
B_i_0_ub_time 0.031320

DDRO_PARAMETERS
a_0 16
b_0i 0 0 0 0 0 0 0 0 0 0 0 0 0 0 0 0 0 0 0 0 0 0 0 0 0 0 1 0 0 0 0 0 0 0 0 0 0 0 0 0 0 0 0 1 0 0 0 0 0 0 0 1 0 0 0 0 0 0 0 0 0 0 0 0 0 0 0 0 0 0 0 0 0 0 0 0 0 0 1 0 0 0 0 0 0 0 0 0 1 0 0 0 0 0 0 0 0 0 1 0
a_i 46.20 54.60 60.20 44.80 1.40 0.00 0.00 0.00 65.10 0.00 0.00 0.00 68.60 0.00 0.00 23.10 37.10 0.00 45.50 0.00 0.00 0.00 0.00 0.00 37.10 11.20 0.00 36.40 0.00 0.00 18.20 37.10 52.50 0.00 4.20 0.00 0.00 35.00 19.60 0.00 0.00 0.00 12.60 42.70 63.70 0.00 37.10 58.80 0.00 0.00 4.20 0.00 35.70 46.90 2.80 24.50 14.00 24.50 1.40 44.80 44.10 48.30 52.50 9.10 6.30 41.30 18.20 0.00 0.00 7.70 0.00 40.60 26.60 0.00 0.00 65.80 0.00 7.00 47.60 0.00 0.00 0.00 62.30 9.10 36.40 9.80 48.30 0.00 0.00 58.10 0.00 15.40 11.90 0.00 0.00 0.00 0.00 13.30 9.10 0.00
b_ij
0 0.00 0.00 0.00 0.00 1.44 1.19 0.00 0.00 1.44 0.00 0.00 0.14 0.00 3.29 0.32 0.00 0.00 0.00 0.00 2.17 1.75 0.00 0.32 0.00 0.00 0.63 0.00 0.07 2.63 3.05 0.00 2.07 0.00 0.00 0.95 0.81 0.00 0.00 1.72 0.07 1.51 0.00 0.00 0.46 1.40 2.56 3.05 0.00 1.16 3.12 0.00 0.00 0.00 0.00 0.00 0.00 1.47 0.00 3.50 0.00 0.98 0.42 0.81 0.00 0.00 0.74 0.00 0.00 0.00 0.28 1.33 1.19 0.91 0.00 0.00 1.33 1.09 0.00 3.47 2.84 0.49 1.68 0.60 0.00 0.21 2.00 0.00 3.22 0.53 0.46 0.00 0.00 3.08 1.68 2.07 0.00 1.68 0.00 2.63 2.94
1 0.00 0.00 0.00 0.00 0.56 2.87 0.00 2.70 2.94 0.00 0.00 0.00 0.00 3.29 0.00 0.00 3.22 0.00 0.00 2.03 1.30 0.00 3.08 1.05 0.00 2.52 0.00 0.00 2.91 0.00 1.89 2.94 0.00 0.00 2.98 2.56 0.42 1.26 1.96 1.75 0.35 1.09 2.91 3.08 0.00 0.00 2.03 0.00 1.23 2.87 0.00 0.00 1.05 0.00 0.00 2.24 1.12 3.33 0.00 0.00 0.00 0.60 0.00 0.00 3.01 0.00 1.09 0.00 0.53 0.00 0.00 3.08 0.00 1.58 3.15 0.00 1.79 0.00 0.00 0.00 0.77 2.21 0.00 0.00 2.31 2.49 0.00 0.00 2.49 0.84 0.00 0.00 0.00 2.28 1.02 2.66 2.91 0.00 0.18 0.00
2 0.00 0.00 0.00 0.00 0.35 1.30 0.49 0.95 2.63 0.00 0.00 0.00 0.00 0.00 0.00 0.00 0.00 0.00 2.98 0.00 0.00 1.12 0.00 0.00 0.00 0.42 0.00 0.00 1.44 0.77 0.32 2.91 0.00 0.00 1.02 0.00 0.00 0.00 0.00 0.00 2.45 2.42 0.60 0.00 0.49 0.00 0.00 0.00 2.87 2.31 2.49 0.53 0.00 0.00 1.89 1.37 3.05 0.88 0.00 1.68 0.00 0.28 0.18 3.36 0.60 1.02 2.49 0.00 0.00 2.63 0.84 0.00 0.00 1.96 0.00 0.00 2.59 0.00 3.47 0.00 3.43 0.00 2.00 1.58 0.70 0.00 2.98 0.77 0.00 0.00 0.00 0.00 0.00 0.00 0.67 0.53 2.66 0.00 1.47 0.11
3 0.00 0.00 0.00 0.00 1.89 2.10 0.25 1.96 0.00 0.35 3.26 0.00 1.26 0.56 0.49 0.00 0.00 0.60 1.96 2.31 0.00 3.36 0.00 0.00 2.63 0.00 1.19 0.21 0.07 0.00 2.28 0.00 1.82 0.00 0.00 1.96 0.00 0.84 0.00 0.00 0.98 0.00 0.00 1.16 1.86 2.10 2.63 0.00 1.82 0.00 0.00 2.45 2.35 2.56 1.19 0.91 1.61 0.00 0.00 2.17 0.63 1.02 2.73 0.11 0.00 0.81 0.39 2.35 0.00 0.00 0.00 1.19 0.00 0.00 0.00 0.00 3.19 0.00 2.24 0.00 0.00 1.26 0.00 2.38 0.00 0.00 2.31 0.00 3.36 0.00 3.29 1.61 0.00 1.30 0.00 0.00 0.00 1.68 0.00 2.84
4 1.44 0.56 0.35 1.89 0.00 0.00 0.00 2.45 2.87 1.02 0.00 0.11 0.00 0.00 0.00 0.18 0.00 0.00 2.70 0.81 1.47 3.12 0.00 0.00 2.21 2.52 0.00 2.52 0.25 1.09 0.00 0.46 0.11 1.37 0.00 0.95 0.14 2.45 0.00 0.00 0.00 3.50 0.00 0.00 3.19 3.15 0.60 1.51 3.33 0.00 1.68 0.81 0.67 0.00 3.19 1.23 0.53 3.43 2.70 0.00 0.00 0.00 0.70 0.00 0.00 0.00 3.26 1.23 0.32 0.00 0.00 1.37 0.00 2.77 0.98 0.00 2.66 0.00 2.38 1.82 0.42 0.00 0.00 1.09 3.05 2.42 0.00 1.05 3.43 2.10 0.14 1.79 0.00 0.46 0.00 0.00 0.00 0.00 0.00 0.00
5 1.19 2.87 1.30 2.10 0.00 0.00 0.00 3.12 2.31 2.56 0.00 0.28 0.00 2.49 0.00 3.01 2.63 1.61 0.00 3.19 0.00 0.32 2.21 0.00 2.38 0.00 0.00 0.00 2.73 0.00 2.21 3.40 0.00 0.00 0.46 0.00 0.81 0.32 0.49 2.84 0.00 0.00 0.21 3.36 3.47 0.00 2.73 0.00 0.00 0.77 0.00 2.35 1.93 0.00 0.00 1.16 0.00 0.88 0.00 0.00 0.00 0.18 0.00 0.00 0.00 1.16 0.00 3.01 0.00 3.40 0.00 0.00 0.00 1.09 0.00 2.03 1.16 2.98 1.65 0.00 0.00 2.94 0.00 1.82 0.00 1.54 0.00 2.52 0.00 0.00 0.00 0.00 0.11 0.00 0.00 2.03 1.96 0.21 3.50 0.00
6 0.00 0.00 0.49 0.25 0.00 0.00 0.00 0.00 0.00 0.00 0.00 0.00 1.12 2.21 0.00 0.00 1.40 0.00 3.22 0.88 2.28 1.82 3.47 3.36 0.00 0.00 0.00 1.89 2.98 0.56 1.37 0.00 0.00 0.77 0.00 0.00 0.28 0.74 0.00 0.07 3.36 0.00 0.00 2.87 0.00 0.00 0.00 0.00 3.43 0.56 0.00 2.66 0.00 0.00 0.18 0.00 0.00 0.00 1.68 0.63 2.49 0.00 2.63 3.50 1.96 0.00 1.89 0.35 0.95 0.00 1.86 0.00 0.67 1.47 2.24 0.04 0.00 3.33 0.00 0.00 0.39 0.00 0.98 0.00 0.00 2.98 0.49 0.00 2.21 3.50 0.00 2.94 0.00 2.38 0.18 0.00 1.79 0.00 0.00 0.00
7 0.00 2.70 0.95 1.96 2.45 3.12 0.00 0.00 0.00 0.88 0.00 0.07 0.04 0.00 0.00 1.82 0.00 1.58 0.39 0.00 0.00 0.00 0.00 0.00 1.40 0.00 0.60 1.40 1.37 0.00 0.95 2.31 0.00 0.00 0.81 3.47 0.00 0.00 0.00 0.00 0.00 0.00 0.00 0.00 2.66 0.00 1.93 0.00 0.00 0.00 0.00 1.30 0.00 0.00 0.00 0.60 0.00 0.00 0.46 2.31 2.56 0.11 0.00 3.29 0.00 0.70 2.52 3.43 0.00 1.23 3.22 0.00 2.77 0.00 2.66 0.00 0.00 3.50 1.58 0.84 0.00 0.00 0.00 2.14 0.00 1.16 0.00 1.47 1.58 0.00 0.21 0.00 0.00 0.00 0.00 0.42 0.00 0.00 2.28 0.00
8 1.44 2.94 2.63 0.00 2.87 2.31 0.00 0.00 0.00 0.18 0.00 3.12 0.00 0.07 2.80 0.91 0.39 0.00 0.00 0.00 0.77 0.00 0.00 0.74 0.00 0.81 0.00 0.91 3.12 0.00 0.00 2.49 3.26 0.00 2.31 0.00 3.40 2.07 0.00 0.00 2.03 0.00 0.00 3.36 0.00 0.00 0.00 0.00 1.79 0.32 0.98 0.00 0.00 2.38 0.00 0.00 0.00 0.00 0.77 1.09 3.36 0.00 0.00 1.75 0.00 0.70 0.00 2.73 0.00 2.00 0.00 0.00 0.00 0.00 3.33 0.00 0.00 1.26 0.00 0.00 0.00 2.42 0.00 2.00 0.00 3.15 0.00 0.00 0.00 2.77 0.00 2.94 3.05 2.63 2.17 0.00 0.00 0.81 2.63 0.00
9 0.00 0.00 0.00 0.35 1.02 2.56 0.00 0.88 0.18 0.00 0.00 0.00 0.00 0.35 0.60 0.00 1.61 0.00 2.80 0.00 0.46 2.17 3.47 0.00 2.07 0.00 0.00 0.00 0.00 0.00 0.00 0.07 0.00 0.00 0.00 0.00 0.00 0.00 0.00 0.00 1.93 0.00 0.00 0.00 0.00 3.08 3.43 0.00 0.00 0.00 2.91 0.00 0.00 0.00 0.00 0.00 0.00 0.00 1.82 3.36 1.79 0.00 1.79 0.46 0.18 0.00 2.70 0.00 0.25 2.87 3.26 0.00 0.00 2.38 0.00 0.70 1.86 1.09 2.24 0.00 2.00 1.82 0.00 2.59 3.26 0.00 0.00 0.00 0.00 1.86 0.00 2.24 2.10 0.00 0.00 0.00 0.00 0.00 0.00 2.21
10 0.00 0.00 0.00 3.26 0.00 0.00 0.00 0.00 0.00 0.00 0.00 0.00 0.00 0.00 0.00 3.26 0.00 0.00 0.77 0.74 0.00 0.77 0.00 0.00 0.00 0.00 0.00 2.56 0.25 0.00 0.00 0.00 1.79 0.00 0.00 0.00 2.56 3.36 0.00 2.17 0.00 0.32 0.00 1.26 1.51 0.00 0.00 1.82 2.03 2.84 0.00 0.00 0.00 0.00 0.00 0.74 0.00 0.00 0.56 2.00 0.00 0.00 1.09 0.00 1.75 1.23 2.52 2.84 0.00 0.00 0.00 0.00 0.00 0.00 1.51 3.40 0.00 3.40 2.10 1.89 2.94 0.35 1.82 0.00 0.56 0.00 0.00 2.31 2.52 0.00 2.98 0.00 2.24 1.23 1.37 1.61 0.00 0.00 0.00 2.38
11 0.14 0.00 0.00 0.00 0.11 0.28 0.00 0.07 3.12 0.00 0.00 0.00 0.00 0.00 0.00 1.23 0.28 2.91 0.00 0.00 0.35 0.00 1.58 3.43 0.00 0.00 3.36 1.79 0.14 1.79 0.00 0.00 0.00 2.00 0.00 2.73 0.00 0.00 3.36 0.00 0.67 0.00 0.00 0.00 0.00 2.56 2.52 0.00 0.00 0.46 0.00 0.00 0.77 2.45 2.10 0.00 1.54 0.00 3.08 3.36 2.77 2.98 2.10 0.00 1.68 0.00 0.04 0.00 0.00 0.00 0.00 1.89 0.00 2.03 0.32 0.00 0.00 1.12 1.26 0.91 0.00 2.56 0.00 0.00 0.00 1.16 0.00 0.95 1.72 2.31 2.52 2.42 0.00 0.00 0.00 0.42 1.47 2.03 1.23 0.00
12 0.00 0.00 0.00 1.26 0.00 0.00 1.12 0.04 0.00 0.00 0.00 0.00 0.00 0.00 0.00 0.00 0.00 1.12 0.00 2.52 1.54 2.31 2.24 0.00 0.11 0.81 0.00 1.40 2.84 0.00 0.74 0.00 1.30 0.42 0.84 0.00 0.00 1.12 0.00 0.00 0.00 1.96 1.12 0.56 2.73 0.00 0.25 1.19 0.35 1.61 2.31 0.00 3.36 0.00 2.66 1.30 0.00 0.00 0.98 0.21 0.56 1.96 0.49 2.91 1.40 0.00 0.00 0.00 0.00 1.72 0.00 3.22 2.49 1.54 0.00 1.02 1.30 2.52 0.00 0.00 0.00 0.00 3.36 2.94 1.40 0.84 0.46 0.00 1.68 2.56 2.94 2.17 0.00 0.32 0.00 0.60 0.70 3.40 3.40 1.68
13 3.29 3.29 0.00 0.56 0.00 2.49 2.21 0.00 0.07 0.35 0.00 0.00 0.00 0.00 3.29 0.00 0.67 2.24 0.00 0.60 3.22 0.00 2.42 2.42 0.60 0.00 0.00 3.26 0.00 0.00 3.05 0.60 2.98 0.00 0.00 1.40 0.98 1.16 1.19 0.00 2.56 0.00 0.00 0.00 0.00 0.00 1.86 0.00 0.00 0.00 0.00 0.00 0.00 0.00 0.00 0.00 0.49 2.52 0.88 0.00 0.00 2.59 1.16 3.29 0.14 0.00 0.00 2.49 2.52 1.75 0.00 0.00 0.21 0.00 0.00 0.00 0.00 0.00 0.00 3.40 0.11 0.11 0.70 3.29 0.00 0.00 0.70 0.00 2.70 0.00 1.02 0.00 0.00 0.00 1.19 3.33 0.00 0.00 0.00 0.00
14 0.32 0.00 0.00 0.49 0.00 0.00 0.00 0.00 2.80 0.60 0.00 0.00 0.00 3.29 0.00 0.00 0.00 0.00 0.00 0.00 0.00 2.87 1.23 3.43 3.12 0.00 0.00 0.98 2.38 0.00 0.00 0.00 0.00 0.00 0.00 0.00 2.56 3.01 0.00 0.00 2.56 0.00 0.74 0.00 3.19 0.25 1.89 0.07 1.82 0.00 0.00 1.44 0.00 0.84 0.74 3.29 0.00 0.00 0.00 0.00 0.00 0.74 0.00 0.00 0.00 0.00 0.00 0.00 0.25 1.72 0.00 1.72 0.00 2.35 0.00 1.16 0.00 0.77 0.14 0.00 0.00 0.21 0.81 0.00 0.00 0.21 0.00 0.00 3.47 0.53 0.00 0.28 0.00 1.05 1.19 2.87 0.00 2.87 1.37 0.00
15 0.00 0.00 0.00 0.00 0.18 3.01 0.00 1.82 0.91 0.00 3.26 1.23 0.00 0.00 0.00 0.00 0.00 0.00 2.94 2.77 0.95 0.00 0.56 0.25 0.00 0.00 0.18 2.31 0.00 0.00 0.00 1.37 2.80 0.00 1.26 0.07 1.44 0.00 3.22 0.04 0.00 0.00 0.00 3.22 1.54 0.91 0.00 2.52 0.00 0.00 0.00 1.40 0.32 0.00 0.25 2.91 0.00 2.03 2.70 0.00 2.77 0.00 0.00 0.00 0.00 1.82 0.04 1.09 0.00 0.00 0.00 0.00 2.35 0.00 3.33 0.49 2.31 2.28 0.00 0.00 1.54 2.70 1.93 2.21 2.03 1.65 0.00 2.03 0.00 0.00 2.07 0.00 1.65 0.00 2.52 0.95 1.68 0.00 0.00 1.68
16 0.00 3.22 0.00 0.00 0.00 2.63 1.40 0.00 0.39 1.61 0.00 0.28 0.00 0.67 0.00 0.00 0.00 0.84 0.00 0.00 2.66 0.00 0.00 3.33 0.00 0.00 0.04 0.00 0.00 0.00 0.28 0.00 1.51 0.00 0.63 0.00 0.00 2.00 3.05 1.58 0.00 0.00 2.80 3.19 0.00 1.02 1.65 2.63 2.80 0.00 0.00 2.84 2.17 0.00 0.00 0.00 2.14 0.00 3.36 0.00 0.00 0.14 0.00 0.00 3.33 0.11 0.00 0.00 0.21 2.63 3.22 0.00 0.04 2.91 0.00 3.26 0.00 3.12 3.15 0.00 0.00 1.23 1.51 0.00 0.25 0.00 1.30 1.44 0.00 0.46 0.00 0.84 0.42 1.82 0.00 0.00 0.00 2.52 2.28 0.74
17 0.00 0.00 0.00 0.60 0.00 1.61 0.00 1.58 0.00 0.00 0.00 2.91 1.12 2.24 0.00 0.00 0.84 0.00 0.00 2.00 0.00 0.00 2.07 1.72 0.00 2.77 0.00 0.00 0.00 0.07 0.00 0.00 0.00 0.00 2.66 0.00 0.60 2.28 3.40 0.00 2.45 0.00 0.32 0.00 0.42 2.56 0.00 1.68 1.65 0.00 1.93 2.10 0.00 0.00 0.00 0.25 0.00 0.00 0.00 0.39 1.26 1.44 0.00 1.51 0.00 0.00 0.14 1.93 0.00 1.68 0.49 1.44 3.15 0.00 2.77 1.16 2.38 0.00 0.00 3.19 0.00 0.00 0.00 1.65 0.98 0.00 0.00 1.54 1.89 0.00 2.77 0.00 0.00 0.00 0.00 0.00 0.00 0.00 2.63 1.65
18 0.00 0.00 2.98 1.96 2.70 0.00 3.22 0.39 0.00 2.80 0.77 0.00 0.00 0.00 0.00 2.94 0.00 0.00 0.00 0.00 3.26 0.56 2.63 1.79 0.00 3.50 2.35 0.91 0.00 3.33 0.00 3.22 0.00 0.00 0.00 0.00 0.00 0.42 0.67 3.29 2.17 1.89 2.24 0.07 0.00 0.00 3.29 0.00 1.96 1.40 0.84 1.72 2.17 0.00 1.75 0.00 0.00 0.00 0.00 0.56 0.00 0.07 0.32 2.91 0.00 0.00 2.98 1.93 1.37 0.00 0.81 0.63 0.00 3.19 2.35 0.00 0.00 0.00 1.61 3.29 0.00 0.00 3.26 0.74 2.28 3.29 2.87 0.70 0.00 0.00 0.00 0.00 0.00 2.59 0.00 0.00 2.00 2.63 0.00 0.25
19 2.17 2.03 0.00 2.31 0.81 3.19 0.88 0.00 0.00 0.00 0.74 0.00 2.52 0.60 0.00 2.77 0.00 2.00 0.00 0.00 0.00 0.25 0.81 0.25 0.04 0.00 0.00 1.30 0.00 0.00 1.93 0.00 1.75 0.00 0.00 0.00 0.00 0.00 2.87 3.47 0.00 1.30 2.52 1.82 0.00 2.03 0.00 1.26 2.28 2.10 0.00 1.61 0.00 0.00 0.00 1.61 0.00 0.00 2.87 1.12 0.00 2.14 2.35 0.00 1.93 0.53 1.58 1.82 0.00 0.00 0.00 0.91 0.00 0.00 0.00 0.39 0.00 0.00 3.12 2.59 0.63 1.65 1.19 0.00 0.84 0.00 2.21 1.65 0.00 2.17 0.00 0.00 0.00 3.01 0.00 0.00 0.00 0.00 0.00 0.00
20 1.75 1.30 0.00 0.00 1.47 0.00 2.28 0.00 0.77 0.46 0.00 0.35 1.54 3.22 0.00 0.95 2.66 0.00 3.26 0.00 0.00 3.12 1.61 0.00 1.30 0.56 0.00 0.00 0.00 1.23 0.00 0.07 0.00 0.00 0.00 0.00 2.00 0.32 0.00 2.59 0.00 0.32 3.33 3.26 2.21 0.00 0.00 2.91 0.35 0.81 0.00 0.21 0.00 0.00 0.00 1.30 2.38 0.77 2.56 0.00 0.00 0.98 0.00 0.00 0.00 0.00 0.00 0.00 0.00 1.02 0.00 3.01 1.02 0.00 0.25 0.00 0.91 2.56 2.38 0.00 0.00 2.91 3.50 0.67 0.00 0.14 0.00 0.00 0.77 0.00 0.00 0.00 0.00 1.75 0.35 1.61 0.00 3.33 2.59 0.00
21 0.00 0.00 1.12 3.36 3.12 0.32 1.82 0.00 0.00 2.17 0.77 0.00 2.31 0.00 2.87 0.00 0.00 0.00 0.56 0.25 3.12 0.00 0.00 1.09 1.19 0.56 3.08 1.96 3.36 1.09 0.00 0.49 0.00 0.00 2.80 3.26 1.19 3.33 0.00 0.00 0.00 0.00 2.42 0.00 2.77 0.00 0.00 0.00 0.00 0.00 0.00 0.00 0.81 0.00 0.00 0.00 0.00 1.44 2.70 0.00 0.00 0.00 0.00 0.00 1.61 1.44 0.00 0.00 0.00 3.19 0.00 3.05 0.00 3.19 0.00 2.56 0.00 0.00 0.00 0.00 2.91 0.00 0.00 0.77 1.33 0.00 1.96 3.01 0.00 0.00 0.00 0.00 0.00 0.00 0.00 0.00 0.00 2.87 1.12 0.00
22 0.32 3.08 0.00 0.00 0.00 2.21 3.47 0.00 0.00 3.47 0.00 1.58 2.24 2.42 1.23 0.56 0.00 2.07 2.63 0.81 1.61 0.00 0.00 1.19 0.00 0.98 0.00 0.00 3.22 1.02 0.00 0.39 1.37 0.60 0.00 3.01 2.66 0.00 3.50 1.19 0.00 0.00 0.00 0.00 0.84 1.30 0.14 0.21 1.19 2.94 3.15 0.00 2.28 0.00 0.00 1.68 0.00 3.40 0.00 3.15 2.87 0.14 0.00 0.00 0.00 3.47 3.50 0.00 0.00 0.00 0.00 3.40 2.66 0.04 0.00 2.84 0.00 1.54 0.00 0.00 0.00 0.00 1.61 0.00 0.00 2.35 3.05 0.77 0.00 0.25 0.53 0.00 2.59 0.00 2.24 0.00 1.96 1.19 1.23 0.00
23 0.00 1.05 0.00 0.00 0.00 0.00 3.36 0.00 0.74 0.00 0.00 3.43 0.00 2.42 3.43 0.25 3.33 1.72 1.79 0.25 0.00 1.09 1.19 0.00 0.00 0.00 0.88 0.00 0.00 0.00 0.00 0.00 0.32 0.00 1.05 1.89 1.58 0.00 0.46 0.00 0.00 0.88 0.00 1.23 3.29 0.18 0.00 0.00 2.07 0.00 2.56 0.00 0.00 2.73 0.00 0.60 0.00 0.00 0.00 2.35 0.00 0.00 0.00 0.00 0.00 2.87 0.00 0.00 0.00 0.46 0.21 0.67 2.17 0.00 1.12 1.86 0.00 0.00 2.21 0.00 1.79 0.00 0.00 1.58 2.28 0.00 1.96 1.37 3.05 0.21 0.00 0.04 0.77 0.00 1.96 2.03 2.10 0.00 0.00 0.00
24 0.00 0.00 0.00 2.63 2.21 2.38 0.00 1.40 0.00 2.07 0.00 0.00 0.11 0.60 3.12 0.00 0.00 0.00 0.00 0.04 1.30 1.19 0.00 0.00 0.00 0.00 1.82 0.00 0.00 2.84 0.00 0.00 0.00 3.01 0.00 0.00 0.00 3.50 0.98 0.00 0.00 0.00 0.00 1.93 2.17 0.00 2.94 0.00 3.19 0.00 0.91 0.00 0.70 0.00 0.74 0.00 0.00 0.00 0.00 3.15 2.91 0.00 2.56 2.56 0.70 2.38 2.49 3.08 0.04 1.86 2.17 1.40 0.00 0.00 0.00 0.00 0.14 0.00 0.00 0.00 0.25 0.00 3.36 0.00 2.70 3.40 0.00 0.00 0.00 0.28 0.42 0.00 0.00 3.43 0.04 0.00 0.00 0.00 0.84 0.00
25 0.63 2.52 0.42 0.00 2.52 0.00 0.00 0.00 0.81 0.00 0.00 0.00 0.81 0.00 0.00 0.00 0.00 2.77 3.50 0.00 0.56 0.56 0.98 0.00 0.00 0.00 0.77 2.38 3.50 3.05 0.00 0.00 1.93 2.84 0.00 1.05 0.00 2.84 0.39 0.00 3.12 1.79 1.47 0.00 1.65 0.00 0.00 1.05 0.46 0.00 0.00 1.40 0.00 1.72 3.01 0.00 0.84 1.02 3.05 0.21 0.00 0.95 0.00 0.18 0.14 0.00 0.14 0.00 0.00 0.00 0.00 2.10 0.00 2.70 1.05 2.66 0.00 0.00 0.00 3.50 0.00 3.12 0.53 0.00 0.42 0.60 2.80 1.37 0.00 0.00 0.28 1.40 0.00 0.18 2.31 0.00 0.25 1.40 2.03 1.47
26 0.00 0.00 0.00 1.19 0.00 0.00 0.00 0.60 0.00 0.00 0.00 3.36 0.00 0.00 0.00 0.18 0.04 0.00 2.35 0.00 0.00 3.08 0.00 0.88 1.82 0.77 0.00 1.33 0.98 0.00 2.98 0.00 2.31 0.00 1.30 2.31 0.00 3.29 2.35 2.03 2.77 0.00 1.12 0.00 0.00 2.10 0.00 0.49 1.19 0.00 2.87 1.23 3.29 1.51 2.66 3.36 2.03 2.84 0.35 0.00 1.72 0.00 1.47 3.01 2.56 0.00 3.22 0.00 1.61 3.22 2.42 0.00 2.56 0.67 1.96 1.58 0.00 0.88 1.58 1.05 0.00 1.54 0.98 3.01 0.00 2.77 0.00 0.00 0.00 3.12 0.00 1.33 0.00 0.00 0.00 3.40 0.53 2.17 3.33 0.00
27 0.07 0.00 0.00 0.21 2.52 0.00 1.89 1.40 0.91 0.00 2.56 1.79 1.40 3.26 0.98 2.31 0.00 0.00 0.91 1.30 0.00 1.96 0.00 0.00 0.00 2.38 1.33 0.00 0.00 1.44 0.00 0.28 0.00 0.39 3.50 0.00 2.45 2.59 0.00 0.00 3.15 0.00 0.00 2.73 0.00 0.00 2.24 2.66 0.00 0.63 0.00 1.58 0.81 0.00 0.00 0.00 0.00 2.77 2.00 1.65 0.00 1.40 0.00 1.05 0.00 0.00 1.02 2.10 0.00 1.12 0.00 0.00 2.80 3.01 1.19 1.93 3.08 0.00 1.79 0.00 0.00 0.00 0.00 1.12 0.00 0.00 0.00 1.19 0.00 0.00 2.52 0.21 0.00 2.73 1.79 3.36 0.00 3.43 3.29 2.35
28 2.63 2.91 1.44 0.07 0.25 2.73 2.98 1.37 3.12 0.00 0.25 0.14 2.84 0.00 2.38 0.00 0.00 0.00 0.00 0.00 0.00 3.36 3.22 0.00 0.00 3.50 0.98 0.00 0.00 0.00 0.74 0.00 2.03 0.00 1.26 0.00 0.00 2.07 0.00 0.00 3.12 0.00 1.16 0.00 1.79 1.37 0.00 0.39 2.66 2.56 0.00 2.98 0.88 0.00 3.12 0.70 1.23 0.00 2.56 0.00 0.00 2.52 0.00 1.30 2.70 2.56 0.00 0.00 3.50 0.00 0.74 1.02 3.01 0.00 0.00 0.00 1.09 0.00 1.68 1.65 0.00 0.00 0.88 0.00 0.00 0.00 1.75 0.95 0.00 2.80 3.01 0.00 0.49 2.31 3.36 0.00 0.00 1.16 1.05 0.00
29 3.05 0.00 0.77 0.00 1.09 0.00 0.56 0.00 0.00 0.00 0.00 1.79 0.00 0.00 0.00 0.00 0.00 0.07 3.33 0.00 1.23 1.09 1.02 0.00 2.84 3.05 0.00 1.44 0.00 0.00 0.00 0.00 1.37 0.00 0.74 2.59 0.00 1.44 1.65 2.66 1.12 1.02 0.00 0.00 2.59 0.00 0.00 0.00 1.19 0.00 0.00 2.77 0.00 0.00 0.00 0.00 0.00 0.00 1.68 2.03 0.00 0.00 2.56 2.17 2.35 0.53 1.82 3.26 2.66 3.29 1.26 0.00 3.33 0.00 0.00 2.14 0.00 1.54 0.00 1.93 0.70 2.00 2.00 0.00 0.00 0.42 2.07 1.96 0.00 0.46 1.40 0.00 1.79 0.00 0.00 3.29 0.00 0.00 2.52 0.00
30 0.00 1.89 0.32 2.28 0.00 2.21 1.37 0.95 0.00 0.00 0.00 0.00 0.74 3.05 0.00 0.00 0.28 0.00 0.00 1.93 0.00 0.00 0.00 0.00 0.00 0.00 2.98 0.00 0.74 0.00 0.00 2.17 1.19 0.00 0.00 2.52 0.07 0.00 2.45 0.00 0.00 0.00 0.00 3.01 1.44 0.00 0.00 0.56 0.60 0.00 0.00 1.93 0.00 0.00 0.00 0.00 1.75 0.00 0.00 0.00 3.29 0.00 0.00 0.14 0.00 0.00 0.00 0.00 2.80 0.00 2.17 2.45 1.58 3.15 3.08 0.00 1.26 0.00 1.40 1.44 1.16 2.91 1.33 1.37 1.44 0.00 3.26 0.00 0.63 2.84 0.00 0.00 0.77 0.67 0.00 0.00 0.00 0.00 2.21 3.29
31 2.07 2.94 2.91 0.00 0.46 3.40 0.00 2.31 2.49 0.07 0.00 0.00 0.00 0.60 0.00 1.37 0.00 0.00 3.22 0.00 0.07 0.49 0.39 0.00 0.00 0.00 0.00 0.28 0.00 0.00 2.17 0.00 3.50 0.00 1.09 2.73 2.91 2.73 2.49 1.54 0.00 0.00 0.00 0.00 0.00 0.00 0.49 1.16 0.00 1.65 0.84 0.00 2.98 2.77 2.21 0.00 0.28 2.52 0.00 2.87 2.07 0.49 3.50 1.37 0.32 0.00 0.81 0.84 0.00 0.39 1.26 0.00 0.00 1.23 0.00 3.19 0.00 0.00 0.00 0.00 2.45 0.00 2.35 2.56 1.05 0.00 0.04 0.00 0.00 0.00 3.08 0.00 2.77 0.00 0.00 1.75 0.49 0.77 3.29 0.00
32 0.00 0.00 0.00 1.82 0.11 0.00 0.00 0.00 3.26 0.00 1.79 0.00 1.30 2.98 0.00 2.80 1.51 0.00 0.00 1.75 0.00 0.00 1.37 0.32 0.00 1.93 2.31 0.00 2.03 1.37 1.19 3.50 0.00 0.00 2.38 0.00 0.88 0.00 2.07 0.00 2.49 1.86 1.37 2.24 0.35 0.00 0.00 2.94 0.14 2.49 3.50 0.00 0.00 1.68 0.00 0.00 0.00 1.93 0.00 2.73 0.00 0.00 2.56 0.00 1.86 0.56 0.00 0.11 1.79 0.00 2.00 0.00 3.33 2.38 0.00 0.00 0.70 0.00 1.58 0.00 0.00 0.98 0.00 0.00 3.01 0.00 3.40 1.93 3.43 0.00 0.00 0.00 0.00 0.00 1.93 0.00 0.00 1.82 2.70 0.00
33 0.00 0.00 0.00 0.00 1.37 0.00 0.77 0.00 0.00 0.00 0.00 2.00 0.42 0.00 0.00 0.00 0.00 0.00 0.00 0.00 0.00 0.00 0.60 0.00 3.01 2.84 0.00 0.39 0.00 0.00 0.00 0.00 0.00 0.00 0.00 0.77 3.36 0.00 1.19 0.95 2.52 0.00 0.00 0.00 2.91 0.00 0.00 0.21 1.68 1.93 0.00 3.47 2.21 0.95 0.18 2.84 0.00 0.00 0.00 3.05 0.00 0.00 0.00 1.96 0.00 1.30 2.10 0.67 2.42 0.00 1.16 0.00 0.00 3.26 0.00 0.00 0.00 2.17 0.00 0.00 1.47 2.10 3.01 0.00 0.00 0.00 0.39 0.00 0.00 0.00 1.58 0.00 2.87 2.52 0.00 0.00 2.56 0.00 0.00 1.79
34 0.95 2.98 1.02 0.00 0.00 0.46 0.00 0.81 2.31 0.00 0.00 0.00 0.84 0.00 0.00 1.26 0.63 2.66 0.00 0.00 0.00 2.80 0.00 1.05 0.00 0.00 1.30 3.50 1.26 0.74 0.00 1.09 2.38 0.00 0.00 0.00 0.00 0.00 0.00 2.17 1.47 0.00 2.35 3.40 0.00 2.07 3.12 0.56 0.49 2.17 0.00 0.88 0.42 0.00 0.00 0.00 0.00 0.00 1.33 0.00 0.67 0.00 3.43 0.00 0.35 0.00 0.07 2.94 0.00 0.00 2.07 2.14 0.00 0.00 2.56 0.00 0.00 1.68 0.84 0.00 0.00 0.00 0.00 0.00 0.00 0.00 0.00 3.08 0.00 0.00 0.00 0.00 0.14 0.00 0.00 0.00 0.00 3.19 1.58 0.00
35 0.81 2.56 0.00 1.96 0.95 0.00 0.00 3.47 0.00 0.00 0.00 2.73 0.00 1.40 0.00 0.07 0.00 0.00 0.00 0.00 0.00 3.26 3.01 1.89 0.00 1.05 2.31 0.00 0.00 2.59 2.52 2.73 0.00 0.77 0.00 0.00 0.00 1.79 3.40 2.45 0.00 2.91 0.56 2.94 1.72 0.95 0.00 3.29 3.29 2.35 0.00 2.94 0.74 0.00 0.00 0.00 2.52 0.00 1.05 0.00 0.00 0.00 1.54 0.00 0.00 0.00 0.00 1.89 0.88 0.14 0.00 0.00 0.00 2.38 0.00 0.00 0.00 0.00 0.00 0.00 0.00 0.00 0.00 3.08 0.00 0.32 1.33 0.00 2.38 1.26 0.00 0.04 0.00 0.00 1.33 0.00 0.00 2.52 0.00 0.00
36 0.00 0.42 0.00 0.00 0.14 0.81 0.28 0.00 3.40 0.00 2.56 0.00 0.00 0.98 2.56 1.44 0.00 0.60 0.00 0.00 2.00 1.19 2.66 1.58 0.00 0.00 0.00 2.45 0.00 0.00 0.07 2.91 0.88 3.36 0.00 0.00 0.00 3.12 0.00 3.26 2.17 0.00 1.23 0.00 0.00 2.63 0.00 0.00 0.00 0.00 0.00 2.98 0.00 3.47 0.00 0.00 0.00 1.12 0.00 0.00 0.00 0.00 0.00 0.00 0.00 0.00 0.00 0.00 1.82 0.00 0.00 1.89 0.00 3.43 0.00 0.25 3.50 0.00 0.00 2.63 0.00 2.17 0.42 0.88 0.00 3.01 3.19 1.79 0.00 2.56 0.04 0.81 0.00 0.00 2.49 0.00 0.00 2.14 0.00 2.42
37 0.00 1.26 0.00 0.84 2.45 0.32 0.74 0.00 2.07 0.00 3.36 0.00 1.12 1.16 3.01 0.00 2.00 2.28 0.42 0.00 0.32 3.33 0.00 0.00 3.50 2.84 3.29 2.59 2.07 1.44 0.00 2.73 0.00 0.00 0.00 1.79 3.12 0.00 0.00 0.00 0.00 0.00 0.00 1.86 0.00 3.36 1.47 2.03 1.93 0.00 0.63 0.00 3.43 0.00 1.93 0.00 0.00 2.21 1.54 0.00 2.91 0.00 0.00 3.36 0.00 1.26 2.14 0.21 0.00 1.58 0.00 1.02 0.00 0.00 0.14 3.08 2.00 0.49 2.70 1.40 0.00 0.00 0.00 1.23 0.77 3.43 0.00 0.18 1.54 0.00 0.00 0.70 0.00 0.00 2.98 0.00 0.00 3.47 0.98 1.65
38 1.72 1.96 0.00 0.00 0.00 0.49 0.00 0.00 0.00 0.00 0.00 3.36 0.00 1.19 0.00 3.22 3.05 3.40 0.67 2.87 0.00 0.00 3.50 0.46 0.98 0.39 2.35 0.00 0.00 1.65 2.45 2.49 2.07 1.19 0.00 3.40 0.00 0.00 0.00 0.00 0.00 0.00 0.00 0.63 0.00 0.00 0.00 0.00 1.65 1.44 2.28 0.00 0.00 2.38 0.70 1.51 3.12 0.25 0.00 0.25 0.00 2.24 1.82 0.00 0.00 1.68 0.00 0.00 0.00 2.87 0.00 0.14 1.09 0.00 0.00 1.12 0.00 3.26 0.60 1.30 0.00 0.00 0.00 0.00 2.38 2.17 0.00 1.09 3.36 0.39 0.00 1.65 0.00 0.00 0.00 0.56 0.21 0.00 0.11 1.16
39 0.07 1.75 0.00 0.00 0.00 2.84 0.07 0.00 0.00 0.00 2.17 0.00 0.00 0.00 0.00 0.04 1.58 0.00 3.29 3.47 2.59 0.00 1.19 0.00 0.00 0.00 2.03 0.00 0.00 2.66 0.00 1.54 0.00 0.95 2.17 2.45 3.26 0.00 0.00 0.00 2.73 0.00 2.28 3.08 1.82 1.44 0.00 0.00 2.84 2.84 0.00 3.05 2.24 0.00 0.00 0.00 0.35 0.81 2.07 0.00 1.33 1.02 1.93 2.00 0.00 2.70 1.19 3.08 0.53 1.33 0.00 1.58 1.30 1.26 2.49 0.00 0.60 2.45 3.15 2.10 1.37 0.00 0.00 0.00 0.88 2.49 0.00 0.00 2.66 0.00 0.11 0.00 1.23 1.61 0.00 3.29 0.00 0.46 0.00 0.70
40 1.51 0.35 2.45 0.98 0.00 0.00 3.36 0.00 2.03 1.93 0.00 0.67 0.00 2.56 2.56 0.00 0.00 2.45 2.17 0.00 0.00 0.00 0.00 0.00 0.00 3.12 2.77 3.15 3.12 1.12 0.00 0.00 2.49 2.52 1.47 0.00 2.17 0.00 0.00 2.73 0.00 0.00 0.00 0.00 3.15 1.93 0.00 0.00 0.00 0.00 0.88 3.01 0.00 2.28 0.00 1.26 2.52 0.70 0.00 2.70 3.15 0.00 0.00 2.87 2.70 1.02 0.00 2.24 0.00 0.00 2.10 1.68 0.00 2.31 2.28 0.00 0.00 0.00 0.00 3.22 2.52 0.00 2.94 0.00 0.84 0.00 0.00 0.88 1.51 0.00 1.65 2.52 1.44 0.39 1.37 0.07 0.46 3.26 0.00 0.00
41 0.00 1.09 2.42 0.00 3.50 0.00 0.00 0.00 0.00 0.00 0.32 0.00 1.96 0.00 0.00 0.00 0.00 0.00 1.89 1.30 0.32 0.00 0.00 0.88 0.00 1.79 0.00 0.00 0.00 1.02 0.00 0.00 1.86 0.00 0.00 2.91 0.00 0.00 0.00 0.00 0.00 0.00 2.94 0.00 3.40 0.11 0.00 0.00 0.00 0.00 0.00 3.22 0.00 0.00 1.72 0.00 0.00 0.00 1.51 0.00 0.00 0.00 0.70 2.59 0.00 0.00 1.23 0.60 2.45 2.66 0.00 0.00 1.75 1.23 0.00 2.84 0.14 0.00 0.70 2.45 0.00 0.00 0.00 0.07 1.65 3.01 0.00 0.00 1.12 1.58 0.00 0.88 1.47 0.00 0.00 0.00 2.66 2.17 0.00 0.00
42 0.00 2.91 0.60 0.00 0.00 0.21 0.00 0.00 0.00 0.00 0.00 0.00 1.12 0.00 0.74 0.00 2.80 0.32 2.24 2.52 3.33 2.42 0.00 0.00 0.00 1.47 1.12 0.00 1.16 0.00 0.00 0.00 1.37 0.00 2.35 0.56 1.23 0.00 0.00 2.28 0.00 2.94 0.00 0.28 0.00 1.89 0.00 2.21 0.00 1.93 3.43 1.61 0.00 1.75 0.00 0.00 3.05 0.00 0.00 1.89 0.00 1.68 0.00 0.00 1.02 2.77 0.00 1.93 0.00 0.00 0.00 0.98 0.00 0.81 1.12 1.51 0.00 2.56 0.91 0.00 1.51 2.73 1.68 1.96 0.00 0.00 2.77 2.66 0.00 0.46 2.45 0.28 0.00 2.28 0.77 0.74 0.00 0.00 3.19 0.00
43 0.46 3.08 0.00 1.16 0.00 3.36 2.87 0.00 3.36 0.00 1.26 0.00 0.56 0.00 0.00 3.22 3.19 0.00 0.07 1.82 3.26 0.00 0.00 1.23 1.93 0.00 0.00 2.73 0.00 0.00 3.01 0.00 2.24 0.00 3.40 2.94 0.00 1.86 0.63 3.08 0.00 0.00 0.28 0.00 1.44 0.49 0.07 3.15 0.00 2.24 2.49 0.00 0.00 0.00 2.14 0.00 2.28 3.50 0.00 0.00 0.39 2.80 0.00 0.00 0.00 0.00 1.33 0.11 1.37 0.00 0.88 2.17 0.00 1.51 0.00 0.00 1.61 0.00 0.39 0.00 0.46 1.75 0.00 1.12 0.00 1.40 0.00 3.29 1.23 3.36 2.28 3.22 2.63 0.00 0.04 3.47 1.33 1.16 0.00 2.49
44 1.40 0.00 0.49 1.86 3.19 3.47 0.00 2.66 0.00 0.00 1.51 0.00 2.73 0.00 3.19 1.54 0.00 0.42 0.00 0.00 2.21 2.77 0.84 3.29 2.17 1.65 0.00 0.00 1.79 2.59 1.44 0.00 0.35 2.91 0.00 1.72 0.00 0.00 0.00 1.82 3.15 3.40 0.00 1.44 0.00 3.08 0.70 3.36 0.00 0.00 0.00 1.65 0.00 0.00 0.00 2.49 0.14 2.10 0.00 0.00 1.47 0.53 0.00 0.00 0.00 1.58 1.16 0.00 0.00 0.00 0.00 0.00 0.00 1.33 0.74 0.00 2.56 0.00 1.33 1.54 0.00 1.19 0.00 0.00 0.00 0.04 1.58 1.23 3.36 0.00 0.00 0.00 0.00 0.00 1.93 0.00 0.00 0.00 0.00 3.22
45 2.56 0.00 0.00 2.10 3.15 0.00 0.00 0.00 0.00 3.08 0.00 2.56 0.00 0.00 0.25 0.91 1.02 2.56 0.00 2.03 0.00 0.00 1.30 0.18 0.00 0.00 2.10 0.00 1.37 0.00 0.00 0.00 0.00 0.00 2.07 0.95 2.63 3.36 0.00 1.44 1.93 0.11 1.89 0.49 3.08 0.00 2.73 0.00 0.00 0.00 0.00 1.33 0.25 1.23 1.09 0.67 3.01 0.00 0.00 3.12 0.00 2.14 0.00 2.56 1.30 2.98 2.03 0.00 0.04 0.00 0.00 2.56 0.00 0.70 2.24 0.00 0.00 0.00 0.00 0.21 3.12 0.00 0.95 0.00 0.81 3.12 0.00 2.10 3.19 0.00 2.56 0.74 0.00 0.00 1.05 0.00 0.00 0.00 0.00 0.00
46 3.05 2.03 0.00 2.63 0.60 2.73 0.00 1.93 0.00 3.43 0.00 2.52 0.25 1.86 1.89 0.00 1.65 0.00 3.29 0.00 0.00 0.00 0.14 0.00 2.94 0.00 0.00 2.24 0.00 0.00 0.00 0.49 0.00 0.00 3.12 0.00 0.00 1.47 0.00 0.00 0.00 0.00 0.00 0.07 0.70 2.73 0.00 0.00 0.95 2.31 0.00 1.37 0.00 0.42 0.46 0.49 0.00 0.00 1.40 3.05 1.30 0.00 1.26 0.00 0.00 0.00 0.00 3.50 1.19 2.77 1.89 0.00 0.00 0.00 3.26 0.00 3.36 0.00 3.01 2.49 0.91 0.00 0.00 2.07 0.00 0.74 0.00 0.00 3.33 2.73 2.66 1.37 0.00 0.77 2.77 1.54 2.77 0.00 0.00 0.28
47 0.00 0.00 0.00 0.00 1.51 0.00 0.00 0.00 0.00 0.00 1.82 0.00 1.19 0.00 0.07 2.52 2.63 1.68 0.00 1.26 2.91 0.00 0.21 0.00 0.00 1.05 0.49 2.66 0.39 0.00 0.56 1.16 2.94 0.21 0.56 3.29 0.00 2.03 0.00 0.00 0.00 0.00 2.21 3.15 3.36 0.00 0.00 0.00 2.14 0.00 0.00 3.01 0.00 1.96 0.00 1.96 0.00 0.07 3.33 0.00 1.51 2.77 0.00 1.23 0.00 1.72 0.56 1.16 1.89 0.00 2.31 1.47 3.43 0.00 0.00 2.42 0.00 0.00 0.74 2.07 0.00 3.29 0.00 3.05 0.00 0.91 3.15 0.00 2.42 0.00 0.77 2.98 1.68 2.03 0.84 2.31 2.17 0.00 3.40 3.08
48 1.16 1.23 2.87 1.82 3.33 0.00 3.43 0.00 1.79 0.00 2.03 0.00 0.35 0.00 1.82 0.00 2.80 1.65 1.96 2.28 0.35 0.00 1.19 2.07 3.19 0.46 1.19 0.00 2.66 1.19 0.60 0.00 0.14 1.68 0.49 3.29 0.00 1.93 1.65 2.84 0.00 0.00 0.00 0.00 0.00 0.00 0.95 2.14 0.00 0.00 0.00 0.00 2.59 0.00 0.00 0.00 0.00 0.00 0.14 0.00 3.05 0.00 0.00 0.74 0.00 0.00 0.00 2.03 0.00 0.00 0.00 0.00 0.00 3.22 0.00 3.36 3.29 0.00 0.63 1.02 0.00 0.00 0.00 0.00 1.26 1.82 2.17 3.08 1.68 2.00 0.00 1.68 0.00 0.67 0.00 1.68 1.37 1.47 0.32 2.98
49 3.12 2.87 2.31 0.00 0.00 0.77 0.56 0.00 0.32 0.00 2.84 0.46 1.61 0.00 0.00 0.00 0.00 0.00 1.40 2.10 0.81 0.00 2.94 0.00 0.00 0.00 0.00 0.63 2.56 0.00 0.00 1.65 2.49 1.93 2.17 2.35 0.00 0.00 1.44 2.84 0.00 0.00 1.93 2.24 0.00 0.00 2.31 0.00 0.00 0.00 1.54 0.00 0.00 0.00 1.61 3.33 0.00 0.28 1.96 1.09 3.50 0.00 0.00 0.00 0.00 2.10 0.21 0.00 2.70 0.63 0.00 0.00 0.00 0.00 0.00 1.05 0.91 0.00 1.82 1.68 0.00 0.00 2.28 0.00 0.00 1.75 2.77 0.00 3.08 0.35 1.40 0.95 2.98 0.84 0.00 0.25 1.79 3.19 2.24 0.00
50 0.00 0.00 2.49 0.00 1.68 0.00 0.00 0.00 0.98 2.91 0.00 0.00 2.31 0.00 0.00 0.00 0.00 1.93 0.84 0.00 0.00 0.00 3.15 2.56 0.91 0.00 2.87 0.00 0.00 0.00 0.00 0.84 3.50 0.00 0.00 0.00 0.00 0.63 2.28 0.00 0.88 0.00 3.43 2.49 0.00 0.00 0.00 0.00 0.00 1.54 0.00 3.43 1.79 0.00 2.94 2.56 0.00 0.00 1.37 0.00 3.43 0.74 1.96 0.00 0.00 0.00 2.28 0.00 0.00 2.80 0.00 3.12 0.00 0.00 0.00 0.00 0.00 0.25 0.00 0.00 1.79 0.00 0.91 2.03 0.49 0.00 0.00 0.00 0.00 0.00 2.66 0.00 2.42 1.33 0.88 0.00 0.00 0.91 0.00 3.22
51 0.00 0.00 0.53 2.45 0.81 2.35 2.66 1.30 0.00 0.00 0.00 0.00 0.00 0.00 1.44 1.40 2.84 2.10 1.72 1.61 0.21 0.00 0.00 0.00 0.00 1.40 1.23 1.58 2.98 2.77 1.93 0.00 0.00 3.47 0.88 2.94 2.98 0.00 0.00 3.05 3.01 3.22 1.61 0.00 1.65 1.33 1.37 3.01 0.00 0.00 3.43 0.00 0.81 0.63 2.45 2.49 2.77 0.00 0.00 3.15 0.00 0.00 0.00 0.00 0.00 1.96 0.00 3.40 0.00 1.54 0.91 0.00 0.00 0.00 1.96 0.00 3.47 2.87 2.66 2.91 0.77 0.14 0.00 0.00 1.86 0.25 0.00 2.42 0.00 0.46 0.00 0.00 0.00 2.38 0.00 0.00 0.00 1.05 0.00 2.03
52 0.00 1.05 0.00 2.35 0.67 1.93 0.00 0.00 0.00 0.00 0.00 0.77 3.36 0.00 0.00 0.32 2.17 0.00 2.17 0.00 0.00 0.81 2.28 0.00 0.70 0.00 3.29 0.81 0.88 0.00 0.00 2.98 0.00 2.21 0.42 0.74 0.00 3.43 0.00 2.24 0.00 0.00 0.00 0.00 0.00 0.25 0.00 0.00 2.59 0.00 1.79 0.81 0.00 0.00 3.15 1.12 3.26 0.00 1.05 0.88 0.00 0.60 1.12 1.12 1.58 0.00 2.91 3.01 1.58 3.08 1.23 0.00 0.04 1.89 0.00 2.42 0.00 0.00 0.00 2.63 0.00 0.14 3.36 3.33 0.00 0.46 0.42 0.00 0.00 0.00 0.00 0.00 0.00 0.00 0.00 0.00 0.00 0.00 0.00 0.91
53 0.00 0.00 0.00 2.56 0.00 0.00 0.00 0.00 2.38 0.00 0.00 2.45 0.00 0.00 0.84 0.00 0.00 0.00 0.00 0.00 0.00 0.00 0.00 2.73 0.00 1.72 1.51 0.00 0.00 0.00 0.00 2.77 1.68 0.95 0.00 0.00 3.47 0.00 2.38 0.00 2.28 0.00 1.75 0.00 0.00 1.23 0.42 1.96 0.00 0.00 0.00 0.63 0.00 0.00 0.00 1.61 1.23 3.50 1.89 0.00 0.00 3.47 0.00 0.00 0.00 1.79 0.00 0.00 3.43 0.00 2.21 3.29 2.63 0.00 0.00 1.02 0.46 1.89 3.12 2.84 0.00 0.00 3.36 1.54 0.00 0.00 0.00 2.00 0.00 0.00 0.32 0.00 0.00 0.00 0.18 2.38 2.70 0.11 3.43 2.91
54 0.00 0.00 1.89 1.19 3.19 0.00 0.18 0.00 0.00 0.00 0.00 2.10 2.66 0.00 0.74 0.25 0.00 0.00 1.75 0.00 0.00 0.00 0.00 0.00 0.74 3.01 2.66 0.00 3.12 0.00 0.00 2.21 0.00 0.18 0.00 0.00 0.00 1.93 0.70 0.00 0.00 1.72 0.00 2.14 0.00 1.09 0.46 0.00 0.00 1.61 2.94 2.45 3.15 0.00 0.00 0.00 0.00 0.00 0.00 2.03 0.00 0.00 0.00 0.00 0.39 0.00 0.84 0.00 1.72 0.00 0.00 0.00 0.00 0.00 1.65 2.70 0.00 0.00 0.00 0.00 0.00 2.31 0.00 0.77 0.00 0.00 3.50 0.00 0.00 0.00 0.00 0.25 1.19 0.00 0.00 2.52 2.10 0.00 3.12 0.00
55 0.00 2.24 1.37 0.91 1.23 1.16 0.00 0.60 0.00 0.00 0.74 0.00 1.30 0.00 3.29 2.91 0.00 0.25 0.00 1.61 1.30 0.00 1.68 0.60 0.00 0.00 3.36 0.00 0.70 0.00 0.00 0.00 0.00 2.84 0.00 0.00 0.00 0.00 1.51 0.00 1.26 0.00 0.00 0.00 2.49 0.67 0.49 1.96 0.00 3.33 2.56 2.49 1.12 1.61 0.00 0.00 2.17 0.07 3.19 0.00 0.00 0.00 0.00 0.07 1.40 0.00 3.40 0.70 1.09 1.16 1.47 0.18 3.19 0.00 1.68 0.00 0.00 0.00 3.47 0.00 0.84 0.00 1.12 1.68 0.81 0.00 2.80 0.00 0.00 2.66 2.98 0.00 0.00 1.72 0.00 2.14 2.00 0.00 2.45 1.61
56 1.47 1.12 3.05 1.61 0.53 0.00 0.00 0.00 0.00 0.00 0.00 1.54 0.00 0.49 0.00 0.00 2.14 0.00 0.00 0.00 2.38 0.00 0.00 0.00 0.00 0.84 2.03 0.00 1.23 0.00 1.75 0.28 0.00 0.00 0.00 2.52 0.00 0.00 3.12 0.35 2.52 0.00 3.05 2.28 0.14 3.01 0.00 0.00 0.00 0.00 0.00 2.77 3.26 1.23 0.00 2.17 0.00 0.00 0.00 3.15 0.00 0.00 1.44 0.00 0.00 1.61 0.00 0.00 0.11 0.00 0.00 0.00 0.00 0.00 0.00 1.33 0.00 0.25 0.00 0.00 2.03 0.00 0.00 0.84 1.40 0.00 1.54 0.00 0.00 0.00 2.21 1.33 0.00 2.98 0.00 0.00 0.00 0.00 0.25 0.00
57 0.00 3.33 0.88 0.00 3.43 0.88 0.00 0.00 0.00 0.00 0.00 0.00 0.00 2.52 0.00 2.03 0.00 0.00 0.00 0.00 0.77 1.44 3.40 0.00 0.00 1.02 2.84 2.77 0.00 0.00 0.00 2.52 1.93 0.00 0.00 0.00 1.12 2.21 0.25 0.81 0.70 0.00 0.00 3.50 2.10 0.00 0.00 0.07 0.00 0.28 0.00 0.00 0.00 3.50 0.00 0.07 0.00 0.00 0.00 1.26 0.00 0.00 0.00 0.00 3.19 2.77 2.14 0.00 0.00 3.33 0.00 0.00 0.00 0.00 0.00 0.00 0.49 0.00 0.00 1.58 0.00 0.00 0.00 2.63 0.00 3.15 0.95 0.00 0.00 1.93 2.10 0.42 2.56 0.00 0.00 1.75 1.33 0.00 0.21 0.00
58 3.50 0.00 0.00 0.00 2.70 0.00 1.68 0.46 0.77 1.82 0.56 3.08 0.98 0.88 0.00 2.70 3.36 0.00 0.00 2.87 2.56 2.70 0.00 0.00 0.00 3.05 0.35 2.00 2.56 1.68 0.00 0.00 0.00 0.00 1.33 1.05 0.00 1.54 0.00 2.07 0.00 1.51 0.00 0.00 0.00 0.00 1.40 3.33 0.14 1.96 1.37 0.00 1.05 1.89 0.00 3.19 0.00 0.00 0.00 1.23 0.00 0.42 0.00 2.03 0.00 0.00 3.47 0.39 3.08 1.33 1.79 0.00 0.00 0.00 0.00 0.00 1.58 0.00 0.00 1.33 0.00 0.00 0.00 0.00 2.35 1.05 0.00 0.00 1.82 0.00 0.00 2.70 0.32 0.00 0.00 0.00 0.63 0.00 0.00 2.10
59 0.00 0.00 1.68 2.17 0.00 0.00 0.63 2.31 1.09 3.36 2.00 3.36 0.21 0.00 0.00 0.00 0.00 0.39 0.56 1.12 0.00 0.00 3.15 2.35 3.15 0.21 0.00 1.65 0.00 2.03 0.00 2.87 2.73 3.05 0.00 0.00 0.00 0.00 0.25 0.00 2.70 0.00 1.89 0.00 0.00 3.12 3.05 0.00 0.00 1.09 0.00 3.15 0.88 0.00 2.03 0.00 3.15 1.26 1.23 0.00 0.00 0.00 0.00 0.00 1.89 0.35 0.00 0.00 0.00 0.00 0.00 0.39 2.28 0.00 2.45 0.00 2.31 0.00 0.70 0.00 0.00 0.00 0.56 0.00 0.00 0.00 2.84 0.00 1.09 1.33 0.00 1.96 3.15 3.43 2.84 0.91 0.00 2.14 2.94 0.00
60 0.98 0.00 0.00 0.63 0.00 0.00 2.49 2.56 3.36 1.79 0.00 2.77 0.56 0.00 0.00 2.77 0.00 1.26 0.00 0.00 0.00 0.00 2.87 0.00 2.91 0.00 1.72 0.00 0.00 0.00 3.29 2.07 0.00 0.00 0.67 0.00 0.00 2.91 0.00 1.33 3.15 0.00 0.00 0.39 1.47 0.00 1.30 1.51 3.05 3.50 3.43 0.00 0.00 0.00 0.00 0.00 0.00 0.00 0.00 0.00 0.00 0.00 1.75 0.00 0.00 0.00 1.89 2.73 2.14 0.00 0.00 0.00 0.74 0.00 0.39 2.80 2.56 1.96 2.28 3.26 0.00 1.61 0.00 0.88 1.47 0.00 0.00 1.65 1.02 2.03 2.45 0.00 0.00 0.00 3.15 2.66 0.18 0.42 0.00 0.00
61 0.42 0.60 0.28 1.02 0.00 0.18 0.00 0.11 0.00 0.00 0.00 2.98 1.96 2.59 0.74 0.00 0.14 1.44 0.07 2.14 0.98 0.00 0.14 0.00 0.00 0.95 0.00 1.40 2.52 0.00 0.00 0.49 0.00 0.00 0.00 0.00 0.00 0.00 2.24 1.02 0.00 0.00 1.68 2.80 0.53 2.14 0.00 2.77 0.00 0.00 0.74 0.00 0.60 3.47 0.00 0.00 0.00 0.00 0.42 0.00 0.00 0.00 0.00 1.47 0.00 0.00 0.00 2.49 1.02 3.50 0.00 0.00 0.00 0.25 0.60 3.15 0.00 0.00 1.51 2.66 0.00 0.00 0.49 0.00 0.00 3.50 3.12 0.00 0.00 0.00 0.00 0.00 3.01 0.00 3.01 0.77 0.49 0.00 1.93 0.00
62 0.81 0.00 0.18 2.73 0.70 0.00 2.63 0.00 0.00 1.79 1.09 2.10 0.49 1.16 0.00 0.00 0.00 0.00 0.32 2.35 0.00 0.00 0.00 0.00 2.56 0.00 1.47 0.00 0.00 2.56 0.00 3.50 2.56 0.00 3.43 1.54 0.00 0.00 1.82 1.93 0.00 0.70 0.00 0.00 0.00 0.00 1.26 0.00 0.00 0.00 1.96 0.00 1.12 0.00 0.00 0.00 1.44 0.00 0.00 0.00 1.75 0.00 0.00 0.60 0.00 0.00 1.75 0.00 1.12 1.02 0.00 2.63 0.00 0.00 2.49 1.61 0.00 0.00 1.19 0.21 0.00 0.00 0.00 0.00 0.00 0.00 2.21 0.53 0.00 2.49 0.00 0.00 0.00 1.93 0.00 0.84 1.33 0.00 0.00 0.21
63 0.00 0.00 3.36 0.11 0.00 0.00 3.50 3.29 1.75 0.46 0.00 0.00 2.91 3.29 0.00 0.00 0.00 1.51 2.91 0.00 0.00 0.00 0.00 0.00 2.56 0.18 3.01 1.05 1.30 2.17 0.14 1.37 0.00 1.96 0.00 0.00 0.00 3.36 0.00 2.00 2.87 2.59 0.00 0.00 0.00 2.56 0.00 1.23 0.74 0.00 0.00 0.00 1.12 0.00 0.00 0.07 0.00 0.00 2.03 0.00 0.00 1.47 0.60 0.00 0.00 0.00 3.47 0.00 0.00 3.22 0.00 1.30 0.00 0.00 1.96 1.82 0.67 0.00 0.00 0.00 1.75 0.00 1.82 0.00 2.00 2.98 0.77 0.00 0.00 0.00 0.00 0.00 0.00 0.00 0.00 0.11 3.26 2.21 0.00 0.21
64 0.00 3.01 0.60 0.00 0.00 0.00 1.96 0.00 0.00 0.18 1.75 1.68 1.40 0.14 0.00 0.00 3.33 0.00 0.00 1.93 0.00 1.61 0.00 0.00 0.70 0.14 2.56 0.00 2.70 2.35 0.00 0.32 1.86 0.00 0.35 0.00 0.00 0.00 0.00 0.00 2.70 0.00 1.02 0.00 0.00 1.30 0.00 0.00 0.00 0.00 0.00 0.00 1.58 0.00 0.39 1.40 0.00 3.19 0.00 1.89 0.00 0.00 0.00 0.00 0.00 2.45 0.00 0.00 0.00 0.00 3.15 0.00 1.26 0.00 0.77 0.00 0.95 0.00 3.36 1.26 3.19 0.00 2.73 0.00 1.02 3.43 0.00 0.18 2.52 0.32 0.00 2.56 0.00 0.00 0.56 1.54 1.79 0.00 0.00 3.43
65 0.74 0.00 1.02 0.81 0.00 1.16 0.00 0.70 0.70 0.00 1.23 0.00 0.00 0.00 0.00 1.82 0.11 0.00 0.00 0.53 0.00 1.44 3.47 2.87 2.38 0.00 0.00 0.00 2.56 0.53 0.00 0.00 0.56 1.30 0.00 0.00 0.00 1.26 1.68 2.70 1.02 0.00 2.77 0.00 1.58 2.98 0.00 1.72 0.00 2.10 0.00 1.96 0.00 1.79 0.00 0.00 1.61 2.77 0.00 0.35 0.00 0.00 0.00 0.00 2.45 0.00 1.09 0.00 3.05 1.23 0.00 2.91 0.00 0.74 0.00 0.00 1.02 2.17 0.91 2.52 0.00 0.00 0.00 1.23 2.59 0.00 0.00 3.08 2.28 0.39 3.50 0.00 0.00 0.00 0.67 2.38 0.00 0.84 0.00 1.89
66 0.00 1.09 2.49 0.39 3.26 0.00 1.89 2.52 0.00 2.70 2.52 0.04 0.00 0.00 0.00 0.04 0.00 0.14 2.98 1.58 0.00 0.00 3.50 0.00 2.49 0.14 3.22 1.02 0.00 1.82 0.00 0.81 0.00 2.10 0.07 0.00 0.00 2.14 0.00 1.19 0.00 1.23 0.00 1.33 1.16 2.03 0.00 0.56 0.00 0.21 2.28 0.00 2.91 0.00 0.84 3.40 0.00 2.14 3.47 0.00 1.89 0.00 1.75 3.47 0.00 1.09 0.00 0.00 1.47 0.63 2.59 0.35 2.14 1.96 0.00 1.89 0.00 0.00 2.87 0.00 1.37 0.00 3.29 2.45 0.00 0.00 0.00 0.00 0.07 3.12 0.00 0.00 2.87 0.00 0.00 0.49 0.00 0.60 0.00 0.00
67 0.00 0.00 0.00 2.35 1.23 3.01 0.35 3.43 2.73 0.00 2.84 0.00 0.00 2.49 0.00 1.09 0.00 1.93 1.93 1.82 0.00 0.00 0.00 0.00 3.08 0.00 0.00 2.10 0.00 3.26 0.00 0.84 0.11 0.67 2.94 1.89 0.00 0.21 0.00 3.08 2.24 0.60 1.93 0.11 0.00 0.00 3.50 1.16 2.03 0.00 0.00 3.40 3.01 0.00 0.00 0.70 0.00 0.00 0.39 0.00 2.73 2.49 0.00 0.00 0.00 0.00 0.00 0.00 0.95 0.00 0.00 3.08 0.00 0.00 0.28 1.82 0.00 0.00 1.09 0.00 2.42 2.38 0.00 0.00 2.63 1.12 2.63 0.00 2.42 0.81 3.08 0.00 0.00 0.00 0.04 0.00 1.12 0.00 0.00 0.00
68 0.00 0.53 0.00 0.00 0.32 0.00 0.95 0.00 0.00 0.25 0.00 0.00 0.00 2.52 0.25 0.00 0.21 0.00 1.37 0.00 0.00 0.00 0.00 0.00 0.04 0.00 1.61 0.00 3.50 2.66 2.80 0.00 1.79 2.42 0.00 0.88 1.82 0.00 0.00 0.53 0.00 2.45 0.00 1.37 0.00 0.04 1.19 1.89 0.00 2.70 0.00 0.00 1.58 3.43 1.72 1.09 0.11 0.00 3.08 0.00 2.14 1.02 1.12 0.00 0.00 3.05 1.47 0.95 0.00 1.05 0.18 0.53 3.40 0.00 0.00 0.32 0.00 2.52 0.00 3.29 2.59 0.00 0.00 0.32 2.38 3.15 0.00 1.51 1.79 3.12 0.00 0.00 0.00 0.00 0.00 0.00 1.51 0.00 0.00 0.00
69 0.28 0.00 2.63 0.00 0.00 3.40 0.00 1.23 2.00 2.87 0.00 0.00 1.72 1.75 1.72 0.00 2.63 1.68 0.00 0.00 1.02 3.19 0.00 0.46 1.86 0.00 3.22 1.12 0.00 3.29 0.00 0.39 0.00 0.00 0.00 0.14 0.00 1.58 2.87 1.33 0.00 2.66 0.00 0.00 0.00 0.00 2.77 0.00 0.00 0.63 2.80 1.54 3.08 0.00 0.00 1.16 0.00 3.33 1.33 0.00 0.00 3.50 1.02 3.22 0.00 1.23 0.63 0.00 1.05 0.00 0.00 0.00 2.24 0.00 0.00 1.86 2.00 2.98 2.94 0.39 3.08 1.37 0.32 0.00 0.00 0.00 1.61 0.11 0.39 1.96 0.67 2.31 0.35 0.00 1.23 0.00 0.00 1.72 2.56 2.28
70 1.33 0.00 0.84 0.00 0.00 0.00 1.86 3.22 0.00 3.26 0.00 0.00 0.00 0.00 0.00 0.00 3.22 0.49 0.81 0.00 0.00 0.00 0.00 0.21 2.17 0.00 2.42 0.00 0.74 1.26 2.17 1.26 2.00 1.16 2.07 0.00 0.00 0.00 0.00 0.00 2.10 0.00 0.00 0.88 0.00 0.00 1.89 2.31 0.00 0.00 0.00 0.91 1.23 2.21 0.00 1.47 0.00 0.00 1.79 0.00 0.00 0.00 0.00 0.00 3.15 0.00 2.59 0.00 0.18 0.00 0.00 0.39 0.00 0.00 0.00 0.00 0.00 0.00 0.00 0.28 0.46 0.00 3.08 0.00 0.95 0.00 0.00 0.00 0.00 0.00 0.00 1.96 2.98 0.00 1.65 0.00 0.00 1.12 0.00 0.53
71 1.19 3.08 0.00 1.19 1.37 0.00 0.00 0.00 0.00 0.00 0.00 1.89 3.22 0.00 1.72 0.00 0.00 1.44 0.63 0.91 3.01 3.05 3.40 0.67 1.40 2.10 0.00 0.00 1.02 0.00 2.45 0.00 0.00 0.00 2.14 0.00 1.89 1.02 0.14 1.58 1.68 0.00 0.98 2.17 0.00 2.56 0.00 1.47 0.00 0.00 3.12 0.00 0.00 3.29 0.00 0.18 0.00 0.00 0.00 0.39 0.00 0.00 2.63 1.30 0.00 2.91 0.35 3.08 0.53 0.00 0.39 0.00 0.00 0.00 3.19 1.12 0.00 1.65 3.36 1.61 0.00 0.00 0.00 0.00 0.74 2.63 0.00 2.03 2.24 3.36 1.16 0.00 0.00 0.00 3.26 0.00 0.00 0.00 0.28 3.05
72 0.91 0.00 0.00 0.00 0.00 0.00 0.67 2.77 0.00 0.00 0.00 0.00 2.49 0.21 0.00 2.35 0.04 3.15 0.00 0.00 1.02 0.00 2.66 2.17 0.00 0.00 2.56 2.80 3.01 3.33 1.58 0.00 3.33 0.00 0.00 0.00 0.00 0.00 1.09 1.30 0.00 1.75 0.00 0.00 0.00 0.00 0.00 3.43 0.00 0.00 0.00 0.00 0.04 2.63 0.00 3.19 0.00 0.00 0.00 2.28 0.74 0.00 0.00 0.00 1.26 0.00 2.14 0.00 3.40 2.24 0.00 0.00 0.00 0.00 0.00 0.67 3.01 0.00 0.18 2.38 0.00 1.68 2.52 0.00 2.28 0.32 0.00 2.66 0.00 0.00 1.68 0.00 1.44 2.84 2.84 1.54 3.05 2.38 0.00 1.23
73 0.00 1.58 1.96 0.00 2.77 1.09 1.47 0.00 0.00 2.38 0.00 2.03 1.54 0.00 2.35 0.00 2.91 0.00 3.19 0.00 0.00 3.19 0.04 0.00 0.00 2.70 0.67 3.01 0.00 0.00 3.15 1.23 2.38 3.26 0.00 2.38 3.43 0.00 0.00 1.26 2.31 1.23 0.81 1.51 1.33 0.70 0.00 0.00 3.22 0.00 0.00 0.00 1.89 0.00 0.00 0.00 0.00 0.00 0.00 0.00 0.00 0.25 0.00 0.00 0.00 0.74 1.96 0.00 0.00 0.00 0.00 0.00 0.00 0.00 0.00 0.00 0.00 2.87 2.87 0.00 0.42 0.00 0.00 0.00 0.00 0.00 1.65 2.07 1.44 0.00 0.91 0.42 2.10 0.00 0.25 2.03 0.63 0.00 3.33 0.00
74 0.00 3.15 0.00 0.00 0.98 0.00 2.24 2.66 3.33 0.00 1.51 0.32 0.00 0.00 0.00 3.33 0.00 2.77 2.35 0.00 0.25 0.00 0.00 1.12 0.00 1.05 1.96 1.19 0.00 0.00 3.08 0.00 0.00 0.00 2.56 0.00 0.00 0.14 0.00 2.49 2.28 0.00 1.12 0.00 0.74 2.24 3.26 0.00 0.00 0.00 0.00 1.96 0.00 0.00 1.65 1.68 0.00 0.00 0.00 2.45 0.39 0.60 2.49 1.96 0.77 0.00 0.00 0.28 0.00 0.00 0.00 3.19 0.00 0.00 0.00 2.73 0.00 0.00 0.00 0.07 2.49 0.98 0.00 0.00 0.00 0.00 3.01 0.00 1.61 1.47 2.70 0.00 0.00 0.00 0.00 0.00 0.91 3.19 0.00 0.00
75 1.33 0.00 0.00 0.00 0.00 2.03 0.04 0.00 0.00 0.70 3.40 0.00 1.02 0.00 1.16 0.49 3.26 1.16 0.00 0.39 0.00 2.56 2.84 1.86 0.00 2.66 1.58 1.93 0.00 2.14 0.00 3.19 0.00 0.00 0.00 0.00 0.25 3.08 1.12 0.00 0.00 2.84 1.51 0.00 0.00 0.00 0.00 2.42 3.36 1.05 0.00 0.00 2.42 1.02 2.70 0.00 1.33 0.00 0.00 0.00 2.80 3.15 1.61 1.82 0.00 0.00 1.89 1.82 0.32 1.86 0.00 1.12 0.67 0.00 2.73 0.00 0.00 0.00 0.70 0.00 1.37 2.87 0.74 0.00 1.05 0.00 3.50 1.40 0.00 0.00 0.53 3.47 0.77 0.00 0.00 3.36 3.05 0.00 2.66 3.29
76 1.09 1.79 2.59 3.19 2.66 1.16 0.00 0.00 0.00 1.86 0.00 0.00 1.30 0.00 0.00 2.31 0.00 2.38 0.00 0.00 0.91 0.00 0.00 0.00 0.14 0.00 0.00 3.08 1.09 0.00 1.26 0.00 0.70 0.00 0.00 0.00 3.50 2.00 0.00 0.60 0.00 0.14 0.00 1.61 2.56 0.00 3.36 0.00 3.29 0.91 0.00 3.47 0.00 0.46 0.00 0.00 0.00 0.49 1.58 2.31 2.56 0.00 0.00 0.67 0.95 1.02 0.00 0.00 0.00 2.00 0.00 0.00 3.01 0.00 0.00 0.00 0.00 0.00 0.63 0.00 2.38 0.81 0.00 0.63 0.00 0.00 0.00 1.37 0.00 0.00 0.00 0.00 1.33 0.00 0.98 2.73 0.00 3.26 3.40 0.14
77 0.00 0.00 0.00 0.00 0.00 2.98 3.33 3.50 1.26 1.09 3.40 1.12 2.52 0.00 0.77 2.28 3.12 0.00 0.00 0.00 2.56 0.00 1.54 0.00 0.00 0.00 0.88 0.00 0.00 1.54 0.00 0.00 0.00 2.17 1.68 0.00 0.00 0.49 3.26 2.45 0.00 0.00 2.56 0.00 0.00 0.00 0.00 0.00 0.00 0.00 0.25 2.87 0.00 1.89 0.00 0.00 0.25 0.00 0.00 0.00 1.96 0.00 0.00 0.00 0.00 2.17 0.00 0.00 2.52 2.98 0.00 1.65 0.00 2.87 0.00 0.00 0.00 0.00 1.61 0.00 0.00 0.00 3.33 1.16 0.00 0.00 1.37 0.00 2.49 3.29 0.00 0.00 0.00 0.00 0.00 2.42 0.00 0.00 1.26 0.00
78 3.47 0.00 3.47 2.24 2.38 1.65 0.00 1.58 0.00 2.24 2.10 1.26 0.00 0.00 0.14 0.00 3.15 0.00 1.61 3.12 2.38 0.00 0.00 2.21 0.00 0.00 1.58 1.79 1.68 0.00 1.40 0.00 1.58 0.00 0.84 0.00 0.00 2.70 0.60 3.15 0.00 0.70 0.91 0.39 1.33 0.00 3.01 0.74 0.63 1.82 0.00 2.66 0.00 3.12 0.00 3.47 0.00 0.00 0.00 0.70 2.28 1.51 1.19 0.00 3.36 0.91 2.87 1.09 0.00 2.94 0.00 3.36 0.18 2.87 0.00 0.70 0.63 1.61 0.00 0.00 0.00 3.29 0.00 2.45 0.35 0.70 0.00 2.98 0.00 0.00 0.00 1.23 0.49 2.24 0.00 0.00 0.00 2.45 2.98 1.23
79 2.84 0.00 0.00 0.00 1.82 0.00 0.00 0.84 0.00 0.00 1.89 0.91 0.00 3.40 0.00 0.00 0.00 3.19 3.29 2.59 0.00 0.00 0.00 0.00 0.00 3.50 1.05 0.00 1.65 1.93 1.44 0.00 0.00 0.00 0.00 0.00 2.63 1.40 1.30 2.10 3.22 2.45 0.00 0.00 1.54 0.21 2.49 2.07 1.02 1.68 0.00 2.91 2.63 2.84 0.00 0.00 0.00 1.58 1.33 0.00 3.26 2.66 0.21 0.00 1.26 2.52 0.00 0.00 3.29 0.39 0.28 1.61 2.38 0.00 0.07 0.00 0.00 0.00 0.00 0.00 0.00 0.00 2.45 0.00 2.80 0.00 1.23 1.23 3.36 0.00 0.00 1.19 0.00 0.00 0.00 0.00 0.00 0.56 0.00 0.32
80 0.49 0.77 3.43 0.00 0.42 0.00 0.39 0.00 0.00 2.00 2.94 0.00 0.00 0.11 0.00 1.54 0.00 0.00 0.00 0.63 0.00 2.91 0.00 1.79 0.25 0.00 0.00 0.00 0.00 0.70 1.16 2.45 0.00 1.47 0.00 0.00 0.00 0.00 0.00 1.37 2.52 0.00 1.51 0.46 0.00 3.12 0.91 0.00 0.00 0.00 1.79 0.77 0.00 0.00 0.00 0.84 2.03 0.00 0.00 0.00 0.00 0.00 0.00 1.75 3.19 0.00 1.37 2.42 2.59 3.08 0.46 0.00 0.00 0.42 2.49 1.37 2.38 0.00 0.00 0.00 0.00 0.00 0.00 2.87 0.00 0.21 0.00 0.00 2.28 0.18 0.00 0.39 0.00 1.96 1.33 2.84 0.00 0.00 3.26 1.65
81 1.68 2.21 0.00 1.26 0.00 2.94 0.00 0.00 2.42 1.82 0.35 2.56 0.00 0.11 0.21 2.70 1.23 0.00 0.00 1.65 2.91 0.00 0.00 0.00 0.00 3.12 1.54 0.00 0.00 2.00 2.91 0.00 0.98 2.10 0.00 0.00 2.17 0.00 0.00 0.00 0.00 0.00 2.73 1.75 1.19 0.00 0.00 3.29 0.00 0.00 0.00 0.14 0.14 0.00 2.31 0.00 0.00 0.00 0.00 0.00 1.61 0.00 0.00 0.00 0.00 0.00 0.00 2.38 0.00 1.37 0.00 0.00 1.68 0.00 0.98 2.87 0.81 0.00 3.29 0.00 0.00 0.00 0.00 0.00 0.00 0.32 0.00 0.18 0.56 0.00 0.00 0.00 0.00 0.00 0.00 0.00 2.24 0.00 0.00 0.00
82 0.60 0.00 2.00 0.00 0.00 0.00 0.98 0.00 0.00 0.00 1.82 0.00 3.36 0.70 0.81 1.93 1.51 0.00 3.26 1.19 3.50 0.00 1.61 0.00 3.36 0.53 0.98 0.00 0.88 2.00 1.33 2.35 0.00 3.01 0.00 0.00 0.42 0.00 0.00 0.00 2.94 0.00 1.68 0.00 0.00 0.95 0.00 0.00 0.00 2.28 0.91 0.00 3.36 3.36 0.00 1.12 0.00 0.00 0.00 0.56 0.00 0.49 0.00 1.82 2.73 0.00 3.29 0.00 0.00 0.32 3.08 0.00 2.52 0.00 0.00 0.74 0.00 3.33 0.00 2.45 0.00 0.00 0.00 2.31 2.84 3.26 0.56 3.43 0.00 0.18 0.00 0.00 2.59 0.88 0.00 0.04 0.77 0.18 0.00 2.77
83 0.00 0.00 1.58 2.38 1.09 1.82 0.00 2.14 2.00 2.59 0.00 0.00 2.94 3.29 0.00 2.21 0.00 1.65 0.74 0.00 0.67 0.77 0.00 1.58 0.00 0.00 3.01 1.12 0.00 0.00 1.37 2.56 0.00 0.00 0.00 3.08 0.88 1.23 0.00 0.00 0.00 0.07 1.96 1.12 0.00 0.00 2.07 3.05 0.00 0.00 2.03 0.00 3.33 1.54 0.77 1.68 0.84 2.63 0.00 0.00 0.88 0.00 0.00 0.00 0.00 1.23 2.45 0.00 0.32 0.00 0.00 0.00 0.00 0.00 0.00 0.00 0.63 1.16 2.45 0.00 2.87 0.00 2.31 0.00 2.94 0.84 1.93 1.75 0.25 0.04 0.00 1.89 0.00 1.19 0.00 0.95 0.00 0.00 0.00 0.00
84 0.21 2.31 0.70 0.00 3.05 0.00 0.00 0.00 0.00 3.26 0.56 0.00 1.40 0.00 0.00 2.03 0.25 0.98 2.28 0.84 0.00 1.33 0.00 2.28 2.70 0.42 0.00 0.00 0.00 0.00 1.44 1.05 3.01 0.00 0.00 0.00 0.00 0.77 2.38 0.88 0.84 1.65 0.00 0.00 0.00 0.81 0.00 0.00 1.26 0.00 0.49 1.86 0.00 0.00 0.00 0.81 1.40 0.00 2.35 0.00 1.47 0.00 0.00 2.00 1.02 2.59 0.00 2.63 2.38 0.00 0.95 0.74 2.28 0.00 0.00 1.05 0.00 0.00 0.35 2.80 0.00 0.00 2.84 2.94 0.00 2.00 0.00 2.87 1.75 1.75 0.00 0.00 2.24 0.00 0.00 0.00 0.00 0.00 0.07 0.04
85 2.00 2.49 0.00 0.00 2.42 1.54 2.98 1.16 3.15 0.00 0.00 1.16 0.84 0.00 0.21 1.65 0.00 0.00 3.29 0.00 0.14 0.00 2.35 0.00 3.40 0.60 2.77 0.00 0.00 0.42 0.00 0.00 0.00 0.00 0.00 0.32 3.01 3.43 2.17 2.49 0.00 3.01 0.00 1.40 0.04 3.12 0.74 0.91 1.82 1.75 0.00 0.25 0.46 0.00 0.00 0.00 0.00 3.15 1.05 0.00 0.00 3.50 0.00 2.98 3.43 0.00 0.00 1.12 3.15 0.00 0.00 2.63 0.32 0.00 0.00 0.00 0.00 0.00 0.70 0.00 0.21 0.32 3.26 0.84 2.00 0.00 0.00 3.33 3.05 0.00 0.70 2.38 0.00 0.00 0.67 0.46 2.10 1.37 3.19 0.32
86 0.00 0.00 2.98 2.31 0.00 0.00 0.49 0.00 0.00 0.00 0.00 0.00 0.46 0.70 0.00 0.00 1.30 0.00 2.87 2.21 0.00 1.96 3.05 1.96 0.00 2.80 0.00 0.00 1.75 2.07 3.26 0.04 3.40 0.39 0.00 1.33 3.19 0.00 0.00 0.00 0.00 0.00 2.77 0.00 1.58 0.00 0.00 3.15 2.17 2.77 0.00 0.00 0.42 0.00 3.50 2.80 1.54 0.95 0.00 2.84 0.00 3.12 2.21 0.77 0.00 0.00 0.00 2.63 0.00 1.61 0.00 0.00 0.00 1.65 3.01 3.50 0.00 1.37 0.00 1.23 0.00 0.00 0.56 1.93 0.00 0.00 0.00 0.00 2.59 0.00 0.74 0.00 0.00 3.36 0.70 1.40 0.00 0.77 0.04 0.63
87 3.22 0.00 0.77 0.00 1.05 2.52 0.00 1.47 0.00 0.00 2.31 0.95 0.00 0.00 0.00 2.03 1.44 1.54 0.70 1.65 0.00 3.01 0.77 1.37 0.00 1.37 0.00 1.19 0.95 1.96 0.00 0.00 1.93 0.00 3.08 0.00 1.79 0.18 1.09 0.00 0.88 0.00 2.66 3.29 1.23 2.10 0.00 0.00 3.08 0.00 0.00 2.42 0.00 2.00 0.00 0.00 0.00 0.00 0.00 0.00 1.65 0.00 0.53 0.00 0.18 3.08 0.00 0.00 1.51 0.11 0.00 2.03 2.66 2.07 0.00 1.40 1.37 0.00 2.98 1.23 0.00 0.18 3.43 1.75 2.87 3.33 0.00 0.00 0.00 0.00 0.00 0.67 0.00 0.00 2.21 0.00 0.46 0.00 3.19 0.00
88 0.53 2.49 0.00 3.36 3.43 0.00 2.21 1.58 0.00 0.00 2.52 1.72 1.68 2.70 3.47 0.00 0.00 1.89 0.00 0.00 0.77 0.00 0.00 3.05 0.00 0.00 0.00 0.00 0.00 0.00 0.63 0.00 3.43 0.00 0.00 2.38 0.00 1.54 3.36 2.66 1.51 1.12 0.00 1.23 3.36 3.19 3.33 2.42 1.68 3.08 0.00 0.00 0.00 0.00 0.00 0.00 0.00 0.00 1.82 1.09 1.02 0.00 0.00 0.00 2.52 2.28 0.07 2.42 1.79 0.39 0.00 2.24 0.00 1.44 1.61 0.00 0.00 2.49 0.00 3.36 2.28 0.56 0.00 0.25 1.75 3.05 2.59 0.00 0.00 0.00 0.00 0.00 2.91 1.86 2.94 0.00 2.77 0.00 2.52 0.00
89 0.46 0.84 0.00 0.00 2.10 0.00 3.50 0.00 2.77 1.86 0.00 2.31 2.56 0.00 0.53 0.00 0.46 0.00 0.00 2.17 0.00 0.00 0.25 0.21 0.28 0.00 3.12 0.00 2.80 0.46 2.84 0.00 0.00 0.00 0.00 1.26 2.56 0.00 0.39 0.00 0.00 1.58 0.46 3.36 0.00 0.00 2.73 0.00 2.00 0.35 0.00 0.46 0.00 0.00 0.00 2.66 0.00 1.93 0.00 1.33 2.03 0.00 2.49 0.00 0.32 0.39 3.12 0.81 3.12 1.96 0.00 3.36 0.00 0.00 1.47 0.00 0.00 3.29 0.00 0.00 0.18 0.00 0.18 0.04 1.75 0.00 0.00 0.00 0.00 0.00 0.04 0.00 0.00 3.50 0.56 0.04 0.74 2.21 0.00 0.00
90 0.00 0.00 0.00 3.29 0.14 0.00 0.00 0.21 0.00 0.00 2.98 2.52 2.94 1.02 0.00 2.07 0.00 2.77 0.00 0.00 0.00 0.00 0.53 0.00 0.42 0.28 0.00 2.52 3.01 1.40 0.00 3.08 0.00 1.58 0.00 0.00 0.04 0.00 0.00 0.11 1.65 0.00 2.45 2.28 0.00 2.56 2.66 0.77 0.00 1.40 2.66 0.00 0.00 0.32 0.00 2.98 2.21 2.10 0.00 0.00 2.45 0.00 0.00 0.00 0.00 3.50 0.00 3.08 0.00 0.67 0.00 1.16 1.68 0.91 2.70 0.53 0.00 0.00 0.00 0.00 0.00 0.00 0.00 0.00 0.00 0.70 0.74 0.00 0.00 0.04 0.00 0.00 2.98 0.00 0.00 0.00 0.00 0.00 2.31 0.00
91 0.00 0.00 0.00 1.61 1.79 0.00 2.94 0.00 2.94 2.24 0.00 2.42 2.17 0.00 0.28 0.00 0.84 0.00 0.00 0.00 0.00 0.00 0.00 0.04 0.00 1.40 1.33 0.21 0.00 0.00 0.00 0.00 0.00 0.00 0.00 0.04 0.81 0.70 1.65 0.00 2.52 0.88 0.28 3.22 0.00 0.74 1.37 2.98 1.68 0.95 0.00 0.00 0.00 0.00 0.25 0.00 1.33 0.42 2.70 1.96 0.00 0.00 0.00 0.00 2.56 0.00 0.00 0.00 0.00 2.31 1.96 0.00 0.00 0.42 0.00 3.47 0.00 0.00 1.23 1.19 0.39 0.00 0.00 1.89 0.00 2.38 0.00 0.67 0.00 0.00 0.00 0.00 3.40 0.00 0.98 3.19 0.00 0.00 0.00 0.00
92 3.08 0.00 0.00 0.00 0.00 0.11 0.00 0.00 3.05 2.10 2.24 0.00 0.00 0.00 0.00 1.65 0.42 0.00 0.00 0.00 0.00 0.00 2.59 0.77 0.00 0.00 0.00 0.00 0.49 1.79 0.77 2.77 0.00 2.87 0.14 0.00 0.00 0.00 0.00 1.23 1.44 1.47 0.00 2.63 0.00 0.00 0.00 1.68 0.00 2.98 2.42 0.00 0.00 0.00 1.19 0.00 0.00 2.56 0.32 3.15 0.00 3.01 0.00 0.00 0.00 0.00 2.87 0.00 0.00 0.35 2.98 0.00 1.44 2.10 0.00 0.77 1.33 0.00 0.49 0.00 0.00 0.00 2.59 0.00 2.24 0.00 0.00 0.00 2.91 0.00 2.98 3.40 0.00 0.00 0.00 0.00 0.00 0.00 0.14 0.74
93 1.68 2.28 0.00 1.30 0.46 0.00 2.38 0.00 2.63 0.00 1.23 0.00 0.32 0.00 1.05 0.00 1.82 0.00 2.59 3.01 1.75 0.00 0.00 0.00 3.43 0.18 0.00 2.73 2.31 0.00 0.67 0.00 0.00 2.52 0.00 0.00 0.00 0.00 0.00 1.61 0.39 0.00 2.28 0.00 0.00 0.00 0.77 2.03 0.67 0.84 1.33 2.38 0.00 0.00 0.00 1.72 2.98 0.00 0.00 3.43 0.00 0.00 1.93 0.00 0.00 0.00 0.00 0.00 0.00 0.00 0.00 0.00 2.84 0.00 0.00 0.00 0.00 0.00 2.24 0.00 1.96 0.00 0.88 1.19 0.00 0.00 3.36 0.00 1.86 3.50 0.00 0.00 0.00 0.00 0.00 0.00 0.00 2.10 0.00 2.17
94 2.07 1.02 0.67 0.00 0.00 0.00 0.18 0.00 2.17 0.00 1.37 0.00 0.00 1.19 1.19 2.52 0.00 0.00 0.00 0.00 0.35 0.00 2.24 1.96 0.04 2.31 0.00 1.79 3.36 0.00 0.00 0.00 1.93 0.00 0.00 1.33 2.49 2.98 0.00 0.00 1.37 0.00 0.77 0.04 1.93 1.05 2.77 0.84 0.00 0.00 0.88 0.00 0.00 0.18 0.00 0.00 0.00 0.00 0.00 2.84 3.15 3.01 0.00 0.00 0.56 0.67 0.00 0.04 0.00 1.23 1.65 3.26 2.84 0.25 0.00 0.00 0.98 0.00 0.00 0.00 1.33 0.00 0.00 0.00 0.00 0.67 0.70 2.21 2.94 0.56 0.00 0.98 0.00 0.00 0.00 0.00 0.00 2.10 3.50 0.00
95 0.00 2.66 0.53 0.00 0.00 2.03 0.00 0.42 0.00 0.00 1.61 0.42 0.60 3.33 2.87 0.95 0.00 0.00 0.00 0.00 1.61 0.00 0.00 2.03 0.00 0.00 3.40 3.36 0.00 3.29 0.00 1.75 0.00 0.00 0.00 0.00 0.00 0.00 0.56 3.29 0.07 0.00 0.74 3.47 0.00 0.00 1.54 2.31 1.68 0.25 0.00 0.00 0.00 2.38 2.52 2.14 0.00 1.75 0.00 0.91 2.66 0.77 0.84 0.11 1.54 2.38 0.49 0.00 0.00 0.00 0.00 0.00 1.54 2.03 0.00 3.36 2.73 2.42 0.00 0.00 2.84 0.00 0.04 0.95 0.00 0.46 1.40 0.00 0.00 0.04 0.00 3.19 0.00 0.00 0.00 0.00 0.00 0.53 3.26 0.00
96 1.68 2.91 2.66 0.00 0.00 1.96 1.79 0.00 0.00 0.00 0.00 1.47 0.70 0.00 0.00 1.68 0.00 0.00 2.00 0.00 0.00 0.00 1.96 2.10 0.00 0.25 0.53 0.00 0.00 0.00 0.00 0.49 0.00 2.56 0.00 0.00 0.00 0.00 0.21 0.00 0.46 2.66 0.00 1.33 0.00 0.00 2.77 2.17 1.37 1.79 0.00 0.00 0.00 2.70 2.10 2.00 0.00 1.33 0.63 0.00 0.18 0.49 1.33 3.26 1.79 0.00 0.00 1.12 1.51 0.00 0.00 0.00 3.05 0.63 0.91 3.05 0.00 0.00 0.00 0.00 0.00 2.24 0.77 0.00 0.00 2.10 0.00 0.46 2.77 0.74 0.00 0.00 0.00 0.00 0.00 0.00 0.00 0.00 0.00 0.21
97 0.00 0.00 0.00 1.68 0.00 0.21 0.00 0.00 0.81 0.00 0.00 2.03 3.40 0.00 2.87 0.00 2.52 0.00 2.63 0.00 3.33 2.87 1.19 0.00 0.00 1.40 2.17 3.43 1.16 0.00 0.00 0.77 1.82 0.00 3.19 2.52 2.14 3.47 0.00 0.46 3.26 2.17 0.00 1.16 0.00 0.00 0.00 0.00 1.47 3.19 0.91 1.05 0.00 0.11 0.00 0.00 0.00 0.00 0.00 2.14 0.42 0.00 0.00 2.21 0.00 0.84 0.60 0.00 0.00 1.72 1.12 0.00 2.38 0.00 3.19 0.00 3.26 0.00 2.45 0.56 0.00 0.00 0.18 0.00 0.00 1.37 0.77 0.00 0.00 2.21 0.00 0.00 0.00 2.10 2.10 0.53 0.00 0.00 0.07 0.25
98 2.63 0.18 1.47 0.00 0.00 3.50 0.00 2.28 2.63 0.00 0.00 1.23 3.40 0.00 1.37 0.00 2.28 2.63 0.00 0.00 2.59 1.12 1.23 0.00 0.84 2.03 3.33 3.29 1.05 2.52 2.21 3.29 2.70 0.00 1.58 0.00 0.00 0.98 0.11 0.00 0.00 0.00 3.19 0.00 0.00 0.00 0.00 3.40 0.32 2.24 0.00 0.00 0.00 3.43 3.12 2.45 0.25 0.21 0.00 2.94 0.00 1.93 0.00 0.00 0.00 0.00 0.00 0.00 0.00 2.56 0.00 0.28 0.00 3.33 0.00 2.66 3.40 1.26 2.98 0.00 3.26 0.00 0.00 0.00 0.07 3.19 0.04 3.19 2.52 0.00 2.31 0.00 0.14 0.00 3.50 3.26 0.00 0.07 0.00 0.00
99 2.94 0.00 0.11 2.84 0.00 0.00 0.00 0.00 0.00 2.21 2.38 0.00 1.68 0.00 0.00 1.68 0.74 1.65 0.25 0.00 0.00 0.00 0.00 0.00 0.00 1.47 0.00 2.35 0.00 0.00 3.29 0.00 0.00 1.79 0.00 0.00 2.42 1.65 1.16 0.70 0.00 0.00 0.00 2.49 3.22 0.00 0.28 3.08 2.98 0.00 3.22 2.03 0.91 2.91 0.00 1.61 0.00 0.00 2.10 0.00 0.00 0.00 0.21 0.21 3.43 1.89 0.00 0.00 0.00 2.28 0.53 3.05 1.23 0.00 0.00 3.29 0.14 0.00 1.23 0.32 1.65 0.00 2.77 0.00 0.04 0.32 0.63 0.00 0.00 0.00 0.00 0.00 0.74 2.17 0.00 0.00 0.21 0.25 0.00 0.00

ITEMS
nominal_profits 66.00 78.00 86.00 64.00 2.00 0.00 0.00 0.00 93.00 0.00 0.00 0.00 98.00 0.00 0.00 33.00 53.00 0.00 65.00 0.00 0.00 0.00 0.00 0.00 53.00 16.00 0.00 52.00 0.00 0.00 26.00 53.00 75.00 0.00 6.00 0.00 0.00 50.00 28.00 0.00 0.00 0.00 18.00 61.00 91.00 0.00 53.00 84.00 0.00 0.00 6.00 0.00 51.00 67.00 4.00 35.00 20.00 35.00 2.00 64.00 63.00 69.00 75.00 13.00 9.00 59.00 26.00 0.00 0.00 11.00 0.00 58.00 38.00 0.00 0.00 94.00 0.00 10.00 68.00 0.00 0.00 0.00 89.00 13.00 52.00 14.00 69.00 0.00 0.00 83.00 0.00 22.00 17.00 0.00 0.00 0.00 0.00 19.00 13.00 0.00
weights 17 24 40 23 9 47 8 13 45 4 27 7 10 5 48 18 14 24 20 47 16 23 12 37 14 41 3 10 2 29 31 9 21 37 23 38 16 13 5 34 27 31 24 38 35 21 8 9 49 50 10 23 31 3 6 20 11 8 25 25 27 8 38 19 50 37 12 26 41 23 18 44 24 10 16 3 24 49 27 12 3 24 22 48 31 35 6 33 38 15 20 1 35 50 12 29 17 32 43 19
capacity 983
k_max 65

COMMENTS
original_pairwise_profits
0 0.00 0.00 0.00 0.00 41.00 34.00 0.00 0.00 41.00 0.00 0.00 4.00 0.00 94.00 9.00 0.00 0.00 0.00 0.00 62.00 50.00 0.00 9.00 0.00 0.00 18.00 0.00 2.00 75.00 87.00 0.00 59.00 0.00 0.00 27.00 23.00 0.00 0.00 49.00 2.00 43.00 0.00 0.00 13.00 40.00 73.00 87.00 0.00 33.00 89.00 0.00 0.00 0.00 0.00 0.00 0.00 42.00 0.00 100.00 0.00 28.00 12.00 23.00 0.00 0.00 21.00 0.00 0.00 0.00 8.00 38.00 34.00 26.00 0.00 0.00 38.00 31.00 0.00 99.00 81.00 14.00 48.00 17.00 0.00 6.00 57.00 0.00 92.00 15.00 13.00 0.00 0.00 88.00 48.00 59.00 0.00 48.00 0.00 75.00 84.00
1 0.00 0.00 0.00 0.00 16.00 82.00 0.00 77.00 84.00 0.00 0.00 0.00 0.00 94.00 0.00 0.00 92.00 0.00 0.00 58.00 37.00 0.00 88.00 30.00 0.00 72.00 0.00 0.00 83.00 0.00 54.00 84.00 0.00 0.00 85.00 73.00 12.00 36.00 56.00 50.00 10.00 31.00 83.00 88.00 0.00 0.00 58.00 0.00 35.00 82.00 0.00 0.00 30.00 0.00 0.00 64.00 32.00 95.00 0.00 0.00 0.00 17.00 0.00 0.00 86.00 0.00 31.00 0.00 15.00 0.00 0.00 88.00 0.00 45.00 90.00 0.00 51.00 0.00 0.00 0.00 22.00 63.00 0.00 0.00 66.00 71.00 0.00 0.00 71.00 24.00 0.00 0.00 0.00 65.00 29.00 76.00 83.00 0.00 5.00 0.00
2 0.00 0.00 0.00 0.00 10.00 37.00 14.00 27.00 75.00 0.00 0.00 0.00 0.00 0.00 0.00 0.00 0.00 0.00 85.00 0.00 0.00 32.00 0.00 0.00 0.00 12.00 0.00 0.00 41.00 22.00 9.00 83.00 0.00 0.00 29.00 0.00 0.00 0.00 0.00 0.00 70.00 69.00 17.00 0.00 14.00 0.00 0.00 0.00 82.00 66.00 71.00 15.00 0.00 0.00 54.00 39.00 87.00 25.00 0.00 48.00 0.00 8.00 5.00 96.00 17.00 29.00 71.00 0.00 0.00 75.00 24.00 0.00 0.00 56.00 0.00 0.00 74.00 0.00 99.00 0.00 98.00 0.00 57.00 45.00 20.00 0.00 85.00 22.00 0.00 0.00 0.00 0.00 0.00 0.00 19.00 15.00 76.00 0.00 42.00 3.00
3 0.00 0.00 0.00 0.00 54.00 60.00 7.00 56.00 0.00 10.00 93.00 0.00 36.00 16.00 14.00 0.00 0.00 17.00 56.00 66.00 0.00 96.00 0.00 0.00 75.00 0.00 34.00 6.00 2.00 0.00 65.00 0.00 52.00 0.00 0.00 56.00 0.00 24.00 0.00 0.00 28.00 0.00 0.00 33.00 53.00 60.00 75.00 0.00 52.00 0.00 0.00 70.00 67.00 73.00 34.00 26.00 46.00 0.00 0.00 62.00 18.00 29.00 78.00 3.00 0.00 23.00 11.00 67.00 0.00 0.00 0.00 34.00 0.00 0.00 0.00 0.00 91.00 0.00 64.00 0.00 0.00 36.00 0.00 68.00 0.00 0.00 66.00 0.00 96.00 0.00 94.00 46.00 0.00 37.00 0.00 0.00 0.00 48.00 0.00 81.00
4 41.00 16.00 10.00 54.00 0.00 0.00 0.00 70.00 82.00 29.00 0.00 3.00 0.00 0.00 0.00 5.00 0.00 0.00 77.00 23.00 42.00 89.00 0.00 0.00 63.00 72.00 0.00 72.00 7.00 31.00 0.00 13.00 3.00 39.00 0.00 27.00 4.00 70.00 0.00 0.00 0.00 100.00 0.00 0.00 91.00 90.00 17.00 43.00 95.00 0.00 48.00 23.00 19.00 0.00 91.00 35.00 15.00 98.00 77.00 0.00 0.00 0.00 20.00 0.00 0.00 0.00 93.00 35.00 9.00 0.00 0.00 39.00 0.00 79.00 28.00 0.00 76.00 0.00 68.00 52.00 12.00 0.00 0.00 31.00 87.00 69.00 0.00 30.00 98.00 60.00 4.00 51.00 0.00 13.00 0.00 0.00 0.00 0.00 0.00 0.00
5 34.00 82.00 37.00 60.00 0.00 0.00 0.00 89.00 66.00 73.00 0.00 8.00 0.00 71.00 0.00 86.00 75.00 46.00 0.00 91.00 0.00 9.00 63.00 0.00 68.00 0.00 0.00 0.00 78.00 0.00 63.00 97.00 0.00 0.00 13.00 0.00 23.00 9.00 14.00 81.00 0.00 0.00 6.00 96.00 99.00 0.00 78.00 0.00 0.00 22.00 0.00 67.00 55.00 0.00 0.00 33.00 0.00 25.00 0.00 0.00 0.00 5.00 0.00 0.00 0.00 33.00 0.00 86.00 0.00 97.00 0.00 0.00 0.00 31.00 0.00 58.00 33.00 85.00 47.00 0.00 0.00 84.00 0.00 52.00 0.00 44.00 0.00 72.00 0.00 0.00 0.00 0.00 3.00 0.00 0.00 58.00 56.00 6.00 100.00 0.00
6 0.00 0.00 14.00 7.00 0.00 0.00 0.00 0.00 0.00 0.00 0.00 0.00 32.00 63.00 0.00 0.00 40.00 0.00 92.00 25.00 65.00 52.00 99.00 96.00 0.00 0.00 0.00 54.00 85.00 16.00 39.00 0.00 0.00 22.00 0.00 0.00 8.00 21.00 0.00 2.00 96.00 0.00 0.00 82.00 0.00 0.00 0.00 0.00 98.00 16.00 0.00 76.00 0.00 0.00 5.00 0.00 0.00 0.00 48.00 18.00 71.00 0.00 75.00 100.00 56.00 0.00 54.00 10.00 27.00 0.00 53.00 0.00 19.00 42.00 64.00 1.00 0.00 95.00 0.00 0.00 11.00 0.00 28.00 0.00 0.00 85.00 14.00 0.00 63.00 100.00 0.00 84.00 0.00 68.00 5.00 0.00 51.00 0.00 0.00 0.00
7 0.00 77.00 27.00 56.00 70.00 89.00 0.00 0.00 0.00 25.00 0.00 2.00 1.00 0.00 0.00 52.00 0.00 45.00 11.00 0.00 0.00 0.00 0.00 0.00 40.00 0.00 17.00 40.00 39.00 0.00 27.00 66.00 0.00 0.00 23.00 99.00 0.00 0.00 0.00 0.00 0.00 0.00 0.00 0.00 76.00 0.00 55.00 0.00 0.00 0.00 0.00 37.00 0.00 0.00 0.00 17.00 0.00 0.00 13.00 66.00 73.00 3.00 0.00 94.00 0.00 20.00 72.00 98.00 0.00 35.00 92.00 0.00 79.00 0.00 76.00 0.00 0.00 100.00 45.00 24.00 0.00 0.00 0.00 61.00 0.00 33.00 0.00 42.00 45.00 0.00 6.00 0.00 0.00 0.00 0.00 12.00 0.00 0.00 65.00 0.00
8 41.00 84.00 75.00 0.00 82.00 66.00 0.00 0.00 0.00 5.00 0.00 89.00 0.00 2.00 80.00 26.00 11.00 0.00 0.00 0.00 22.00 0.00 0.00 21.00 0.00 23.00 0.00 26.00 89.00 0.00 0.00 71.00 93.00 0.00 66.00 0.00 97.00 59.00 0.00 0.00 58.00 0.00 0.00 96.00 0.00 0.00 0.00 0.00 51.00 9.00 28.00 0.00 0.00 68.00 0.00 0.00 0.00 0.00 22.00 31.00 96.00 0.00 0.00 50.00 0.00 20.00 0.00 78.00 0.00 57.00 0.00 0.00 0.00 0.00 95.00 0.00 0.00 36.00 0.00 0.00 0.00 69.00 0.00 57.00 0.00 90.00 0.00 0.00 0.00 79.00 0.00 84.00 87.00 75.00 62.00 0.00 0.00 23.00 75.00 0.00
9 0.00 0.00 0.00 10.00 29.00 73.00 0.00 25.00 5.00 0.00 0.00 0.00 0.00 10.00 17.00 0.00 46.00 0.00 80.00 0.00 13.00 62.00 99.00 0.00 59.00 0.00 0.00 0.00 0.00 0.00 0.00 2.00 0.00 0.00 0.00 0.00 0.00 0.00 0.00 0.00 55.00 0.00 0.00 0.00 0.00 88.00 98.00 0.00 0.00 0.00 83.00 0.00 0.00 0.00 0.00 0.00 0.00 0.00 52.00 96.00 51.00 0.00 51.00 13.00 5.00 0.00 77.00 0.00 7.00 82.00 93.00 0.00 0.00 68.00 0.00 20.00 53.00 31.00 64.00 0.00 57.00 52.00 0.00 74.00 93.00 0.00 0.00 0.00 0.00 53.00 0.00 64.00 60.00 0.00 0.00 0.00 0.00 0.00 0.00 63.00
10 0.00 0.00 0.00 93.00 0.00 0.00 0.00 0.00 0.00 0.00 0.00 0.00 0.00 0.00 0.00 93.00 0.00 0.00 22.00 21.00 0.00 22.00 0.00 0.00 0.00 0.00 0.00 73.00 7.00 0.00 0.00 0.00 51.00 0.00 0.00 0.00 73.00 96.00 0.00 62.00 0.00 9.00 0.00 36.00 43.00 0.00 0.00 52.00 58.00 81.00 0.00 0.00 0.00 0.00 0.00 21.00 0.00 0.00 16.00 57.00 0.00 0.00 31.00 0.00 50.00 35.00 72.00 81.00 0.00 0.00 0.00 0.00 0.00 0.00 43.00 97.00 0.00 97.00 60.00 54.00 84.00 10.00 52.00 0.00 16.00 0.00 0.00 66.00 72.00 0.00 85.00 0.00 64.00 35.00 39.00 46.00 0.00 0.00 0.00 68.00
11 4.00 0.00 0.00 0.00 3.00 8.00 0.00 2.00 89.00 0.00 0.00 0.00 0.00 0.00 0.00 35.00 8.00 83.00 0.00 0.00 10.00 0.00 45.00 98.00 0.00 0.00 96.00 51.00 4.00 51.00 0.00 0.00 0.00 57.00 0.00 78.00 0.00 0.00 96.00 0.00 19.00 0.00 0.00 0.00 0.00 73.00 72.00 0.00 0.00 13.00 0.00 0.00 22.00 70.00 60.00 0.00 44.00 0.00 88.00 96.00 79.00 85.00 60.00 0.00 48.00 0.00 1.00 0.00 0.00 0.00 0.00 54.00 0.00 58.00 9.00 0.00 0.00 32.00 36.00 26.00 0.00 73.00 0.00 0.00 0.00 33.00 0.00 27.00 49.00 66.00 72.00 69.00 0.00 0.00 0.00 12.00 42.00 58.00 35.00 0.00
12 0.00 0.00 0.00 36.00 0.00 0.00 32.00 1.00 0.00 0.00 0.00 0.00 0.00 0.00 0.00 0.00 0.00 32.00 0.00 72.00 44.00 66.00 64.00 0.00 3.00 23.00 0.00 40.00 81.00 0.00 21.00 0.00 37.00 12.00 24.00 0.00 0.00 32.00 0.00 0.00 0.00 56.00 32.00 16.00 78.00 0.00 7.00 34.00 10.00 46.00 66.00 0.00 96.00 0.00 76.00 37.00 0.00 0.00 28.00 6.00 16.00 56.00 14.00 83.00 40.00 0.00 0.00 0.00 0.00 49.00 0.00 92.00 71.00 44.00 0.00 29.00 37.00 72.00 0.00 0.00 0.00 0.00 96.00 84.00 40.00 24.00 13.00 0.00 48.00 73.00 84.00 62.00 0.00 9.00 0.00 17.00 20.00 97.00 97.00 48.00
13 94.00 94.00 0.00 16.00 0.00 71.00 63.00 0.00 2.00 10.00 0.00 0.00 0.00 0.00 94.00 0.00 19.00 64.00 0.00 17.00 92.00 0.00 69.00 69.00 17.00 0.00 0.00 93.00 0.00 0.00 87.00 17.00 85.00 0.00 0.00 40.00 28.00 33.00 34.00 0.00 73.00 0.00 0.00 0.00 0.00 0.00 53.00 0.00 0.00 0.00 0.00 0.00 0.00 0.00 0.00 0.00 14.00 72.00 25.00 0.00 0.00 74.00 33.00 94.00 4.00 0.00 0.00 71.00 72.00 50.00 0.00 0.00 6.00 0.00 0.00 0.00 0.00 0.00 0.00 97.00 3.00 3.00 20.00 94.00 0.00 0.00 20.00 0.00 77.00 0.00 29.00 0.00 0.00 0.00 34.00 95.00 0.00 0.00 0.00 0.00
14 9.00 0.00 0.00 14.00 0.00 0.00 0.00 0.00 80.00 17.00 0.00 0.00 0.00 94.00 0.00 0.00 0.00 0.00 0.00 0.00 0.00 82.00 35.00 98.00 89.00 0.00 0.00 28.00 68.00 0.00 0.00 0.00 0.00 0.00 0.00 0.00 73.00 86.00 0.00 0.00 73.00 0.00 21.00 0.00 91.00 7.00 54.00 2.00 52.00 0.00 0.00 41.00 0.00 24.00 21.00 94.00 0.00 0.00 0.00 0.00 0.00 21.00 0.00 0.00 0.00 0.00 0.00 0.00 7.00 49.00 0.00 49.00 0.00 67.00 0.00 33.00 0.00 22.00 4.00 0.00 0.00 6.00 23.00 0.00 0.00 6.00 0.00 0.00 99.00 15.00 0.00 8.00 0.00 30.00 34.00 82.00 0.00 82.00 39.00 0.00
15 0.00 0.00 0.00 0.00 5.00 86.00 0.00 52.00 26.00 0.00 93.00 35.00 0.00 0.00 0.00 0.00 0.00 0.00 84.00 79.00 27.00 0.00 16.00 7.00 0.00 0.00 5.00 66.00 0.00 0.00 0.00 39.00 80.00 0.00 36.00 2.00 41.00 0.00 92.00 1.00 0.00 0.00 0.00 92.00 44.00 26.00 0.00 72.00 0.00 0.00 0.00 40.00 9.00 0.00 7.00 83.00 0.00 58.00 77.00 0.00 79.00 0.00 0.00 0.00 0.00 52.00 1.00 31.00 0.00 0.00 0.00 0.00 67.00 0.00 95.00 14.00 66.00 65.00 0.00 0.00 44.00 77.00 55.00 63.00 58.00 47.00 0.00 58.00 0.00 0.00 59.00 0.00 47.00 0.00 72.00 27.00 48.00 0.00 0.00 48.00
16 0.00 92.00 0.00 0.00 0.00 75.00 40.00 0.00 11.00 46.00 0.00 8.00 0.00 19.00 0.00 0.00 0.00 24.00 0.00 0.00 76.00 0.00 0.00 95.00 0.00 0.00 1.00 0.00 0.00 0.00 8.00 0.00 43.00 0.00 18.00 0.00 0.00 57.00 87.00 45.00 0.00 0.00 80.00 91.00 0.00 29.00 47.00 75.00 80.00 0.00 0.00 81.00 62.00 0.00 0.00 0.00 61.00 0.00 96.00 0.00 0.00 4.00 0.00 0.00 95.00 3.00 0.00 0.00 6.00 75.00 92.00 0.00 1.00 83.00 0.00 93.00 0.00 89.00 90.00 0.00 0.00 35.00 43.00 0.00 7.00 0.00 37.00 41.00 0.00 13.00 0.00 24.00 12.00 52.00 0.00 0.00 0.00 72.00 65.00 21.00
17 0.00 0.00 0.00 17.00 0.00 46.00 0.00 45.00 0.00 0.00 0.00 83.00 32.00 64.00 0.00 0.00 24.00 0.00 0.00 57.00 0.00 0.00 59.00 49.00 0.00 79.00 0.00 0.00 0.00 2.00 0.00 0.00 0.00 0.00 76.00 0.00 17.00 65.00 97.00 0.00 70.00 0.00 9.00 0.00 12.00 73.00 0.00 48.00 47.00 0.00 55.00 60.00 0.00 0.00 0.00 7.00 0.00 0.00 0.00 11.00 36.00 41.00 0.00 43.00 0.00 0.00 4.00 55.00 0.00 48.00 14.00 41.00 90.00 0.00 79.00 33.00 68.00 0.00 0.00 91.00 0.00 0.00 0.00 47.00 28.00 0.00 0.00 44.00 54.00 0.00 79.00 0.00 0.00 0.00 0.00 0.00 0.00 0.00 75.00 47.00
18 0.00 0.00 85.00 56.00 77.00 0.00 92.00 11.00 0.00 80.00 22.00 0.00 0.00 0.00 0.00 84.00 0.00 0.00 0.00 0.00 93.00 16.00 75.00 51.00 0.00 100.00 67.00 26.00 0.00 95.00 0.00 92.00 0.00 0.00 0.00 0.00 0.00 12.00 19.00 94.00 62.00 54.00 64.00 2.00 0.00 0.00 94.00 0.00 56.00 40.00 24.00 49.00 62.00 0.00 50.00 0.00 0.00 0.00 0.00 16.00 0.00 2.00 9.00 83.00 0.00 0.00 85.00 55.00 39.00 0.00 23.00 18.00 0.00 91.00 67.00 0.00 0.00 0.00 46.00 94.00 0.00 0.00 93.00 21.00 65.00 94.00 82.00 20.00 0.00 0.00 0.00 0.00 0.00 74.00 0.00 0.00 57.00 75.00 0.00 7.00
19 62.00 58.00 0.00 66.00 23.00 91.00 25.00 0.00 0.00 0.00 21.00 0.00 72.00 17.00 0.00 79.00 0.00 57.00 0.00 0.00 0.00 7.00 23.00 7.00 1.00 0.00 0.00 37.00 0.00 0.00 55.00 0.00 50.00 0.00 0.00 0.00 0.00 0.00 82.00 99.00 0.00 37.00 72.00 52.00 0.00 58.00 0.00 36.00 65.00 60.00 0.00 46.00 0.00 0.00 0.00 46.00 0.00 0.00 82.00 32.00 0.00 61.00 67.00 0.00 55.00 15.00 45.00 52.00 0.00 0.00 0.00 26.00 0.00 0.00 0.00 11.00 0.00 0.00 89.00 74.00 18.00 47.00 34.00 0.00 24.00 0.00 63.00 47.00 0.00 62.00 0.00 0.00 0.00 86.00 0.00 0.00 0.00 0.00 0.00 0.00
20 50.00 37.00 0.00 0.00 42.00 0.00 65.00 0.00 22.00 13.00 0.00 10.00 44.00 92.00 0.00 27.00 76.00 0.00 93.00 0.00 0.00 89.00 46.00 0.00 37.00 16.00 0.00 0.00 0.00 35.00 0.00 2.00 0.00 0.00 0.00 0.00 57.00 9.00 0.00 74.00 0.00 9.00 95.00 93.00 63.00 0.00 0.00 83.00 10.00 23.00 0.00 6.00 0.00 0.00 0.00 37.00 68.00 22.00 73.00 0.00 0.00 28.00 0.00 0.00 0.00 0.00 0.00 0.00 0.00 29.00 0.00 86.00 29.00 0.00 7.00 0.00 26.00 73.00 68.00 0.00 0.00 83.00 100.00 19.00 0.00 4.00 0.00 0.00 22.00 0.00 0.00 0.00 0.00 50.00 10.00 46.00 0.00 95.00 74.00 0.00
21 0.00 0.00 32.00 96.00 89.00 9.00 52.00 0.00 0.00 62.00 22.00 0.00 66.00 0.00 82.00 0.00 0.00 0.00 16.00 7.00 89.00 0.00 0.00 31.00 34.00 16.00 88.00 56.00 96.00 31.00 0.00 14.00 0.00 0.00 80.00 93.00 34.00 95.00 0.00 0.00 0.00 0.00 69.00 0.00 79.00 0.00 0.00 0.00 0.00 0.00 0.00 0.00 23.00 0.00 0.00 0.00 0.00 41.00 77.00 0.00 0.00 0.00 0.00 0.00 46.00 41.00 0.00 0.00 0.00 91.00 0.00 87.00 0.00 91.00 0.00 73.00 0.00 0.00 0.00 0.00 83.00 0.00 0.00 22.00 38.00 0.00 56.00 86.00 0.00 0.00 0.00 0.00 0.00 0.00 0.00 0.00 0.00 82.00 32.00 0.00
22 9.00 88.00 0.00 0.00 0.00 63.00 99.00 0.00 0.00 99.00 0.00 45.00 64.00 69.00 35.00 16.00 0.00 59.00 75.00 23.00 46.00 0.00 0.00 34.00 0.00 28.00 0.00 0.00 92.00 29.00 0.00 11.00 39.00 17.00 0.00 86.00 76.00 0.00 100.00 34.00 0.00 0.00 0.00 0.00 24.00 37.00 4.00 6.00 34.00 84.00 90.00 0.00 65.00 0.00 0.00 48.00 0.00 97.00 0.00 90.00 82.00 4.00 0.00 0.00 0.00 99.00 100.00 0.00 0.00 0.00 0.00 97.00 76.00 1.00 0.00 81.00 0.00 44.00 0.00 0.00 0.00 0.00 46.00 0.00 0.00 67.00 87.00 22.00 0.00 7.00 15.00 0.00 74.00 0.00 64.00 0.00 56.00 34.00 35.00 0.00
23 0.00 30.00 0.00 0.00 0.00 0.00 96.00 0.00 21.00 0.00 0.00 98.00 0.00 69.00 98.00 7.00 95.00 49.00 51.00 7.00 0.00 31.00 34.00 0.00 0.00 0.00 25.00 0.00 0.00 0.00 0.00 0.00 9.00 0.00 30.00 54.00 45.00 0.00 13.00 0.00 0.00 25.00 0.00 35.00 94.00 5.00 0.00 0.00 59.00 0.00 73.00 0.00 0.00 78.00 0.00 17.00 0.00 0.00 0.00 67.00 0.00 0.00 0.00 0.00 0.00 82.00 0.00 0.00 0.00 13.00 6.00 19.00 62.00 0.00 32.00 53.00 0.00 0.00 63.00 0.00 51.00 0.00 0.00 45.00 65.00 0.00 56.00 39.00 87.00 6.00 0.00 1.00 22.00 0.00 56.00 58.00 60.00 0.00 0.00 0.00
24 0.00 0.00 0.00 75.00 63.00 68.00 0.00 40.00 0.00 59.00 0.00 0.00 3.00 17.00 89.00 0.00 0.00 0.00 0.00 1.00 37.00 34.00 0.00 0.00 0.00 0.00 52.00 0.00 0.00 81.00 0.00 0.00 0.00 86.00 0.00 0.00 0.00 100.00 28.00 0.00 0.00 0.00 0.00 55.00 62.00 0.00 84.00 0.00 91.00 0.00 26.00 0.00 20.00 0.00 21.00 0.00 0.00 0.00 0.00 90.00 83.00 0.00 73.00 73.00 20.00 68.00 71.00 88.00 1.00 53.00 62.00 40.00 0.00 0.00 0.00 0.00 4.00 0.00 0.00 0.00 7.00 0.00 96.00 0.00 77.00 97.00 0.00 0.00 0.00 8.00 12.00 0.00 0.00 98.00 1.00 0.00 0.00 0.00 24.00 0.00
25 18.00 72.00 12.00 0.00 72.00 0.00 0.00 0.00 23.00 0.00 0.00 0.00 23.00 0.00 0.00 0.00 0.00 79.00 100.00 0.00 16.00 16.00 28.00 0.00 0.00 0.00 22.00 68.00 100.00 87.00 0.00 0.00 55.00 81.00 0.00 30.00 0.00 81.00 11.00 0.00 89.00 51.00 42.00 0.00 47.00 0.00 0.00 30.00 13.00 0.00 0.00 40.00 0.00 49.00 86.00 0.00 24.00 29.00 87.00 6.00 0.00 27.00 0.00 5.00 4.00 0.00 4.00 0.00 0.00 0.00 0.00 60.00 0.00 77.00 30.00 76.00 0.00 0.00 0.00 100.00 0.00 89.00 15.00 0.00 12.00 17.00 80.00 39.00 0.00 0.00 8.00 40.00 0.00 5.00 66.00 0.00 7.00 40.00 58.00 42.00
26 0.00 0.00 0.00 34.00 0.00 0.00 0.00 17.00 0.00 0.00 0.00 96.00 0.00 0.00 0.00 5.00 1.00 0.00 67.00 0.00 0.00 88.00 0.00 25.00 52.00 22.00 0.00 38.00 28.00 0.00 85.00 0.00 66.00 0.00 37.00 66.00 0.00 94.00 67.00 58.00 79.00 0.00 32.00 0.00 0.00 60.00 0.00 14.00 34.00 0.00 82.00 35.00 94.00 43.00 76.00 96.00 58.00 81.00 10.00 0.00 49.00 0.00 42.00 86.00 73.00 0.00 92.00 0.00 46.00 92.00 69.00 0.00 73.00 19.00 56.00 45.00 0.00 25.00 45.00 30.00 0.00 44.00 28.00 86.00 0.00 79.00 0.00 0.00 0.00 89.00 0.00 38.00 0.00 0.00 0.00 97.00 15.00 62.00 95.00 0.00
27 2.00 0.00 0.00 6.00 72.00 0.00 54.00 40.00 26.00 0.00 73.00 51.00 40.00 93.00 28.00 66.00 0.00 0.00 26.00 37.00 0.00 56.00 0.00 0.00 0.00 68.00 38.00 0.00 0.00 41.00 0.00 8.00 0.00 11.00 100.00 0.00 70.00 74.00 0.00 0.00 90.00 0.00 0.00 78.00 0.00 0.00 64.00 76.00 0.00 18.00 0.00 45.00 23.00 0.00 0.00 0.00 0.00 79.00 57.00 47.00 0.00 40.00 0.00 30.00 0.00 0.00 29.00 60.00 0.00 32.00 0.00 0.00 80.00 86.00 34.00 55.00 88.00 0.00 51.00 0.00 0.00 0.00 0.00 32.00 0.00 0.00 0.00 34.00 0.00 0.00 72.00 6.00 0.00 78.00 51.00 96.00 0.00 98.00 94.00 67.00
28 75.00 83.00 41.00 2.00 7.00 78.00 85.00 39.00 89.00 0.00 7.00 4.00 81.00 0.00 68.00 0.00 0.00 0.00 0.00 0.00 0.00 96.00 92.00 0.00 0.00 100.00 28.00 0.00 0.00 0.00 21.00 0.00 58.00 0.00 36.00 0.00 0.00 59.00 0.00 0.00 89.00 0.00 33.00 0.00 51.00 39.00 0.00 11.00 76.00 73.00 0.00 85.00 25.00 0.00 89.00 20.00 35.00 0.00 73.00 0.00 0.00 72.00 0.00 37.00 77.00 73.00 0.00 0.00 100.00 0.00 21.00 29.00 86.00 0.00 0.00 0.00 31.00 0.00 48.00 47.00 0.00 0.00 25.00 0.00 0.00 0.00 50.00 27.00 0.00 80.00 86.00 0.00 14.00 66.00 96.00 0.00 0.00 33.00 30.00 0.00
29 87.00 0.00 22.00 0.00 31.00 0.00 16.00 0.00 0.00 0.00 0.00 51.00 0.00 0.00 0.00 0.00 0.00 2.00 95.00 0.00 35.00 31.00 29.00 0.00 81.00 87.00 0.00 41.00 0.00 0.00 0.00 0.00 39.00 0.00 21.00 74.00 0.00 41.00 47.00 76.00 32.00 29.00 0.00 0.00 74.00 0.00 0.00 0.00 34.00 0.00 0.00 79.00 0.00 0.00 0.00 0.00 0.00 0.00 48.00 58.00 0.00 0.00 73.00 62.00 67.00 15.00 52.00 93.00 76.00 94.00 36.00 0.00 95.00 0.00 0.00 61.00 0.00 44.00 0.00 55.00 20.00 57.00 57.00 0.00 0.00 12.00 59.00 56.00 0.00 13.00 40.00 0.00 51.00 0.00 0.00 94.00 0.00 0.00 72.00 0.00
30 0.00 54.00 9.00 65.00 0.00 63.00 39.00 27.00 0.00 0.00 0.00 0.00 21.00 87.00 0.00 0.00 8.00 0.00 0.00 55.00 0.00 0.00 0.00 0.00 0.00 0.00 85.00 0.00 21.00 0.00 0.00 62.00 34.00 0.00 0.00 72.00 2.00 0.00 70.00 0.00 0.00 0.00 0.00 86.00 41.00 0.00 0.00 16.00 17.00 0.00 0.00 55.00 0.00 0.00 0.00 0.00 50.00 0.00 0.00 0.00 94.00 0.00 0.00 4.00 0.00 0.00 0.00 0.00 80.00 0.00 62.00 70.00 45.00 90.00 88.00 0.00 36.00 0.00 40.00 41.00 33.00 83.00 38.00 39.00 41.00 0.00 93.00 0.00 18.00 81.00 0.00 0.00 22.00 19.00 0.00 0.00 0.00 0.00 63.00 94.00
31 59.00 84.00 83.00 0.00 13.00 97.00 0.00 66.00 71.00 2.00 0.00 0.00 0.00 17.00 0.00 39.00 0.00 0.00 92.00 0.00 2.00 14.00 11.00 0.00 0.00 0.00 0.00 8.00 0.00 0.00 62.00 0.00 100.00 0.00 31.00 78.00 83.00 78.00 71.00 44.00 0.00 0.00 0.00 0.00 0.00 0.00 14.00 33.00 0.00 47.00 24.00 0.00 85.00 79.00 63.00 0.00 8.00 72.00 0.00 82.00 59.00 14.00 100.00 39.00 9.00 0.00 23.00 24.00 0.00 11.00 36.00 0.00 0.00 35.00 0.00 91.00 0.00 0.00 0.00 0.00 70.00 0.00 67.00 73.00 30.00 0.00 1.00 0.00 0.00 0.00 88.00 0.00 79.00 0.00 0.00 50.00 14.00 22.00 94.00 0.00
32 0.00 0.00 0.00 52.00 3.00 0.00 0.00 0.00 93.00 0.00 51.00 0.00 37.00 85.00 0.00 80.00 43.00 0.00 0.00 50.00 0.00 0.00 39.00 9.00 0.00 55.00 66.00 0.00 58.00 39.00 34.00 100.00 0.00 0.00 68.00 0.00 25.00 0.00 59.00 0.00 71.00 53.00 39.00 64.00 10.00 0.00 0.00 84.00 4.00 71.00 100.00 0.00 0.00 48.00 0.00 0.00 0.00 55.00 0.00 78.00 0.00 0.00 73.00 0.00 53.00 16.00 0.00 3.00 51.00 0.00 57.00 0.00 95.00 68.00 0.00 0.00 20.00 0.00 45.00 0.00 0.00 28.00 0.00 0.00 86.00 0.00 97.00 55.00 98.00 0.00 0.00 0.00 0.00 0.00 55.00 0.00 0.00 52.00 77.00 0.00
33 0.00 0.00 0.00 0.00 39.00 0.00 22.00 0.00 0.00 0.00 0.00 57.00 12.00 0.00 0.00 0.00 0.00 0.00 0.00 0.00 0.00 0.00 17.00 0.00 86.00 81.00 0.00 11.00 0.00 0.00 0.00 0.00 0.00 0.00 0.00 22.00 96.00 0.00 34.00 27.00 72.00 0.00 0.00 0.00 83.00 0.00 0.00 6.00 48.00 55.00 0.00 99.00 63.00 27.00 5.00 81.00 0.00 0.00 0.00 87.00 0.00 0.00 0.00 56.00 0.00 37.00 60.00 19.00 69.00 0.00 33.00 0.00 0.00 93.00 0.00 0.00 0.00 62.00 0.00 0.00 42.00 60.00 86.00 0.00 0.00 0.00 11.00 0.00 0.00 0.00 45.00 0.00 82.00 72.00 0.00 0.00 73.00 0.00 0.00 51.00
34 27.00 85.00 29.00 0.00 0.00 13.00 0.00 23.00 66.00 0.00 0.00 0.00 24.00 0.00 0.00 36.00 18.00 76.00 0.00 0.00 0.00 80.00 0.00 30.00 0.00 0.00 37.00 100.00 36.00 21.00 0.00 31.00 68.00 0.00 0.00 0.00 0.00 0.00 0.00 62.00 42.00 0.00 67.00 97.00 0.00 59.00 89.00 16.00 14.00 62.00 0.00 25.00 12.00 0.00 0.00 0.00 0.00 0.00 38.00 0.00 19.00 0.00 98.00 0.00 10.00 0.00 2.00 84.00 0.00 0.00 59.00 61.00 0.00 0.00 73.00 0.00 0.00 48.00 24.00 0.00 0.00 0.00 0.00 0.00 0.00 0.00 0.00 88.00 0.00 0.00 0.00 0.00 4.00 0.00 0.00 0.00 0.00 91.00 45.00 0.00
35 23.00 73.00 0.00 56.00 27.00 0.00 0.00 99.00 0.00 0.00 0.00 78.00 0.00 40.00 0.00 2.00 0.00 0.00 0.00 0.00 0.00 93.00 86.00 54.00 0.00 30.00 66.00 0.00 0.00 74.00 72.00 78.00 0.00 22.00 0.00 0.00 0.00 51.00 97.00 70.00 0.00 83.00 16.00 84.00 49.00 27.00 0.00 94.00 94.00 67.00 0.00 84.00 21.00 0.00 0.00 0.00 72.00 0.00 30.00 0.00 0.00 0.00 44.00 0.00 0.00 0.00 0.00 54.00 25.00 4.00 0.00 0.00 0.00 68.00 0.00 0.00 0.00 0.00 0.00 0.00 0.00 0.00 0.00 88.00 0.00 9.00 38.00 0.00 68.00 36.00 0.00 1.00 0.00 0.00 38.00 0.00 0.00 72.00 0.00 0.00
36 0.00 12.00 0.00 0.00 4.00 23.00 8.00 0.00 97.00 0.00 73.00 0.00 0.00 28.00 73.00 41.00 0.00 17.00 0.00 0.00 57.00 34.00 76.00 45.00 0.00 0.00 0.00 70.00 0.00 0.00 2.00 83.00 25.00 96.00 0.00 0.00 0.00 89.00 0.00 93.00 62.00 0.00 35.00 0.00 0.00 75.00 0.00 0.00 0.00 0.00 0.00 85.00 0.00 99.00 0.00 0.00 0.00 32.00 0.00 0.00 0.00 0.00 0.00 0.00 0.00 0.00 0.00 0.00 52.00 0.00 0.00 54.00 0.00 98.00 0.00 7.00 100.00 0.00 0.00 75.00 0.00 62.00 12.00 25.00 0.00 86.00 91.00 51.00 0.00 73.00 1.00 23.00 0.00 0.00 71.00 0.00 0.00 61.00 0.00 69.00
37 0.00 36.00 0.00 24.00 70.00 9.00 21.00 0.00 59.00 0.00 96.00 0.00 32.00 33.00 86.00 0.00 57.00 65.00 12.00 0.00 9.00 95.00 0.00 0.00 100.00 81.00 94.00 74.00 59.00 41.00 0.00 78.00 0.00 0.00 0.00 51.00 89.00 0.00 0.00 0.00 0.00 0.00 0.00 53.00 0.00 96.00 42.00 58.00 55.00 0.00 18.00 0.00 98.00 0.00 55.00 0.00 0.00 63.00 44.00 0.00 83.00 0.00 0.00 96.00 0.00 36.00 61.00 6.00 0.00 45.00 0.00 29.00 0.00 0.00 4.00 88.00 57.00 14.00 77.00 40.00 0.00 0.00 0.00 35.00 22.00 98.00 0.00 5.00 44.00 0.00 0.00 20.00 0.00 0.00 85.00 0.00 0.00 99.00 28.00 47.00
38 49.00 56.00 0.00 0.00 0.00 14.00 0.00 0.00 0.00 0.00 0.00 96.00 0.00 34.00 0.00 92.00 87.00 97.00 19.00 82.00 0.00 0.00 100.00 13.00 28.00 11.00 67.00 0.00 0.00 47.00 70.00 71.00 59.00 34.00 0.00 97.00 0.00 0.00 0.00 0.00 0.00 0.00 0.00 18.00 0.00 0.00 0.00 0.00 47.00 41.00 65.00 0.00 0.00 68.00 20.00 43.00 89.00 7.00 0.00 7.00 0.00 64.00 52.00 0.00 0.00 48.00 0.00 0.00 0.00 82.00 0.00 4.00 31.00 0.00 0.00 32.00 0.00 93.00 17.00 37.00 0.00 0.00 0.00 0.00 68.00 62.00 0.00 31.00 96.00 11.00 0.00 47.00 0.00 0.00 0.00 16.00 6.00 0.00 3.00 33.00
39 2.00 50.00 0.00 0.00 0.00 81.00 2.00 0.00 0.00 0.00 62.00 0.00 0.00 0.00 0.00 1.00 45.00 0.00 94.00 99.00 74.00 0.00 34.00 0.00 0.00 0.00 58.00 0.00 0.00 76.00 0.00 44.00 0.00 27.00 62.00 70.00 93.00 0.00 0.00 0.00 78.00 0.00 65.00 88.00 52.00 41.00 0.00 0.00 81.00 81.00 0.00 87.00 64.00 0.00 0.00 0.00 10.00 23.00 59.00 0.00 38.00 29.00 55.00 57.00 0.00 77.00 34.00 88.00 15.00 38.00 0.00 45.00 37.00 36.00 71.00 0.00 17.00 70.00 90.00 60.00 39.00 0.00 0.00 0.00 25.00 71.00 0.00 0.00 76.00 0.00 3.00 0.00 35.00 46.00 0.00 94.00 0.00 13.00 0.00 20.00
40 43.00 10.00 70.00 28.00 0.00 0.00 96.00 0.00 58.00 55.00 0.00 19.00 0.00 73.00 73.00 0.00 0.00 70.00 62.00 0.00 0.00 0.00 0.00 0.00 0.00 89.00 79.00 90.00 89.00 32.00 0.00 0.00 71.00 72.00 42.00 0.00 62.00 0.00 0.00 78.00 0.00 0.00 0.00 0.00 90.00 55.00 0.00 0.00 0.00 0.00 25.00 86.00 0.00 65.00 0.00 36.00 72.00 20.00 0.00 77.00 90.00 0.00 0.00 82.00 77.00 29.00 0.00 64.00 0.00 0.00 60.00 48.00 0.00 66.00 65.00 0.00 0.00 0.00 0.00 92.00 72.00 0.00 84.00 0.00 24.00 0.00 0.00 25.00 43.00 0.00 47.00 72.00 41.00 11.00 39.00 2.00 13.00 93.00 0.00 0.00
41 0.00 31.00 69.00 0.00 100.00 0.00 0.00 0.00 0.00 0.00 9.00 0.00 56.00 0.00 0.00 0.00 0.00 0.00 54.00 37.00 9.00 0.00 0.00 25.00 0.00 51.00 0.00 0.00 0.00 29.00 0.00 0.00 53.00 0.00 0.00 83.00 0.00 0.00 0.00 0.00 0.00 0.00 84.00 0.00 97.00 3.00 0.00 0.00 0.00 0.00 0.00 92.00 0.00 0.00 49.00 0.00 0.00 0.00 43.00 0.00 0.00 0.00 20.00 74.00 0.00 0.00 35.00 17.00 70.00 76.00 0.00 0.00 50.00 35.00 0.00 81.00 4.00 0.00 20.00 70.00 0.00 0.00 0.00 2.00 47.00 86.00 0.00 0.00 32.00 45.00 0.00 25.00 42.00 0.00 0.00 0.00 76.00 62.00 0.00 0.00
42 0.00 83.00 17.00 0.00 0.00 6.00 0.00 0.00 0.00 0.00 0.00 0.00 32.00 0.00 21.00 0.00 80.00 9.00 64.00 72.00 95.00 69.00 0.00 0.00 0.00 42.00 32.00 0.00 33.00 0.00 0.00 0.00 39.00 0.00 67.00 16.00 35.00 0.00 0.00 65.00 0.00 84.00 0.00 8.00 0.00 54.00 0.00 63.00 0.00 55.00 98.00 46.00 0.00 50.00 0.00 0.00 87.00 0.00 0.00 54.00 0.00 48.00 0.00 0.00 29.00 79.00 0.00 55.00 0.00 0.00 0.00 28.00 0.00 23.00 32.00 43.00 0.00 73.00 26.00 0.00 43.00 78.00 48.00 56.00 0.00 0.00 79.00 76.00 0.00 13.00 70.00 8.00 0.00 65.00 22.00 21.00 0.00 0.00 91.00 0.00
43 13.00 88.00 0.00 33.00 0.00 96.00 82.00 0.00 96.00 0.00 36.00 0.00 16.00 0.00 0.00 92.00 91.00 0.00 2.00 52.00 93.00 0.00 0.00 35.00 55.00 0.00 0.00 78.00 0.00 0.00 86.00 0.00 64.00 0.00 97.00 84.00 0.00 53.00 18.00 88.00 0.00 0.00 8.00 0.00 41.00 14.00 2.00 90.00 0.00 64.00 71.00 0.00 0.00 0.00 61.00 0.00 65.00 100.00 0.00 0.00 11.00 80.00 0.00 0.00 0.00 0.00 38.00 3.00 39.00 0.00 25.00 62.00 0.00 43.00 0.00 0.00 46.00 0.00 11.00 0.00 13.00 50.00 0.00 32.00 0.00 40.00 0.00 94.00 35.00 96.00 65.00 92.00 75.00 0.00 1.00 99.00 38.00 33.00 0.00 71.00
44 40.00 0.00 14.00 53.00 91.00 99.00 0.00 76.00 0.00 0.00 43.00 0.00 78.00 0.00 91.00 44.00 0.00 12.00 0.00 0.00 63.00 79.00 24.00 94.00 62.00 47.00 0.00 0.00 51.00 74.00 41.00 0.00 10.00 83.00 0.00 49.00 0.00 0.00 0.00 52.00 90.00 97.00 0.00 41.00 0.00 88.00 20.00 96.00 0.00 0.00 0.00 47.00 0.00 0.00 0.00 71.00 4.00 60.00 0.00 0.00 42.00 15.00 0.00 0.00 0.00 45.00 33.00 0.00 0.00 0.00 0.00 0.00 0.00 38.00 21.00 0.00 73.00 0.00 38.00 44.00 0.00 34.00 0.00 0.00 0.00 1.00 45.00 35.00 96.00 0.00 0.00 0.00 0.00 0.00 55.00 0.00 0.00 0.00 0.00 92.00
45 73.00 0.00 0.00 60.00 90.00 0.00 0.00 0.00 0.00 88.00 0.00 73.00 0.00 0.00 7.00 26.00 29.00 73.00 0.00 58.00 0.00 0.00 37.00 5.00 0.00 0.00 60.00 0.00 39.00 0.00 0.00 0.00 0.00 0.00 59.00 27.00 75.00 96.00 0.00 41.00 55.00 3.00 54.00 14.00 88.00 0.00 78.00 0.00 0.00 0.00 0.00 38.00 7.00 35.00 31.00 19.00 86.00 0.00 0.00 89.00 0.00 61.00 0.00 73.00 37.00 85.00 58.00 0.00 1.00 0.00 0.00 73.00 0.00 20.00 64.00 0.00 0.00 0.00 0.00 6.00 89.00 0.00 27.00 0.00 23.00 89.00 0.00 60.00 91.00 0.00 73.00 21.00 0.00 0.00 30.00 0.00 0.00 0.00 0.00 0.00
46 87.00 58.00 0.00 75.00 17.00 78.00 0.00 55.00 0.00 98.00 0.00 72.00 7.00 53.00 54.00 0.00 47.00 0.00 94.00 0.00 0.00 0.00 4.00 0.00 84.00 0.00 0.00 64.00 0.00 0.00 0.00 14.00 0.00 0.00 89.00 0.00 0.00 42.00 0.00 0.00 0.00 0.00 0.00 2.00 20.00 78.00 0.00 0.00 27.00 66.00 0.00 39.00 0.00 12.00 13.00 14.00 0.00 0.00 40.00 87.00 37.00 0.00 36.00 0.00 0.00 0.00 0.00 100.00 34.00 79.00 54.00 0.00 0.00 0.00 93.00 0.00 96.00 0.00 86.00 71.00 26.00 0.00 0.00 59.00 0.00 21.00 0.00 0.00 95.00 78.00 76.00 39.00 0.00 22.00 79.00 44.00 79.00 0.00 0.00 8.00
47 0.00 0.00 0.00 0.00 43.00 0.00 0.00 0.00 0.00 0.00 52.00 0.00 34.00 0.00 2.00 72.00 75.00 48.00 0.00 36.00 83.00 0.00 6.00 0.00 0.00 30.00 14.00 76.00 11.00 0.00 16.00 33.00 84.00 6.00 16.00 94.00 0.00 58.00 0.00 0.00 0.00 0.00 63.00 90.00 96.00 0.00 0.00 0.00 61.00 0.00 0.00 86.00 0.00 56.00 0.00 56.00 0.00 2.00 95.00 0.00 43.00 79.00 0.00 35.00 0.00 49.00 16.00 33.00 54.00 0.00 66.00 42.00 98.00 0.00 0.00 69.00 0.00 0.00 21.00 59.00 0.00 94.00 0.00 87.00 0.00 26.00 90.00 0.00 69.00 0.00 22.00 85.00 48.00 58.00 24.00 66.00 62.00 0.00 97.00 88.00
48 33.00 35.00 82.00 52.00 95.00 0.00 98.00 0.00 51.00 0.00 58.00 0.00 10.00 0.00 52.00 0.00 80.00 47.00 56.00 65.00 10.00 0.00 34.00 59.00 91.00 13.00 34.00 0.00 76.00 34.00 17.00 0.00 4.00 48.00 14.00 94.00 0.00 55.00 47.00 81.00 0.00 0.00 0.00 0.00 0.00 0.00 27.00 61.00 0.00 0.00 0.00 0.00 74.00 0.00 0.00 0.00 0.00 0.00 4.00 0.00 87.00 0.00 0.00 21.00 0.00 0.00 0.00 58.00 0.00 0.00 0.00 0.00 0.00 92.00 0.00 96.00 94.00 0.00 18.00 29.00 0.00 0.00 0.00 0.00 36.00 52.00 62.00 88.00 48.00 57.00 0.00 48.00 0.00 19.00 0.00 48.00 39.00 42.00 9.00 85.00
49 89.00 82.00 66.00 0.00 0.00 22.00 16.00 0.00 9.00 0.00 81.00 13.00 46.00 0.00 0.00 0.00 0.00 0.00 40.00 60.00 23.00 0.00 84.00 0.00 0.00 0.00 0.00 18.00 73.00 0.00 0.00 47.00 71.00 55.00 62.00 67.00 0.00 0.00 41.00 81.00 0.00 0.00 55.00 64.00 0.00 0.00 66.00 0.00 0.00 0.00 44.00 0.00 0.00 0.00 46.00 95.00 0.00 8.00 56.00 31.00 100.00 0.00 0.00 0.00 0.00 60.00 6.00 0.00 77.00 18.00 0.00 0.00 0.00 0.00 0.00 30.00 26.00 0.00 52.00 48.00 0.00 0.00 65.00 0.00 0.00 50.00 79.00 0.00 88.00 10.00 40.00 27.00 85.00 24.00 0.00 7.00 51.00 91.00 64.00 0.00
50 0.00 0.00 71.00 0.00 48.00 0.00 0.00 0.00 28.00 83.00 0.00 0.00 66.00 0.00 0.00 0.00 0.00 55.00 24.00 0.00 0.00 0.00 90.00 73.00 26.00 0.00 82.00 0.00 0.00 0.00 0.00 24.00 100.00 0.00 0.00 0.00 0.00 18.00 65.00 0.00 25.00 0.00 98.00 71.00 0.00 0.00 0.00 0.00 0.00 44.00 0.00 98.00 51.00 0.00 84.00 73.00 0.00 0.00 39.00 0.00 98.00 21.00 56.00 0.00 0.00 0.00 65.00 0.00 0.00 80.00 0.00 89.00 0.00 0.00 0.00 0.00 0.00 7.00 0.00 0.00 51.00 0.00 26.00 58.00 14.00 0.00 0.00 0.00 0.00 0.00 76.00 0.00 69.00 38.00 25.00 0.00 0.00 26.00 0.00 92.00
51 0.00 0.00 15.00 70.00 23.00 67.00 76.00 37.00 0.00 0.00 0.00 0.00 0.00 0.00 41.00 40.00 81.00 60.00 49.00 46.00 6.00 0.00 0.00 0.00 0.00 40.00 35.00 45.00 85.00 79.00 55.00 0.00 0.00 99.00 25.00 84.00 85.00 0.00 0.00 87.00 86.00 92.00 46.00 0.00 47.00 38.00 39.00 86.00 0.00 0.00 98.00 0.00 23.00 18.00 70.00 71.00 79.00 0.00 0.00 90.00 0.00 0.00 0.00 0.00 0.00 56.00 0.00 97.00 0.00 44.00 26.00 0.00 0.00 0.00 56.00 0.00 99.00 82.00 76.00 83.00 22.00 4.00 0.00 0.00 53.00 7.00 0.00 69.00 0.00 13.00 0.00 0.00 0.00 68.00 0.00 0.00 0.00 30.00 0.00 58.00
52 0.00 30.00 0.00 67.00 19.00 55.00 0.00 0.00 0.00 0.00 0.00 22.00 96.00 0.00 0.00 9.00 62.00 0.00 62.00 0.00 0.00 23.00 65.00 0.00 20.00 0.00 94.00 23.00 25.00 0.00 0.00 85.00 0.00 63.00 12.00 21.00 0.00 98.00 0.00 64.00 0.00 0.00 0.00 0.00 0.00 7.00 0.00 0.00 74.00 0.00 51.00 23.00 0.00 0.00 90.00 32.00 93.00 0.00 30.00 25.00 0.00 17.00 32.00 32.00 45.00 0.00 83.00 86.00 45.00 88.00 35.00 0.00 1.00 54.00 0.00 69.00 0.00 0.00 0.00 75.00 0.00 4.00 96.00 95.00 0.00 13.00 12.00 0.00 0.00 0.00 0.00 0.00 0.00 0.00 0.00 0.00 0.00 0.00 0.00 26.00
53 0.00 0.00 0.00 73.00 0.00 0.00 0.00 0.00 68.00 0.00 0.00 70.00 0.00 0.00 24.00 0.00 0.00 0.00 0.00 0.00 0.00 0.00 0.00 78.00 0.00 49.00 43.00 0.00 0.00 0.00 0.00 79.00 48.00 27.00 0.00 0.00 99.00 0.00 68.00 0.00 65.00 0.00 50.00 0.00 0.00 35.00 12.00 56.00 0.00 0.00 0.00 18.00 0.00 0.00 0.00 46.00 35.00 100.00 54.00 0.00 0.00 99.00 0.00 0.00 0.00 51.00 0.00 0.00 98.00 0.00 63.00 94.00 75.00 0.00 0.00 29.00 13.00 54.00 89.00 81.00 0.00 0.00 96.00 44.00 0.00 0.00 0.00 57.00 0.00 0.00 9.00 0.00 0.00 0.00 5.00 68.00 77.00 3.00 98.00 83.00
54 0.00 0.00 54.00 34.00 91.00 0.00 5.00 0.00 0.00 0.00 0.00 60.00 76.00 0.00 21.00 7.00 0.00 0.00 50.00 0.00 0.00 0.00 0.00 0.00 21.00 86.00 76.00 0.00 89.00 0.00 0.00 63.00 0.00 5.00 0.00 0.00 0.00 55.00 20.00 0.00 0.00 49.00 0.00 61.00 0.00 31.00 13.00 0.00 0.00 46.00 84.00 70.00 90.00 0.00 0.00 0.00 0.00 0.00 0.00 58.00 0.00 0.00 0.00 0.00 11.00 0.00 24.00 0.00 49.00 0.00 0.00 0.00 0.00 0.00 47.00 77.00 0.00 0.00 0.00 0.00 0.00 66.00 0.00 22.00 0.00 0.00 100.00 0.00 0.00 0.00 0.00 7.00 34.00 0.00 0.00 72.00 60.00 0.00 89.00 0.00
55 0.00 64.00 39.00 26.00 35.00 33.00 0.00 17.00 0.00 0.00 21.00 0.00 37.00 0.00 94.00 83.00 0.00 7.00 0.00 46.00 37.00 0.00 48.00 17.00 0.00 0.00 96.00 0.00 20.00 0.00 0.00 0.00 0.00 81.00 0.00 0.00 0.00 0.00 43.00 0.00 36.00 0.00 0.00 0.00 71.00 19.00 14.00 56.00 0.00 95.00 73.00 71.00 32.00 46.00 0.00 0.00 62.00 2.00 91.00 0.00 0.00 0.00 0.00 2.00 40.00 0.00 97.00 20.00 31.00 33.00 42.00 5.00 91.00 0.00 48.00 0.00 0.00 0.00 99.00 0.00 24.00 0.00 32.00 48.00 23.00 0.00 80.00 0.00 0.00 76.00 85.00 0.00 0.00 49.00 0.00 61.00 57.00 0.00 70.00 46.00
56 42.00 32.00 87.00 46.00 15.00 0.00 0.00 0.00 0.00 0.00 0.00 44.00 0.00 14.00 0.00 0.00 61.00 0.00 0.00 0.00 68.00 0.00 0.00 0.00 0.00 24.00 58.00 0.00 35.00 0.00 50.00 8.00 0.00 0.00 0.00 72.00 0.00 0.00 89.00 10.00 72.00 0.00 87.00 65.00 4.00 86.00 0.00 0.00 0.00 0.00 0.00 79.00 93.00 35.00 0.00 62.00 0.00 0.00 0.00 90.00 0.00 0.00 41.00 0.00 0.00 46.00 0.00 0.00 3.00 0.00 0.00 0.00 0.00 0.00 0.00 38.00 0.00 7.00 0.00 0.00 58.00 0.00 0.00 24.00 40.00 0.00 44.00 0.00 0.00 0.00 63.00 38.00 0.00 85.00 0.00 0.00 0.00 0.00 7.00 0.00
57 0.00 95.00 25.00 0.00 98.00 25.00 0.00 0.00 0.00 0.00 0.00 0.00 0.00 72.00 0.00 58.00 0.00 0.00 0.00 0.00 22.00 41.00 97.00 0.00 0.00 29.00 81.00 79.00 0.00 0.00 0.00 72.00 55.00 0.00 0.00 0.00 32.00 63.00 7.00 23.00 20.00 0.00 0.00 100.00 60.00 0.00 0.00 2.00 0.00 8.00 0.00 0.00 0.00 100.00 0.00 2.00 0.00 0.00 0.00 36.00 0.00 0.00 0.00 0.00 91.00 79.00 61.00 0.00 0.00 95.00 0.00 0.00 0.00 0.00 0.00 0.00 14.00 0.00 0.00 45.00 0.00 0.00 0.00 75.00 0.00 90.00 27.00 0.00 0.00 55.00 60.00 12.00 73.00 0.00 0.00 50.00 38.00 0.00 6.00 0.00
58 100.00 0.00 0.00 0.00 77.00 0.00 48.00 13.00 22.00 52.00 16.00 88.00 28.00 25.00 0.00 77.00 96.00 0.00 0.00 82.00 73.00 77.00 0.00 0.00 0.00 87.00 10.00 57.00 73.00 48.00 0.00 0.00 0.00 0.00 38.00 30.00 0.00 44.00 0.00 59.00 0.00 43.00 0.00 0.00 0.00 0.00 40.00 95.00 4.00 56.00 39.00 0.00 30.00 54.00 0.00 91.00 0.00 0.00 0.00 35.00 0.00 12.00 0.00 58.00 0.00 0.00 99.00 11.00 88.00 38.00 51.00 0.00 0.00 0.00 0.00 0.00 45.00 0.00 0.00 38.00 0.00 0.00 0.00 0.00 67.00 30.00 0.00 0.00 52.00 0.00 0.00 77.00 9.00 0.00 0.00 0.00 18.00 0.00 0.00 60.00
59 0.00 0.00 48.00 62.00 0.00 0.00 18.00 66.00 31.00 96.00 57.00 96.00 6.00 0.00 0.00 0.00 0.00 11.00 16.00 32.00 0.00 0.00 90.00 67.00 90.00 6.00 0.00 47.00 0.00 58.00 0.00 82.00 78.00 87.00 0.00 0.00 0.00 0.00 7.00 0.00 77.00 0.00 54.00 0.00 0.00 89.00 87.00 0.00 0.00 31.00 0.00 90.00 25.00 0.00 58.00 0.00 90.00 36.00 35.00 0.00 0.00 0.00 0.00 0.00 54.00 10.00 0.00 0.00 0.00 0.00 0.00 11.00 65.00 0.00 70.00 0.00 66.00 0.00 20.00 0.00 0.00 0.00 16.00 0.00 0.00 0.00 81.00 0.00 31.00 38.00 0.00 56.00 90.00 98.00 81.00 26.00 0.00 61.00 84.00 0.00
60 28.00 0.00 0.00 18.00 0.00 0.00 71.00 73.00 96.00 51.00 0.00 79.00 16.00 0.00 0.00 79.00 0.00 36.00 0.00 0.00 0.00 0.00 82.00 0.00 83.00 0.00 49.00 0.00 0.00 0.00 94.00 59.00 0.00 0.00 19.00 0.00 0.00 83.00 0.00 38.00 90.00 0.00 0.00 11.00 42.00 0.00 37.00 43.00 87.00 100.00 98.00 0.00 0.00 0.00 0.00 0.00 0.00 0.00 0.00 0.00 0.00 0.00 50.00 0.00 0.00 0.00 54.00 78.00 61.00 0.00 0.00 0.00 21.00 0.00 11.00 80.00 73.00 56.00 65.00 93.00 0.00 46.00 0.00 25.00 42.00 0.00 0.00 47.00 29.00 58.00 70.00 0.00 0.00 0.00 90.00 76.00 5.00 12.00 0.00 0.00
61 12.00 17.00 8.00 29.00 0.00 5.00 0.00 3.00 0.00 0.00 0.00 85.00 56.00 74.00 21.00 0.00 4.00 41.00 2.00 61.00 28.00 0.00 4.00 0.00 0.00 27.00 0.00 40.00 72.00 0.00 0.00 14.00 0.00 0.00 0.00 0.00 0.00 0.00 64.00 29.00 0.00 0.00 48.00 80.00 15.00 61.00 0.00 79.00 0.00 0.00 21.00 0.00 17.00 99.00 0.00 0.00 0.00 0.00 12.00 0.00 0.00 0.00 0.00 42.00 0.00 0.00 0.00 71.00 29.00 100.00 0.00 0.00 0.00 7.00 17.00 90.00 0.00 0.00 43.00 76.00 0.00 0.00 14.00 0.00 0.00 100.00 89.00 0.00 0.00 0.00 0.00 0.00 86.00 0.00 86.00 22.00 14.00 0.00 55.00 0.00
62 23.00 0.00 5.00 78.00 20.00 0.00 75.00 0.00 0.00 51.00 31.00 60.00 14.00 33.00 0.00 0.00 0.00 0.00 9.00 67.00 0.00 0.00 0.00 0.00 73.00 0.00 42.00 0.00 0.00 73.00 0.00 100.00 73.00 0.00 98.00 44.00 0.00 0.00 52.00 55.00 0.00 20.00 0.00 0.00 0.00 0.00 36.00 0.00 0.00 0.00 56.00 0.00 32.00 0.00 0.00 0.00 41.00 0.00 0.00 0.00 50.00 0.00 0.00 17.00 0.00 0.00 50.00 0.00 32.00 29.00 0.00 75.00 0.00 0.00 71.00 46.00 0.00 0.00 34.00 6.00 0.00 0.00 0.00 0.00 0.00 0.00 63.00 15.00 0.00 71.00 0.00 0.00 0.00 55.00 0.00 24.00 38.00 0.00 0.00 6.00
63 0.00 0.00 96.00 3.00 0.00 0.00 100.00 94.00 50.00 13.00 0.00 0.00 83.00 94.00 0.00 0.00 0.00 43.00 83.00 0.00 0.00 0.00 0.00 0.00 73.00 5.00 86.00 30.00 37.00 62.00 4.00 39.00 0.00 56.00 0.00 0.00 0.00 96.00 0.00 57.00 82.00 74.00 0.00 0.00 0.00 73.00 0.00 35.00 21.00 0.00 0.00 0.00 32.00 0.00 0.00 2.00 0.00 0.00 58.00 0.00 0.00 42.00 17.00 0.00 0.00 0.00 99.00 0.00 0.00 92.00 0.00 37.00 0.00 0.00 56.00 52.00 19.00 0.00 0.00 0.00 50.00 0.00 52.00 0.00 57.00 85.00 22.00 0.00 0.00 0.00 0.00 0.00 0.00 0.00 0.00 3.00 93.00 63.00 0.00 6.00
64 0.00 86.00 17.00 0.00 0.00 0.00 56.00 0.00 0.00 5.00 50.00 48.00 40.00 4.00 0.00 0.00 95.00 0.00 0.00 55.00 0.00 46.00 0.00 0.00 20.00 4.00 73.00 0.00 77.00 67.00 0.00 9.00 53.00 0.00 10.00 0.00 0.00 0.00 0.00 0.00 77.00 0.00 29.00 0.00 0.00 37.00 0.00 0.00 0.00 0.00 0.00 0.00 45.00 0.00 11.00 40.00 0.00 91.00 0.00 54.00 0.00 0.00 0.00 0.00 0.00 70.00 0.00 0.00 0.00 0.00 90.00 0.00 36.00 0.00 22.00 0.00 27.00 0.00 96.00 36.00 91.00 0.00 78.00 0.00 29.00 98.00 0.00 5.00 72.00 9.00 0.00 73.00 0.00 0.00 16.00 44.00 51.00 0.00 0.00 98.00
65 21.00 0.00 29.00 23.00 0.00 33.00 0.00 20.00 20.00 0.00 35.00 0.00 0.00 0.00 0.00 52.00 3.00 0.00 0.00 15.00 0.00 41.00 99.00 82.00 68.00 0.00 0.00 0.00 73.00 15.00 0.00 0.00 16.00 37.00 0.00 0.00 0.00 36.00 48.00 77.00 29.00 0.00 79.00 0.00 45.00 85.00 0.00 49.00 0.00 60.00 0.00 56.00 0.00 51.00 0.00 0.00 46.00 79.00 0.00 10.00 0.00 0.00 0.00 0.00 70.00 0.00 31.00 0.00 87.00 35.00 0.00 83.00 0.00 21.00 0.00 0.00 29.00 62.00 26.00 72.00 0.00 0.00 0.00 35.00 74.00 0.00 0.00 88.00 65.00 11.00 100.00 0.00 0.00 0.00 19.00 68.00 0.00 24.00 0.00 54.00
66 0.00 31.00 71.00 11.00 93.00 0.00 54.00 72.00 0.00 77.00 72.00 1.00 0.00 0.00 0.00 1.00 0.00 4.00 85.00 45.00 0.00 0.00 100.00 0.00 71.00 4.00 92.00 29.00 0.00 52.00 0.00 23.00 0.00 60.00 2.00 0.00 0.00 61.00 0.00 34.00 0.00 35.00 0.00 38.00 33.00 58.00 0.00 16.00 0.00 6.00 65.00 0.00 83.00 0.00 24.00 97.00 0.00 61.00 99.00 0.00 54.00 0.00 50.00 99.00 0.00 31.00 0.00 0.00 42.00 18.00 74.00 10.00 61.00 56.00 0.00 54.00 0.00 0.00 82.00 0.00 39.00 0.00 94.00 70.00 0.00 0.00 0.00 0.00 2.00 89.00 0.00 0.00 82.00 0.00 0.00 14.00 0.00 17.00 0.00 0.00
67 0.00 0.00 0.00 67.00 35.00 86.00 10.00 98.00 78.00 0.00 81.00 0.00 0.00 71.00 0.00 31.00 0.00 55.00 55.00 52.00 0.00 0.00 0.00 0.00 88.00 0.00 0.00 60.00 0.00 93.00 0.00 24.00 3.00 19.00 84.00 54.00 0.00 6.00 0.00 88.00 64.00 17.00 55.00 3.00 0.00 0.00 100.00 33.00 58.00 0.00 0.00 97.00 86.00 0.00 0.00 20.00 0.00 0.00 11.00 0.00 78.00 71.00 0.00 0.00 0.00 0.00 0.00 0.00 27.00 0.00 0.00 88.00 0.00 0.00 8.00 52.00 0.00 0.00 31.00 0.00 69.00 68.00 0.00 0.00 75.00 32.00 75.00 0.00 69.00 23.00 88.00 0.00 0.00 0.00 1.00 0.00 32.00 0.00 0.00 0.00
68 0.00 15.00 0.00 0.00 9.00 0.00 27.00 0.00 0.00 7.00 0.00 0.00 0.00 72.00 7.00 0.00 6.00 0.00 39.00 0.00 0.00 0.00 0.00 0.00 1.00 0.00 46.00 0.00 100.00 76.00 80.00 0.00 51.00 69.00 0.00 25.00 52.00 0.00 0.00 15.00 0.00 70.00 0.00 39.00 0.00 1.00 34.00 54.00 0.00 77.00 0.00 0.00 45.00 98.00 49.00 31.00 3.00 0.00 88.00 0.00 61.00 29.00 32.00 0.00 0.00 87.00 42.00 27.00 0.00 30.00 5.00 15.00 97.00 0.00 0.00 9.00 0.00 72.00 0.00 94.00 74.00 0.00 0.00 9.00 68.00 90.00 0.00 43.00 51.00 89.00 0.00 0.00 0.00 0.00 0.00 0.00 43.00 0.00 0.00 0.00
69 8.00 0.00 75.00 0.00 0.00 97.00 0.00 35.00 57.00 82.00 0.00 0.00 49.00 50.00 49.00 0.00 75.00 48.00 0.00 0.00 29.00 91.00 0.00 13.00 53.00 0.00 92.00 32.00 0.00 94.00 0.00 11.00 0.00 0.00 0.00 4.00 0.00 45.00 82.00 38.00 0.00 76.00 0.00 0.00 0.00 0.00 79.00 0.00 0.00 18.00 80.00 44.00 88.00 0.00 0.00 33.00 0.00 95.00 38.00 0.00 0.00 100.00 29.00 92.00 0.00 35.00 18.00 0.00 30.00 0.00 0.00 0.00 64.00 0.00 0.00 53.00 57.00 85.00 84.00 11.00 88.00 39.00 9.00 0.00 0.00 0.00 46.00 3.00 11.00 56.00 19.00 66.00 10.00 0.00 35.00 0.00 0.00 49.00 73.00 65.00
70 38.00 0.00 24.00 0.00 0.00 0.00 53.00 92.00 0.00 93.00 0.00 0.00 0.00 0.00 0.00 0.00 92.00 14.00 23.00 0.00 0.00 0.00 0.00 6.00 62.00 0.00 69.00 0.00 21.00 36.00 62.00 36.00 57.00 33.00 59.00 0.00 0.00 0.00 0.00 0.00 60.00 0.00 0.00 25.00 0.00 0.00 54.00 66.00 0.00 0.00 0.00 26.00 35.00 63.00 0.00 42.00 0.00 0.00 51.00 0.00 0.00 0.00 0.00 0.00 90.00 0.00 74.00 0.00 5.00 0.00 0.00 11.00 0.00 0.00 0.00 0.00 0.00 0.00 0.00 8.00 13.00 0.00 88.00 0.00 27.00 0.00 0.00 0.00 0.00 0.00 0.00 56.00 85.00 0.00 47.00 0.00 0.00 32.00 0.00 15.00
71 34.00 88.00 0.00 34.00 39.00 0.00 0.00 0.00 0.00 0.00 0.00 54.00 92.00 0.00 49.00 0.00 0.00 41.00 18.00 26.00 86.00 87.00 97.00 19.00 40.00 60.00 0.00 0.00 29.00 0.00 70.00 0.00 0.00 0.00 61.00 0.00 54.00 29.00 4.00 45.00 48.00 0.00 28.00 62.00 0.00 73.00 0.00 42.00 0.00 0.00 89.00 0.00 0.00 94.00 0.00 5.00 0.00 0.00 0.00 11.00 0.00 0.00 75.00 37.00 0.00 83.00 10.00 88.00 15.00 0.00 11.00 0.00 0.00 0.00 91.00 32.00 0.00 47.00 96.00 46.00 0.00 0.00 0.00 0.00 21.00 75.00 0.00 58.00 64.00 96.00 33.00 0.00 0.00 0.00 93.00 0.00 0.00 0.00 8.00 87.00
72 26.00 0.00 0.00 0.00 0.00 0.00 19.00 79.00 0.00 0.00 0.00 0.00 71.00 6.00 0.00 67.00 1.00 90.00 0.00 0.00 29.00 0.00 76.00 62.00 0.00 0.00 73.00 80.00 86.00 95.00 45.00 0.00 95.00 0.00 0.00 0.00 0.00 0.00 31.00 37.00 0.00 50.00 0.00 0.00 0.00 0.00 0.00 98.00 0.00 0.00 0.00 0.00 1.00 75.00 0.00 91.00 0.00 0.00 0.00 65.00 21.00 0.00 0.00 0.00 36.00 0.00 61.00 0.00 97.00 64.00 0.00 0.00 0.00 0.00 0.00 19.00 86.00 0.00 5.00 68.00 0.00 48.00 72.00 0.00 65.00 9.00 0.00 76.00 0.00 0.00 48.00 0.00 41.00 81.00 81.00 44.00 87.00 68.00 0.00 35.00
73 0.00 45.00 56.00 0.00 79.00 31.00 42.00 0.00 0.00 68.00 0.00 58.00 44.00 0.00 67.00 0.00 83.00 0.00 91.00 0.00 0.00 91.00 1.00 0.00 0.00 77.00 19.00 86.00 0.00 0.00 90.00 35.00 68.00 93.00 0.00 68.00 98.00 0.00 0.00 36.00 66.00 35.00 23.00 43.00 38.00 20.00 0.00 0.00 92.00 0.00 0.00 0.00 54.00 0.00 0.00 0.00 0.00 0.00 0.00 0.00 0.00 7.00 0.00 0.00 0.00 21.00 56.00 0.00 0.00 0.00 0.00 0.00 0.00 0.00 0.00 0.00 0.00 82.00 82.00 0.00 12.00 0.00 0.00 0.00 0.00 0.00 47.00 59.00 41.00 0.00 26.00 12.00 60.00 0.00 7.00 58.00 18.00 0.00 95.00 0.00
74 0.00 90.00 0.00 0.00 28.00 0.00 64.00 76.00 95.00 0.00 43.00 9.00 0.00 0.00 0.00 95.00 0.00 79.00 67.00 0.00 7.00 0.00 0.00 32.00 0.00 30.00 56.00 34.00 0.00 0.00 88.00 0.00 0.00 0.00 73.00 0.00 0.00 4.00 0.00 71.00 65.00 0.00 32.00 0.00 21.00 64.00 93.00 0.00 0.00 0.00 0.00 56.00 0.00 0.00 47.00 48.00 0.00 0.00 0.00 70.00 11.00 17.00 71.00 56.00 22.00 0.00 0.00 8.00 0.00 0.00 0.00 91.00 0.00 0.00 0.00 78.00 0.00 0.00 0.00 2.00 71.00 28.00 0.00 0.00 0.00 0.00 86.00 0.00 46.00 42.00 77.00 0.00 0.00 0.00 0.00 0.00 26.00 91.00 0.00 0.00
75 38.00 0.00 0.00 0.00 0.00 58.00 1.00 0.00 0.00 20.00 97.00 0.00 29.00 0.00 33.00 14.00 93.00 33.00 0.00 11.00 0.00 73.00 81.00 53.00 0.00 76.00 45.00 55.00 0.00 61.00 0.00 91.00 0.00 0.00 0.00 0.00 7.00 88.00 32.00 0.00 0.00 81.00 43.00 0.00 0.00 0.00 0.00 69.00 96.00 30.00 0.00 0.00 69.00 29.00 77.00 0.00 38.00 0.00 0.00 0.00 80.00 90.00 46.00 52.00 0.00 0.00 54.00 52.00 9.00 53.00 0.00 32.00 19.00 0.00 78.00 0.00 0.00 0.00 20.00 0.00 39.00 82.00 21.00 0.00 30.00 0.00 100.00 40.00 0.00 0.00 15.00 99.00 22.00 0.00 0.00 96.00 87.00 0.00 76.00 94.00
76 31.00 51.00 74.00 91.00 76.00 33.00 0.00 0.00 0.00 53.00 0.00 0.00 37.00 0.00 0.00 66.00 0.00 68.00 0.00 0.00 26.00 0.00 0.00 0.00 4.00 0.00 0.00 88.00 31.00 0.00 36.00 0.00 20.00 0.00 0.00 0.00 100.00 57.00 0.00 17.00 0.00 4.00 0.00 46.00 73.00 0.00 96.00 0.00 94.00 26.00 0.00 99.00 0.00 13.00 0.00 0.00 0.00 14.00 45.00 66.00 73.00 0.00 0.00 19.00 27.00 29.00 0.00 0.00 0.00 57.00 0.00 0.00 86.00 0.00 0.00 0.00 0.00 0.00 18.00 0.00 68.00 23.00 0.00 18.00 0.00 0.00 0.00 39.00 0.00 0.00 0.00 0.00 38.00 0.00 28.00 78.00 0.00 93.00 97.00 4.00
77 0.00 0.00 0.00 0.00 0.00 85.00 95.00 100.00 36.00 31.00 97.00 32.00 72.00 0.00 22.00 65.00 89.00 0.00 0.00 0.00 73.00 0.00 44.00 0.00 0.00 0.00 25.00 0.00 0.00 44.00 0.00 0.00 0.00 62.00 48.00 0.00 0.00 14.00 93.00 70.00 0.00 0.00 73.00 0.00 0.00 0.00 0.00 0.00 0.00 0.00 7.00 82.00 0.00 54.00 0.00 0.00 7.00 0.00 0.00 0.00 56.00 0.00 0.00 0.00 0.00 62.00 0.00 0.00 72.00 85.00 0.00 47.00 0.00 82.00 0.00 0.00 0.00 0.00 46.00 0.00 0.00 0.00 95.00 33.00 0.00 0.00 39.00 0.00 71.00 94.00 0.00 0.00 0.00 0.00 0.00 69.00 0.00 0.00 36.00 0.00
78 99.00 0.00 99.00 64.00 68.00 47.00 0.00 45.00 0.00 64.00 60.00 36.00 0.00 0.00 4.00 0.00 90.00 0.00 46.00 89.00 68.00 0.00 0.00 63.00 0.00 0.00 45.00 51.00 48.00 0.00 40.00 0.00 45.00 0.00 24.00 0.00 0.00 77.00 17.00 90.00 0.00 20.00 26.00 11.00 38.00 0.00 86.00 21.00 18.00 52.00 0.00 76.00 0.00 89.00 0.00 99.00 0.00 0.00 0.00 20.00 65.00 43.00 34.00 0.00 96.00 26.00 82.00 31.00 0.00 84.00 0.00 96.00 5.00 82.00 0.00 20.00 18.00 46.00 0.00 0.00 0.00 94.00 0.00 70.00 10.00 20.00 0.00 85.00 0.00 0.00 0.00 35.00 14.00 64.00 0.00 0.00 0.00 70.00 85.00 35.00
79 81.00 0.00 0.00 0.00 52.00 0.00 0.00 24.00 0.00 0.00 54.00 26.00 0.00 97.00 0.00 0.00 0.00 91.00 94.00 74.00 0.00 0.00 0.00 0.00 0.00 100.00 30.00 0.00 47.00 55.00 41.00 0.00 0.00 0.00 0.00 0.00 75.00 40.00 37.00 60.00 92.00 70.00 0.00 0.00 44.00 6.00 71.00 59.00 29.00 48.00 0.00 83.00 75.00 81.00 0.00 0.00 0.00 45.00 38.00 0.00 93.00 76.00 6.00 0.00 36.00 72.00 0.00 0.00 94.00 11.00 8.00 46.00 68.00 0.00 2.00 0.00 0.00 0.00 0.00 0.00 0.00 0.00 70.00 0.00 80.00 0.00 35.00 35.00 96.00 0.00 0.00 34.00 0.00 0.00 0.00 0.00 0.00 16.00 0.00 9.00
80 14.00 22.00 98.00 0.00 12.00 0.00 11.00 0.00 0.00 57.00 84.00 0.00 0.00 3.00 0.00 44.00 0.00 0.00 0.00 18.00 0.00 83.00 0.00 51.00 7.00 0.00 0.00 0.00 0.00 20.00 33.00 70.00 0.00 42.00 0.00 0.00 0.00 0.00 0.00 39.00 72.00 0.00 43.00 13.00 0.00 89.00 26.00 0.00 0.00 0.00 51.00 22.00 0.00 0.00 0.00 24.00 58.00 0.00 0.00 0.00 0.00 0.00 0.00 50.00 91.00 0.00 39.00 69.00 74.00 88.00 13.00 0.00 0.00 12.00 71.00 39.00 68.00 0.00 0.00 0.00 0.00 0.00 0.00 82.00 0.00 6.00 0.00 0.00 65.00 5.00 0.00 11.00 0.00 56.00 38.00 81.00 0.00 0.00 93.00 47.00
81 48.00 63.00 0.00 36.00 0.00 84.00 0.00 0.00 69.00 52.00 10.00 73.00 0.00 3.00 6.00 77.00 35.00 0.00 0.00 47.00 83.00 0.00 0.00 0.00 0.00 89.00 44.00 0.00 0.00 57.00 83.00 0.00 28.00 60.00 0.00 0.00 62.00 0.00 0.00 0.00 0.00 0.00 78.00 50.00 34.00 0.00 0.00 94.00 0.00 0.00 0.00 4.00 4.00 0.00 66.00 0.00 0.00 0.00 0.00 0.00 46.00 0.00 0.00 0.00 0.00 0.00 0.00 68.00 0.00 39.00 0.00 0.00 48.00 0.00 28.00 82.00 23.00 0.00 94.00 0.00 0.00 0.00 0.00 0.00 0.00 9.00 0.00 5.00 16.00 0.00 0.00 0.00 0.00 0.00 0.00 0.00 64.00 0.00 0.00 0.00
82 17.00 0.00 57.00 0.00 0.00 0.00 28.00 0.00 0.00 0.00 52.00 0.00 96.00 20.00 23.00 55.00 43.00 0.00 93.00 34.00 100.00 0.00 46.00 0.00 96.00 15.00 28.00 0.00 25.00 57.00 38.00 67.00 0.00 86.00 0.00 0.00 12.00 0.00 0.00 0.00 84.00 0.00 48.00 0.00 0.00 27.00 0.00 0.00 0.00 65.00 26.00 0.00 96.00 96.00 0.00 32.00 0.00 0.00 0.00 16.00 0.00 14.00 0.00 52.00 78.00 0.00 94.00 0.00 0.00 9.00 88.00 0.00 72.00 0.00 0.00 21.00 0.00 95.00 0.00 70.00 0.00 0.00 0.00 66.00 81.00 93.00 16.00 98.00 0.00 5.00 0.00 0.00 74.00 25.00 0.00 1.00 22.00 5.00 0.00 79.00
83 0.00 0.00 45.00 68.00 31.00 52.00 0.00 61.00 57.00 74.00 0.00 0.00 84.00 94.00 0.00 63.00 0.00 47.00 21.00 0.00 19.00 22.00 0.00 45.00 0.00 0.00 86.00 32.00 0.00 0.00 39.00 73.00 0.00 0.00 0.00 88.00 25.00 35.00 0.00 0.00 0.00 2.00 56.00 32.00 0.00 0.00 59.00 87.00 0.00 0.00 58.00 0.00 95.00 44.00 22.00 48.00 24.00 75.00 0.00 0.00 25.00 0.00 0.00 0.00 0.00 35.00 70.00 0.00 9.00 0.00 0.00 0.00 0.00 0.00 0.00 0.00 18.00 33.00 70.00 0.00 82.00 0.00 66.00 0.00 84.00 24.00 55.00 50.00 7.00 1.00 0.00 54.00 0.00 34.00 0.00 27.00 0.00 0.00 0.00 0.00
84 6.00 66.00 20.00 0.00 87.00 0.00 0.00 0.00 0.00 93.00 16.00 0.00 40.00 0.00 0.00 58.00 7.00 28.00 65.00 24.00 0.00 38.00 0.00 65.00 77.00 12.00 0.00 0.00 0.00 0.00 41.00 30.00 86.00 0.00 0.00 0.00 0.00 22.00 68.00 25.00 24.00 47.00 0.00 0.00 0.00 23.00 0.00 0.00 36.00 0.00 14.00 53.00 0.00 0.00 0.00 23.00 40.00 0.00 67.00 0.00 42.00 0.00 0.00 57.00 29.00 74.00 0.00 75.00 68.00 0.00 27.00 21.00 65.00 0.00 0.00 30.00 0.00 0.00 10.00 80.00 0.00 0.00 81.00 84.00 0.00 57.00 0.00 82.00 50.00 50.00 0.00 0.00 64.00 0.00 0.00 0.00 0.00 0.00 2.00 1.00
85 57.00 71.00 0.00 0.00 69.00 44.00 85.00 33.00 90.00 0.00 0.00 33.00 24.00 0.00 6.00 47.00 0.00 0.00 94.00 0.00 4.00 0.00 67.00 0.00 97.00 17.00 79.00 0.00 0.00 12.00 0.00 0.00 0.00 0.00 0.00 9.00 86.00 98.00 62.00 71.00 0.00 86.00 0.00 40.00 1.00 89.00 21.00 26.00 52.00 50.00 0.00 7.00 13.00 0.00 0.00 0.00 0.00 90.00 30.00 0.00 0.00 100.00 0.00 85.00 98.00 0.00 0.00 32.00 90.00 0.00 0.00 75.00 9.00 0.00 0.00 0.00 0.00 0.00 20.00 0.00 6.00 9.00 93.00 24.00 57.00 0.00 0.00 95.00 87.00 0.00 20.00 68.00 0.00 0.00 19.00 13.00 60.00 39.00 91.00 9.00
86 0.00 0.00 85.00 66.00 0.00 0.00 14.00 0.00 0.00 0.00 0.00 0.00 13.00 20.00 0.00 0.00 37.00 0.00 82.00 63.00 0.00 56.00 87.00 56.00 0.00 80.00 0.00 0.00 50.00 59.00 93.00 1.00 97.00 11.00 0.00 38.00 91.00 0.00 0.00 0.00 0.00 0.00 79.00 0.00 45.00 0.00 0.00 90.00 62.00 79.00 0.00 0.00 12.00 0.00 100.00 80.00 44.00 27.00 0.00 81.00 0.00 89.00 63.00 22.00 0.00 0.00 0.00 75.00 0.00 46.00 0.00 0.00 0.00 47.00 86.00 100.00 0.00 39.00 0.00 35.00 0.00 0.00 16.00 55.00 0.00 0.00 0.00 0.00 74.00 0.00 21.00 0.00 0.00 96.00 20.00 40.00 0.00 22.00 1.00 18.00
87 92.00 0.00 22.00 0.00 30.00 72.00 0.00 42.00 0.00 0.00 66.00 27.00 0.00 0.00 0.00 58.00 41.00 44.00 20.00 47.00 0.00 86.00 22.00 39.00 0.00 39.00 0.00 34.00 27.00 56.00 0.00 0.00 55.00 0.00 88.00 0.00 51.00 5.00 31.00 0.00 25.00 0.00 76.00 94.00 35.00 60.00 0.00 0.00 88.00 0.00 0.00 69.00 0.00 57.00 0.00 0.00 0.00 0.00 0.00 0.00 47.00 0.00 15.00 0.00 5.00 88.00 0.00 0.00 43.00 3.00 0.00 58.00 76.00 59.00 0.00 40.00 39.00 0.00 85.00 35.00 0.00 5.00 98.00 50.00 82.00 95.00 0.00 0.00 0.00 0.00 0.00 19.00 0.00 0.00 63.00 0.00 13.00 0.00 91.00 0.00
88 15.00 71.00 0.00 96.00 98.00 0.00 63.00 45.00 0.00 0.00 72.00 49.00 48.00 77.00 99.00 0.00 0.00 54.00 0.00 0.00 22.00 0.00 0.00 87.00 0.00 0.00 0.00 0.00 0.00 0.00 18.00 0.00 98.00 0.00 0.00 68.00 0.00 44.00 96.00 76.00 43.00 32.00 0.00 35.00 96.00 91.00 95.00 69.00 48.00 88.00 0.00 0.00 0.00 0.00 0.00 0.00 0.00 0.00 52.00 31.00 29.00 0.00 0.00 0.00 72.00 65.00 2.00 69.00 51.00 11.00 0.00 64.00 0.00 41.00 46.00 0.00 0.00 71.00 0.00 96.00 65.00 16.00 0.00 7.00 50.00 87.00 74.00 0.00 0.00 0.00 0.00 0.00 83.00 53.00 84.00 0.00 79.00 0.00 72.00 0.00
89 13.00 24.00 0.00 0.00 60.00 0.00 100.00 0.00 79.00 53.00 0.00 66.00 73.00 0.00 15.00 0.00 13.00 0.00 0.00 62.00 0.00 0.00 7.00 6.00 8.00 0.00 89.00 0.00 80.00 13.00 81.00 0.00 0.00 0.00 0.00 36.00 73.00 0.00 11.00 0.00 0.00 45.00 13.00 96.00 0.00 0.00 78.00 0.00 57.00 10.00 0.00 13.00 0.00 0.00 0.00 76.00 0.00 55.00 0.00 38.00 58.00 0.00 71.00 0.00 9.00 11.00 89.00 23.00 89.00 56.00 0.00 96.00 0.00 0.00 42.00 0.00 0.00 94.00 0.00 0.00 5.00 0.00 5.00 1.00 50.00 0.00 0.00 0.00 0.00 0.00 1.00 0.00 0.00 100.00 16.00 1.00 21.00 63.00 0.00 0.00
90 0.00 0.00 0.00 94.00 4.00 0.00 0.00 6.00 0.00 0.00 85.00 72.00 84.00 29.00 0.00 59.00 0.00 79.00 0.00 0.00 0.00 0.00 15.00 0.00 12.00 8.00 0.00 72.00 86.00 40.00 0.00 88.00 0.00 45.00 0.00 0.00 1.00 0.00 0.00 3.00 47.00 0.00 70.00 65.00 0.00 73.00 76.00 22.00 0.00 40.00 76.00 0.00 0.00 9.00 0.00 85.00 63.00 60.00 0.00 0.00 70.00 0.00 0.00 0.00 0.00 100.00 0.00 88.00 0.00 19.00 0.00 33.00 48.00 26.00 77.00 15.00 0.00 0.00 0.00 0.00 0.00 0.00 0.00 0.00 0.00 20.00 21.00 0.00 0.00 1.00 0.00 0.00 85.00 0.00 0.00 0.00 0.00 0.00 66.00 0.00
91 0.00 0.00 0.00 46.00 51.00 0.00 84.00 0.00 84.00 64.00 0.00 69.00 62.00 0.00 8.00 0.00 24.00 0.00 0.00 0.00 0.00 0.00 0.00 1.00 0.00 40.00 38.00 6.00 0.00 0.00 0.00 0.00 0.00 0.00 0.00 1.00 23.00 20.00 47.00 0.00 72.00 25.00 8.00 92.00 0.00 21.00 39.00 85.00 48.00 27.00 0.00 0.00 0.00 0.00 7.00 0.00 38.00 12.00 77.00 56.00 0.00 0.00 0.00 0.00 73.00 0.00 0.00 0.00 0.00 66.00 56.00 0.00 0.00 12.00 0.00 99.00 0.00 0.00 35.00 34.00 11.00 0.00 0.00 54.00 0.00 68.00 0.00 19.00 0.00 0.00 0.00 0.00 97.00 0.00 28.00 91.00 0.00 0.00 0.00 0.00
92 88.00 0.00 0.00 0.00 0.00 3.00 0.00 0.00 87.00 60.00 64.00 0.00 0.00 0.00 0.00 47.00 12.00 0.00 0.00 0.00 0.00 0.00 74.00 22.00 0.00 0.00 0.00 0.00 14.00 51.00 22.00 79.00 0.00 82.00 4.00 0.00 0.00 0.00 0.00 35.00 41.00 42.00 0.00 75.00 0.00 0.00 0.00 48.00 0.00 85.00 69.00 0.00 0.00 0.00 34.00 0.00 0.00 73.00 9.00 90.00 0.00 86.00 0.00 0.00 0.00 0.00 82.00 0.00 0.00 10.00 85.00 0.00 41.00 60.00 0.00 22.00 38.00 0.00 14.00 0.00 0.00 0.00 74.00 0.00 64.00 0.00 0.00 0.00 83.00 0.00 85.00 97.00 0.00 0.00 0.00 0.00 0.00 0.00 4.00 21.00
93 48.00 65.00 0.00 37.00 13.00 0.00 68.00 0.00 75.00 0.00 35.00 0.00 9.00 0.00 30.00 0.00 52.00 0.00 74.00 86.00 50.00 0.00 0.00 0.00 98.00 5.00 0.00 78.00 66.00 0.00 19.00 0.00 0.00 72.00 0.00 0.00 0.00 0.00 0.00 46.00 11.00 0.00 65.00 0.00 0.00 0.00 22.00 58.00 19.00 24.00 38.00 68.00 0.00 0.00 0.00 49.00 85.00 0.00 0.00 98.00 0.00 0.00 55.00 0.00 0.00 0.00 0.00 0.00 0.00 0.00 0.00 0.00 81.00 0.00 0.00 0.00 0.00 0.00 64.00 0.00 56.00 0.00 25.00 34.00 0.00 0.00 96.00 0.00 53.00 100.00 0.00 0.00 0.00 0.00 0.00 0.00 0.00 60.00 0.00 62.00
94 59.00 29.00 19.00 0.00 0.00 0.00 5.00 0.00 62.00 0.00 39.00 0.00 0.00 34.00 34.00 72.00 0.00 0.00 0.00 0.00 10.00 0.00 64.00 56.00 1.00 66.00 0.00 51.00 96.00 0.00 0.00 0.00 55.00 0.00 0.00 38.00 71.00 85.00 0.00 0.00 39.00 0.00 22.00 1.00 55.00 30.00 79.00 24.00 0.00 0.00 25.00 0.00 0.00 5.00 0.00 0.00 0.00 0.00 0.00 81.00 90.00 86.00 0.00 0.00 16.00 19.00 0.00 1.00 0.00 35.00 47.00 93.00 81.00 7.00 0.00 0.00 28.00 0.00 0.00 0.00 38.00 0.00 0.00 0.00 0.00 19.00 20.00 63.00 84.00 16.00 0.00 28.00 0.00 0.00 0.00 0.00 0.00 60.00 100.00 0.00
95 0.00 76.00 15.00 0.00 0.00 58.00 0.00 12.00 0.00 0.00 46.00 12.00 17.00 95.00 82.00 27.00 0.00 0.00 0.00 0.00 46.00 0.00 0.00 58.00 0.00 0.00 97.00 96.00 0.00 94.00 0.00 50.00 0.00 0.00 0.00 0.00 0.00 0.00 16.00 94.00 2.00 0.00 21.00 99.00 0.00 0.00 44.00 66.00 48.00 7.00 0.00 0.00 0.00 68.00 72.00 61.00 0.00 50.00 0.00 26.00 76.00 22.00 24.00 3.00 44.00 68.00 14.00 0.00 0.00 0.00 0.00 0.00 44.00 58.00 0.00 96.00 78.00 69.00 0.00 0.00 81.00 0.00 1.00 27.00 0.00 13.00 40.00 0.00 0.00 1.00 0.00 91.00 0.00 0.00 0.00 0.00 0.00 15.00 93.00 0.00
96 48.00 83.00 76.00 0.00 0.00 56.00 51.00 0.00 0.00 0.00 0.00 42.00 20.00 0.00 0.00 48.00 0.00 0.00 57.00 0.00 0.00 0.00 56.00 60.00 0.00 7.00 15.00 0.00 0.00 0.00 0.00 14.00 0.00 73.00 0.00 0.00 0.00 0.00 6.00 0.00 13.00 76.00 0.00 38.00 0.00 0.00 79.00 62.00 39.00 51.00 0.00 0.00 0.00 77.00 60.00 57.00 0.00 38.00 18.00 0.00 5.00 14.00 38.00 93.00 51.00 0.00 0.00 32.00 43.00 0.00 0.00 0.00 87.00 18.00 26.00 87.00 0.00 0.00 0.00 0.00 0.00 64.00 22.00 0.00 0.00 60.00 0.00 13.00 79.00 21.00 0.00 0.00 0.00 0.00 0.00 0.00 0.00 0.00 0.00 6.00
97 0.00 0.00 0.00 48.00 0.00 6.00 0.00 0.00 23.00 0.00 0.00 58.00 97.00 0.00 82.00 0.00 72.00 0.00 75.00 0.00 95.00 82.00 34.00 0.00 0.00 40.00 62.00 98.00 33.00 0.00 0.00 22.00 52.00 0.00 91.00 72.00 61.00 99.00 0.00 13.00 93.00 62.00 0.00 33.00 0.00 0.00 0.00 0.00 42.00 91.00 26.00 30.00 0.00 3.00 0.00 0.00 0.00 0.00 0.00 61.00 12.00 0.00 0.00 63.00 0.00 24.00 17.00 0.00 0.00 49.00 32.00 0.00 68.00 0.00 91.00 0.00 93.00 0.00 70.00 16.00 0.00 0.00 5.00 0.00 0.00 39.00 22.00 0.00 0.00 63.00 0.00 0.00 0.00 60.00 60.00 15.00 0.00 0.00 2.00 7.00
98 75.00 5.00 42.00 0.00 0.00 100.00 0.00 65.00 75.00 0.00 0.00 35.00 97.00 0.00 39.00 0.00 65.00 75.00 0.00 0.00 74.00 32.00 35.00 0.00 24.00 58.00 95.00 94.00 30.00 72.00 63.00 94.00 77.00 0.00 45.00 0.00 0.00 28.00 3.00 0.00 0.00 0.00 91.00 0.00 0.00 0.00 0.00 97.00 9.00 64.00 0.00 0.00 0.00 98.00 89.00 70.00 7.00 6.00 0.00 84.00 0.00 55.00 0.00 0.00 0.00 0.00 0.00 0.00 0.00 73.00 0.00 8.00 0.00 95.00 0.00 76.00 97.00 36.00 85.00 0.00 93.00 0.00 0.00 0.00 2.00 91.00 1.00 91.00 72.00 0.00 66.00 0.00 4.00 0.00 100.00 93.00 0.00 2.00 0.00 0.00
99 84.00 0.00 3.00 81.00 0.00 0.00 0.00 0.00 0.00 63.00 68.00 0.00 48.00 0.00 0.00 48.00 21.00 47.00 7.00 0.00 0.00 0.00 0.00 0.00 0.00 42.00 0.00 67.00 0.00 0.00 94.00 0.00 0.00 51.00 0.00 0.00 69.00 47.00 33.00 20.00 0.00 0.00 0.00 71.00 92.00 0.00 8.00 88.00 85.00 0.00 92.00 58.00 26.00 83.00 0.00 46.00 0.00 0.00 60.00 0.00 0.00 0.00 6.00 6.00 98.00 54.00 0.00 0.00 0.00 65.00 15.00 87.00 35.00 0.00 0.00 94.00 4.00 0.00 35.00 9.00 47.00 0.00 79.00 0.00 1.00 9.00 18.00 0.00 0.00 0.00 0.00 0.00 21.00 62.00 0.00 0.00 6.00 7.00 0.00 0.00
mcp_obj 65
mcp_gap 0
mcp_x 1 1 0 1 1 0 1 1 0 1 1 1 1 1 0 1 1 1 1 0 1 1 1 0 1 0 1 1 1 0 0 1 1 0 1 0 1 1 1 0 1 0 1 0 0 1 1 1 0 0 1 1 0 1 1 1 1 1 1 1 1 1 0 1 0 0 1 1 0 1 1 0 1 1 1 1 1 0 0 1 1 1 1 0 0 0 1 0 0 1 1 1 0 0 1 0 1 0 0 1
