NAME N100_rc_0.7_rGamma_1_dc_0.035_dGamma_0.0005_jeu_100_75_9.txt
NUM_ITEMS 100
SOURCE r_100_75_9
PARAMETERS
r_c 0.7
r_Gamma 1
d_c 0.035
d_Gamma 0.0005

BOUNDS
c_lb 0.00
c_ub 202.85
Gamma_lb 18
Gamma_ub 91
B_i_1_lb 0.00 0.00 0.00 0.00 0.00 0.00 0.00 0.00 0.00 0.00 0.00 0.00 0.00 0.00 0.00 0.00 0.00 0.00 0.00 0.00 0.00 0.00 0.00 0.00 0.00 0.00 0.00 0.00 0.00 0.00 0.00 0.00 0.00 0.00 0.00 0.00 0.00 0.00 0.00 0.00 0.00 0.00 0.00 0.00 0.00 0.00 0.00 0.00 0.00 0.00 0.00 0.00 0.00 0.00 0.00 0.00 0.00 0.00 0.00 0.00 0.00 0.00 0.00 0.00 0.00 0.00 0.00 0.00 0.00 0.00 0.00 0.00 0.00 0.00 0.00 0.00 0.00 0.00 0.00 0.00 0.00 0.00 0.00 0.00 0.00 0.00 0.00 0.00 0.00 0.00 0.00 0.00 0.00 0.00 0.00 0.00 0.00 0.00 0.00 0.00
B_i_1_ub 122.95 120.25 116.33 107.26 120.92 123.28 126.73 133.48 125.06 126.59 122.78 123.73 118.32 132.17 124.00 121.29 124.93 115.18 116.92 124.11 119.94 115.68 119.46 116.09 133.27 111.79 128.75 136.51 134.78 127.69 125.90 142.58 126.72 120.13 134.54 116.73 112.24 111.76 121.55 130.65 111.19 118.16 122.50 135.86 133.10 123.10 128.07 115.35 126.04 114.50 133.47 118.55 116.57 142.31 107.74 106.41 123.09 134.10 129.87 116.90 127.23 126.22 125.26 116.32 134.88 123.06 130.38 129.22 135.77 111.35 139.62 122.46 120.12 117.61 121.14 124.37 118.74 138.10 128.53 118.66 124.33 131.47 130.80 115.75 129.32 120.16 117.47 119.14 129.14 136.16 129.29 123.52 127.05 117.97 119.01 113.67 121.01 112.37 116.24 126.93
B_i_0_lb 0.00 0.00 0.00 0.00 0.00 0.00 0.00 0.00 0.00 0.00 0.00 0.00 0.00 0.00 0.00 0.00 0.00 0.00 0.00 0.00 0.00 0.00 0.00 0.00 0.00 0.00 0.00 0.00 0.00 0.00 0.00 0.00 0.00 0.00 0.00 0.00 0.00 0.00 0.00 0.00 0.00 0.00 0.00 0.00 0.00 0.00 0.00 0.00 0.00 0.00 0.00 0.00 0.00 0.00 0.00 0.00 0.00 0.00 0.00 0.00 0.00 0.00 0.00 0.00 0.00 0.00 0.00 0.00 0.00 0.00 0.00 0.00 0.00 0.00 0.00 0.00 0.00 0.00 0.00 0.00 0.00 0.00 0.00 0.00 0.00 0.00 0.00 0.00 0.00 0.00 0.00 0.00 0.00 0.00 0.00 0.00 0.00 0.00 0.00 0.00
B_i_0_ub 123.28 120.32 117.24 107.40 121.69 124.13 127.57 133.55 125.97 126.59 123.80 125.13 118.81 133.64 124.53 121.61 125.25 115.57 117.63 124.47 120.57 116.00 120.63 116.86 133.27 112.21 130.02 137.53 135.83 128.49 127.17 143.03 127.42 120.80 135.56 117.36 113.08 112.43 122.43 130.90 111.66 118.37 122.81 136.42 134.29 123.91 128.13 116.47 126.71 114.60 134.28 119.81 117.17 143.82 108.68 107.22 123.13 135.08 130.25 117.54 127.41 126.86 126.45 116.70 136.42 123.69 131.54 130.55 136.15 112.09 141.27 122.85 121.03 118.91 121.24 125.29 119.65 138.66 129.16 119.54 125.17 131.82 131.82 116.10 130.37 121.14 118.14 119.85 129.32 137.46 130.80 123.90 127.36 118.18 119.64 113.81 121.25 113.25 116.59 127.59
c_i_1_lb 54.60 38.50 56.00 56.00 70.00 12.60 0.00 69.30 27.30 32.90 62.30 0.00 44.10 0.00 26.60 14.00 21.00 53.20 46.20 39.20 66.50 0.00 53.20 67.90 0.00 0.00 56.70 0.00 0.00 58.10 19.60 53.90 0.00 51.10 21.00 0.00 46.20 49.00 57.40 49.00 66.50 29.40 0.00 0.00 4.20 49.70 13.30 65.10 53.20 0.00 6.30 0.00 0.00 14.00 0.00 40.60 0.00 0.00 54.60 32.90 3.50 50.40 0.00 10.50 20.30 63.70 0.00 30.10 37.10 39.20 45.50 0.00 45.50 0.00 10.50 0.00 51.10 7.00 38.50 16.80 16.80 70.00 0.00 0.00 0.00 28.70 24.50 22.40 0.00 0.00 44.10 63.00 2.80 18.20 56.70 0.00 22.40 22.40 11.90 9.80
c_i_1_ub 177.55 158.75 172.33 163.26 190.92 135.88 126.73 202.78 152.36 159.49 185.08 123.73 162.42 132.17 150.60 135.29 145.93 168.38 163.12 163.31 186.44 115.68 172.66 183.99 133.27 111.79 185.45 136.51 134.78 185.79 145.50 196.48 126.72 171.23 155.54 116.73 158.44 160.76 178.95 179.65 177.69 147.56 122.50 135.86 137.30 172.80 141.37 180.45 179.24 114.50 139.77 118.55 116.57 156.31 107.74 147.01 123.09 134.10 184.47 149.80 130.73 176.62 125.26 126.82 155.18 186.76 130.38 159.32 172.87 150.55 185.12 122.46 165.62 117.61 131.64 124.37 169.84 145.10 167.03 135.46 141.13 201.47 130.80 115.75 129.32 148.86 141.97 141.54 129.14 136.16 173.39 186.52 129.85 136.17 175.71 113.67 143.41 134.77 128.14 136.73
c_i_0_lb 54.60 38.50 56.00 56.00 70.00 12.60 0.00 69.30 27.30 32.90 62.30 0.00 44.10 0.00 26.60 14.00 21.00 53.20 46.20 39.20 66.50 0.00 53.20 67.90 0.00 0.00 56.70 0.00 0.00 58.10 19.60 53.90 0.00 51.10 21.00 0.00 46.20 49.00 57.40 49.00 66.50 29.40 0.00 0.00 4.20 49.70 13.30 65.10 53.20 0.00 6.30 0.00 0.00 14.00 0.00 40.60 0.00 0.00 54.60 32.90 3.50 50.40 0.00 10.50 20.30 63.70 0.00 30.10 37.10 39.20 45.50 0.00 45.50 0.00 10.50 0.00 51.10 7.00 38.50 16.80 16.80 70.00 0.00 0.00 0.00 28.70 24.50 22.40 0.00 0.00 44.10 63.00 2.80 18.20 56.70 0.00 22.40 22.40 11.90 9.80
c_i_0_ub 177.88 158.82 173.24 163.40 191.69 136.73 127.57 202.85 153.27 159.49 186.10 125.13 162.91 133.64 151.13 135.61 146.25 168.77 163.83 163.67 187.07 116.00 173.83 184.76 133.27 112.21 186.72 137.53 135.83 186.59 146.77 196.93 127.42 171.90 156.56 117.36 159.28 161.43 179.83 179.90 178.16 147.77 122.81 136.42 138.49 173.61 141.43 181.57 179.91 114.60 140.58 119.81 117.17 157.82 108.68 147.82 123.13 135.08 184.85 150.44 130.91 177.26 126.45 127.20 156.72 187.39 131.54 160.65 173.25 151.29 186.77 122.85 166.53 118.91 131.74 125.29 170.75 145.66 167.66 136.34 141.97 201.82 131.82 116.10 130.37 149.84 142.64 142.25 129.32 137.46 174.90 186.90 130.16 136.38 176.34 113.81 143.65 135.65 128.49 137.39
c_1_lb 0.00
c_1_ub 202.78
c_0_lb 0.00
c_0_ub 202.85

BOUND_TIMES
k_max_time 0.002750
Gamma_ub_time 0.001136
B_i_1_lb_time 0.007231
B_i_1_ub_time 0.043410
B_i_0_lb_time 0.007771
B_i_0_ub_time 0.044734

DDRO_PARAMETERS
a_0 18
b_0i 1 1 1 0 1 1 1 1 1 1 1 1 1 1 1 1 1 1 1 1 1 1 1 1 1 1 1 1 1 1 1 1 1 1 1 1 1 1 1 1 1 1 1 1 1 1 1 1 1 1 1 1 1 1 1 1 1 1 1 1 1 1 1 1 1 1 1 1 1 1 1 1 1 1 1 1 1 1 1 1 1 1 1 1 1 1 1 1 1 1 1 1 1 1 1 1 1 1 1 1
a_i 54.60 38.50 56.00 56.00 70.00 12.60 0.00 69.30 27.30 32.90 62.30 0.00 44.10 0.00 26.60 14.00 21.00 53.20 46.20 39.20 66.50 0.00 53.20 67.90 0.00 0.00 56.70 0.00 0.00 58.10 19.60 53.90 0.00 51.10 21.00 0.00 46.20 49.00 57.40 49.00 66.50 29.40 0.00 0.00 4.20 49.70 13.30 65.10 53.20 0.00 6.30 0.00 0.00 14.00 0.00 40.60 0.00 0.00 54.60 32.90 3.50 50.40 0.00 10.50 20.30 63.70 0.00 30.10 37.10 39.20 45.50 0.00 45.50 0.00 10.50 0.00 51.10 7.00 38.50 16.80 16.80 70.00 0.00 0.00 0.00 28.70 24.50 22.40 0.00 0.00 44.10 63.00 2.80 18.20 56.70 0.00 22.40 22.40 11.90 9.80
b_ij
0 0.00 0.00 2.45 3.12 0.32 0.00 3.47 2.77 2.21 0.00 0.00 0.00 0.00 2.21 3.40 0.00 1.79 0.00 1.61 2.07 0.35 1.16 0.00 2.98 0.00 1.44 0.00 0.00 1.37 2.07 2.91 3.05 1.72 2.73 2.31 2.00 2.66 3.29 0.91 1.68 1.89 2.59 0.42 2.38 2.00 0.00 2.87 0.00 1.65 2.38 0.32 1.96 0.00 1.51 0.35 0.00 0.70 0.00 0.00 3.22 0.74 0.00 1.51 1.16 1.93 2.35 0.00 1.58 1.79 0.00 0.00 1.09 0.00 1.23 0.35 2.77 3.22 3.26 0.56 1.72 0.70 0.00 1.09 2.73 3.29 1.05 2.84 0.21 0.25 3.36 0.00 0.53 0.32 0.88 1.65 0.00 0.00 1.02 0.00 3.22
1 0.00 0.00 0.81 0.00 2.10 2.14 2.80 2.38 0.00 1.33 2.84 0.00 2.17 0.53 0.95 0.63 2.31 2.80 3.26 3.43 0.00 0.00 3.26 2.38 0.49 1.05 0.53 1.44 2.10 3.33 0.00 3.19 2.38 0.00 0.11 0.84 2.45 0.46 0.25 0.95 0.77 0.00 2.94 0.00 2.21 2.38 1.23 2.07 0.04 1.40 0.00 0.84 0.00 0.00 2.66 0.46 1.12 0.00 0.46 1.96 1.61 0.91 2.70 0.77 0.00 2.42 1.51 2.59 0.84 0.46 1.26 2.73 0.00 1.93 2.14 1.86 0.77 1.51 0.91 2.35 0.53 0.00 1.05 0.00 0.18 3.15 0.00 0.00 2.35 0.00 0.53 1.16 1.51 2.28 3.43 2.52 0.00 0.00 0.00 1.79
2 2.45 0.81 0.00 0.42 1.26 1.54 2.17 0.56 0.46 0.00 0.84 0.00 1.68 0.39 1.89 1.61 0.84 2.00 3.43 0.00 0.00 0.07 2.52 1.16 2.87 0.00 2.52 1.61 0.00 0.81 1.79 0.39 2.98 0.77 2.03 0.00 1.12 1.75 2.42 1.58 0.49 0.00 2.14 3.33 2.94 0.00 1.44 2.07 2.66 3.50 3.08 0.00 0.32 0.00 0.84 0.70 0.56 1.26 0.00 0.00 0.00 2.45 2.31 0.00 2.87 2.24 2.73 0.84 2.38 0.00 2.35 0.00 1.51 0.56 0.00 0.00 0.49 1.86 1.65 3.50 0.00 0.04 0.00 0.00 0.00 0.00 2.28 2.10 1.47 0.14 3.05 0.04 0.00 2.59 2.24 0.00 1.40 1.89 0.00 2.94
3 3.12 0.00 0.42 0.00 0.00 2.98 2.14 0.00 2.80 3.40 2.35 1.58 0.07 0.46 0.00 0.00 3.36 0.00 1.75 0.07 1.12 0.00 3.22 0.00 1.86 0.35 0.88 2.80 1.65 2.49 0.81 3.05 0.00 0.00 0.21 2.38 2.70 1.37 0.00 0.42 0.32 2.91 1.26 0.56 1.79 1.23 2.52 0.00 1.79 0.00 1.68 0.74 0.07 2.80 0.00 0.25 0.00 1.54 0.07 2.35 0.60 0.00 0.00 3.15 1.51 0.00 0.00 1.05 3.47 0.00 1.05 1.86 0.53 0.35 0.00 0.35 1.54 3.33 2.87 0.00 0.00 0.00 0.21 2.42 0.00 0.00 0.21 1.93 2.42 0.00 0.00 0.00 1.12 0.77 0.95 0.00 1.82 2.07 0.00 2.17
4 0.32 2.10 1.26 0.00 0.00 0.39 2.42 1.37 0.00 1.16 1.47 1.89 0.00 2.49 2.14 3.15 0.00 0.00 0.00 1.05 0.18 0.00 0.18 1.75 2.59 0.49 1.75 0.49 2.42 1.40 0.00 3.29 0.77 0.04 1.09 2.45 0.00 2.28 1.86 1.16 1.12 0.00 0.00 1.30 1.02 0.00 0.53 0.42 3.36 3.08 1.54 1.96 0.21 1.44 0.63 2.98 0.74 2.94 0.00 1.86 2.91 3.47 0.00 0.00 2.70 1.12 1.26 2.49 2.14 1.44 2.84 1.86 0.63 1.93 0.00 0.00 1.09 2.94 2.91 1.58 2.49 2.49 0.00 2.00 0.35 0.00 1.58 1.54 2.21 0.00 1.02 1.40 1.68 2.00 3.50 0.00 1.75 0.00 2.38 0.00
5 0.00 2.14 1.54 2.98 0.39 0.00 3.12 0.00 0.00 1.51 1.16 0.00 2.56 0.11 2.87 1.68 1.75 1.89 2.38 0.46 1.33 0.60 1.61 0.35 1.40 2.38 0.98 0.04 3.12 2.84 1.09 2.77 0.04 0.07 0.00 2.42 0.95 3.05 2.21 0.63 0.00 0.00 1.30 2.07 1.68 2.45 2.07 3.43 0.84 0.00 0.67 3.19 0.00 0.18 0.74 1.61 0.00 0.00 0.81 0.00 2.52 0.70 0.00 0.14 2.66 1.40 2.07 0.60 3.19 1.26 0.00 0.49 0.91 3.29 0.53 3.29 0.00 3.15 0.53 2.84 3.36 0.00 3.08 0.00 2.84 3.12 1.58 1.26 2.59 2.14 0.00 0.00 1.72 0.00 2.66 0.00 0.00 0.74 0.63 1.86
6 3.47 2.80 2.17 2.14 2.42 3.12 0.00 1.82 0.91 0.77 0.98 0.00 1.44 2.70 2.17 0.14 0.00 1.26 2.52 2.98 1.72 1.79 0.70 3.26 0.00 1.12 2.21 1.40 2.63 0.00 1.86 1.33 1.44 2.42 0.00 2.59 1.26 2.21 0.32 0.00 2.73 0.14 0.00 3.33 0.70 2.84 0.00 1.09 0.00 1.96 0.95 1.89 2.10 3.33 0.28 0.53 0.00 0.42 0.07 1.19 1.65 0.00 2.63 2.17 0.00 2.17 3.19 0.00 2.14 0.00 2.66 0.04 2.77 1.68 0.00 0.39 2.00 1.51 0.81 0.81 2.42 3.26 3.33 0.49 2.98 0.00 0.00 0.00 0.11 1.93 0.04 0.00 1.96 2.10 0.67 3.29 0.63 0.00 0.00 0.00
7 2.77 2.38 0.56 0.00 1.37 0.00 1.82 0.00 0.63 3.50 1.12 0.25 0.00 1.02 0.00 1.26 1.23 0.04 3.15 0.00 0.00 3.40 0.00 1.37 0.00 0.00 0.18 0.21 1.12 0.00 2.70 2.38 0.00 2.07 1.19 2.84 0.63 1.12 0.00 2.28 1.79 0.00 2.49 2.91 0.00 1.61 2.77 2.31 2.52 0.77 0.53 2.52 2.52 1.58 0.00 0.84 2.00 1.02 0.00 3.33 2.70 3.05 2.66 0.00 3.43 1.23 0.46 1.33 0.00 0.00 3.01 1.68 3.22 3.50 0.00 3.47 0.81 0.98 3.40 1.23 1.61 2.59 0.00 1.02 1.51 0.00 2.14 1.93 1.47 3.05 0.00 1.54 3.36 2.91 2.38 0.88 0.95 2.84 0.74 2.77
8 2.21 0.00 0.46 2.80 0.00 0.00 0.91 0.63 0.00 1.12 0.00 1.02 0.00 0.00 0.28 2.07 0.00 0.00 1.23 3.47 2.63 0.14 2.77 2.07 3.33 1.86 0.98 0.00 2.63 0.00 3.47 0.49 0.04 0.00 1.89 2.38 1.26 3.01 3.01 0.00 2.38 0.39 2.80 0.00 1.75 0.53 0.21 2.17 0.49 0.00 2.28 1.58 2.31 3.36 1.61 0.77 3.05 0.00 1.82 3.22 0.00 2.80 1.72 1.51 0.00 3.40 0.39 0.00 2.73 3.36 2.77 1.58 0.00 0.00 0.00 2.24 0.67 0.00 2.10 2.91 0.70 1.58 1.02 2.00 0.00 0.00 2.00 0.11 3.33 1.30 1.68 0.04 3.05 0.21 0.00 2.63 0.00 1.58 0.11 3.01
9 0.00 1.33 0.00 3.40 1.16 1.51 0.77 3.50 1.12 0.00 2.84 1.23 0.95 3.40 0.35 0.70 1.61 2.52 3.36 0.53 0.00 1.33 0.46 0.95 0.98 1.05 0.60 1.33 2.98 0.00 2.70 0.00 1.47 0.00 1.30 1.58 1.68 1.44 0.00 0.00 1.09 0.56 1.93 3.29 0.00 3.33 3.47 1.61 3.19 0.00 1.96 2.66 0.00 0.21 0.18 3.19 0.00 0.00 2.45 3.36 1.23 3.22 0.18 2.45 0.00 2.73 3.08 3.43 0.00 0.00 0.00 0.00 0.00 3.29 0.00 1.09 0.70 2.49 3.47 0.00 1.72 0.00 0.39 0.00 2.66 0.00 0.81 0.00 2.63 0.00 0.00 0.00 2.31 0.00 2.59 1.51 1.61 2.03 1.89 0.00
10 0.00 2.84 0.84 2.35 1.47 1.16 0.98 1.12 0.00 2.84 0.00 2.03 1.89 1.86 0.00 0.00 0.00 3.40 0.00 2.10 0.00 1.37 0.00 1.79 3.01 0.00 0.39 0.00 0.88 0.00 3.19 0.00 1.65 0.91 2.80 0.91 0.14 0.00 1.51 1.75 1.54 0.00 3.08 0.00 1.72 1.23 3.22 1.30 0.00 0.00 1.40 1.33 2.10 3.08 3.08 0.00 1.40 1.33 2.94 0.32 2.17 0.88 2.00 0.42 2.84 2.59 2.94 0.04 1.47 2.21 0.95 2.14 0.46 0.00 2.70 1.75 0.00 3.19 2.80 2.70 0.60 1.75 0.00 0.00 1.93 0.00 2.70 0.00 3.15 1.75 0.35 0.00 0.00 0.77 1.51 1.89 0.53 2.24 0.00 0.00
11 0.00 0.00 0.00 1.58 1.89 0.00 0.00 0.25 1.02 1.23 2.03 0.00 0.00 2.03 3.22 3.05 0.00 0.63 0.95 0.60 2.17 1.02 0.84 2.14 3.15 0.04 0.00 0.49 2.59 2.21 3.26 2.77 2.21 0.00 2.59 0.39 3.29 2.38 1.61 2.84 1.16 1.93 0.88 2.77 0.00 0.00 0.00 2.91 3.33 0.00 3.22 1.05 0.00 1.72 1.96 0.00 0.49 0.60 0.42 0.14 0.00 1.89 2.66 0.00 1.68 0.00 0.00 2.80 0.00 3.47 1.89 2.03 0.00 1.02 1.75 1.89 2.17 2.94 1.82 0.84 2.49 0.35 1.51 2.10 1.40 3.47 2.03 0.00 3.12 0.00 0.00 0.00 0.14 0.00 1.19 1.30 2.63 0.00 1.93 2.07
12 0.00 2.17 1.68 0.07 0.00 2.56 1.44 0.00 0.00 0.95 1.89 0.00 0.00 2.70 0.42 0.32 3.33 3.05 0.00 2.84 2.10 0.70 0.00 0.00 0.00 0.74 1.58 1.02 3.19 0.00 0.00 1.79 2.77 1.02 2.31 2.07 0.88 0.95 0.00 0.00 0.00 2.07 0.00 1.89 1.54 3.19 0.28 2.24 0.88 0.00 2.49 0.39 1.12 2.63 0.00 0.00 1.86 2.17 0.25 0.00 0.14 0.00 0.91 0.00 1.86 0.00 0.00 1.72 3.26 2.98 0.98 2.49 3.36 0.00 0.00 2.14 0.00 0.25 1.82 1.54 1.82 2.66 2.87 3.43 2.28 3.33 0.00 1.58 2.03 0.70 3.29 1.51 0.00 0.63 1.61 0.49 2.91 0.00 2.91 0.00
13 2.21 0.53 0.39 0.46 2.49 0.11 2.70 1.02 0.00 3.40 1.86 2.03 2.70 0.00 1.58 0.00 0.00 2.59 2.35 2.52 1.02 2.17 0.70 0.60 0.42 1.12 3.15 1.79 0.98 0.00 3.12 0.63 1.75 0.00 2.42 0.00 3.05 0.00 3.12 0.00 0.00 0.00 2.66 3.40 2.77 2.94 0.95 3.22 2.10 2.45 1.79 2.73 1.26 0.00 1.54 0.00 2.10 0.00 0.56 0.00 1.16 0.00 1.75 1.19 0.00 0.00 1.47 1.37 3.08 0.00 3.47 1.30 3.19 0.00 0.67 2.80 1.30 3.01 0.91 1.75 2.21 0.11 0.84 1.82 0.25 0.77 2.59 2.45 1.86 1.40 1.26 2.87 0.00 0.67 2.59 1.40 0.18 0.11 2.24 2.80
14 3.40 0.95 1.89 0.00 2.14 2.87 2.17 0.00 0.28 0.35 0.00 3.22 0.42 1.58 0.00 1.65 2.45 2.28 1.58 0.21 2.87 0.84 0.00 3.05 2.77 2.49 3.26 2.63 0.00 0.00 0.95 0.00 3.01 0.00 2.84 0.00 1.93 0.56 0.00 1.68 0.00 2.03 1.19 1.44 0.21 1.96 1.89 0.00 0.00 3.01 1.58 1.23 1.40 0.00 1.86 0.18 2.80 1.82 0.00 1.93 2.03 3.47 0.00 0.00 0.00 0.42 2.38 0.00 0.00 1.96 1.05 1.37 0.00 3.50 0.00 0.74 2.84 0.84 2.80 0.98 0.00 0.21 0.00 0.28 0.00 0.77 0.00 1.44 3.36 1.19 3.15 0.00 0.28 1.09 1.16 2.87 2.31 1.96 0.25 2.10
15 0.00 0.63 1.61 0.00 3.15 1.68 0.14 1.26 2.07 0.70 0.00 3.05 0.32 0.00 1.65 0.00 0.00 0.00 0.00 0.04 2.03 1.93 2.73 1.23 1.58 1.30 3.22 3.26 0.95 0.04 0.00 2.45 2.00 2.42 2.66 0.00 0.00 0.04 1.75 0.91 2.73 0.00 1.12 2.91 0.00 0.18 2.14 0.00 2.42 3.26 2.98 1.58 0.00 0.14 0.00 0.56 3.40 2.77 2.10 0.00 3.12 1.93 0.95 0.00 3.29 3.36 1.40 1.82 0.49 0.00 0.28 1.33 0.77 0.00 1.75 0.00 1.30 0.18 1.09 0.00 0.91 2.56 1.44 0.00 3.15 3.01 1.89 0.67 0.00 1.51 2.24 0.11 0.91 2.28 1.30 1.44 2.80 0.00 0.95 0.00
16 1.79 2.31 0.84 3.36 0.00 1.75 0.00 1.23 0.00 1.61 0.00 0.00 3.33 0.00 2.45 0.00 0.00 2.07 1.89 0.39 0.00 0.11 2.17 0.74 0.00 3.33 1.51 0.04 0.11 0.00 0.53 3.22 2.91 0.00 2.87 0.46 0.00 2.94 0.00 1.75 0.00 2.87 2.73 0.56 2.70 2.14 0.28 0.67 3.36 0.95 1.65 3.29 1.51 2.14 1.44 0.84 0.11 3.36 0.88 1.61 1.65 2.73 1.30 0.70 1.96 1.65 0.00 0.77 0.00 1.30 2.45 0.00 3.15 1.02 0.63 1.58 2.10 0.42 2.10 0.88 0.00 2.63 0.56 3.43 1.26 0.25 0.91 2.45 0.67 3.43 0.98 0.00 0.00 1.37 2.28 2.00 0.39 1.79 3.05 1.23
17 0.00 2.80 2.00 0.00 0.00 1.89 1.26 0.04 0.00 2.52 3.40 0.63 3.05 2.59 2.28 0.00 2.07 0.00 3.33 0.39 0.70 0.00 3.50 3.15 0.00 0.00 1.37 1.58 2.38 1.12 0.95 2.07 0.56 2.38 3.40 0.88 0.35 0.32 1.68 0.00 1.02 1.54 0.00 0.00 2.42 0.00 0.63 0.00 0.00 0.88 1.82 1.79 0.98 1.75 0.07 0.00 2.66 0.00 0.00 3.05 0.00 1.02 1.16 0.35 0.11 3.26 2.03 2.31 2.59 2.38 0.74 0.00 1.40 1.16 2.17 0.00 0.00 2.52 2.00 2.63 0.00 0.98 2.10 1.82 1.96 2.84 0.00 1.40 0.11 1.79 2.84 0.63 2.42 0.74 0.00 0.00 2.42 0.25 0.00 0.00
18 1.61 3.26 3.43 1.75 0.00 2.38 2.52 3.15 1.23 3.36 0.00 0.95 0.00 2.35 1.58 0.00 1.89 3.33 0.00 1.02 1.96 3.19 0.42 0.11 0.21 0.95 1.51 1.96 1.33 3.19 0.00 1.44 0.00 0.60 0.14 0.00 1.72 0.98 2.56 2.21 2.73 1.19 2.87 0.00 2.56 0.46 0.32 0.84 0.00 0.81 0.00 3.22 2.94 0.00 0.11 0.70 0.32 1.65 0.00 0.00 0.95 3.19 1.33 0.04 1.82 0.00 1.58 2.14 0.67 0.00 3.43 0.00 1.40 2.03 0.00 1.33 2.73 2.21 0.04 1.93 0.00 0.32 0.00 0.04 1.30 1.79 1.05 0.81 0.00 1.93 1.12 0.00 2.42 1.16 0.00 2.21 2.31 0.04 0.39 0.77
19 2.07 3.43 0.00 0.07 1.05 0.46 2.98 0.00 3.47 0.53 2.10 0.60 2.84 2.52 0.21 0.04 0.39 0.39 1.02 0.00 0.00 1.58 0.60 2.10 3.43 2.59 2.21 2.35 1.79 2.42 3.22 0.77 1.86 0.00 1.40 0.00 1.72 0.00 0.56 2.94 0.00 1.61 1.58 2.94 1.54 0.00 0.11 0.25 1.47 0.04 2.38 0.00 0.88 1.72 0.00 0.00 0.00 3.19 0.00 0.21 0.00 1.37 2.84 3.43 1.23 1.19 0.00 3.40 2.91 1.12 0.00 3.15 2.84 2.10 2.77 1.26 0.00 3.47 0.00 0.49 2.03 3.47 0.63 0.00 1.30 1.26 1.58 0.00 2.45 1.12 0.00 2.03 3.22 3.26 0.00 0.00 0.00 1.96 0.00 0.63
20 0.35 0.00 0.00 1.12 0.18 1.33 1.72 0.00 2.63 0.00 0.00 2.17 2.10 1.02 2.87 2.03 0.00 0.70 1.96 0.00 0.00 0.77 0.00 0.00 0.00 2.00 0.00 2.91 3.26 2.00 0.00 2.14 0.00 0.00 0.00 1.26 0.00 0.00 3.50 1.05 1.51 0.00 3.22 0.04 2.00 0.77 0.00 0.21 0.00 1.89 3.50 3.47 0.00 0.00 0.00 1.26 0.00 0.00 0.95 0.00 2.00 0.00 1.26 2.21 1.54 0.63 3.43 2.45 1.72 0.98 3.43 1.05 0.00 3.36 1.09 1.72 1.44 3.08 0.00 0.00 0.67 3.05 3.40 0.14 1.51 0.00 0.00 2.94 3.12 0.42 3.40 3.05 0.00 0.00 2.35 0.00 2.94 2.84 0.00 2.80
21 1.16 0.00 0.07 0.00 0.00 0.60 1.79 3.40 0.14 1.33 1.37 1.02 0.70 2.17 0.84 1.93 0.11 0.00 3.19 1.58 0.77 0.00 0.00 0.81 0.00 0.70 0.21 1.09 3.01 0.00 0.14 0.00 0.00 0.91 2.03 1.75 2.45 0.00 2.56 1.68 2.10 2.52 0.56 2.31 0.84 0.00 0.00 1.86 0.32 3.26 0.00 0.00 3.15 3.29 1.75 0.00 2.84 0.74 2.52 0.00 0.00 0.91 3.26 2.56 1.54 1.19 2.10 0.00 3.15 0.07 0.00 3.15 0.18 0.00 2.00 0.00 2.21 0.84 0.00 0.00 3.40 2.00 0.28 1.82 1.58 1.16 1.96 2.00 0.00 2.10 0.00 2.70 0.00 2.42 1.23 1.37 0.00 1.93 2.91 0.74
22 0.00 3.26 2.52 3.22 0.18 1.61 0.70 0.00 2.77 0.46 0.00 0.84 0.00 0.70 0.00 2.73 2.17 3.50 0.42 0.60 0.00 0.00 0.00 0.00 0.25 1.93 3.05 0.84 1.44 0.00 2.63 0.56 0.35 0.84 0.00 2.07 0.25 0.53 2.35 0.00 0.46 1.40 3.05 1.86 2.84 0.35 2.31 0.00 3.47 1.68 3.43 1.40 2.21 1.65 1.26 0.00 0.60 0.81 0.00 1.61 0.67 1.02 2.70 0.00 0.11 0.00 3.26 1.96 0.25 1.89 2.03 0.74 0.14 0.11 0.07 2.49 0.63 0.25 3.08 3.36 0.11 1.82 2.80 1.89 2.00 3.01 0.88 2.45 2.49 2.03 2.14 0.74 3.47 0.28 0.46 2.38 1.54 0.81 0.28 0.81
23 2.98 2.38 1.16 0.00 1.75 0.35 3.26 1.37 2.07 0.95 1.79 2.14 0.00 0.60 3.05 1.23 0.74 3.15 0.11 2.10 0.00 0.81 0.00 0.00 1.30 2.77 0.00 0.77 0.00 0.56 3.26 2.80 2.59 0.53 0.00 0.70 0.00 2.59 3.43 0.95 2.00 1.33 0.00 2.10 0.00 0.00 0.91 0.00 0.04 1.23 1.12 0.00 0.91 3.05 1.82 0.60 0.18 3.40 0.00 1.16 0.00 1.26 1.05 0.00 2.98 0.00 1.86 2.00 0.00 0.32 2.21 0.00 2.91 0.00 1.40 0.00 3.43 0.00 2.31 2.38 0.00 0.00 0.67 0.00 2.42 0.00 0.00 0.25 1.02 0.00 1.89 0.00 1.47 2.98 2.59 1.16 2.84 1.75 2.07 0.21
24 0.00 0.49 2.87 1.86 2.59 1.40 0.00 0.00 3.33 0.98 3.01 3.15 0.00 0.42 2.77 1.58 0.00 0.00 0.21 3.43 0.00 0.00 0.25 1.30 0.00 0.00 2.98 3.05 2.70 0.35 0.28 1.72 0.00 1.89 1.44 0.00 2.63 2.38 0.00 0.28 1.47 1.58 2.07 2.73 2.35 2.42 2.21 3.22 3.05 1.05 0.42 0.00 2.84 3.26 3.36 3.47 1.16 2.70 0.00 2.14 2.07 0.67 0.28 1.96 1.40 0.56 1.82 0.04 2.03 0.84 3.12 0.00 0.07 0.00 2.98 1.05 0.00 0.25 2.21 0.46 2.98 1.61 2.31 1.02 3.26 3.47 2.49 0.00 1.09 3.43 0.00 0.00 2.49 2.38 0.95 0.70 0.00 0.00 1.12 1.54
25 1.44 1.05 0.00 0.35 0.49 2.38 1.12 0.00 1.86 1.05 0.00 0.04 0.74 1.12 2.49 1.30 3.33 0.00 0.95 2.59 2.00 0.70 1.93 2.77 0.00 0.00 0.00 2.31 1.05 1.51 3.43 0.00 0.00 0.00 1.44 0.14 0.60 0.56 2.24 0.00 1.51 0.00 2.21 0.28 1.12 2.42 2.73 0.00 3.40 0.00 2.59 0.00 0.00 1.12 1.47 2.28 3.43 0.00 0.00 0.77 0.00 0.63 2.56 2.87 0.00 0.98 0.00 0.32 0.14 2.42 3.26 0.98 1.96 1.09 0.32 2.63 1.12 0.84 1.75 0.67 0.00 3.29 2.98 3.29 1.82 0.00 0.07 2.56 1.86 0.00 1.05 2.45 0.00 0.98 0.14 0.00 0.00 3.29 1.51 0.00
26 0.00 0.53 2.52 0.88 1.75 0.98 2.21 0.18 0.98 0.60 0.39 0.00 1.58 3.15 3.26 3.22 1.51 1.37 1.51 2.21 0.00 0.21 3.05 0.00 2.98 0.00 0.00 0.70 0.00 3.26 1.89 3.47 3.15 2.03 0.18 1.30 2.21 0.00 0.00 3.40 3.29 1.16 1.58 0.00 0.00 1.47 0.00 3.08 0.63 0.00 0.00 3.12 1.72 2.28 0.00 0.95 2.52 2.31 3.50 0.00 0.00 3.22 0.04 0.74 1.93 0.95 2.63 2.80 0.00 2.70 2.17 0.00 0.00 0.00 0.53 2.35 0.00 0.00 3.36 0.00 3.36 0.70 3.05 2.77 0.00 2.45 1.40 1.16 3.29 0.00 0.74 2.80 0.84 0.95 0.00 2.87 0.74 1.68 0.88 0.00
27 0.00 1.44 1.61 2.80 0.49 0.04 1.40 0.21 0.00 1.33 0.00 0.49 1.02 1.79 2.63 3.26 0.04 1.58 1.96 2.35 2.91 1.09 0.84 0.77 3.05 2.31 0.70 0.00 0.00 1.30 2.21 0.63 2.66 1.82 2.63 2.24 2.77 3.08 2.59 1.30 0.00 2.17 0.46 0.00 0.00 0.63 3.36 3.01 0.32 1.96 1.09 1.72 1.75 3.29 0.00 3.26 3.43 0.00 2.70 1.02 0.00 3.15 2.52 1.86 2.28 0.00 1.79 0.84 0.00 2.31 2.63 0.00 0.00 1.26 2.14 0.49 1.72 1.44 0.00 2.52 3.29 0.74 1.33 0.14 0.91 1.79 2.10 2.00 3.50 2.59 3.22 1.44 2.94 1.26 0.00 2.28 0.98 1.82 0.00 3.01
28 1.37 2.10 0.00 1.65 2.42 3.12 2.63 1.12 2.63 2.98 0.88 2.59 3.19 0.98 0.00 0.95 0.11 2.38 1.33 1.79 3.26 3.01 1.44 0.00 2.70 1.05 0.00 0.00 0.00 3.19 0.00 2.94 0.00 0.21 1.96 2.77 2.66 1.26 0.18 2.87 0.84 0.00 0.00 1.75 3.26 0.00 0.00 1.93 0.00 1.89 2.56 2.24 0.88 0.84 0.00 1.61 0.32 2.80 0.00 0.00 0.00 1.51 0.00 2.80 3.15 0.60 3.19 0.14 2.24 1.09 1.09 2.56 3.01 3.29 0.00 0.00 3.08 2.14 0.00 1.40 1.89 2.87 0.63 1.51 0.25 1.51 2.87 2.59 0.00 0.63 3.26 1.47 0.67 0.00 2.56 0.70 1.05 1.40 1.68 3.15
29 2.07 3.33 0.81 2.49 1.40 2.84 0.00 0.00 0.00 0.00 0.00 2.21 0.00 0.00 0.00 0.04 0.00 1.12 3.19 2.42 2.00 0.00 0.00 0.56 0.35 1.51 3.26 1.30 3.19 0.00 2.28 2.00 0.49 3.36 1.30 0.42 1.40 1.12 0.00 3.19 0.91 3.26 1.05 0.84 0.49 0.81 0.00 0.00 1.75 2.38 2.80 0.00 0.00 2.63 0.00 0.00 2.28 3.22 1.05 0.00 0.00 2.03 3.36 0.98 0.00 2.00 0.00 3.43 0.00 0.00 2.66 0.18 2.98 3.29 1.12 1.40 1.05 2.03 0.04 2.91 0.00 1.68 1.58 2.87 1.47 0.91 0.77 2.38 0.00 2.70 0.00 1.30 1.33 0.00 3.40 2.00 1.12 1.86 2.73 2.84
30 2.91 0.00 1.79 0.81 0.00 1.09 1.86 2.70 3.47 2.70 3.19 3.26 0.00 3.12 0.95 0.00 0.53 0.95 0.00 3.22 0.00 0.14 2.63 3.26 0.28 3.43 1.89 2.21 0.00 2.28 0.00 1.79 3.40 3.26 1.54 0.25 0.70 0.00 1.23 2.98 0.32 3.29 0.84 0.63 0.63 2.56 1.33 0.53 0.88 0.00 2.80 0.35 2.03 2.59 0.35 1.12 1.54 0.98 3.19 0.95 1.72 1.37 3.40 0.00 1.05 0.11 2.07 0.00 0.00 0.77 2.59 2.63 1.82 1.54 0.00 2.73 1.05 3.47 1.68 0.00 0.00 1.82 0.07 0.77 1.61 1.23 0.00 2.70 0.00 1.65 1.30 2.21 0.63 2.07 0.63 0.60 0.00 2.77 0.60 0.00
31 3.05 3.19 0.39 3.05 3.29 2.77 1.33 2.38 0.49 0.00 0.00 2.77 1.79 0.63 0.00 2.45 3.22 2.07 1.44 0.77 2.14 0.00 0.56 2.80 1.72 0.00 3.47 0.63 2.94 2.00 1.79 0.00 1.54 3.05 1.89 0.00 0.00 0.00 1.93 2.35 2.38 0.00 3.36 2.52 2.56 0.00 2.35 1.68 1.09 0.53 0.00 2.35 0.00 0.00 3.05 0.00 3.08 1.12 0.88 0.00 1.30 3.12 0.35 2.49 0.00 2.52 0.00 0.91 2.63 1.86 2.98 0.00 0.70 1.23 3.19 0.46 1.51 2.45 2.14 0.00 1.44 2.84 2.98 2.21 0.00 2.66 0.88 0.00 2.21 3.01 1.65 0.39 0.00 1.44 0.14 0.07 3.43 2.59 0.14 2.63
32 1.72 2.38 2.98 0.00 0.77 0.04 1.44 0.00 0.04 1.47 1.65 2.21 2.77 1.75 3.01 2.00 2.91 0.56 0.00 1.86 0.00 0.00 0.35 2.59 0.00 0.00 3.15 2.66 0.00 0.49 3.40 1.54 0.00 0.00 0.95 1.51 0.00 0.60 1.58 0.00 0.84 0.74 2.84 3.05 0.84 2.10 2.24 0.88 0.95 1.37 2.91 1.51 1.58 1.89 0.49 2.31 2.91 2.28 0.00 0.00 2.38 0.63 2.21 2.91 2.28 3.19 0.28 0.11 3.19 3.33 3.08 1.44 3.36 0.91 0.46 1.96 0.00 1.33 0.00 0.88 3.50 0.53 1.47 0.00 0.00 0.00 0.00 0.28 0.00 2.87 2.94 2.17 3.08 1.16 0.00 1.54 0.28 0.00 1.75 0.00
33 2.73 0.00 0.77 0.00 0.04 0.07 2.42 2.07 0.00 0.00 0.91 0.00 1.02 0.00 0.00 2.42 0.00 2.38 0.60 0.00 0.00 0.91 0.84 0.53 1.89 0.00 2.03 1.82 0.21 3.36 3.26 3.05 0.00 0.00 0.70 0.00 2.91 0.07 2.17 3.29 0.00 0.00 0.00 3.50 0.00 0.00 3.22 2.52 0.00 2.03 2.63 0.95 0.88 2.91 2.91 0.74 3.22 3.47 2.07 2.87 3.26 0.00 0.00 1.86 0.18 0.14 0.00 2.52 2.59 0.00 3.40 1.12 1.82 0.67 0.00 0.42 0.00 2.73 1.33 3.33 0.00 0.00 3.43 0.00 2.49 1.75 0.04 2.24 0.00 2.73 0.00 2.28 1.26 0.63 0.00 0.00 0.00 0.00 0.35 3.12
34 2.31 0.11 2.03 0.21 1.09 0.00 0.00 1.19 1.89 1.30 2.80 2.59 2.31 2.42 2.84 2.66 2.87 3.40 0.14 1.40 0.00 2.03 0.00 0.00 1.44 1.44 0.18 2.63 1.96 1.30 1.54 1.89 0.95 0.70 0.00 3.08 0.95 0.00 1.02 1.75 0.00 1.23 0.53 2.73 0.25 0.42 2.52 0.28 0.07 0.00 1.51 3.08 2.49 0.00 0.00 0.42 3.05 2.98 1.23 2.10 1.86 1.54 0.00 1.33 2.80 2.10 0.00 1.68 0.00 1.68 1.96 2.66 3.50 3.08 1.23 1.72 2.52 3.19 2.03 1.30 1.61 1.30 1.30 1.33 2.77 0.60 1.51 0.60 0.00 2.21 3.22 3.05 1.23 1.68 0.21 3.33 3.40 0.00 0.84 0.00
35 2.00 0.84 0.00 2.38 2.45 2.42 2.59 2.84 2.38 1.58 0.91 0.39 2.07 0.00 0.00 0.00 0.46 0.88 0.00 0.00 1.26 1.75 2.07 0.70 0.00 0.14 1.30 2.24 2.77 0.42 0.25 0.00 1.51 0.00 3.08 0.00 2.70 0.67 0.84 1.86 0.35 0.88 2.17 0.14 0.00 2.52 0.00 0.67 0.14 0.00 2.98 1.54 0.07 3.08 2.84 1.89 2.87 3.43 2.56 2.28 1.75 0.77 3.19 0.00 0.46 0.42 0.39 1.26 3.22 0.00 2.91 0.14 1.65 1.93 2.94 0.77 0.14 0.00 1.02 0.00 0.32 0.00 0.46 0.70 1.30 3.43 2.84 0.00 0.00 0.70 0.88 0.00 1.16 2.52 0.00 3.26 0.00 1.61 3.26 0.00
36 2.66 2.45 1.12 2.70 0.00 0.95 1.26 0.63 1.26 1.68 0.14 3.29 0.88 3.05 1.93 0.00 0.00 0.35 1.72 1.72 0.00 2.45 0.25 0.00 2.63 0.60 2.21 2.77 2.66 1.40 0.70 0.00 0.00 2.91 0.95 2.70 0.00 2.38 1.09 3.15 0.81 1.75 0.32 0.00 0.84 0.00 1.96 2.03 2.38 1.54 0.00 0.91 0.04 0.74 0.77 0.95 1.12 2.70 0.25 0.00 0.25 0.60 2.73 0.74 2.17 0.00 3.40 0.11 0.67 1.93 1.61 0.00 3.26 3.01 1.61 1.54 0.28 0.00 0.00 1.05 3.05 0.00 1.30 2.38 0.56 2.38 0.00 0.00 0.84 1.09 0.28 0.14 0.00 1.96 0.91 0.00 0.00 2.52 2.52 0.00
37 3.29 0.46 1.75 1.37 2.28 3.05 2.21 1.12 3.01 1.44 0.00 2.38 0.95 0.00 0.56 0.04 2.94 0.32 0.98 0.00 0.00 0.00 0.53 2.59 2.38 0.56 0.00 3.08 1.26 1.12 0.00 0.00 0.60 0.07 0.00 0.67 2.38 0.00 1.82 0.00 0.00 0.07 0.00 1.19 1.65 0.00 3.05 1.82 0.67 0.00 1.44 0.18 3.26 1.51 0.18 0.18 1.33 3.50 0.00 2.59 2.38 0.00 1.51 0.00 0.00 1.68 2.31 1.75 1.02 0.00 0.21 2.10 2.70 1.93 0.00 0.77 0.00 2.73 1.16 1.33 0.00 3.40 0.18 0.00 0.35 0.00 0.84 1.12 0.84 3.08 0.84 3.22 0.00 0.00 3.26 0.00 3.40 0.07 0.00 3.15
38 0.91 0.25 2.42 0.00 1.86 2.21 0.32 0.00 3.01 0.00 1.51 1.61 0.00 3.12 0.00 1.75 0.00 1.68 2.56 0.56 3.50 2.56 2.35 3.43 0.00 2.24 0.00 2.59 0.18 0.00 1.23 1.93 1.58 2.17 1.02 0.84 1.09 1.82 0.00 1.23 0.88 0.00 1.51 2.52 0.88 2.24 0.98 0.74 2.45 3.01 1.16 3.05 0.00 1.26 0.98 2.03 0.56 3.50 3.05 0.60 2.70 0.00 1.72 0.00 0.88 1.26 0.25 1.68 3.36 1.72 1.61 0.00 0.00 0.88 2.98 0.74 2.49 0.00 2.91 0.49 1.65 1.19 3.36 0.00 0.00 2.84 0.00 1.89 0.00 0.00 1.33 2.59 1.19 1.26 1.12 2.63 1.44 0.00 1.96 0.00
39 1.68 0.95 1.58 0.42 1.16 0.63 0.00 2.28 0.00 0.00 1.75 2.84 0.00 0.00 1.68 0.91 1.75 0.00 2.21 2.94 1.05 1.68 0.00 0.95 0.28 0.00 3.40 1.30 2.87 3.19 2.98 2.35 0.00 3.29 1.75 1.86 3.15 0.00 1.23 0.00 1.09 1.05 2.38 2.17 2.38 3.50 0.35 0.00 0.00 2.87 0.46 2.42 1.19 3.36 0.00 1.37 0.74 0.98 2.59 0.74 0.88 0.00 0.00 2.42 0.42 2.49 0.95 0.00 0.67 3.43 3.22 0.39 0.56 0.63 2.24 3.08 2.84 0.56 2.49 3.47 1.82 2.98 1.61 0.00 0.32 0.32 1.54 1.51 0.00 0.46 0.42 0.00 2.73 3.50 0.00 2.80 0.18 0.00 2.35 2.03
40 1.89 0.77 0.49 0.32 1.12 0.00 2.73 1.79 2.38 1.09 1.54 1.16 0.00 0.00 0.00 2.73 0.00 1.02 2.73 0.00 1.51 2.10 0.46 2.00 1.47 1.51 3.29 0.00 0.84 0.91 0.32 2.38 0.84 0.00 0.00 0.35 0.81 0.00 0.88 1.09 0.00 1.23 0.00 1.40 3.19 0.00 0.00 0.00 1.72 0.25 0.00 2.84 3.08 0.00 2.77 1.47 0.00 1.47 0.00 1.23 2.77 3.19 1.79 2.80 2.17 1.37 1.44 0.00 2.45 3.40 1.09 1.86 0.00 2.84 0.00 2.45 0.00 2.45 3.01 0.46 1.93 2.49 0.00 0.07 2.24 2.80 1.26 0.00 0.70 2.42 1.23 2.00 0.00 0.00 0.00 0.63 0.00 0.00 2.56 0.00
41 2.59 0.00 0.00 2.91 0.00 0.00 0.14 0.00 0.39 0.56 0.00 1.93 2.07 0.00 2.03 0.00 2.87 1.54 1.19 1.61 0.00 2.52 1.40 1.33 1.58 0.00 1.16 2.17 0.00 3.26 3.29 0.00 0.74 0.00 1.23 0.88 1.75 0.07 0.00 1.05 1.23 0.00 2.31 2.28 2.52 0.00 1.75 0.00 0.00 2.87 2.77 0.00 2.77 2.87 0.00 0.00 2.77 0.81 0.00 2.63 3.33 0.84 0.42 1.68 3.33 0.25 2.28 2.00 3.50 3.05 0.11 3.08 0.60 0.67 2.77 1.72 2.45 1.26 0.63 1.96 0.04 0.56 0.00 0.39 3.29 1.33 1.12 0.32 0.77 0.00 3.33 0.00 1.54 0.00 0.00 0.00 0.53 0.00 1.19 0.00
42 0.42 2.94 2.14 1.26 0.00 1.30 0.00 2.49 2.80 1.93 3.08 0.88 0.00 2.66 1.19 1.12 2.73 0.00 2.87 1.58 3.22 0.56 3.05 0.00 2.07 2.21 1.58 0.46 0.00 1.05 0.84 3.36 2.84 0.00 0.53 2.17 0.32 0.00 1.51 2.38 0.00 2.31 0.00 0.67 1.16 2.35 0.00 0.46 0.00 3.26 1.30 2.91 0.00 1.19 1.58 0.00 3.22 0.00 0.00 1.58 1.12 1.82 2.21 0.77 2.84 3.15 2.31 3.01 0.04 0.00 0.00 1.23 0.00 0.63 0.35 0.00 1.96 0.00 0.00 0.00 3.12 0.00 3.40 1.33 2.56 0.91 1.40 0.00 3.36 1.51 0.00 0.70 0.00 0.00 0.00 1.12 1.05 0.91 2.91 3.40
43 2.38 0.00 3.33 0.56 1.30 2.07 3.33 2.91 0.00 3.29 0.00 2.77 1.89 3.40 1.44 2.91 0.56 0.00 0.00 2.94 0.04 2.31 1.86 2.10 2.73 0.28 0.00 0.00 1.75 0.84 0.63 2.52 3.05 3.50 2.73 0.14 0.00 1.19 2.52 2.17 1.40 2.28 0.67 0.00 0.00 0.42 0.95 0.63 0.98 3.26 0.00 0.21 0.00 3.19 0.95 0.00 0.00 3.36 0.04 3.01 0.00 3.40 2.03 0.00 0.00 1.89 2.31 3.22 3.36 0.00 2.49 0.88 0.00 2.59 2.80 0.91 0.00 1.96 0.95 2.24 0.28 1.16 2.52 0.00 0.46 3.08 0.95 0.81 2.28 3.40 1.37 2.17 0.00 0.42 0.95 0.00 1.26 0.14 3.36 0.00
44 2.00 2.21 2.94 1.79 1.02 1.68 0.70 0.00 1.75 0.00 1.72 0.00 1.54 2.77 0.21 0.00 2.70 2.42 2.56 1.54 2.00 0.84 2.84 0.00 2.35 1.12 0.00 0.00 3.26 0.49 0.63 2.56 0.84 0.00 0.25 0.00 0.84 1.65 0.88 2.38 3.19 2.52 1.16 0.00 0.00 3.05 3.05 0.00 0.60 0.00 2.87 0.39 1.93 0.00 1.82 0.00 0.00 3.08 2.21 2.03 1.89 0.70 0.70 0.25 3.40 1.30 1.72 0.07 2.14 1.54 1.72 0.28 3.33 2.49 3.40 3.33 3.01 0.14 2.84 2.00 1.33 0.00 0.00 0.42 0.56 1.86 0.00 1.37 1.86 0.00 2.70 0.00 2.98 1.54 2.38 1.02 2.14 1.19 3.12 0.00
45 0.00 2.38 0.00 1.23 0.00 2.45 2.84 1.61 0.53 3.33 1.23 0.00 3.19 2.94 1.96 0.18 2.14 0.00 0.46 0.00 0.77 0.00 0.35 0.00 2.42 2.42 1.47 0.63 0.00 0.81 2.56 0.00 2.10 0.00 0.42 2.52 0.00 0.00 2.24 3.50 0.00 0.00 2.35 0.42 3.05 0.00 0.21 0.00 1.58 0.81 2.45 0.81 0.77 1.58 3.43 3.22 3.47 0.46 2.84 0.00 0.88 0.77 0.00 3.01 1.02 1.58 1.47 1.96 0.11 1.33 1.89 1.12 1.23 0.39 0.39 0.77 2.45 1.72 1.51 0.00 0.14 0.04 3.50 1.54 1.51 2.45 0.00 2.21 0.18 1.58 1.30 0.14 3.29 2.14 0.00 3.43 0.67 1.82 3.08 2.56
46 2.87 1.23 1.44 2.52 0.53 2.07 0.00 2.77 0.21 3.47 3.22 0.00 0.28 0.95 1.89 2.14 0.28 0.63 0.32 0.11 0.00 0.00 2.31 0.91 2.21 2.73 0.00 3.36 0.00 0.00 1.33 2.35 2.24 3.22 2.52 0.00 1.96 3.05 0.98 0.35 0.00 1.75 0.00 0.95 3.05 0.21 0.00 0.00 0.00 2.35 0.04 0.00 2.56 2.87 1.82 0.46 0.00 2.21 0.67 2.94 2.63 2.00 0.00 0.00 1.19 1.75 2.98 0.00 1.65 0.00 1.12 1.89 0.00 1.72 2.14 3.05 0.00 1.96 0.00 0.60 2.63 3.01 0.91 2.98 0.00 1.89 0.00 2.87 0.77 1.61 3.43 3.36 0.00 0.63 0.00 1.58 1.40 2.35 1.51 0.11
47 0.00 2.07 2.07 0.00 0.42 3.43 1.09 2.31 2.17 1.61 1.30 2.91 2.24 3.22 0.00 0.00 0.67 0.00 0.84 0.25 0.21 1.86 0.00 0.00 3.22 0.00 3.08 3.01 1.93 0.00 0.53 1.68 0.88 2.52 0.28 0.67 2.03 1.82 0.74 0.00 0.00 0.00 0.46 0.63 0.00 0.00 0.00 0.00 2.70 0.00 2.35 0.07 3.12 3.08 0.00 2.70 0.42 2.45 0.00 0.77 0.00 2.45 0.00 2.80 1.19 0.00 1.05 0.84 1.93 0.95 3.43 2.28 0.67 0.53 2.03 1.37 1.68 0.67 1.51 2.10 2.03 0.00 3.22 0.00 2.31 0.00 0.00 1.37 1.65 0.00 2.38 0.00 0.67 0.63 0.00 3.08 0.81 1.44 2.21 3.36
48 1.65 0.04 2.66 1.79 3.36 0.84 0.00 2.52 0.49 3.19 0.00 3.33 0.88 2.10 0.00 2.42 3.36 0.00 0.00 1.47 0.00 0.32 3.47 0.04 3.05 3.40 0.63 0.32 0.00 1.75 0.88 1.09 0.95 0.00 0.07 0.14 2.38 0.67 2.45 0.00 1.72 0.00 0.00 0.98 0.60 1.58 0.00 2.70 0.00 2.84 2.84 2.35 0.00 0.42 1.96 0.95 2.45 1.65 1.51 0.00 1.16 0.00 0.00 0.32 2.98 1.96 2.38 1.61 1.23 0.60 0.77 2.21 0.00 0.00 2.24 1.51 0.00 1.51 3.47 3.01 2.63 1.47 0.00 1.47 0.00 3.01 0.00 2.03 0.39 0.42 3.33 0.00 0.00 1.02 0.00 1.82 3.47 2.03 2.70 1.79
49 2.38 1.40 3.50 0.00 3.08 0.00 1.96 0.77 0.00 0.00 0.00 0.00 0.00 2.45 3.01 3.26 0.95 0.88 0.81 0.04 1.89 3.26 1.68 1.23 1.05 0.00 0.00 1.96 1.89 2.38 0.00 0.53 1.37 2.03 0.00 0.00 1.54 0.00 3.01 2.87 0.25 2.87 3.26 3.26 0.00 0.81 2.35 0.00 2.84 0.00 0.32 0.00 0.39 0.11 0.74 0.00 0.32 0.70 2.84 0.07 0.00 0.28 0.00 0.00 2.91 0.21 1.12 1.47 3.19 2.38 0.81 0.00 2.42 0.07 1.61 1.93 0.49 3.36 0.00 0.35 1.72 0.00 3.33 0.70 0.00 1.44 3.05 2.07 1.05 1.86 0.00 1.65 0.67 0.28 0.04 2.38 2.07 0.00 0.00 0.00
50 0.32 0.00 3.08 1.68 1.54 0.67 0.95 0.53 2.28 1.96 1.40 3.22 2.49 1.79 1.58 2.98 1.65 1.82 0.00 2.38 3.50 0.00 3.43 1.12 0.42 2.59 0.00 1.09 2.56 2.80 2.80 0.00 2.91 2.63 1.51 2.98 0.00 1.44 1.16 0.46 0.00 2.77 1.30 0.00 2.87 2.45 0.04 2.35 2.84 0.32 0.00 0.00 0.95 0.39 1.02 0.00 3.26 2.31 1.96 0.00 0.32 2.21 0.00 0.00 1.37 3.26 1.37 2.03 1.82 0.74 3.15 3.29 0.00 1.79 2.80 0.32 0.95 3.40 3.26 0.00 0.91 1.19 2.77 2.94 0.07 0.53 2.10 2.10 1.47 0.67 0.00 0.00 0.00 0.00 0.00 2.66 1.93 2.28 1.72 1.61
51 1.96 0.84 0.00 0.74 1.96 3.19 1.89 2.52 1.58 2.66 1.33 1.05 0.39 2.73 1.23 1.58 3.29 1.79 3.22 0.00 3.47 0.00 1.40 0.00 0.00 0.00 3.12 1.72 2.24 0.00 0.35 2.35 1.51 0.95 3.08 1.54 0.91 0.18 3.05 2.42 2.84 0.00 2.91 0.21 0.39 0.81 0.00 0.07 2.35 0.00 0.00 0.00 0.70 0.07 1.12 0.21 0.63 0.88 1.40 1.26 1.89 0.32 0.00 2.07 1.65 0.53 1.51 0.00 1.47 0.00 3.40 2.80 1.47 1.82 1.44 0.00 0.63 1.23 1.05 1.09 2.31 2.98 0.00 0.00 1.30 1.26 3.40 0.00 0.00 0.00 1.75 0.00 2.94 0.42 0.00 0.07 2.91 0.46 1.16 3.15
52 0.00 0.00 0.32 0.07 0.21 0.00 2.10 2.52 2.31 0.00 2.10 0.00 1.12 1.26 1.40 0.00 1.51 0.98 2.94 0.88 0.00 3.15 2.21 0.91 2.84 0.00 1.72 1.75 0.88 0.00 2.03 0.00 1.58 0.88 2.49 0.07 0.04 3.26 0.00 1.19 3.08 2.77 0.00 0.00 1.93 0.77 2.56 3.12 0.00 0.39 0.95 0.70 0.00 3.19 1.54 0.00 2.03 0.18 3.43 3.29 0.00 0.00 1.12 0.00 0.49 3.40 0.49 2.00 3.01 1.47 0.00 0.84 0.00 0.53 0.00 0.00 3.01 3.05 1.40 3.26 0.74 1.33 3.19 0.00 0.00 1.33 1.68 1.26 1.96 0.00 0.00 2.56 1.93 2.73 0.00 0.00 0.25 2.31 2.07 0.00
53 1.51 0.00 0.00 2.80 1.44 0.18 3.33 1.58 3.36 0.21 3.08 1.72 2.63 0.00 0.00 0.14 2.14 1.75 0.00 1.72 0.00 3.29 1.65 3.05 3.26 1.12 2.28 3.29 0.84 2.63 2.59 0.00 1.89 2.91 0.00 3.08 0.74 1.51 1.26 3.36 0.00 2.87 1.19 3.19 0.00 1.58 2.87 3.08 0.42 0.11 0.39 0.07 3.19 0.00 0.00 1.44 0.00 0.00 3.12 1.86 1.65 0.49 1.82 0.00 1.79 0.39 0.00 3.36 2.10 1.51 0.00 3.40 2.73 1.30 1.72 1.30 3.40 2.17 0.04 3.15 2.17 1.30 0.00 1.12 3.05 0.00 0.11 1.68 3.33 0.00 2.77 0.00 0.28 2.56 1.23 0.00 2.56 0.77 2.00 1.26
54 0.35 2.66 0.84 0.00 0.63 0.74 0.28 0.00 1.61 0.18 3.08 1.96 0.00 1.54 1.86 0.00 1.44 0.07 0.11 0.00 0.00 1.75 1.26 1.82 3.36 1.47 0.00 0.00 0.00 0.00 0.35 3.05 0.49 2.91 0.00 2.84 0.77 0.18 0.98 0.00 2.77 0.00 1.58 0.95 1.82 3.43 1.82 0.00 1.96 0.74 1.02 1.12 1.54 0.00 0.00 2.17 0.42 0.00 0.04 0.00 0.00 1.58 3.50 1.72 1.54 0.32 0.00 0.00 0.00 1.33 0.00 0.04 0.00 3.50 2.98 0.84 3.33 0.77 3.43 1.37 0.00 0.32 0.60 2.31 0.00 0.00 3.12 2.42 0.14 1.89 2.28 3.15 2.59 2.28 0.84 1.75 0.00 0.07 1.82 0.95
55 0.00 0.46 0.70 0.25 2.98 1.61 0.53 0.84 0.77 3.19 0.00 0.00 0.00 0.00 0.18 0.56 0.84 0.00 0.70 0.00 1.26 0.00 0.00 0.60 3.47 2.28 0.95 3.26 1.61 0.00 1.12 0.00 2.31 0.74 0.42 1.89 0.95 0.18 2.03 1.37 1.47 0.00 0.00 0.00 0.00 3.22 0.46 2.70 0.95 0.00 0.00 0.21 0.00 1.44 2.17 0.00 3.05 2.77 2.14 0.84 0.00 1.16 0.04 1.40 1.05 2.59 0.32 2.07 0.00 0.00 1.37 2.24 0.00 0.00 0.00 1.79 0.98 0.00 1.33 2.42 0.74 2.56 2.98 2.94 2.59 1.68 3.05 0.00 2.38 0.00 3.01 1.54 3.47 1.65 1.86 0.00 0.67 0.53 2.49 0.49
56 0.70 1.12 0.56 0.00 0.74 0.00 0.00 2.00 3.05 0.00 1.40 0.49 1.86 2.10 2.80 3.40 0.11 2.66 0.32 0.00 0.00 2.84 0.60 0.18 1.16 3.43 2.52 3.43 0.32 2.28 1.54 3.08 2.91 3.22 3.05 2.87 1.12 1.33 0.56 0.74 0.00 2.77 3.22 0.00 0.00 3.47 0.00 0.42 2.45 0.32 3.26 0.63 2.03 0.00 0.42 3.05 0.00 0.00 1.05 2.94 3.22 1.54 0.00 0.81 0.98 0.88 0.63 0.00 0.00 0.00 0.00 1.40 0.35 0.46 2.00 0.67 0.00 3.29 0.00 0.60 1.72 0.00 0.67 1.68 0.35 1.19 0.00 2.21 0.42 1.40 3.50 3.22 0.00 2.63 2.38 1.72 2.21 0.00 0.00 0.00
57 0.00 0.00 1.26 1.54 2.94 0.00 0.42 1.02 0.00 0.00 1.33 0.60 2.17 0.00 1.82 2.77 3.36 0.00 1.65 3.19 0.00 0.74 0.81 3.40 2.70 0.00 2.31 0.00 2.80 3.22 0.98 1.12 2.28 3.47 2.98 3.43 2.70 3.50 3.50 0.98 1.47 0.81 0.00 3.36 3.08 0.46 2.21 2.45 1.65 0.70 2.31 0.88 0.18 0.00 0.00 2.77 0.00 0.00 2.94 0.84 0.60 1.65 2.52 0.56 3.05 2.00 0.00 2.45 2.70 0.00 3.43 3.43 2.00 2.38 0.04 0.81 0.21 0.21 1.54 0.28 1.26 0.00 1.16 0.00 0.11 0.00 0.00 0.00 2.70 2.73 2.73 0.00 0.84 2.07 3.29 0.21 0.49 2.24 0.56 2.73
58 0.00 0.46 0.00 0.07 0.00 0.81 0.07 0.00 1.82 2.45 2.94 0.42 0.25 0.56 0.00 2.10 0.88 0.00 0.00 0.00 0.95 2.52 0.00 0.00 0.00 0.00 3.50 2.70 0.00 1.05 3.19 0.88 0.00 2.07 1.23 2.56 0.25 0.00 3.05 2.59 0.00 0.00 0.00 0.04 2.21 2.84 0.67 0.00 1.51 2.84 1.96 1.40 3.43 3.12 0.04 2.14 1.05 2.94 0.00 2.77 2.80 2.38 0.00 3.33 0.42 0.07 2.77 2.98 0.00 3.33 2.00 1.33 2.66 0.00 3.15 2.07 0.00 2.59 0.00 0.32 0.84 0.00 1.82 0.11 3.19 0.00 0.74 0.00 1.02 2.21 3.29 0.42 3.12 3.01 0.00 2.73 3.22 3.47 1.79 2.98
59 3.22 1.96 0.00 2.35 1.86 0.00 1.19 3.33 3.22 3.36 0.32 0.14 0.00 0.00 1.93 0.00 1.61 3.05 0.00 0.21 0.00 0.00 1.61 1.16 2.14 0.77 0.00 1.02 0.00 0.00 0.95 0.00 0.00 2.87 2.10 2.28 0.00 2.59 0.60 0.74 1.23 2.63 1.58 3.01 2.03 0.00 2.94 0.77 0.00 0.07 0.00 1.26 3.29 1.86 0.00 0.84 2.94 0.84 2.77 0.00 1.89 0.49 0.00 3.40 1.26 0.00 1.72 0.07 0.00 0.35 1.12 0.00 1.68 1.30 0.74 0.46 0.00 2.28 0.67 1.61 2.70 1.33 3.33 2.91 0.00 0.00 0.00 2.42 0.77 0.67 3.36 3.36 0.11 0.00 3.22 0.00 0.00 0.28 1.72 0.14
60 0.74 1.61 0.00 0.60 2.91 2.52 1.65 2.70 0.00 1.23 2.17 0.00 0.14 1.16 2.03 3.12 1.65 0.00 0.95 0.00 2.00 0.00 0.67 0.00 2.07 0.00 0.00 0.00 0.00 0.00 1.72 1.30 2.38 3.26 1.86 1.75 0.25 2.38 2.70 0.88 2.77 3.33 1.12 0.00 1.89 0.88 2.63 0.00 1.16 0.00 0.32 1.89 0.00 1.65 0.00 0.00 3.22 0.60 2.80 1.89 0.00 2.14 2.77 0.00 3.50 2.52 0.00 2.59 0.00 1.23 2.84 0.00 0.00 0.49 2.80 0.14 0.00 0.95 2.87 2.87 3.05 2.42 1.30 1.75 1.68 0.98 0.00 0.84 2.49 0.11 0.00 0.88 2.24 0.00 0.32 2.63 1.05 2.63 2.14 3.22
61 0.00 0.91 2.45 0.00 3.47 0.70 0.00 3.05 2.80 3.22 0.88 1.89 0.00 0.00 3.47 1.93 2.73 1.02 3.19 1.37 0.00 0.91 1.02 1.26 0.67 0.63 3.22 3.15 1.51 2.03 1.37 3.12 0.63 0.00 1.54 0.77 0.60 0.00 0.00 0.00 3.19 0.84 1.82 3.40 0.70 0.77 2.00 2.45 0.00 0.28 2.21 0.32 0.00 0.49 1.58 1.16 1.54 1.65 2.38 0.49 2.14 0.00 0.00 0.00 0.00 0.00 0.00 0.88 2.70 0.00 1.89 0.00 0.60 2.07 2.28 2.10 0.00 2.07 3.50 0.53 1.96 1.37 1.89 0.07 0.60 0.84 2.14 3.29 2.56 2.35 2.28 1.75 2.59 1.54 1.51 0.00 3.01 0.00 0.95 0.14
62 1.51 2.70 2.31 0.00 0.00 0.00 2.63 2.66 1.72 0.18 2.00 2.66 0.91 1.75 0.00 0.95 1.30 1.16 1.33 2.84 1.26 3.26 2.70 1.05 0.28 2.56 0.04 2.52 0.00 3.36 3.40 0.35 2.21 0.00 0.00 3.19 2.73 1.51 1.72 0.00 1.79 0.42 2.21 2.03 0.70 0.00 0.00 0.00 0.00 0.00 0.00 0.00 1.12 1.82 3.50 0.04 0.00 2.52 0.00 0.00 2.77 0.00 0.00 2.52 0.00 1.68 0.35 0.84 0.00 3.26 1.30 0.00 0.77 0.25 0.98 0.28 1.44 2.21 0.67 0.00 2.31 3.22 3.12 2.21 1.82 2.14 3.43 3.50 1.68 1.65 1.37 2.56 1.05 2.49 2.21 0.00 1.26 2.42 1.30 0.00
63 1.16 0.77 0.00 3.15 0.00 0.14 2.17 0.00 1.51 2.45 0.42 0.00 0.00 1.19 0.00 0.00 0.70 0.35 0.04 3.43 2.21 2.56 0.00 0.00 1.96 2.87 0.74 1.86 2.80 0.98 0.00 2.49 2.91 1.86 1.33 0.00 0.74 0.00 0.00 2.42 2.80 1.68 0.77 0.00 0.25 3.01 0.00 2.80 0.32 0.00 0.00 2.07 0.00 0.00 1.72 1.40 0.81 0.56 3.33 3.40 0.00 0.00 2.52 0.00 0.91 0.00 3.47 2.98 2.07 0.00 2.66 2.28 1.16 2.70 0.70 1.44 0.00 2.28 0.00 2.31 0.74 0.00 2.70 0.00 1.33 0.00 0.00 1.65 2.52 3.01 0.25 0.00 0.00 0.95 2.73 0.39 1.68 0.67 0.18 2.56
64 1.93 0.00 2.87 1.51 2.70 2.66 0.00 3.43 0.00 0.00 2.84 1.68 1.86 0.00 0.00 3.29 1.96 0.11 1.82 1.23 1.54 1.54 0.11 2.98 1.40 0.00 1.93 2.28 3.15 0.00 1.05 0.00 2.28 0.18 2.80 0.46 2.17 0.00 0.88 0.42 2.17 3.33 2.84 0.00 3.40 1.02 1.19 1.19 2.98 2.91 1.37 1.65 0.49 1.79 1.54 1.05 0.98 3.05 0.42 1.26 3.50 0.00 0.00 0.91 0.00 0.00 2.94 1.37 2.59 0.98 3.05 0.74 0.00 0.35 0.56 1.75 3.15 2.98 0.00 3.05 1.44 1.37 2.52 0.00 0.00 0.07 0.46 0.95 0.67 1.79 0.67 2.91 1.54 2.00 3.36 2.07 3.15 0.74 2.03 2.21
65 2.35 2.42 2.24 0.00 1.12 1.40 2.17 1.23 3.40 2.73 2.59 0.00 0.00 0.00 0.42 3.36 1.65 3.26 0.00 1.19 0.63 1.19 0.00 0.00 0.56 0.98 0.95 0.00 0.60 2.00 0.11 2.52 3.19 0.14 2.10 0.42 0.00 1.68 1.26 2.49 1.37 0.25 3.15 1.89 1.30 1.58 1.75 0.00 1.96 0.21 3.26 0.53 3.40 0.39 0.32 2.59 0.88 2.00 0.07 0.00 2.52 0.00 1.68 0.00 0.00 0.00 0.14 2.49 1.23 2.52 0.88 0.00 1.30 0.00 0.00 3.01 1.96 0.28 0.00 2.31 2.80 3.05 2.98 0.63 3.05 1.68 0.07 0.53 0.00 1.82 0.39 0.00 2.00 0.00 1.65 2.38 1.93 0.98 2.52 0.00
66 0.00 1.51 2.73 0.00 1.26 2.07 3.19 0.46 0.39 3.08 2.94 0.00 0.00 1.47 2.38 1.40 0.00 2.03 1.58 0.00 3.43 2.10 3.26 1.86 1.82 0.00 2.63 1.79 3.19 0.00 2.07 0.00 0.28 0.00 0.00 0.39 3.40 2.31 0.25 0.95 1.44 2.28 2.31 2.31 1.72 1.47 2.98 1.05 2.38 1.12 1.37 1.51 0.49 0.00 0.00 0.32 0.63 0.00 2.77 1.72 0.00 0.00 0.35 3.47 2.94 0.14 0.00 3.36 2.59 1.02 1.26 2.52 0.00 1.86 2.94 1.37 1.16 0.00 1.65 2.45 0.14 0.00 0.00 1.26 1.75 2.87 2.49 1.82 0.00 2.70 1.16 0.07 3.47 2.91 0.00 1.47 0.35 2.14 0.56 3.50
67 1.58 2.59 0.84 1.05 2.49 0.60 0.00 1.33 0.00 3.43 0.04 2.80 1.72 1.37 0.00 1.82 0.77 2.31 2.14 3.40 2.45 0.00 1.96 2.00 0.04 0.32 2.80 0.84 0.14 3.43 0.00 0.91 0.11 2.52 1.68 1.26 0.11 1.75 1.68 0.00 0.00 2.00 3.01 3.22 0.07 1.96 0.00 0.84 1.61 1.47 2.03 0.00 2.00 3.36 0.00 2.07 0.00 2.45 2.98 0.07 2.59 0.88 0.84 2.98 1.37 2.49 3.36 0.00 0.60 3.15 2.80 0.53 1.47 2.03 0.91 2.73 0.53 0.00 1.65 0.00 0.00 2.80 0.00 2.77 0.00 0.53 2.24 2.10 1.47 0.00 0.84 0.00 2.84 1.12 0.00 0.00 2.03 0.63 0.46 3.22
68 1.79 0.84 2.38 3.47 2.14 3.19 2.14 0.00 2.73 0.00 1.47 0.00 3.26 3.08 0.00 0.49 0.00 2.59 0.67 2.91 1.72 3.15 0.25 0.00 2.03 0.14 0.00 0.00 2.24 0.00 0.00 2.63 3.19 2.59 0.00 3.22 0.67 1.02 3.36 0.67 2.45 3.50 0.04 3.36 2.14 0.11 1.65 1.93 1.23 3.19 1.82 1.47 3.01 2.10 0.00 0.00 0.00 2.70 0.00 0.00 0.00 2.70 0.00 2.07 2.59 1.23 2.59 0.60 0.00 0.00 0.00 0.98 2.94 0.00 2.38 0.07 0.60 1.40 2.24 0.00 2.56 2.56 0.00 0.56 0.67 0.77 2.28 2.45 0.00 2.31 0.35 2.59 3.08 0.32 0.53 0.53 0.81 2.00 2.63 3.36
69 0.00 0.46 0.00 0.00 1.44 1.26 0.00 0.00 3.36 0.00 2.21 3.47 2.98 0.00 1.96 0.00 1.30 2.38 0.00 1.12 0.98 0.07 1.89 0.32 0.84 2.42 2.70 2.31 1.09 0.00 0.77 1.86 3.33 0.00 1.68 0.00 1.93 0.00 1.72 3.43 3.40 3.05 0.00 0.00 1.54 1.33 0.00 0.95 0.60 2.38 0.74 0.00 1.47 1.51 1.33 0.00 0.00 0.00 3.33 0.35 1.23 0.00 3.26 0.00 0.98 2.52 1.02 3.15 0.00 0.00 0.95 0.98 2.21 0.00 0.98 2.77 3.26 0.18 0.00 2.91 0.53 0.91 0.00 0.00 0.98 2.00 0.77 0.95 2.63 1.82 0.00 1.61 1.58 0.07 1.86 0.00 0.28 3.29 0.95 0.18
70 0.00 1.26 2.35 1.05 2.84 0.00 2.66 3.01 2.77 0.00 0.95 1.89 0.98 3.47 1.05 0.28 2.45 0.74 3.43 0.00 3.43 0.00 2.03 2.21 3.12 3.26 2.17 2.63 1.09 2.66 2.59 2.98 3.08 3.40 1.96 2.91 1.61 0.21 1.61 3.22 1.09 0.11 0.00 2.49 1.72 1.89 1.12 3.43 0.77 0.81 3.15 3.40 0.00 0.00 0.00 1.37 0.00 3.43 2.00 1.12 2.84 1.89 1.30 2.66 3.05 0.88 1.26 2.80 0.00 0.95 0.00 2.38 2.24 1.65 2.73 0.35 0.21 0.00 1.61 0.60 1.82 0.21 2.66 0.35 1.33 0.00 0.00 3.40 0.00 1.93 2.80 0.00 3.08 1.16 3.15 1.75 0.00 0.00 0.81 1.96
71 1.09 2.73 0.00 1.86 1.86 0.49 0.04 1.68 1.58 0.00 2.14 2.03 2.49 1.30 1.37 1.33 0.00 0.00 0.00 3.15 1.05 3.15 0.74 0.00 0.00 0.98 0.00 0.00 2.56 0.18 2.63 0.00 1.44 1.12 2.66 0.14 0.00 2.10 0.00 0.39 1.86 3.08 1.23 0.88 0.28 1.12 1.89 2.28 2.21 0.00 3.29 2.80 0.84 3.40 0.04 2.24 1.40 3.43 1.33 0.00 0.00 0.00 0.00 2.28 0.74 0.00 2.52 0.53 0.98 0.98 2.38 0.00 0.88 0.00 2.03 1.37 0.00 1.51 0.63 2.52 0.07 1.12 0.42 0.28 1.96 0.00 2.07 3.12 2.91 2.77 1.47 1.05 2.52 1.82 1.26 3.05 2.98 0.00 2.14 0.00
72 0.00 0.00 1.51 0.53 0.63 0.91 2.77 3.22 0.00 0.00 0.46 0.00 3.36 3.19 0.00 0.77 3.15 1.40 1.40 2.84 0.00 0.18 0.14 2.91 0.07 1.96 0.00 0.00 3.01 2.98 1.82 0.70 3.36 1.82 3.50 1.65 3.26 2.70 0.00 0.56 0.00 0.60 0.00 0.00 3.33 1.23 0.00 0.67 0.00 2.42 0.00 1.47 0.00 2.73 0.00 0.00 0.35 2.00 2.66 1.68 0.00 0.60 0.77 1.16 0.00 1.30 0.00 1.47 2.94 2.21 2.24 0.88 0.00 0.00 1.61 2.28 0.49 1.51 3.05 0.56 0.00 0.00 2.35 0.91 1.16 2.77 2.35 0.53 3.05 1.47 2.91 3.22 1.33 1.12 0.28 3.36 1.16 1.30 1.02 1.61
73 1.23 1.93 0.56 0.35 1.93 3.29 1.68 3.50 0.00 3.29 0.00 1.02 0.00 0.00 3.50 0.00 1.02 1.16 2.03 2.10 3.36 0.00 0.11 0.00 0.00 1.09 0.00 1.26 3.29 3.29 1.54 1.23 0.91 0.67 3.08 1.93 3.01 1.93 0.88 0.63 2.84 0.67 0.63 2.59 2.49 0.39 1.72 0.53 0.00 0.07 1.79 1.82 0.53 1.30 3.50 0.00 0.46 2.38 0.00 1.30 0.49 2.07 0.25 2.70 0.35 0.00 1.86 2.03 0.00 0.00 1.65 0.00 0.00 0.00 0.00 2.98 0.00 0.11 2.28 1.86 1.89 0.21 1.65 2.31 3.19 0.70 0.25 2.00 1.02 0.00 0.00 2.31 0.42 0.00 0.95 0.49 2.24 3.36 0.42 1.58
74 0.35 2.14 0.00 0.00 0.00 0.53 0.00 0.00 0.00 0.00 2.70 1.75 0.00 0.67 0.00 1.75 0.63 2.17 0.00 2.77 1.09 2.00 0.07 1.40 2.98 0.32 0.53 2.14 0.00 1.12 0.00 3.19 0.46 0.00 1.23 2.94 1.61 0.00 2.98 2.24 0.00 2.77 0.35 2.80 3.40 0.39 2.14 2.03 2.24 1.61 2.80 1.44 0.00 1.72 2.98 0.00 2.00 0.04 3.15 0.74 2.80 2.28 0.98 0.70 0.56 0.00 2.94 0.91 2.38 0.98 2.73 2.03 1.61 0.00 0.00 0.18 3.36 0.00 1.93 1.86 2.07 1.26 0.00 3.15 1.65 1.02 1.44 0.00 0.32 2.52 0.60 2.49 1.65 0.11 1.58 0.49 2.00 0.63 2.59 0.98
75 2.77 1.86 0.00 0.35 0.00 3.29 0.39 3.47 2.24 1.09 1.75 1.89 2.14 2.80 0.74 0.00 1.58 0.00 1.33 1.26 1.72 0.00 2.49 0.00 1.05 2.63 2.35 0.49 0.00 1.40 2.73 0.46 1.96 0.42 1.72 0.77 1.54 0.77 0.74 3.08 2.45 1.72 0.00 0.91 3.33 0.77 3.05 1.37 1.51 1.93 0.32 0.00 0.00 1.30 0.84 1.79 0.67 0.81 2.07 0.46 0.14 2.10 0.28 1.44 1.75 3.01 1.37 2.73 0.07 2.77 0.35 1.37 2.28 2.98 0.18 0.00 0.00 0.00 0.00 2.63 0.00 3.50 0.81 2.07 3.43 3.29 0.74 0.74 0.70 2.38 0.00 3.15 1.72 3.40 1.68 1.26 2.14 0.28 0.25 1.65
76 3.22 0.77 0.49 1.54 1.09 0.00 2.00 0.81 0.67 0.70 0.00 2.17 0.00 1.30 2.84 1.30 2.10 0.00 2.73 0.00 1.44 2.21 0.63 3.43 0.00 1.12 0.00 1.72 3.08 1.05 1.05 1.51 0.00 0.00 2.52 0.14 0.28 0.00 2.49 2.84 0.00 2.45 1.96 0.00 3.01 2.45 0.00 1.68 0.00 0.49 0.95 0.63 3.01 3.40 3.33 0.98 0.00 0.21 0.00 0.00 0.00 0.00 1.44 0.00 3.15 1.96 1.16 0.53 0.60 3.26 0.21 0.00 0.49 0.00 3.36 0.00 0.00 2.03 2.80 0.00 0.00 3.15 1.30 3.12 0.00 3.19 0.00 0.00 0.00 1.61 2.63 2.24 3.43 0.60 3.05 0.63 3.01 0.63 0.28 0.91
77 3.26 1.51 1.86 3.33 2.94 3.15 1.51 0.98 0.00 2.49 3.19 2.94 0.25 3.01 0.84 0.18 0.42 2.52 2.21 3.47 3.08 0.84 0.25 0.00 0.25 0.84 0.00 1.44 2.14 2.03 3.47 2.45 1.33 2.73 3.19 0.00 0.00 2.73 0.00 0.56 2.45 1.26 0.00 1.96 0.14 1.72 1.96 0.67 1.51 3.36 3.40 1.23 3.05 2.17 0.77 0.00 3.29 0.21 2.59 2.28 0.95 2.07 2.21 2.28 2.98 0.28 0.00 0.00 1.40 0.18 0.00 1.51 1.51 0.11 0.00 0.00 2.03 0.00 0.21 1.23 0.46 2.24 1.30 1.68 1.37 1.02 3.36 1.72 3.43 2.21 1.33 3.26 2.42 0.00 0.70 1.37 0.04 1.54 0.00 1.51
78 0.56 0.91 1.65 2.87 2.91 0.53 0.81 3.40 2.10 3.47 2.80 1.82 1.82 0.91 2.80 1.09 2.10 2.00 0.04 0.00 0.00 0.00 3.08 2.31 2.21 1.75 3.36 0.00 0.00 0.04 1.68 2.14 0.00 1.33 2.03 1.02 0.00 1.16 2.91 2.49 3.01 0.63 0.00 0.95 2.84 1.51 0.00 1.51 3.47 0.00 3.26 1.05 1.40 0.04 3.43 1.33 0.00 1.54 0.00 0.67 2.87 3.50 0.67 0.00 0.00 0.00 1.65 1.65 2.24 0.00 1.61 0.63 3.05 2.28 1.93 0.00 2.80 0.21 0.00 0.60 3.01 1.16 0.00 2.49 0.00 1.51 3.47 1.40 2.07 1.12 3.12 0.00 2.66 0.00 0.39 1.82 1.44 0.46 0.00 1.09
79 1.72 2.35 3.50 0.00 1.58 2.84 0.81 1.23 2.91 0.00 2.70 0.84 1.54 1.75 0.98 0.00 0.88 2.63 1.93 0.49 0.00 0.00 3.36 2.38 0.46 0.67 0.00 2.52 1.40 2.91 0.00 0.00 0.88 3.33 1.30 0.00 1.05 1.33 0.49 3.47 0.46 1.96 0.00 2.24 2.00 0.00 0.60 2.10 3.01 0.35 0.00 1.09 3.26 3.15 1.37 2.42 0.60 0.28 0.32 1.61 2.87 0.53 0.00 2.31 3.05 2.31 2.45 0.00 0.00 2.91 0.60 2.52 0.56 1.86 1.86 2.63 0.00 1.23 0.60 0.00 1.82 1.02 1.65 1.72 2.21 0.00 0.00 0.00 0.00 3.29 2.45 3.15 0.00 1.79 3.01 0.00 0.00 1.37 0.00 0.00
80 0.70 0.53 0.00 0.00 2.49 3.36 2.42 1.61 0.70 1.72 0.60 2.49 1.82 2.21 0.00 0.91 0.00 0.00 0.00 2.03 0.67 3.40 0.11 0.00 2.98 0.00 3.36 3.29 1.89 0.00 0.00 1.44 3.50 0.00 1.61 0.32 3.05 0.00 1.65 1.82 1.93 0.04 3.12 0.28 1.33 0.14 2.63 2.03 2.63 1.72 0.91 2.31 0.74 2.17 0.00 0.74 1.72 1.26 0.84 2.70 3.05 1.96 2.31 0.74 1.44 2.80 0.14 0.00 2.56 0.53 1.82 0.07 0.00 1.89 2.07 0.00 0.00 0.46 3.01 1.82 0.00 0.00 2.66 0.00 2.84 0.00 0.84 1.51 1.02 2.45 0.63 0.35 0.11 0.32 1.61 0.00 2.66 2.17 2.17 0.46
81 0.00 0.00 0.04 0.00 2.49 0.00 3.26 2.59 1.58 0.00 1.75 0.35 2.66 0.11 0.21 2.56 2.63 0.98 0.32 3.47 3.05 2.00 1.82 0.00 1.61 3.29 0.70 0.74 2.87 1.68 1.82 2.84 0.53 0.00 1.30 0.00 0.00 3.40 1.19 2.98 2.49 0.56 0.00 1.16 0.00 0.04 3.01 0.00 1.47 0.00 1.19 2.98 1.33 1.30 0.32 2.56 0.00 0.00 0.00 1.33 2.42 1.37 3.22 0.00 1.37 3.05 0.00 2.80 2.56 0.91 0.21 1.12 0.00 0.21 1.26 3.50 3.15 2.24 1.16 1.02 0.00 0.00 3.43 1.93 1.58 1.89 2.77 2.00 2.98 0.21 1.16 1.44 0.00 3.29 3.19 0.00 1.05 2.03 0.00 2.10
82 1.09 1.05 0.00 0.21 0.00 3.08 3.33 0.00 1.02 0.39 0.00 1.51 2.87 0.84 0.00 1.44 0.56 2.10 0.00 0.63 3.40 0.28 2.80 0.67 2.31 2.98 3.05 1.33 0.63 1.58 0.07 2.98 1.47 3.43 1.30 0.46 1.30 0.18 3.36 1.61 0.00 0.00 3.40 2.52 0.00 3.50 0.91 3.22 0.00 3.33 2.77 0.00 3.19 0.00 0.60 2.98 0.67 1.16 1.82 3.33 1.30 1.89 3.12 2.70 2.52 2.98 0.00 0.00 0.00 0.00 2.66 0.42 2.35 1.65 0.00 0.81 1.30 1.30 0.00 1.65 2.66 3.43 0.00 0.60 0.88 0.25 1.68 2.07 3.26 0.00 0.42 1.30 0.00 0.00 1.02 1.72 2.00 2.10 0.00 0.77
83 2.73 0.00 0.00 2.42 2.00 0.00 0.49 1.02 2.00 0.00 0.00 2.10 3.43 1.82 0.28 0.00 3.43 1.82 0.04 0.00 0.14 1.82 1.89 0.00 1.02 3.29 2.77 0.14 1.51 2.87 0.77 2.21 0.00 0.00 1.33 0.70 2.38 0.00 0.00 0.00 0.07 0.39 1.33 0.00 0.42 1.54 2.98 0.00 1.47 0.70 2.94 0.00 0.00 1.12 2.31 2.94 1.68 0.00 0.11 2.91 1.75 0.07 2.21 0.00 0.00 0.63 1.26 2.77 0.56 0.00 0.35 0.28 0.91 2.31 3.15 2.07 3.12 1.68 2.49 1.72 0.00 1.93 0.60 0.00 2.17 1.05 3.15 1.33 2.21 2.14 0.00 3.05 0.00 2.52 1.51 0.00 0.14 0.00 0.00 1.19
84 3.29 0.18 0.00 0.00 0.35 2.84 2.98 1.51 0.00 2.66 1.93 1.40 2.28 0.25 0.00 3.15 1.26 1.96 1.30 1.30 1.51 1.58 2.00 2.42 3.26 1.82 0.00 0.91 0.25 1.47 1.61 0.00 0.00 2.49 2.77 1.30 0.56 0.35 0.00 0.32 2.24 3.29 2.56 0.46 0.56 1.51 0.00 2.31 0.00 0.00 0.07 1.30 0.00 3.05 0.00 2.59 0.35 0.11 3.19 0.00 1.68 0.60 1.82 1.33 0.00 3.05 1.75 0.00 0.67 0.98 1.33 1.96 1.16 3.19 1.65 3.43 0.00 1.37 0.00 2.21 2.84 1.58 0.88 2.17 0.00 0.00 2.07 3.22 3.47 3.01 0.00 0.00 0.00 2.84 2.52 2.52 0.21 2.28 1.12 0.25
85 1.05 3.15 0.00 0.00 0.00 3.12 0.00 0.00 0.00 0.00 0.00 3.47 3.33 0.77 0.77 3.01 0.25 2.84 1.79 1.26 0.00 1.16 3.01 0.00 3.47 0.00 2.45 1.79 1.51 0.91 1.23 2.66 0.00 1.75 0.60 3.43 2.38 0.00 2.84 0.32 2.80 1.33 0.91 3.08 1.86 2.45 1.89 0.00 3.01 1.44 0.53 1.26 1.33 0.00 0.00 1.68 1.19 0.00 0.00 0.00 0.98 0.84 2.14 0.00 0.07 1.68 2.87 0.53 0.77 2.00 0.00 0.00 2.77 0.70 1.02 3.29 3.19 1.02 1.51 0.00 0.00 1.89 0.25 1.05 0.00 0.00 0.00 1.51 0.11 1.79 1.09 0.00 3.12 0.21 2.80 1.54 0.53 0.00 1.16 2.14
86 2.84 0.00 2.28 0.21 1.58 1.58 0.00 2.14 2.00 0.81 2.70 2.03 0.00 2.59 0.00 1.89 0.91 0.00 1.05 1.58 0.00 1.96 0.88 0.00 2.49 0.07 1.40 2.10 2.87 0.77 0.00 0.88 0.00 0.04 1.51 2.84 0.00 0.84 0.00 1.54 1.26 1.12 1.40 0.95 0.00 0.00 0.00 0.00 0.00 3.05 2.10 3.40 1.68 0.11 3.12 3.05 0.00 0.00 0.74 0.00 0.00 2.14 3.43 0.00 0.46 0.07 2.49 2.24 2.28 0.77 0.00 2.07 2.35 0.25 1.44 0.74 0.00 3.36 3.47 0.00 0.84 2.77 1.68 3.15 2.07 0.00 0.00 0.14 2.52 0.00 3.29 0.35 0.25 1.61 0.00 1.47 0.46 0.21 0.56 3.01
87 0.21 0.00 2.10 1.93 1.54 1.26 0.00 1.93 0.11 0.00 0.00 0.00 1.58 2.45 1.44 0.67 2.45 1.40 0.81 0.00 2.94 2.00 2.45 0.25 0.00 2.56 1.16 2.00 2.59 2.38 2.70 0.00 0.28 2.24 0.60 0.00 0.00 1.12 1.89 1.51 0.00 0.32 0.00 0.81 1.37 2.21 2.87 1.37 2.03 2.07 2.10 0.00 1.26 1.68 2.42 0.00 2.21 0.00 0.00 2.42 0.84 3.29 3.50 1.65 0.95 0.53 1.82 2.10 2.45 0.95 3.40 3.12 0.53 2.00 0.00 0.74 0.00 1.72 1.40 0.00 1.51 2.00 2.07 1.33 3.22 1.51 0.14 0.00 1.58 0.00 3.40 2.17 0.00 1.47 1.30 0.07 3.33 0.00 0.00 1.93
88 0.25 2.35 1.47 2.42 2.21 2.59 0.11 1.47 3.33 2.63 3.15 3.12 2.03 1.86 3.36 0.00 0.67 0.11 0.00 2.45 3.12 0.00 2.49 1.02 1.09 1.86 3.29 3.50 0.00 0.00 0.00 2.21 0.00 0.00 0.00 0.00 0.84 0.84 0.00 0.00 0.70 0.77 3.36 2.28 1.86 0.18 0.77 1.65 0.39 1.05 1.47 0.00 1.96 3.33 0.14 2.38 0.42 2.70 1.02 0.77 2.49 2.56 1.68 2.52 0.67 0.00 0.00 1.47 0.00 2.63 0.00 2.91 3.05 1.02 0.32 0.70 0.00 3.43 2.07 0.00 1.02 2.98 3.26 2.21 3.47 0.11 2.52 1.58 0.00 0.81 0.00 0.00 0.00 1.19 0.46 2.10 0.00 0.14 2.73 0.00
89 3.36 0.00 0.14 0.00 0.00 2.14 1.93 3.05 1.30 0.00 1.75 0.00 0.70 1.40 1.19 1.51 3.43 1.79 1.93 1.12 0.42 2.10 2.03 0.00 3.43 0.00 0.00 2.59 0.63 2.70 1.65 3.01 2.87 2.73 2.21 0.70 1.09 3.08 0.00 0.46 2.42 0.00 1.51 3.40 0.00 1.58 1.61 0.00 0.42 1.86 0.67 0.00 0.00 0.00 1.89 0.00 1.40 2.73 2.21 0.67 0.11 2.35 1.65 3.01 1.79 1.82 2.70 0.00 2.31 1.82 1.93 2.77 1.47 0.00 2.52 2.38 1.61 2.21 1.12 3.29 2.45 0.21 0.00 2.14 3.01 1.79 0.00 0.00 0.81 0.00 3.47 1.02 3.43 2.84 2.17 0.00 1.05 0.74 1.68 0.00
90 0.00 0.53 3.05 0.00 1.02 0.00 0.04 0.00 1.68 0.00 0.35 0.00 3.29 1.26 3.15 2.24 0.98 2.84 1.12 0.00 3.40 0.00 2.14 1.89 0.00 1.05 0.74 3.22 3.26 0.00 1.30 1.65 2.94 0.00 3.22 0.88 0.28 0.84 1.33 0.42 1.23 3.33 0.00 1.37 2.70 1.30 3.43 2.38 3.33 0.00 0.00 1.75 0.00 2.77 2.28 3.01 3.50 2.73 3.29 3.36 0.00 2.28 1.37 0.25 0.67 0.39 1.16 0.84 0.35 0.00 2.80 1.47 2.91 0.00 0.60 0.00 2.63 1.33 3.12 2.45 0.63 1.16 0.42 0.00 0.00 1.09 3.29 3.40 0.00 3.47 0.00 3.40 1.37 0.11 2.42 0.53 2.91 2.66 0.00 0.32
91 0.53 1.16 0.04 0.00 1.40 0.00 0.00 1.54 0.04 0.00 0.00 0.00 1.51 2.87 0.00 0.11 0.00 0.63 0.00 2.03 3.05 2.70 0.74 0.00 0.00 2.45 2.80 1.44 1.47 1.30 2.21 0.39 2.17 2.28 3.05 0.00 0.14 3.22 2.59 0.00 2.00 0.00 0.70 2.17 0.00 0.14 3.36 0.00 0.00 1.65 0.00 0.00 2.56 0.00 3.15 1.54 3.22 0.00 0.42 3.36 0.88 1.75 2.56 0.00 2.91 0.00 0.07 0.00 2.59 1.61 0.00 1.05 3.22 2.31 2.49 3.15 2.24 3.26 0.00 3.15 0.35 1.44 1.30 3.05 0.00 0.00 0.35 2.17 0.00 1.02 3.40 0.00 2.35 0.00 0.00 0.00 0.42 2.94 3.47 1.02
92 0.32 1.51 0.00 1.12 1.68 1.72 1.96 3.36 3.05 2.31 0.00 0.14 0.00 0.00 0.28 0.91 0.00 2.42 2.42 3.22 0.00 0.00 3.47 1.47 2.49 0.00 0.84 2.94 0.67 1.33 0.63 0.00 3.08 1.26 1.23 1.16 0.00 0.00 1.19 2.73 0.00 1.54 0.00 0.00 2.98 3.29 0.00 0.67 0.00 0.67 0.00 2.94 1.93 0.28 2.59 3.47 0.00 0.84 3.12 0.11 2.24 2.59 1.05 0.00 1.54 2.00 3.47 2.84 3.08 1.58 3.08 2.52 1.33 0.42 1.65 1.72 3.43 2.42 2.66 0.00 0.11 0.00 0.00 0.00 0.00 3.12 0.25 0.00 0.00 3.43 1.37 2.35 0.00 2.84 0.00 0.25 1.30 3.01 0.81 0.00
93 0.88 2.28 2.59 0.77 2.00 0.00 2.10 2.91 0.21 0.00 0.77 0.00 0.63 0.67 1.09 2.28 1.37 0.74 1.16 3.26 0.00 2.42 0.28 2.98 2.38 0.98 0.95 1.26 0.00 0.00 2.07 1.44 1.16 0.63 1.68 2.52 1.96 0.00 1.26 3.50 0.00 0.00 0.00 0.42 1.54 2.14 0.63 0.63 1.02 0.28 0.00 0.42 2.73 2.56 2.28 1.65 2.63 2.07 3.01 0.00 0.00 1.54 2.49 0.95 2.00 0.00 2.91 1.12 0.32 0.07 1.16 1.82 1.12 0.00 0.11 3.40 0.60 0.00 0.00 1.79 0.32 3.29 0.00 2.52 2.84 0.21 1.61 1.47 1.19 2.84 0.11 0.00 2.84 0.00 1.75 2.31 1.12 0.00 0.00 3.08
94 1.65 3.43 2.24 0.95 3.50 2.66 0.67 2.38 0.00 2.59 1.51 1.19 1.61 2.59 1.16 1.30 2.28 0.00 0.00 0.00 2.35 1.23 0.46 2.59 0.95 0.14 0.00 0.00 2.56 3.40 0.63 0.14 0.00 0.00 0.21 0.00 0.91 3.26 1.12 0.00 0.00 0.00 0.00 0.95 2.38 0.00 0.00 0.00 0.00 0.04 0.00 0.00 0.00 1.23 0.84 1.86 2.38 3.29 0.00 3.22 0.32 1.51 2.21 2.73 3.36 1.65 0.00 0.00 0.53 1.86 3.15 1.26 0.28 0.95 1.58 1.68 3.05 0.70 0.39 3.01 1.61 3.19 1.02 1.51 2.52 2.80 0.00 1.30 0.46 2.17 2.42 0.00 0.00 1.75 0.00 0.00 2.98 0.63 0.14 3.22
95 0.00 2.52 0.00 0.00 0.00 0.00 3.29 0.88 2.63 1.51 1.89 1.30 0.49 1.40 2.87 1.44 2.00 0.00 2.21 0.00 0.00 1.37 2.38 1.16 0.70 0.00 2.87 2.28 0.70 2.00 0.60 0.07 1.54 0.00 3.33 3.26 0.00 0.00 2.63 2.80 0.63 0.00 1.12 0.00 1.02 3.43 1.58 3.08 1.82 2.38 2.66 0.07 0.00 0.00 1.75 0.00 1.72 0.21 2.73 0.00 2.63 0.00 0.00 0.39 2.07 2.38 1.47 0.00 0.53 0.00 1.75 3.05 3.36 0.49 0.49 1.26 0.63 1.37 1.82 0.00 0.00 0.00 1.72 0.00 2.52 1.54 1.47 0.07 2.10 0.00 0.53 0.00 0.25 2.31 0.00 0.00 0.00 0.81 2.00 2.21
96 0.00 0.00 1.40 1.82 1.75 0.00 0.63 0.95 0.00 1.61 0.53 2.63 2.91 0.18 2.31 2.80 0.39 2.42 2.31 0.00 2.94 0.00 1.54 2.84 0.00 0.00 0.74 0.98 1.05 1.12 0.00 3.43 0.28 0.00 3.40 0.00 0.00 3.40 1.44 0.18 0.00 0.53 1.05 1.26 2.14 0.67 1.40 0.81 3.47 2.07 1.93 2.91 0.25 2.56 0.00 0.67 2.21 0.49 3.22 0.00 1.05 3.01 1.26 1.68 3.15 1.93 0.35 2.03 0.81 0.28 0.00 2.98 1.16 2.24 2.00 2.14 3.01 0.04 1.44 0.00 2.66 1.05 2.00 0.14 0.21 0.53 0.46 3.33 0.00 1.05 2.91 0.42 1.30 1.12 2.98 0.00 0.00 0.00 1.37 1.16
97 1.02 0.00 1.89 2.07 0.00 0.74 0.00 2.84 1.58 2.03 2.24 0.00 0.00 0.11 1.96 0.00 1.79 0.25 0.04 1.96 2.84 1.93 0.81 1.75 0.00 3.29 1.68 1.82 1.40 1.86 2.77 2.59 0.00 0.00 0.00 1.61 2.52 0.07 0.00 0.00 0.00 0.00 0.91 0.14 1.19 1.82 2.35 1.44 2.03 0.00 2.28 0.46 2.31 0.77 0.07 0.53 0.00 2.24 3.47 0.28 2.63 0.00 2.42 0.67 0.74 0.98 2.14 0.63 2.00 3.29 0.00 0.00 1.30 3.36 0.63 0.28 0.63 1.54 0.46 1.37 2.17 2.03 2.10 0.00 2.28 0.00 0.21 0.00 0.14 0.74 2.66 2.94 3.01 0.00 0.63 0.81 0.00 0.00 2.98 2.21
98 0.00 0.00 0.00 0.00 2.38 0.63 0.00 0.74 0.11 1.89 0.00 1.93 2.91 2.24 0.25 0.95 3.05 0.00 0.39 0.00 0.00 2.91 0.28 2.07 1.12 1.51 0.88 0.00 1.68 2.73 0.60 0.14 1.75 0.35 0.84 3.26 2.52 0.00 1.96 2.35 2.56 1.19 2.91 3.36 3.12 3.08 1.51 2.21 2.70 0.00 1.72 1.16 2.07 2.00 1.82 2.49 0.00 0.56 1.79 1.72 2.14 0.95 1.30 0.18 2.03 2.52 0.56 0.46 2.63 0.95 0.81 2.14 1.02 0.42 2.59 0.25 0.28 0.00 0.00 0.00 2.17 0.00 0.00 0.00 1.12 1.16 0.56 0.00 2.73 1.68 0.00 3.47 0.81 0.00 0.14 2.00 1.37 2.98 0.00 0.00
99 3.22 1.79 2.94 2.17 0.00 1.86 0.00 2.77 3.01 0.00 0.00 2.07 0.00 2.80 2.10 0.00 1.23 0.00 0.77 0.63 2.80 0.74 0.81 0.21 1.54 0.00 0.00 3.01 3.15 2.84 0.00 2.63 0.00 3.12 0.00 0.00 0.00 3.15 0.00 2.03 0.00 0.00 3.40 0.00 0.00 2.56 0.11 3.36 1.79 0.00 1.61 3.15 0.00 1.26 0.95 0.49 0.00 2.73 2.98 0.14 3.22 0.14 0.00 2.56 2.21 0.00 3.50 3.22 3.36 0.18 1.96 0.00 1.61 1.58 0.98 1.65 0.91 1.51 1.09 0.00 0.46 2.10 0.77 1.19 0.25 2.14 3.01 1.93 0.00 0.00 0.32 1.02 0.00 3.08 3.22 2.21 1.16 2.21 0.00 0.00

ITEMS
nominal_profits 78.00 55.00 80.00 80.00 100.00 18.00 0.00 99.00 39.00 47.00 89.00 0.00 63.00 0.00 38.00 20.00 30.00 76.00 66.00 56.00 95.00 0.00 76.00 97.00 0.00 0.00 81.00 0.00 0.00 83.00 28.00 77.00 0.00 73.00 30.00 0.00 66.00 70.00 82.00 70.00 95.00 42.00 0.00 0.00 6.00 71.00 19.00 93.00 76.00 0.00 9.00 0.00 0.00 20.00 0.00 58.00 0.00 0.00 78.00 47.00 5.00 72.00 0.00 15.00 29.00 91.00 0.00 43.00 53.00 56.00 65.00 0.00 65.00 0.00 15.00 0.00 73.00 10.00 55.00 24.00 24.00 100.00 0.00 0.00 0.00 41.00 35.00 32.00 0.00 0.00 63.00 90.00 4.00 26.00 81.00 0.00 32.00 32.00 17.00 14.00
weights 19 17 50 10 24 24 26 4 41 1 42 41 14 45 28 15 20 15 26 14 28 12 50 48 3 19 40 33 34 32 38 15 25 40 25 35 31 35 25 12 12 14 2 15 50 34 2 44 41 13 22 50 25 45 47 44 9 34 13 34 7 31 28 23 50 28 34 46 12 36 37 20 35 40 3 24 32 16 19 23 34 16 45 21 42 50 45 18 11 42 41 50 12 9 24 15 5 47 14 31
capacity 1542
k_max 73

COMMENTS
original_pairwise_profits
0 0.00 0.00 70.00 89.00 9.00 0.00 99.00 79.00 63.00 0.00 0.00 0.00 0.00 63.00 97.00 0.00 51.00 0.00 46.00 59.00 10.00 33.00 0.00 85.00 0.00 41.00 0.00 0.00 39.00 59.00 83.00 87.00 49.00 78.00 66.00 57.00 76.00 94.00 26.00 48.00 54.00 74.00 12.00 68.00 57.00 0.00 82.00 0.00 47.00 68.00 9.00 56.00 0.00 43.00 10.00 0.00 20.00 0.00 0.00 92.00 21.00 0.00 43.00 33.00 55.00 67.00 0.00 45.00 51.00 0.00 0.00 31.00 0.00 35.00 10.00 79.00 92.00 93.00 16.00 49.00 20.00 0.00 31.00 78.00 94.00 30.00 81.00 6.00 7.00 96.00 0.00 15.00 9.00 25.00 47.00 0.00 0.00 29.00 0.00 92.00
1 0.00 0.00 23.00 0.00 60.00 61.00 80.00 68.00 0.00 38.00 81.00 0.00 62.00 15.00 27.00 18.00 66.00 80.00 93.00 98.00 0.00 0.00 93.00 68.00 14.00 30.00 15.00 41.00 60.00 95.00 0.00 91.00 68.00 0.00 3.00 24.00 70.00 13.00 7.00 27.00 22.00 0.00 84.00 0.00 63.00 68.00 35.00 59.00 1.00 40.00 0.00 24.00 0.00 0.00 76.00 13.00 32.00 0.00 13.00 56.00 46.00 26.00 77.00 22.00 0.00 69.00 43.00 74.00 24.00 13.00 36.00 78.00 0.00 55.00 61.00 53.00 22.00 43.00 26.00 67.00 15.00 0.00 30.00 0.00 5.00 90.00 0.00 0.00 67.00 0.00 15.00 33.00 43.00 65.00 98.00 72.00 0.00 0.00 0.00 51.00
2 70.00 23.00 0.00 12.00 36.00 44.00 62.00 16.00 13.00 0.00 24.00 0.00 48.00 11.00 54.00 46.00 24.00 57.00 98.00 0.00 0.00 2.00 72.00 33.00 82.00 0.00 72.00 46.00 0.00 23.00 51.00 11.00 85.00 22.00 58.00 0.00 32.00 50.00 69.00 45.00 14.00 0.00 61.00 95.00 84.00 0.00 41.00 59.00 76.00 100.00 88.00 0.00 9.00 0.00 24.00 20.00 16.00 36.00 0.00 0.00 0.00 70.00 66.00 0.00 82.00 64.00 78.00 24.00 68.00 0.00 67.00 0.00 43.00 16.00 0.00 0.00 14.00 53.00 47.00 100.00 0.00 1.00 0.00 0.00 0.00 0.00 65.00 60.00 42.00 4.00 87.00 1.00 0.00 74.00 64.00 0.00 40.00 54.00 0.00 84.00
3 89.00 0.00 12.00 0.00 0.00 85.00 61.00 0.00 80.00 97.00 67.00 45.00 2.00 13.00 0.00 0.00 96.00 0.00 50.00 2.00 32.00 0.00 92.00 0.00 53.00 10.00 25.00 80.00 47.00 71.00 23.00 87.00 0.00 0.00 6.00 68.00 77.00 39.00 0.00 12.00 9.00 83.00 36.00 16.00 51.00 35.00 72.00 0.00 51.00 0.00 48.00 21.00 2.00 80.00 0.00 7.00 0.00 44.00 2.00 67.00 17.00 0.00 0.00 90.00 43.00 0.00 0.00 30.00 99.00 0.00 30.00 53.00 15.00 10.00 0.00 10.00 44.00 95.00 82.00 0.00 0.00 0.00 6.00 69.00 0.00 0.00 6.00 55.00 69.00 0.00 0.00 0.00 32.00 22.00 27.00 0.00 52.00 59.00 0.00 62.00
4 9.00 60.00 36.00 0.00 0.00 11.00 69.00 39.00 0.00 33.00 42.00 54.00 0.00 71.00 61.00 90.00 0.00 0.00 0.00 30.00 5.00 0.00 5.00 50.00 74.00 14.00 50.00 14.00 69.00 40.00 0.00 94.00 22.00 1.00 31.00 70.00 0.00 65.00 53.00 33.00 32.00 0.00 0.00 37.00 29.00 0.00 15.00 12.00 96.00 88.00 44.00 56.00 6.00 41.00 18.00 85.00 21.00 84.00 0.00 53.00 83.00 99.00 0.00 0.00 77.00 32.00 36.00 71.00 61.00 41.00 81.00 53.00 18.00 55.00 0.00 0.00 31.00 84.00 83.00 45.00 71.00 71.00 0.00 57.00 10.00 0.00 45.00 44.00 63.00 0.00 29.00 40.00 48.00 57.00 100.00 0.00 50.00 0.00 68.00 0.00
5 0.00 61.00 44.00 85.00 11.00 0.00 89.00 0.00 0.00 43.00 33.00 0.00 73.00 3.00 82.00 48.00 50.00 54.00 68.00 13.00 38.00 17.00 46.00 10.00 40.00 68.00 28.00 1.00 89.00 81.00 31.00 79.00 1.00 2.00 0.00 69.00 27.00 87.00 63.00 18.00 0.00 0.00 37.00 59.00 48.00 70.00 59.00 98.00 24.00 0.00 19.00 91.00 0.00 5.00 21.00 46.00 0.00 0.00 23.00 0.00 72.00 20.00 0.00 4.00 76.00 40.00 59.00 17.00 91.00 36.00 0.00 14.00 26.00 94.00 15.00 94.00 0.00 90.00 15.00 81.00 96.00 0.00 88.00 0.00 81.00 89.00 45.00 36.00 74.00 61.00 0.00 0.00 49.00 0.00 76.00 0.00 0.00 21.00 18.00 53.00
6 99.00 80.00 62.00 61.00 69.00 89.00 0.00 52.00 26.00 22.00 28.00 0.00 41.00 77.00 62.00 4.00 0.00 36.00 72.00 85.00 49.00 51.00 20.00 93.00 0.00 32.00 63.00 40.00 75.00 0.00 53.00 38.00 41.00 69.00 0.00 74.00 36.00 63.00 9.00 0.00 78.00 4.00 0.00 95.00 20.00 81.00 0.00 31.00 0.00 56.00 27.00 54.00 60.00 95.00 8.00 15.00 0.00 12.00 2.00 34.00 47.00 0.00 75.00 62.00 0.00 62.00 91.00 0.00 61.00 0.00 76.00 1.00 79.00 48.00 0.00 11.00 57.00 43.00 23.00 23.00 69.00 93.00 95.00 14.00 85.00 0.00 0.00 0.00 3.00 55.00 1.00 0.00 56.00 60.00 19.00 94.00 18.00 0.00 0.00 0.00
7 79.00 68.00 16.00 0.00 39.00 0.00 52.00 0.00 18.00 100.00 32.00 7.00 0.00 29.00 0.00 36.00 35.00 1.00 90.00 0.00 0.00 97.00 0.00 39.00 0.00 0.00 5.00 6.00 32.00 0.00 77.00 68.00 0.00 59.00 34.00 81.00 18.00 32.00 0.00 65.00 51.00 0.00 71.00 83.00 0.00 46.00 79.00 66.00 72.00 22.00 15.00 72.00 72.00 45.00 0.00 24.00 57.00 29.00 0.00 95.00 77.00 87.00 76.00 0.00 98.00 35.00 13.00 38.00 0.00 0.00 86.00 48.00 92.00 100.00 0.00 99.00 23.00 28.00 97.00 35.00 46.00 74.00 0.00 29.00 43.00 0.00 61.00 55.00 42.00 87.00 0.00 44.00 96.00 83.00 68.00 25.00 27.00 81.00 21.00 79.00
8 63.00 0.00 13.00 80.00 0.00 0.00 26.00 18.00 0.00 32.00 0.00 29.00 0.00 0.00 8.00 59.00 0.00 0.00 35.00 99.00 75.00 4.00 79.00 59.00 95.00 53.00 28.00 0.00 75.00 0.00 99.00 14.00 1.00 0.00 54.00 68.00 36.00 86.00 86.00 0.00 68.00 11.00 80.00 0.00 50.00 15.00 6.00 62.00 14.00 0.00 65.00 45.00 66.00 96.00 46.00 22.00 87.00 0.00 52.00 92.00 0.00 80.00 49.00 43.00 0.00 97.00 11.00 0.00 78.00 96.00 79.00 45.00 0.00 0.00 0.00 64.00 19.00 0.00 60.00 83.00 20.00 45.00 29.00 57.00 0.00 0.00 57.00 3.00 95.00 37.00 48.00 1.00 87.00 6.00 0.00 75.00 0.00 45.00 3.00 86.00
9 0.00 38.00 0.00 97.00 33.00 43.00 22.00 100.00 32.00 0.00 81.00 35.00 27.00 97.00 10.00 20.00 46.00 72.00 96.00 15.00 0.00 38.00 13.00 27.00 28.00 30.00 17.00 38.00 85.00 0.00 77.00 0.00 42.00 0.00 37.00 45.00 48.00 41.00 0.00 0.00 31.00 16.00 55.00 94.00 0.00 95.00 99.00 46.00 91.00 0.00 56.00 76.00 0.00 6.00 5.00 91.00 0.00 0.00 70.00 96.00 35.00 92.00 5.00 70.00 0.00 78.00 88.00 98.00 0.00 0.00 0.00 0.00 0.00 94.00 0.00 31.00 20.00 71.00 99.00 0.00 49.00 0.00 11.00 0.00 76.00 0.00 23.00 0.00 75.00 0.00 0.00 0.00 66.00 0.00 74.00 43.00 46.00 58.00 54.00 0.00
10 0.00 81.00 24.00 67.00 42.00 33.00 28.00 32.00 0.00 81.00 0.00 58.00 54.00 53.00 0.00 0.00 0.00 97.00 0.00 60.00 0.00 39.00 0.00 51.00 86.00 0.00 11.00 0.00 25.00 0.00 91.00 0.00 47.00 26.00 80.00 26.00 4.00 0.00 43.00 50.00 44.00 0.00 88.00 0.00 49.00 35.00 92.00 37.00 0.00 0.00 40.00 38.00 60.00 88.00 88.00 0.00 40.00 38.00 84.00 9.00 62.00 25.00 57.00 12.00 81.00 74.00 84.00 1.00 42.00 63.00 27.00 61.00 13.00 0.00 77.00 50.00 0.00 91.00 80.00 77.00 17.00 50.00 0.00 0.00 55.00 0.00 77.00 0.00 90.00 50.00 10.00 0.00 0.00 22.00 43.00 54.00 15.00 64.00 0.00 0.00
11 0.00 0.00 0.00 45.00 54.00 0.00 0.00 7.00 29.00 35.00 58.00 0.00 0.00 58.00 92.00 87.00 0.00 18.00 27.00 17.00 62.00 29.00 24.00 61.00 90.00 1.00 0.00 14.00 74.00 63.00 93.00 79.00 63.00 0.00 74.00 11.00 94.00 68.00 46.00 81.00 33.00 55.00 25.00 79.00 0.00 0.00 0.00 83.00 95.00 0.00 92.00 30.00 0.00 49.00 56.00 0.00 14.00 17.00 12.00 4.00 0.00 54.00 76.00 0.00 48.00 0.00 0.00 80.00 0.00 99.00 54.00 58.00 0.00 29.00 50.00 54.00 62.00 84.00 52.00 24.00 71.00 10.00 43.00 60.00 40.00 99.00 58.00 0.00 89.00 0.00 0.00 0.00 4.00 0.00 34.00 37.00 75.00 0.00 55.00 59.00
12 0.00 62.00 48.00 2.00 0.00 73.00 41.00 0.00 0.00 27.00 54.00 0.00 0.00 77.00 12.00 9.00 95.00 87.00 0.00 81.00 60.00 20.00 0.00 0.00 0.00 21.00 45.00 29.00 91.00 0.00 0.00 51.00 79.00 29.00 66.00 59.00 25.00 27.00 0.00 0.00 0.00 59.00 0.00 54.00 44.00 91.00 8.00 64.00 25.00 0.00 71.00 11.00 32.00 75.00 0.00 0.00 53.00 62.00 7.00 0.00 4.00 0.00 26.00 0.00 53.00 0.00 0.00 49.00 93.00 85.00 28.00 71.00 96.00 0.00 0.00 61.00 0.00 7.00 52.00 44.00 52.00 76.00 82.00 98.00 65.00 95.00 0.00 45.00 58.00 20.00 94.00 43.00 0.00 18.00 46.00 14.00 83.00 0.00 83.00 0.00
13 63.00 15.00 11.00 13.00 71.00 3.00 77.00 29.00 0.00 97.00 53.00 58.00 77.00 0.00 45.00 0.00 0.00 74.00 67.00 72.00 29.00 62.00 20.00 17.00 12.00 32.00 90.00 51.00 28.00 0.00 89.00 18.00 50.00 0.00 69.00 0.00 87.00 0.00 89.00 0.00 0.00 0.00 76.00 97.00 79.00 84.00 27.00 92.00 60.00 70.00 51.00 78.00 36.00 0.00 44.00 0.00 60.00 0.00 16.00 0.00 33.00 0.00 50.00 34.00 0.00 0.00 42.00 39.00 88.00 0.00 99.00 37.00 91.00 0.00 19.00 80.00 37.00 86.00 26.00 50.00 63.00 3.00 24.00 52.00 7.00 22.00 74.00 70.00 53.00 40.00 36.00 82.00 0.00 19.00 74.00 40.00 5.00 3.00 64.00 80.00
14 97.00 27.00 54.00 0.00 61.00 82.00 62.00 0.00 8.00 10.00 0.00 92.00 12.00 45.00 0.00 47.00 70.00 65.00 45.00 6.00 82.00 24.00 0.00 87.00 79.00 71.00 93.00 75.00 0.00 0.00 27.00 0.00 86.00 0.00 81.00 0.00 55.00 16.00 0.00 48.00 0.00 58.00 34.00 41.00 6.00 56.00 54.00 0.00 0.00 86.00 45.00 35.00 40.00 0.00 53.00 5.00 80.00 52.00 0.00 55.00 58.00 99.00 0.00 0.00 0.00 12.00 68.00 0.00 0.00 56.00 30.00 39.00 0.00 100.00 0.00 21.00 81.00 24.00 80.00 28.00 0.00 6.00 0.00 8.00 0.00 22.00 0.00 41.00 96.00 34.00 90.00 0.00 8.00 31.00 33.00 82.00 66.00 56.00 7.00 60.00
15 0.00 18.00 46.00 0.00 90.00 48.00 4.00 36.00 59.00 20.00 0.00 87.00 9.00 0.00 47.00 0.00 0.00 0.00 0.00 1.00 58.00 55.00 78.00 35.00 45.00 37.00 92.00 93.00 27.00 1.00 0.00 70.00 57.00 69.00 76.00 0.00 0.00 1.00 50.00 26.00 78.00 0.00 32.00 83.00 0.00 5.00 61.00 0.00 69.00 93.00 85.00 45.00 0.00 4.00 0.00 16.00 97.00 79.00 60.00 0.00 89.00 55.00 27.00 0.00 94.00 96.00 40.00 52.00 14.00 0.00 8.00 38.00 22.00 0.00 50.00 0.00 37.00 5.00 31.00 0.00 26.00 73.00 41.00 0.00 90.00 86.00 54.00 19.00 0.00 43.00 64.00 3.00 26.00 65.00 37.00 41.00 80.00 0.00 27.00 0.00
16 51.00 66.00 24.00 96.00 0.00 50.00 0.00 35.00 0.00 46.00 0.00 0.00 95.00 0.00 70.00 0.00 0.00 59.00 54.00 11.00 0.00 3.00 62.00 21.00 0.00 95.00 43.00 1.00 3.00 0.00 15.00 92.00 83.00 0.00 82.00 13.00 0.00 84.00 0.00 50.00 0.00 82.00 78.00 16.00 77.00 61.00 8.00 19.00 96.00 27.00 47.00 94.00 43.00 61.00 41.00 24.00 3.00 96.00 25.00 46.00 47.00 78.00 37.00 20.00 56.00 47.00 0.00 22.00 0.00 37.00 70.00 0.00 90.00 29.00 18.00 45.00 60.00 12.00 60.00 25.00 0.00 75.00 16.00 98.00 36.00 7.00 26.00 70.00 19.00 98.00 28.00 0.00 0.00 39.00 65.00 57.00 11.00 51.00 87.00 35.00
17 0.00 80.00 57.00 0.00 0.00 54.00 36.00 1.00 0.00 72.00 97.00 18.00 87.00 74.00 65.00 0.00 59.00 0.00 95.00 11.00 20.00 0.00 100.00 90.00 0.00 0.00 39.00 45.00 68.00 32.00 27.00 59.00 16.00 68.00 97.00 25.00 10.00 9.00 48.00 0.00 29.00 44.00 0.00 0.00 69.00 0.00 18.00 0.00 0.00 25.00 52.00 51.00 28.00 50.00 2.00 0.00 76.00 0.00 0.00 87.00 0.00 29.00 33.00 10.00 3.00 93.00 58.00 66.00 74.00 68.00 21.00 0.00 40.00 33.00 62.00 0.00 0.00 72.00 57.00 75.00 0.00 28.00 60.00 52.00 56.00 81.00 0.00 40.00 3.00 51.00 81.00 18.00 69.00 21.00 0.00 0.00 69.00 7.00 0.00 0.00
18 46.00 93.00 98.00 50.00 0.00 68.00 72.00 90.00 35.00 96.00 0.00 27.00 0.00 67.00 45.00 0.00 54.00 95.00 0.00 29.00 56.00 91.00 12.00 3.00 6.00 27.00 43.00 56.00 38.00 91.00 0.00 41.00 0.00 17.00 4.00 0.00 49.00 28.00 73.00 63.00 78.00 34.00 82.00 0.00 73.00 13.00 9.00 24.00 0.00 23.00 0.00 92.00 84.00 0.00 3.00 20.00 9.00 47.00 0.00 0.00 27.00 91.00 38.00 1.00 52.00 0.00 45.00 61.00 19.00 0.00 98.00 0.00 40.00 58.00 0.00 38.00 78.00 63.00 1.00 55.00 0.00 9.00 0.00 1.00 37.00 51.00 30.00 23.00 0.00 55.00 32.00 0.00 69.00 33.00 0.00 63.00 66.00 1.00 11.00 22.00
19 59.00 98.00 0.00 2.00 30.00 13.00 85.00 0.00 99.00 15.00 60.00 17.00 81.00 72.00 6.00 1.00 11.00 11.00 29.00 0.00 0.00 45.00 17.00 60.00 98.00 74.00 63.00 67.00 51.00 69.00 92.00 22.00 53.00 0.00 40.00 0.00 49.00 0.00 16.00 84.00 0.00 46.00 45.00 84.00 44.00 0.00 3.00 7.00 42.00 1.00 68.00 0.00 25.00 49.00 0.00 0.00 0.00 91.00 0.00 6.00 0.00 39.00 81.00 98.00 35.00 34.00 0.00 97.00 83.00 32.00 0.00 90.00 81.00 60.00 79.00 36.00 0.00 99.00 0.00 14.00 58.00 99.00 18.00 0.00 37.00 36.00 45.00 0.00 70.00 32.00 0.00 58.00 92.00 93.00 0.00 0.00 0.00 56.00 0.00 18.00
20 10.00 0.00 0.00 32.00 5.00 38.00 49.00 0.00 75.00 0.00 0.00 62.00 60.00 29.00 82.00 58.00 0.00 20.00 56.00 0.00 0.00 22.00 0.00 0.00 0.00 57.00 0.00 83.00 93.00 57.00 0.00 61.00 0.00 0.00 0.00 36.00 0.00 0.00 100.00 30.00 43.00 0.00 92.00 1.00 57.00 22.00 0.00 6.00 0.00 54.00 100.00 99.00 0.00 0.00 0.00 36.00 0.00 0.00 27.00 0.00 57.00 0.00 36.00 63.00 44.00 18.00 98.00 70.00 49.00 28.00 98.00 30.00 0.00 96.00 31.00 49.00 41.00 88.00 0.00 0.00 19.00 87.00 97.00 4.00 43.00 0.00 0.00 84.00 89.00 12.00 97.00 87.00 0.00 0.00 67.00 0.00 84.00 81.00 0.00 80.00
21 33.00 0.00 2.00 0.00 0.00 17.00 51.00 97.00 4.00 38.00 39.00 29.00 20.00 62.00 24.00 55.00 3.00 0.00 91.00 45.00 22.00 0.00 0.00 23.00 0.00 20.00 6.00 31.00 86.00 0.00 4.00 0.00 0.00 26.00 58.00 50.00 70.00 0.00 73.00 48.00 60.00 72.00 16.00 66.00 24.00 0.00 0.00 53.00 9.00 93.00 0.00 0.00 90.00 94.00 50.00 0.00 81.00 21.00 72.00 0.00 0.00 26.00 93.00 73.00 44.00 34.00 60.00 0.00 90.00 2.00 0.00 90.00 5.00 0.00 57.00 0.00 63.00 24.00 0.00 0.00 97.00 57.00 8.00 52.00 45.00 33.00 56.00 57.00 0.00 60.00 0.00 77.00 0.00 69.00 35.00 39.00 0.00 55.00 83.00 21.00
22 0.00 93.00 72.00 92.00 5.00 46.00 20.00 0.00 79.00 13.00 0.00 24.00 0.00 20.00 0.00 78.00 62.00 100.00 12.00 17.00 0.00 0.00 0.00 0.00 7.00 55.00 87.00 24.00 41.00 0.00 75.00 16.00 10.00 24.00 0.00 59.00 7.00 15.00 67.00 0.00 13.00 40.00 87.00 53.00 81.00 10.00 66.00 0.00 99.00 48.00 98.00 40.00 63.00 47.00 36.00 0.00 17.00 23.00 0.00 46.00 19.00 29.00 77.00 0.00 3.00 0.00 93.00 56.00 7.00 54.00 58.00 21.00 4.00 3.00 2.00 71.00 18.00 7.00 88.00 96.00 3.00 52.00 80.00 54.00 57.00 86.00 25.00 70.00 71.00 58.00 61.00 21.00 99.00 8.00 13.00 68.00 44.00 23.00 8.00 23.00
23 85.00 68.00 33.00 0.00 50.00 10.00 93.00 39.00 59.00 27.00 51.00 61.00 0.00 17.00 87.00 35.00 21.00 90.00 3.00 60.00 0.00 23.00 0.00 0.00 37.00 79.00 0.00 22.00 0.00 16.00 93.00 80.00 74.00 15.00 0.00 20.00 0.00 74.00 98.00 27.00 57.00 38.00 0.00 60.00 0.00 0.00 26.00 0.00 1.00 35.00 32.00 0.00 26.00 87.00 52.00 17.00 5.00 97.00 0.00 33.00 0.00 36.00 30.00 0.00 85.00 0.00 53.00 57.00 0.00 9.00 63.00 0.00 83.00 0.00 40.00 0.00 98.00 0.00 66.00 68.00 0.00 0.00 19.00 0.00 69.00 0.00 0.00 7.00 29.00 0.00 54.00 0.00 42.00 85.00 74.00 33.00 81.00 50.00 59.00 6.00
24 0.00 14.00 82.00 53.00 74.00 40.00 0.00 0.00 95.00 28.00 86.00 90.00 0.00 12.00 79.00 45.00 0.00 0.00 6.00 98.00 0.00 0.00 7.00 37.00 0.00 0.00 85.00 87.00 77.00 10.00 8.00 49.00 0.00 54.00 41.00 0.00 75.00 68.00 0.00 8.00 42.00 45.00 59.00 78.00 67.00 69.00 63.00 92.00 87.00 30.00 12.00 0.00 81.00 93.00 96.00 99.00 33.00 77.00 0.00 61.00 59.00 19.00 8.00 56.00 40.00 16.00 52.00 1.00 58.00 24.00 89.00 0.00 2.00 0.00 85.00 30.00 0.00 7.00 63.00 13.00 85.00 46.00 66.00 29.00 93.00 99.00 71.00 0.00 31.00 98.00 0.00 0.00 71.00 68.00 27.00 20.00 0.00 0.00 32.00 44.00
25 41.00 30.00 0.00 10.00 14.00 68.00 32.00 0.00 53.00 30.00 0.00 1.00 21.00 32.00 71.00 37.00 95.00 0.00 27.00 74.00 57.00 20.00 55.00 79.00 0.00 0.00 0.00 66.00 30.00 43.00 98.00 0.00 0.00 0.00 41.00 4.00 17.00 16.00 64.00 0.00 43.00 0.00 63.00 8.00 32.00 69.00 78.00 0.00 97.00 0.00 74.00 0.00 0.00 32.00 42.00 65.00 98.00 0.00 0.00 22.00 0.00 18.00 73.00 82.00 0.00 28.00 0.00 9.00 4.00 69.00 93.00 28.00 56.00 31.00 9.00 75.00 32.00 24.00 50.00 19.00 0.00 94.00 85.00 94.00 52.00 0.00 2.00 73.00 53.00 0.00 30.00 70.00 0.00 28.00 4.00 0.00 0.00 94.00 43.00 0.00
26 0.00 15.00 72.00 25.00 50.00 28.00 63.00 5.00 28.00 17.00 11.00 0.00 45.00 90.00 93.00 92.00 43.00 39.00 43.00 63.00 0.00 6.00 87.00 0.00 85.00 0.00 0.00 20.00 0.00 93.00 54.00 99.00 90.00 58.00 5.00 37.00 63.00 0.00 0.00 97.00 94.00 33.00 45.00 0.00 0.00 42.00 0.00 88.00 18.00 0.00 0.00 89.00 49.00 65.00 0.00 27.00 72.00 66.00 100.00 0.00 0.00 92.00 1.00 21.00 55.00 27.00 75.00 80.00 0.00 77.00 62.00 0.00 0.00 0.00 15.00 67.00 0.00 0.00 96.00 0.00 96.00 20.00 87.00 79.00 0.00 70.00 40.00 33.00 94.00 0.00 21.00 80.00 24.00 27.00 0.00 82.00 21.00 48.00 25.00 0.00
27 0.00 41.00 46.00 80.00 14.00 1.00 40.00 6.00 0.00 38.00 0.00 14.00 29.00 51.00 75.00 93.00 1.00 45.00 56.00 67.00 83.00 31.00 24.00 22.00 87.00 66.00 20.00 0.00 0.00 37.00 63.00 18.00 76.00 52.00 75.00 64.00 79.00 88.00 74.00 37.00 0.00 62.00 13.00 0.00 0.00 18.00 96.00 86.00 9.00 56.00 31.00 49.00 50.00 94.00 0.00 93.00 98.00 0.00 77.00 29.00 0.00 90.00 72.00 53.00 65.00 0.00 51.00 24.00 0.00 66.00 75.00 0.00 0.00 36.00 61.00 14.00 49.00 41.00 0.00 72.00 94.00 21.00 38.00 4.00 26.00 51.00 60.00 57.00 100.00 74.00 92.00 41.00 84.00 36.00 0.00 65.00 28.00 52.00 0.00 86.00
28 39.00 60.00 0.00 47.00 69.00 89.00 75.00 32.00 75.00 85.00 25.00 74.00 91.00 28.00 0.00 27.00 3.00 68.00 38.00 51.00 93.00 86.00 41.00 0.00 77.00 30.00 0.00 0.00 0.00 91.00 0.00 84.00 0.00 6.00 56.00 79.00 76.00 36.00 5.00 82.00 24.00 0.00 0.00 50.00 93.00 0.00 0.00 55.00 0.00 54.00 73.00 64.00 25.00 24.00 0.00 46.00 9.00 80.00 0.00 0.00 0.00 43.00 0.00 80.00 90.00 17.00 91.00 4.00 64.00 31.00 31.00 73.00 86.00 94.00 0.00 0.00 88.00 61.00 0.00 40.00 54.00 82.00 18.00 43.00 7.00 43.00 82.00 74.00 0.00 18.00 93.00 42.00 19.00 0.00 73.00 20.00 30.00 40.00 48.00 90.00
29 59.00 95.00 23.00 71.00 40.00 81.00 0.00 0.00 0.00 0.00 0.00 63.00 0.00 0.00 0.00 1.00 0.00 32.00 91.00 69.00 57.00 0.00 0.00 16.00 10.00 43.00 93.00 37.00 91.00 0.00 65.00 57.00 14.00 96.00 37.00 12.00 40.00 32.00 0.00 91.00 26.00 93.00 30.00 24.00 14.00 23.00 0.00 0.00 50.00 68.00 80.00 0.00 0.00 75.00 0.00 0.00 65.00 92.00 30.00 0.00 0.00 58.00 96.00 28.00 0.00 57.00 0.00 98.00 0.00 0.00 76.00 5.00 85.00 94.00 32.00 40.00 30.00 58.00 1.00 83.00 0.00 48.00 45.00 82.00 42.00 26.00 22.00 68.00 0.00 77.00 0.00 37.00 38.00 0.00 97.00 57.00 32.00 53.00 78.00 81.00
30 83.00 0.00 51.00 23.00 0.00 31.00 53.00 77.00 99.00 77.00 91.00 93.00 0.00 89.00 27.00 0.00 15.00 27.00 0.00 92.00 0.00 4.00 75.00 93.00 8.00 98.00 54.00 63.00 0.00 65.00 0.00 51.00 97.00 93.00 44.00 7.00 20.00 0.00 35.00 85.00 9.00 94.00 24.00 18.00 18.00 73.00 38.00 15.00 25.00 0.00 80.00 10.00 58.00 74.00 10.00 32.00 44.00 28.00 91.00 27.00 49.00 39.00 97.00 0.00 30.00 3.00 59.00 0.00 0.00 22.00 74.00 75.00 52.00 44.00 0.00 78.00 30.00 99.00 48.00 0.00 0.00 52.00 2.00 22.00 46.00 35.00 0.00 77.00 0.00 47.00 37.00 63.00 18.00 59.00 18.00 17.00 0.00 79.00 17.00 0.00
31 87.00 91.00 11.00 87.00 94.00 79.00 38.00 68.00 14.00 0.00 0.00 79.00 51.00 18.00 0.00 70.00 92.00 59.00 41.00 22.00 61.00 0.00 16.00 80.00 49.00 0.00 99.00 18.00 84.00 57.00 51.00 0.00 44.00 87.00 54.00 0.00 0.00 0.00 55.00 67.00 68.00 0.00 96.00 72.00 73.00 0.00 67.00 48.00 31.00 15.00 0.00 67.00 0.00 0.00 87.00 0.00 88.00 32.00 25.00 0.00 37.00 89.00 10.00 71.00 0.00 72.00 0.00 26.00 75.00 53.00 85.00 0.00 20.00 35.00 91.00 13.00 43.00 70.00 61.00 0.00 41.00 81.00 85.00 63.00 0.00 76.00 25.00 0.00 63.00 86.00 47.00 11.00 0.00 41.00 4.00 2.00 98.00 74.00 4.00 75.00
32 49.00 68.00 85.00 0.00 22.00 1.00 41.00 0.00 1.00 42.00 47.00 63.00 79.00 50.00 86.00 57.00 83.00 16.00 0.00 53.00 0.00 0.00 10.00 74.00 0.00 0.00 90.00 76.00 0.00 14.00 97.00 44.00 0.00 0.00 27.00 43.00 0.00 17.00 45.00 0.00 24.00 21.00 81.00 87.00 24.00 60.00 64.00 25.00 27.00 39.00 83.00 43.00 45.00 54.00 14.00 66.00 83.00 65.00 0.00 0.00 68.00 18.00 63.00 83.00 65.00 91.00 8.00 3.00 91.00 95.00 88.00 41.00 96.00 26.00 13.00 56.00 0.00 38.00 0.00 25.00 100.00 15.00 42.00 0.00 0.00 0.00 0.00 8.00 0.00 82.00 84.00 62.00 88.00 33.00 0.00 44.00 8.00 0.00 50.00 0.00
33 78.00 0.00 22.00 0.00 1.00 2.00 69.00 59.00 0.00 0.00 26.00 0.00 29.00 0.00 0.00 69.00 0.00 68.00 17.00 0.00 0.00 26.00 24.00 15.00 54.00 0.00 58.00 52.00 6.00 96.00 93.00 87.00 0.00 0.00 20.00 0.00 83.00 2.00 62.00 94.00 0.00 0.00 0.00 100.00 0.00 0.00 92.00 72.00 0.00 58.00 75.00 27.00 25.00 83.00 83.00 21.00 92.00 99.00 59.00 82.00 93.00 0.00 0.00 53.00 5.00 4.00 0.00 72.00 74.00 0.00 97.00 32.00 52.00 19.00 0.00 12.00 0.00 78.00 38.00 95.00 0.00 0.00 98.00 0.00 71.00 50.00 1.00 64.00 0.00 78.00 0.00 65.00 36.00 18.00 0.00 0.00 0.00 0.00 10.00 89.00
34 66.00 3.00 58.00 6.00 31.00 0.00 0.00 34.00 54.00 37.00 80.00 74.00 66.00 69.00 81.00 76.00 82.00 97.00 4.00 40.00 0.00 58.00 0.00 0.00 41.00 41.00 5.00 75.00 56.00 37.00 44.00 54.00 27.00 20.00 0.00 88.00 27.00 0.00 29.00 50.00 0.00 35.00 15.00 78.00 7.00 12.00 72.00 8.00 2.00 0.00 43.00 88.00 71.00 0.00 0.00 12.00 87.00 85.00 35.00 60.00 53.00 44.00 0.00 38.00 80.00 60.00 0.00 48.00 0.00 48.00 56.00 76.00 100.00 88.00 35.00 49.00 72.00 91.00 58.00 37.00 46.00 37.00 37.00 38.00 79.00 17.00 43.00 17.00 0.00 63.00 92.00 87.00 35.00 48.00 6.00 95.00 97.00 0.00 24.00 0.00
35 57.00 24.00 0.00 68.00 70.00 69.00 74.00 81.00 68.00 45.00 26.00 11.00 59.00 0.00 0.00 0.00 13.00 25.00 0.00 0.00 36.00 50.00 59.00 20.00 0.00 4.00 37.00 64.00 79.00 12.00 7.00 0.00 43.00 0.00 88.00 0.00 77.00 19.00 24.00 53.00 10.00 25.00 62.00 4.00 0.00 72.00 0.00 19.00 4.00 0.00 85.00 44.00 2.00 88.00 81.00 54.00 82.00 98.00 73.00 65.00 50.00 22.00 91.00 0.00 13.00 12.00 11.00 36.00 92.00 0.00 83.00 4.00 47.00 55.00 84.00 22.00 4.00 0.00 29.00 0.00 9.00 0.00 13.00 20.00 37.00 98.00 81.00 0.00 0.00 20.00 25.00 0.00 33.00 72.00 0.00 93.00 0.00 46.00 93.00 0.00
36 76.00 70.00 32.00 77.00 0.00 27.00 36.00 18.00 36.00 48.00 4.00 94.00 25.00 87.00 55.00 0.00 0.00 10.00 49.00 49.00 0.00 70.00 7.00 0.00 75.00 17.00 63.00 79.00 76.00 40.00 20.00 0.00 0.00 83.00 27.00 77.00 0.00 68.00 31.00 90.00 23.00 50.00 9.00 0.00 24.00 0.00 56.00 58.00 68.00 44.00 0.00 26.00 1.00 21.00 22.00 27.00 32.00 77.00 7.00 0.00 7.00 17.00 78.00 21.00 62.00 0.00 97.00 3.00 19.00 55.00 46.00 0.00 93.00 86.00 46.00 44.00 8.00 0.00 0.00 30.00 87.00 0.00 37.00 68.00 16.00 68.00 0.00 0.00 24.00 31.00 8.00 4.00 0.00 56.00 26.00 0.00 0.00 72.00 72.00 0.00
37 94.00 13.00 50.00 39.00 65.00 87.00 63.00 32.00 86.00 41.00 0.00 68.00 27.00 0.00 16.00 1.00 84.00 9.00 28.00 0.00 0.00 0.00 15.00 74.00 68.00 16.00 0.00 88.00 36.00 32.00 0.00 0.00 17.00 2.00 0.00 19.00 68.00 0.00 52.00 0.00 0.00 2.00 0.00 34.00 47.00 0.00 87.00 52.00 19.00 0.00 41.00 5.00 93.00 43.00 5.00 5.00 38.00 100.00 0.00 74.00 68.00 0.00 43.00 0.00 0.00 48.00 66.00 50.00 29.00 0.00 6.00 60.00 77.00 55.00 0.00 22.00 0.00 78.00 33.00 38.00 0.00 97.00 5.00 0.00 10.00 0.00 24.00 32.00 24.00 88.00 24.00 92.00 0.00 0.00 93.00 0.00 97.00 2.00 0.00 90.00
38 26.00 7.00 69.00 0.00 53.00 63.00 9.00 0.00 86.00 0.00 43.00 46.00 0.00 89.00 0.00 50.00 0.00 48.00 73.00 16.00 100.00 73.00 67.00 98.00 0.00 64.00 0.00 74.00 5.00 0.00 35.00 55.00 45.00 62.00 29.00 24.00 31.00 52.00 0.00 35.00 25.00 0.00 43.00 72.00 25.00 64.00 28.00 21.00 70.00 86.00 33.00 87.00 0.00 36.00 28.00 58.00 16.00 100.00 87.00 17.00 77.00 0.00 49.00 0.00 25.00 36.00 7.00 48.00 96.00 49.00 46.00 0.00 0.00 25.00 85.00 21.00 71.00 0.00 83.00 14.00 47.00 34.00 96.00 0.00 0.00 81.00 0.00 54.00 0.00 0.00 38.00 74.00 34.00 36.00 32.00 75.00 41.00 0.00 56.00 0.00
39 48.00 27.00 45.00 12.00 33.00 18.00 0.00 65.00 0.00 0.00 50.00 81.00 0.00 0.00 48.00 26.00 50.00 0.00 63.00 84.00 30.00 48.00 0.00 27.00 8.00 0.00 97.00 37.00 82.00 91.00 85.00 67.00 0.00 94.00 50.00 53.00 90.00 0.00 35.00 0.00 31.00 30.00 68.00 62.00 68.00 100.00 10.00 0.00 0.00 82.00 13.00 69.00 34.00 96.00 0.00 39.00 21.00 28.00 74.00 21.00 25.00 0.00 0.00 69.00 12.00 71.00 27.00 0.00 19.00 98.00 92.00 11.00 16.00 18.00 64.00 88.00 81.00 16.00 71.00 99.00 52.00 85.00 46.00 0.00 9.00 9.00 44.00 43.00 0.00 13.00 12.00 0.00 78.00 100.00 0.00 80.00 5.00 0.00 67.00 58.00
40 54.00 22.00 14.00 9.00 32.00 0.00 78.00 51.00 68.00 31.00 44.00 33.00 0.00 0.00 0.00 78.00 0.00 29.00 78.00 0.00 43.00 60.00 13.00 57.00 42.00 43.00 94.00 0.00 24.00 26.00 9.00 68.00 24.00 0.00 0.00 10.00 23.00 0.00 25.00 31.00 0.00 35.00 0.00 40.00 91.00 0.00 0.00 0.00 49.00 7.00 0.00 81.00 88.00 0.00 79.00 42.00 0.00 42.00 0.00 35.00 79.00 91.00 51.00 80.00 62.00 39.00 41.00 0.00 70.00 97.00 31.00 53.00 0.00 81.00 0.00 70.00 0.00 70.00 86.00 13.00 55.00 71.00 0.00 2.00 64.00 80.00 36.00 0.00 20.00 69.00 35.00 57.00 0.00 0.00 0.00 18.00 0.00 0.00 73.00 0.00
41 74.00 0.00 0.00 83.00 0.00 0.00 4.00 0.00 11.00 16.00 0.00 55.00 59.00 0.00 58.00 0.00 82.00 44.00 34.00 46.00 0.00 72.00 40.00 38.00 45.00 0.00 33.00 62.00 0.00 93.00 94.00 0.00 21.00 0.00 35.00 25.00 50.00 2.00 0.00 30.00 35.00 0.00 66.00 65.00 72.00 0.00 50.00 0.00 0.00 82.00 79.00 0.00 79.00 82.00 0.00 0.00 79.00 23.00 0.00 75.00 95.00 24.00 12.00 48.00 95.00 7.00 65.00 57.00 100.00 87.00 3.00 88.00 17.00 19.00 79.00 49.00 70.00 36.00 18.00 56.00 1.00 16.00 0.00 11.00 94.00 38.00 32.00 9.00 22.00 0.00 95.00 0.00 44.00 0.00 0.00 0.00 15.00 0.00 34.00 0.00
42 12.00 84.00 61.00 36.00 0.00 37.00 0.00 71.00 80.00 55.00 88.00 25.00 0.00 76.00 34.00 32.00 78.00 0.00 82.00 45.00 92.00 16.00 87.00 0.00 59.00 63.00 45.00 13.00 0.00 30.00 24.00 96.00 81.00 0.00 15.00 62.00 9.00 0.00 43.00 68.00 0.00 66.00 0.00 19.00 33.00 67.00 0.00 13.00 0.00 93.00 37.00 83.00 0.00 34.00 45.00 0.00 92.00 0.00 0.00 45.00 32.00 52.00 63.00 22.00 81.00 90.00 66.00 86.00 1.00 0.00 0.00 35.00 0.00 18.00 10.00 0.00 56.00 0.00 0.00 0.00 89.00 0.00 97.00 38.00 73.00 26.00 40.00 0.00 96.00 43.00 0.00 20.00 0.00 0.00 0.00 32.00 30.00 26.00 83.00 97.00
43 68.00 0.00 95.00 16.00 37.00 59.00 95.00 83.00 0.00 94.00 0.00 79.00 54.00 97.00 41.00 83.00 16.00 0.00 0.00 84.00 1.00 66.00 53.00 60.00 78.00 8.00 0.00 0.00 50.00 24.00 18.00 72.00 87.00 100.00 78.00 4.00 0.00 34.00 72.00 62.00 40.00 65.00 19.00 0.00 0.00 12.00 27.00 18.00 28.00 93.00 0.00 6.00 0.00 91.00 27.00 0.00 0.00 96.00 1.00 86.00 0.00 97.00 58.00 0.00 0.00 54.00 66.00 92.00 96.00 0.00 71.00 25.00 0.00 74.00 80.00 26.00 0.00 56.00 27.00 64.00 8.00 33.00 72.00 0.00 13.00 88.00 27.00 23.00 65.00 97.00 39.00 62.00 0.00 12.00 27.00 0.00 36.00 4.00 96.00 0.00
44 57.00 63.00 84.00 51.00 29.00 48.00 20.00 0.00 50.00 0.00 49.00 0.00 44.00 79.00 6.00 0.00 77.00 69.00 73.00 44.00 57.00 24.00 81.00 0.00 67.00 32.00 0.00 0.00 93.00 14.00 18.00 73.00 24.00 0.00 7.00 0.00 24.00 47.00 25.00 68.00 91.00 72.00 33.00 0.00 0.00 87.00 87.00 0.00 17.00 0.00 82.00 11.00 55.00 0.00 52.00 0.00 0.00 88.00 63.00 58.00 54.00 20.00 20.00 7.00 97.00 37.00 49.00 2.00 61.00 44.00 49.00 8.00 95.00 71.00 97.00 95.00 86.00 4.00 81.00 57.00 38.00 0.00 0.00 12.00 16.00 53.00 0.00 39.00 53.00 0.00 77.00 0.00 85.00 44.00 68.00 29.00 61.00 34.00 89.00 0.00
45 0.00 68.00 0.00 35.00 0.00 70.00 81.00 46.00 15.00 95.00 35.00 0.00 91.00 84.00 56.00 5.00 61.00 0.00 13.00 0.00 22.00 0.00 10.00 0.00 69.00 69.00 42.00 18.00 0.00 23.00 73.00 0.00 60.00 0.00 12.00 72.00 0.00 0.00 64.00 100.00 0.00 0.00 67.00 12.00 87.00 0.00 6.00 0.00 45.00 23.00 70.00 23.00 22.00 45.00 98.00 92.00 99.00 13.00 81.00 0.00 25.00 22.00 0.00 86.00 29.00 45.00 42.00 56.00 3.00 38.00 54.00 32.00 35.00 11.00 11.00 22.00 70.00 49.00 43.00 0.00 4.00 1.00 100.00 44.00 43.00 70.00 0.00 63.00 5.00 45.00 37.00 4.00 94.00 61.00 0.00 98.00 19.00 52.00 88.00 73.00
46 82.00 35.00 41.00 72.00 15.00 59.00 0.00 79.00 6.00 99.00 92.00 0.00 8.00 27.00 54.00 61.00 8.00 18.00 9.00 3.00 0.00 0.00 66.00 26.00 63.00 78.00 0.00 96.00 0.00 0.00 38.00 67.00 64.00 92.00 72.00 0.00 56.00 87.00 28.00 10.00 0.00 50.00 0.00 27.00 87.00 6.00 0.00 0.00 0.00 67.00 1.00 0.00 73.00 82.00 52.00 13.00 0.00 63.00 19.00 84.00 75.00 57.00 0.00 0.00 34.00 50.00 85.00 0.00 47.00 0.00 32.00 54.00 0.00 49.00 61.00 87.00 0.00 56.00 0.00 17.00 75.00 86.00 26.00 85.00 0.00 54.00 0.00 82.00 22.00 46.00 98.00 96.00 0.00 18.00 0.00 45.00 40.00 67.00 43.00 3.00
47 0.00 59.00 59.00 0.00 12.00 98.00 31.00 66.00 62.00 46.00 37.00 83.00 64.00 92.00 0.00 0.00 19.00 0.00 24.00 7.00 6.00 53.00 0.00 0.00 92.00 0.00 88.00 86.00 55.00 0.00 15.00 48.00 25.00 72.00 8.00 19.00 58.00 52.00 21.00 0.00 0.00 0.00 13.00 18.00 0.00 0.00 0.00 0.00 77.00 0.00 67.00 2.00 89.00 88.00 0.00 77.00 12.00 70.00 0.00 22.00 0.00 70.00 0.00 80.00 34.00 0.00 30.00 24.00 55.00 27.00 98.00 65.00 19.00 15.00 58.00 39.00 48.00 19.00 43.00 60.00 58.00 0.00 92.00 0.00 66.00 0.00 0.00 39.00 47.00 0.00 68.00 0.00 19.00 18.00 0.00 88.00 23.00 41.00 63.00 96.00
48 47.00 1.00 76.00 51.00 96.00 24.00 0.00 72.00 14.00 91.00 0.00 95.00 25.00 60.00 0.00 69.00 96.00 0.00 0.00 42.00 0.00 9.00 99.00 1.00 87.00 97.00 18.00 9.00 0.00 50.00 25.00 31.00 27.00 0.00 2.00 4.00 68.00 19.00 70.00 0.00 49.00 0.00 0.00 28.00 17.00 45.00 0.00 77.00 0.00 81.00 81.00 67.00 0.00 12.00 56.00 27.00 70.00 47.00 43.00 0.00 33.00 0.00 0.00 9.00 85.00 56.00 68.00 46.00 35.00 17.00 22.00 63.00 0.00 0.00 64.00 43.00 0.00 43.00 99.00 86.00 75.00 42.00 0.00 42.00 0.00 86.00 0.00 58.00 11.00 12.00 95.00 0.00 0.00 29.00 0.00 52.00 99.00 58.00 77.00 51.00
49 68.00 40.00 100.00 0.00 88.00 0.00 56.00 22.00 0.00 0.00 0.00 0.00 0.00 70.00 86.00 93.00 27.00 25.00 23.00 1.00 54.00 93.00 48.00 35.00 30.00 0.00 0.00 56.00 54.00 68.00 0.00 15.00 39.00 58.00 0.00 0.00 44.00 0.00 86.00 82.00 7.00 82.00 93.00 93.00 0.00 23.00 67.00 0.00 81.00 0.00 9.00 0.00 11.00 3.00 21.00 0.00 9.00 20.00 81.00 2.00 0.00 8.00 0.00 0.00 83.00 6.00 32.00 42.00 91.00 68.00 23.00 0.00 69.00 2.00 46.00 55.00 14.00 96.00 0.00 10.00 49.00 0.00 95.00 20.00 0.00 41.00 87.00 59.00 30.00 53.00 0.00 47.00 19.00 8.00 1.00 68.00 59.00 0.00 0.00 0.00
50 9.00 0.00 88.00 48.00 44.00 19.00 27.00 15.00 65.00 56.00 40.00 92.00 71.00 51.00 45.00 85.00 47.00 52.00 0.00 68.00 100.00 0.00 98.00 32.00 12.00 74.00 0.00 31.00 73.00 80.00 80.00 0.00 83.00 75.00 43.00 85.00 0.00 41.00 33.00 13.00 0.00 79.00 37.00 0.00 82.00 70.00 1.00 67.00 81.00 9.00 0.00 0.00 27.00 11.00 29.00 0.00 93.00 66.00 56.00 0.00 9.00 63.00 0.00 0.00 39.00 93.00 39.00 58.00 52.00 21.00 90.00 94.00 0.00 51.00 80.00 9.00 27.00 97.00 93.00 0.00 26.00 34.00 79.00 84.00 2.00 15.00 60.00 60.00 42.00 19.00 0.00 0.00 0.00 0.00 0.00 76.00 55.00 65.00 49.00 46.00
51 56.00 24.00 0.00 21.00 56.00 91.00 54.00 72.00 45.00 76.00 38.00 30.00 11.00 78.00 35.00 45.00 94.00 51.00 92.00 0.00 99.00 0.00 40.00 0.00 0.00 0.00 89.00 49.00 64.00 0.00 10.00 67.00 43.00 27.00 88.00 44.00 26.00 5.00 87.00 69.00 81.00 0.00 83.00 6.00 11.00 23.00 0.00 2.00 67.00 0.00 0.00 0.00 20.00 2.00 32.00 6.00 18.00 25.00 40.00 36.00 54.00 9.00 0.00 59.00 47.00 15.00 43.00 0.00 42.00 0.00 97.00 80.00 42.00 52.00 41.00 0.00 18.00 35.00 30.00 31.00 66.00 85.00 0.00 0.00 37.00 36.00 97.00 0.00 0.00 0.00 50.00 0.00 84.00 12.00 0.00 2.00 83.00 13.00 33.00 90.00
52 0.00 0.00 9.00 2.00 6.00 0.00 60.00 72.00 66.00 0.00 60.00 0.00 32.00 36.00 40.00 0.00 43.00 28.00 84.00 25.00 0.00 90.00 63.00 26.00 81.00 0.00 49.00 50.00 25.00 0.00 58.00 0.00 45.00 25.00 71.00 2.00 1.00 93.00 0.00 34.00 88.00 79.00 0.00 0.00 55.00 22.00 73.00 89.00 0.00 11.00 27.00 20.00 0.00 91.00 44.00 0.00 58.00 5.00 98.00 94.00 0.00 0.00 32.00 0.00 14.00 97.00 14.00 57.00 86.00 42.00 0.00 24.00 0.00 15.00 0.00 0.00 86.00 87.00 40.00 93.00 21.00 38.00 91.00 0.00 0.00 38.00 48.00 36.00 56.00 0.00 0.00 73.00 55.00 78.00 0.00 0.00 7.00 66.00 59.00 0.00
53 43.00 0.00 0.00 80.00 41.00 5.00 95.00 45.00 96.00 6.00 88.00 49.00 75.00 0.00 0.00 4.00 61.00 50.00 0.00 49.00 0.00 94.00 47.00 87.00 93.00 32.00 65.00 94.00 24.00 75.00 74.00 0.00 54.00 83.00 0.00 88.00 21.00 43.00 36.00 96.00 0.00 82.00 34.00 91.00 0.00 45.00 82.00 88.00 12.00 3.00 11.00 2.00 91.00 0.00 0.00 41.00 0.00 0.00 89.00 53.00 47.00 14.00 52.00 0.00 51.00 11.00 0.00 96.00 60.00 43.00 0.00 97.00 78.00 37.00 49.00 37.00 97.00 62.00 1.00 90.00 62.00 37.00 0.00 32.00 87.00 0.00 3.00 48.00 95.00 0.00 79.00 0.00 8.00 73.00 35.00 0.00 73.00 22.00 57.00 36.00
54 10.00 76.00 24.00 0.00 18.00 21.00 8.00 0.00 46.00 5.00 88.00 56.00 0.00 44.00 53.00 0.00 41.00 2.00 3.00 0.00 0.00 50.00 36.00 52.00 96.00 42.00 0.00 0.00 0.00 0.00 10.00 87.00 14.00 83.00 0.00 81.00 22.00 5.00 28.00 0.00 79.00 0.00 45.00 27.00 52.00 98.00 52.00 0.00 56.00 21.00 29.00 32.00 44.00 0.00 0.00 62.00 12.00 0.00 1.00 0.00 0.00 45.00 100.00 49.00 44.00 9.00 0.00 0.00 0.00 38.00 0.00 1.00 0.00 100.00 85.00 24.00 95.00 22.00 98.00 39.00 0.00 9.00 17.00 66.00 0.00 0.00 89.00 69.00 4.00 54.00 65.00 90.00 74.00 65.00 24.00 50.00 0.00 2.00 52.00 27.00
55 0.00 13.00 20.00 7.00 85.00 46.00 15.00 24.00 22.00 91.00 0.00 0.00 0.00 0.00 5.00 16.00 24.00 0.00 20.00 0.00 36.00 0.00 0.00 17.00 99.00 65.00 27.00 93.00 46.00 0.00 32.00 0.00 66.00 21.00 12.00 54.00 27.00 5.00 58.00 39.00 42.00 0.00 0.00 0.00 0.00 92.00 13.00 77.00 27.00 0.00 0.00 6.00 0.00 41.00 62.00 0.00 87.00 79.00 61.00 24.00 0.00 33.00 1.00 40.00 30.00 74.00 9.00 59.00 0.00 0.00 39.00 64.00 0.00 0.00 0.00 51.00 28.00 0.00 38.00 69.00 21.00 73.00 85.00 84.00 74.00 48.00 87.00 0.00 68.00 0.00 86.00 44.00 99.00 47.00 53.00 0.00 19.00 15.00 71.00 14.00
56 20.00 32.00 16.00 0.00 21.00 0.00 0.00 57.00 87.00 0.00 40.00 14.00 53.00 60.00 80.00 97.00 3.00 76.00 9.00 0.00 0.00 81.00 17.00 5.00 33.00 98.00 72.00 98.00 9.00 65.00 44.00 88.00 83.00 92.00 87.00 82.00 32.00 38.00 16.00 21.00 0.00 79.00 92.00 0.00 0.00 99.00 0.00 12.00 70.00 9.00 93.00 18.00 58.00 0.00 12.00 87.00 0.00 0.00 30.00 84.00 92.00 44.00 0.00 23.00 28.00 25.00 18.00 0.00 0.00 0.00 0.00 40.00 10.00 13.00 57.00 19.00 0.00 94.00 0.00 17.00 49.00 0.00 19.00 48.00 10.00 34.00 0.00 63.00 12.00 40.00 100.00 92.00 0.00 75.00 68.00 49.00 63.00 0.00 0.00 0.00
57 0.00 0.00 36.00 44.00 84.00 0.00 12.00 29.00 0.00 0.00 38.00 17.00 62.00 0.00 52.00 79.00 96.00 0.00 47.00 91.00 0.00 21.00 23.00 97.00 77.00 0.00 66.00 0.00 80.00 92.00 28.00 32.00 65.00 99.00 85.00 98.00 77.00 100.00 100.00 28.00 42.00 23.00 0.00 96.00 88.00 13.00 63.00 70.00 47.00 20.00 66.00 25.00 5.00 0.00 0.00 79.00 0.00 0.00 84.00 24.00 17.00 47.00 72.00 16.00 87.00 57.00 0.00 70.00 77.00 0.00 98.00 98.00 57.00 68.00 1.00 23.00 6.00 6.00 44.00 8.00 36.00 0.00 33.00 0.00 3.00 0.00 0.00 0.00 77.00 78.00 78.00 0.00 24.00 59.00 94.00 6.00 14.00 64.00 16.00 78.00
58 0.00 13.00 0.00 2.00 0.00 23.00 2.00 0.00 52.00 70.00 84.00 12.00 7.00 16.00 0.00 60.00 25.00 0.00 0.00 0.00 27.00 72.00 0.00 0.00 0.00 0.00 100.00 77.00 0.00 30.00 91.00 25.00 0.00 59.00 35.00 73.00 7.00 0.00 87.00 74.00 0.00 0.00 0.00 1.00 63.00 81.00 19.00 0.00 43.00 81.00 56.00 40.00 98.00 89.00 1.00 61.00 30.00 84.00 0.00 79.00 80.00 68.00 0.00 95.00 12.00 2.00 79.00 85.00 0.00 95.00 57.00 38.00 76.00 0.00 90.00 59.00 0.00 74.00 0.00 9.00 24.00 0.00 52.00 3.00 91.00 0.00 21.00 0.00 29.00 63.00 94.00 12.00 89.00 86.00 0.00 78.00 92.00 99.00 51.00 85.00
59 92.00 56.00 0.00 67.00 53.00 0.00 34.00 95.00 92.00 96.00 9.00 4.00 0.00 0.00 55.00 0.00 46.00 87.00 0.00 6.00 0.00 0.00 46.00 33.00 61.00 22.00 0.00 29.00 0.00 0.00 27.00 0.00 0.00 82.00 60.00 65.00 0.00 74.00 17.00 21.00 35.00 75.00 45.00 86.00 58.00 0.00 84.00 22.00 0.00 2.00 0.00 36.00 94.00 53.00 0.00 24.00 84.00 24.00 79.00 0.00 54.00 14.00 0.00 97.00 36.00 0.00 49.00 2.00 0.00 10.00 32.00 0.00 48.00 37.00 21.00 13.00 0.00 65.00 19.00 46.00 77.00 38.00 95.00 83.00 0.00 0.00 0.00 69.00 22.00 19.00 96.00 96.00 3.00 0.00 92.00 0.00 0.00 8.00 49.00 4.00
60 21.00 46.00 0.00 17.00 83.00 72.00 47.00 77.00 0.00 35.00 62.00 0.00 4.00 33.00 58.00 89.00 47.00 0.00 27.00 0.00 57.00 0.00 19.00 0.00 59.00 0.00 0.00 0.00 0.00 0.00 49.00 37.00 68.00 93.00 53.00 50.00 7.00 68.00 77.00 25.00 79.00 95.00 32.00 0.00 54.00 25.00 75.00 0.00 33.00 0.00 9.00 54.00 0.00 47.00 0.00 0.00 92.00 17.00 80.00 54.00 0.00 61.00 79.00 0.00 100.00 72.00 0.00 74.00 0.00 35.00 81.00 0.00 0.00 14.00 80.00 4.00 0.00 27.00 82.00 82.00 87.00 69.00 37.00 50.00 48.00 28.00 0.00 24.00 71.00 3.00 0.00 25.00 64.00 0.00 9.00 75.00 30.00 75.00 61.00 92.00
61 0.00 26.00 70.00 0.00 99.00 20.00 0.00 87.00 80.00 92.00 25.00 54.00 0.00 0.00 99.00 55.00 78.00 29.00 91.00 39.00 0.00 26.00 29.00 36.00 19.00 18.00 92.00 90.00 43.00 58.00 39.00 89.00 18.00 0.00 44.00 22.00 17.00 0.00 0.00 0.00 91.00 24.00 52.00 97.00 20.00 22.00 57.00 70.00 0.00 8.00 63.00 9.00 0.00 14.00 45.00 33.00 44.00 47.00 68.00 14.00 61.00 0.00 0.00 0.00 0.00 0.00 0.00 25.00 77.00 0.00 54.00 0.00 17.00 59.00 65.00 60.00 0.00 59.00 100.00 15.00 56.00 39.00 54.00 2.00 17.00 24.00 61.00 94.00 73.00 67.00 65.00 50.00 74.00 44.00 43.00 0.00 86.00 0.00 27.00 4.00
62 43.00 77.00 66.00 0.00 0.00 0.00 75.00 76.00 49.00 5.00 57.00 76.00 26.00 50.00 0.00 27.00 37.00 33.00 38.00 81.00 36.00 93.00 77.00 30.00 8.00 73.00 1.00 72.00 0.00 96.00 97.00 10.00 63.00 0.00 0.00 91.00 78.00 43.00 49.00 0.00 51.00 12.00 63.00 58.00 20.00 0.00 0.00 0.00 0.00 0.00 0.00 0.00 32.00 52.00 100.00 1.00 0.00 72.00 0.00 0.00 79.00 0.00 0.00 72.00 0.00 48.00 10.00 24.00 0.00 93.00 37.00 0.00 22.00 7.00 28.00 8.00 41.00 63.00 19.00 0.00 66.00 92.00 89.00 63.00 52.00 61.00 98.00 100.00 48.00 47.00 39.00 73.00 30.00 71.00 63.00 0.00 36.00 69.00 37.00 0.00
63 33.00 22.00 0.00 90.00 0.00 4.00 62.00 0.00 43.00 70.00 12.00 0.00 0.00 34.00 0.00 0.00 20.00 10.00 1.00 98.00 63.00 73.00 0.00 0.00 56.00 82.00 21.00 53.00 80.00 28.00 0.00 71.00 83.00 53.00 38.00 0.00 21.00 0.00 0.00 69.00 80.00 48.00 22.00 0.00 7.00 86.00 0.00 80.00 9.00 0.00 0.00 59.00 0.00 0.00 49.00 40.00 23.00 16.00 95.00 97.00 0.00 0.00 72.00 0.00 26.00 0.00 99.00 85.00 59.00 0.00 76.00 65.00 33.00 77.00 20.00 41.00 0.00 65.00 0.00 66.00 21.00 0.00 77.00 0.00 38.00 0.00 0.00 47.00 72.00 86.00 7.00 0.00 0.00 27.00 78.00 11.00 48.00 19.00 5.00 73.00
64 55.00 0.00 82.00 43.00 77.00 76.00 0.00 98.00 0.00 0.00 81.00 48.00 53.00 0.00 0.00 94.00 56.00 3.00 52.00 35.00 44.00 44.00 3.00 85.00 40.00 0.00 55.00 65.00 90.00 0.00 30.00 0.00 65.00 5.00 80.00 13.00 62.00 0.00 25.00 12.00 62.00 95.00 81.00 0.00 97.00 29.00 34.00 34.00 85.00 83.00 39.00 47.00 14.00 51.00 44.00 30.00 28.00 87.00 12.00 36.00 100.00 0.00 0.00 26.00 0.00 0.00 84.00 39.00 74.00 28.00 87.00 21.00 0.00 10.00 16.00 50.00 90.00 85.00 0.00 87.00 41.00 39.00 72.00 0.00 0.00 2.00 13.00 27.00 19.00 51.00 19.00 83.00 44.00 57.00 96.00 59.00 90.00 21.00 58.00 63.00
65 67.00 69.00 64.00 0.00 32.00 40.00 62.00 35.00 97.00 78.00 74.00 0.00 0.00 0.00 12.00 96.00 47.00 93.00 0.00 34.00 18.00 34.00 0.00 0.00 16.00 28.00 27.00 0.00 17.00 57.00 3.00 72.00 91.00 4.00 60.00 12.00 0.00 48.00 36.00 71.00 39.00 7.00 90.00 54.00 37.00 45.00 50.00 0.00 56.00 6.00 93.00 15.00 97.00 11.00 9.00 74.00 25.00 57.00 2.00 0.00 72.00 0.00 48.00 0.00 0.00 0.00 4.00 71.00 35.00 72.00 25.00 0.00 37.00 0.00 0.00 86.00 56.00 8.00 0.00 66.00 80.00 87.00 85.00 18.00 87.00 48.00 2.00 15.00 0.00 52.00 11.00 0.00 57.00 0.00 47.00 68.00 55.00 28.00 72.00 0.00
66 0.00 43.00 78.00 0.00 36.00 59.00 91.00 13.00 11.00 88.00 84.00 0.00 0.00 42.00 68.00 40.00 0.00 58.00 45.00 0.00 98.00 60.00 93.00 53.00 52.00 0.00 75.00 51.00 91.00 0.00 59.00 0.00 8.00 0.00 0.00 11.00 97.00 66.00 7.00 27.00 41.00 65.00 66.00 66.00 49.00 42.00 85.00 30.00 68.00 32.00 39.00 43.00 14.00 0.00 0.00 9.00 18.00 0.00 79.00 49.00 0.00 0.00 10.00 99.00 84.00 4.00 0.00 96.00 74.00 29.00 36.00 72.00 0.00 53.00 84.00 39.00 33.00 0.00 47.00 70.00 4.00 0.00 0.00 36.00 50.00 82.00 71.00 52.00 0.00 77.00 33.00 2.00 99.00 83.00 0.00 42.00 10.00 61.00 16.00 100.00
67 45.00 74.00 24.00 30.00 71.00 17.00 0.00 38.00 0.00 98.00 1.00 80.00 49.00 39.00 0.00 52.00 22.00 66.00 61.00 97.00 70.00 0.00 56.00 57.00 1.00 9.00 80.00 24.00 4.00 98.00 0.00 26.00 3.00 72.00 48.00 36.00 3.00 50.00 48.00 0.00 0.00 57.00 86.00 92.00 2.00 56.00 0.00 24.00 46.00 42.00 58.00 0.00 57.00 96.00 0.00 59.00 0.00 70.00 85.00 2.00 74.00 25.00 24.00 85.00 39.00 71.00 96.00 0.00 17.00 90.00 80.00 15.00 42.00 58.00 26.00 78.00 15.00 0.00 47.00 0.00 0.00 80.00 0.00 79.00 0.00 15.00 64.00 60.00 42.00 0.00 24.00 0.00 81.00 32.00 0.00 0.00 58.00 18.00 13.00 92.00
68 51.00 24.00 68.00 99.00 61.00 91.00 61.00 0.00 78.00 0.00 42.00 0.00 93.00 88.00 0.00 14.00 0.00 74.00 19.00 83.00 49.00 90.00 7.00 0.00 58.00 4.00 0.00 0.00 64.00 0.00 0.00 75.00 91.00 74.00 0.00 92.00 19.00 29.00 96.00 19.00 70.00 100.00 1.00 96.00 61.00 3.00 47.00 55.00 35.00 91.00 52.00 42.00 86.00 60.00 0.00 0.00 0.00 77.00 0.00 0.00 0.00 77.00 0.00 59.00 74.00 35.00 74.00 17.00 0.00 0.00 0.00 28.00 84.00 0.00 68.00 2.00 17.00 40.00 64.00 0.00 73.00 73.00 0.00 16.00 19.00 22.00 65.00 70.00 0.00 66.00 10.00 74.00 88.00 9.00 15.00 15.00 23.00 57.00 75.00 96.00
69 0.00 13.00 0.00 0.00 41.00 36.00 0.00 0.00 96.00 0.00 63.00 99.00 85.00 0.00 56.00 0.00 37.00 68.00 0.00 32.00 28.00 2.00 54.00 9.00 24.00 69.00 77.00 66.00 31.00 0.00 22.00 53.00 95.00 0.00 48.00 0.00 55.00 0.00 49.00 98.00 97.00 87.00 0.00 0.00 44.00 38.00 0.00 27.00 17.00 68.00 21.00 0.00 42.00 43.00 38.00 0.00 0.00 0.00 95.00 10.00 35.00 0.00 93.00 0.00 28.00 72.00 29.00 90.00 0.00 0.00 27.00 28.00 63.00 0.00 28.00 79.00 93.00 5.00 0.00 83.00 15.00 26.00 0.00 0.00 28.00 57.00 22.00 27.00 75.00 52.00 0.00 46.00 45.00 2.00 53.00 0.00 8.00 94.00 27.00 5.00
70 0.00 36.00 67.00 30.00 81.00 0.00 76.00 86.00 79.00 0.00 27.00 54.00 28.00 99.00 30.00 8.00 70.00 21.00 98.00 0.00 98.00 0.00 58.00 63.00 89.00 93.00 62.00 75.00 31.00 76.00 74.00 85.00 88.00 97.00 56.00 83.00 46.00 6.00 46.00 92.00 31.00 3.00 0.00 71.00 49.00 54.00 32.00 98.00 22.00 23.00 90.00 97.00 0.00 0.00 0.00 39.00 0.00 98.00 57.00 32.00 81.00 54.00 37.00 76.00 87.00 25.00 36.00 80.00 0.00 27.00 0.00 68.00 64.00 47.00 78.00 10.00 6.00 0.00 46.00 17.00 52.00 6.00 76.00 10.00 38.00 0.00 0.00 97.00 0.00 55.00 80.00 0.00 88.00 33.00 90.00 50.00 0.00 0.00 23.00 56.00
71 31.00 78.00 0.00 53.00 53.00 14.00 1.00 48.00 45.00 0.00 61.00 58.00 71.00 37.00 39.00 38.00 0.00 0.00 0.00 90.00 30.00 90.00 21.00 0.00 0.00 28.00 0.00 0.00 73.00 5.00 75.00 0.00 41.00 32.00 76.00 4.00 0.00 60.00 0.00 11.00 53.00 88.00 35.00 25.00 8.00 32.00 54.00 65.00 63.00 0.00 94.00 80.00 24.00 97.00 1.00 64.00 40.00 98.00 38.00 0.00 0.00 0.00 0.00 65.00 21.00 0.00 72.00 15.00 28.00 28.00 68.00 0.00 25.00 0.00 58.00 39.00 0.00 43.00 18.00 72.00 2.00 32.00 12.00 8.00 56.00 0.00 59.00 89.00 83.00 79.00 42.00 30.00 72.00 52.00 36.00 87.00 85.00 0.00 61.00 0.00
72 0.00 0.00 43.00 15.00 18.00 26.00 79.00 92.00 0.00 0.00 13.00 0.00 96.00 91.00 0.00 22.00 90.00 40.00 40.00 81.00 0.00 5.00 4.00 83.00 2.00 56.00 0.00 0.00 86.00 85.00 52.00 20.00 96.00 52.00 100.00 47.00 93.00 77.00 0.00 16.00 0.00 17.00 0.00 0.00 95.00 35.00 0.00 19.00 0.00 69.00 0.00 42.00 0.00 78.00 0.00 0.00 10.00 57.00 76.00 48.00 0.00 17.00 22.00 33.00 0.00 37.00 0.00 42.00 84.00 63.00 64.00 25.00 0.00 0.00 46.00 65.00 14.00 43.00 87.00 16.00 0.00 0.00 67.00 26.00 33.00 79.00 67.00 15.00 87.00 42.00 83.00 92.00 38.00 32.00 8.00 96.00 33.00 37.00 29.00 46.00
73 35.00 55.00 16.00 10.00 55.00 94.00 48.00 100.00 0.00 94.00 0.00 29.00 0.00 0.00 100.00 0.00 29.00 33.00 58.00 60.00 96.00 0.00 3.00 0.00 0.00 31.00 0.00 36.00 94.00 94.00 44.00 35.00 26.00 19.00 88.00 55.00 86.00 55.00 25.00 18.00 81.00 19.00 18.00 74.00 71.00 11.00 49.00 15.00 0.00 2.00 51.00 52.00 15.00 37.00 100.00 0.00 13.00 68.00 0.00 37.00 14.00 59.00 7.00 77.00 10.00 0.00 53.00 58.00 0.00 0.00 47.00 0.00 0.00 0.00 0.00 85.00 0.00 3.00 65.00 53.00 54.00 6.00 47.00 66.00 91.00 20.00 7.00 57.00 29.00 0.00 0.00 66.00 12.00 0.00 27.00 14.00 64.00 96.00 12.00 45.00
74 10.00 61.00 0.00 0.00 0.00 15.00 0.00 0.00 0.00 0.00 77.00 50.00 0.00 19.00 0.00 50.00 18.00 62.00 0.00 79.00 31.00 57.00 2.00 40.00 85.00 9.00 15.00 61.00 0.00 32.00 0.00 91.00 13.00 0.00 35.00 84.00 46.00 0.00 85.00 64.00 0.00 79.00 10.00 80.00 97.00 11.00 61.00 58.00 64.00 46.00 80.00 41.00 0.00 49.00 85.00 0.00 57.00 1.00 90.00 21.00 80.00 65.00 28.00 20.00 16.00 0.00 84.00 26.00 68.00 28.00 78.00 58.00 46.00 0.00 0.00 5.00 96.00 0.00 55.00 53.00 59.00 36.00 0.00 90.00 47.00 29.00 41.00 0.00 9.00 72.00 17.00 71.00 47.00 3.00 45.00 14.00 57.00 18.00 74.00 28.00
75 79.00 53.00 0.00 10.00 0.00 94.00 11.00 99.00 64.00 31.00 50.00 54.00 61.00 80.00 21.00 0.00 45.00 0.00 38.00 36.00 49.00 0.00 71.00 0.00 30.00 75.00 67.00 14.00 0.00 40.00 78.00 13.00 56.00 12.00 49.00 22.00 44.00 22.00 21.00 88.00 70.00 49.00 0.00 26.00 95.00 22.00 87.00 39.00 43.00 55.00 9.00 0.00 0.00 37.00 24.00 51.00 19.00 23.00 59.00 13.00 4.00 60.00 8.00 41.00 50.00 86.00 39.00 78.00 2.00 79.00 10.00 39.00 65.00 85.00 5.00 0.00 0.00 0.00 0.00 75.00 0.00 100.00 23.00 59.00 98.00 94.00 21.00 21.00 20.00 68.00 0.00 90.00 49.00 97.00 48.00 36.00 61.00 8.00 7.00 47.00
76 92.00 22.00 14.00 44.00 31.00 0.00 57.00 23.00 19.00 20.00 0.00 62.00 0.00 37.00 81.00 37.00 60.00 0.00 78.00 0.00 41.00 63.00 18.00 98.00 0.00 32.00 0.00 49.00 88.00 30.00 30.00 43.00 0.00 0.00 72.00 4.00 8.00 0.00 71.00 81.00 0.00 70.00 56.00 0.00 86.00 70.00 0.00 48.00 0.00 14.00 27.00 18.00 86.00 97.00 95.00 28.00 0.00 6.00 0.00 0.00 0.00 0.00 41.00 0.00 90.00 56.00 33.00 15.00 17.00 93.00 6.00 0.00 14.00 0.00 96.00 0.00 0.00 58.00 80.00 0.00 0.00 90.00 37.00 89.00 0.00 91.00 0.00 0.00 0.00 46.00 75.00 64.00 98.00 17.00 87.00 18.00 86.00 18.00 8.00 26.00
77 93.00 43.00 53.00 95.00 84.00 90.00 43.00 28.00 0.00 71.00 91.00 84.00 7.00 86.00 24.00 5.00 12.00 72.00 63.00 99.00 88.00 24.00 7.00 0.00 7.00 24.00 0.00 41.00 61.00 58.00 99.00 70.00 38.00 78.00 91.00 0.00 0.00 78.00 0.00 16.00 70.00 36.00 0.00 56.00 4.00 49.00 56.00 19.00 43.00 96.00 97.00 35.00 87.00 62.00 22.00 0.00 94.00 6.00 74.00 65.00 27.00 59.00 63.00 65.00 85.00 8.00 0.00 0.00 40.00 5.00 0.00 43.00 43.00 3.00 0.00 0.00 58.00 0.00 6.00 35.00 13.00 64.00 37.00 48.00 39.00 29.00 96.00 49.00 98.00 63.00 38.00 93.00 69.00 0.00 20.00 39.00 1.00 44.00 0.00 43.00
78 16.00 26.00 47.00 82.00 83.00 15.00 23.00 97.00 60.00 99.00 80.00 52.00 52.00 26.00 80.00 31.00 60.00 57.00 1.00 0.00 0.00 0.00 88.00 66.00 63.00 50.00 96.00 0.00 0.00 1.00 48.00 61.00 0.00 38.00 58.00 29.00 0.00 33.00 83.00 71.00 86.00 18.00 0.00 27.00 81.00 43.00 0.00 43.00 99.00 0.00 93.00 30.00 40.00 1.00 98.00 38.00 0.00 44.00 0.00 19.00 82.00 100.00 19.00 0.00 0.00 0.00 47.00 47.00 64.00 0.00 46.00 18.00 87.00 65.00 55.00 0.00 80.00 6.00 0.00 17.00 86.00 33.00 0.00 71.00 0.00 43.00 99.00 40.00 59.00 32.00 89.00 0.00 76.00 0.00 11.00 52.00 41.00 13.00 0.00 31.00
79 49.00 67.00 100.00 0.00 45.00 81.00 23.00 35.00 83.00 0.00 77.00 24.00 44.00 50.00 28.00 0.00 25.00 75.00 55.00 14.00 0.00 0.00 96.00 68.00 13.00 19.00 0.00 72.00 40.00 83.00 0.00 0.00 25.00 95.00 37.00 0.00 30.00 38.00 14.00 99.00 13.00 56.00 0.00 64.00 57.00 0.00 17.00 60.00 86.00 10.00 0.00 31.00 93.00 90.00 39.00 69.00 17.00 8.00 9.00 46.00 82.00 15.00 0.00 66.00 87.00 66.00 70.00 0.00 0.00 83.00 17.00 72.00 16.00 53.00 53.00 75.00 0.00 35.00 17.00 0.00 52.00 29.00 47.00 49.00 63.00 0.00 0.00 0.00 0.00 94.00 70.00 90.00 0.00 51.00 86.00 0.00 0.00 39.00 0.00 0.00
80 20.00 15.00 0.00 0.00 71.00 96.00 69.00 46.00 20.00 49.00 17.00 71.00 52.00 63.00 0.00 26.00 0.00 0.00 0.00 58.00 19.00 97.00 3.00 0.00 85.00 0.00 96.00 94.00 54.00 0.00 0.00 41.00 100.00 0.00 46.00 9.00 87.00 0.00 47.00 52.00 55.00 1.00 89.00 8.00 38.00 4.00 75.00 58.00 75.00 49.00 26.00 66.00 21.00 62.00 0.00 21.00 49.00 36.00 24.00 77.00 87.00 56.00 66.00 21.00 41.00 80.00 4.00 0.00 73.00 15.00 52.00 2.00 0.00 54.00 59.00 0.00 0.00 13.00 86.00 52.00 0.00 0.00 76.00 0.00 81.00 0.00 24.00 43.00 29.00 70.00 18.00 10.00 3.00 9.00 46.00 0.00 76.00 62.00 62.00 13.00
81 0.00 0.00 1.00 0.00 71.00 0.00 93.00 74.00 45.00 0.00 50.00 10.00 76.00 3.00 6.00 73.00 75.00 28.00 9.00 99.00 87.00 57.00 52.00 0.00 46.00 94.00 20.00 21.00 82.00 48.00 52.00 81.00 15.00 0.00 37.00 0.00 0.00 97.00 34.00 85.00 71.00 16.00 0.00 33.00 0.00 1.00 86.00 0.00 42.00 0.00 34.00 85.00 38.00 37.00 9.00 73.00 0.00 0.00 0.00 38.00 69.00 39.00 92.00 0.00 39.00 87.00 0.00 80.00 73.00 26.00 6.00 32.00 0.00 6.00 36.00 100.00 90.00 64.00 33.00 29.00 0.00 0.00 98.00 55.00 45.00 54.00 79.00 57.00 85.00 6.00 33.00 41.00 0.00 94.00 91.00 0.00 30.00 58.00 0.00 60.00
82 31.00 30.00 0.00 6.00 0.00 88.00 95.00 0.00 29.00 11.00 0.00 43.00 82.00 24.00 0.00 41.00 16.00 60.00 0.00 18.00 97.00 8.00 80.00 19.00 66.00 85.00 87.00 38.00 18.00 45.00 2.00 85.00 42.00 98.00 37.00 13.00 37.00 5.00 96.00 46.00 0.00 0.00 97.00 72.00 0.00 100.00 26.00 92.00 0.00 95.00 79.00 0.00 91.00 0.00 17.00 85.00 19.00 33.00 52.00 95.00 37.00 54.00 89.00 77.00 72.00 85.00 0.00 0.00 0.00 0.00 76.00 12.00 67.00 47.00 0.00 23.00 37.00 37.00 0.00 47.00 76.00 98.00 0.00 17.00 25.00 7.00 48.00 59.00 93.00 0.00 12.00 37.00 0.00 0.00 29.00 49.00 57.00 60.00 0.00 22.00
83 78.00 0.00 0.00 69.00 57.00 0.00 14.00 29.00 57.00 0.00 0.00 60.00 98.00 52.00 8.00 0.00 98.00 52.00 1.00 0.00 4.00 52.00 54.00 0.00 29.00 94.00 79.00 4.00 43.00 82.00 22.00 63.00 0.00 0.00 38.00 20.00 68.00 0.00 0.00 0.00 2.00 11.00 38.00 0.00 12.00 44.00 85.00 0.00 42.00 20.00 84.00 0.00 0.00 32.00 66.00 84.00 48.00 0.00 3.00 83.00 50.00 2.00 63.00 0.00 0.00 18.00 36.00 79.00 16.00 0.00 10.00 8.00 26.00 66.00 90.00 59.00 89.00 48.00 71.00 49.00 0.00 55.00 17.00 0.00 62.00 30.00 90.00 38.00 63.00 61.00 0.00 87.00 0.00 72.00 43.00 0.00 4.00 0.00 0.00 34.00
84 94.00 5.00 0.00 0.00 10.00 81.00 85.00 43.00 0.00 76.00 55.00 40.00 65.00 7.00 0.00 90.00 36.00 56.00 37.00 37.00 43.00 45.00 57.00 69.00 93.00 52.00 0.00 26.00 7.00 42.00 46.00 0.00 0.00 71.00 79.00 37.00 16.00 10.00 0.00 9.00 64.00 94.00 73.00 13.00 16.00 43.00 0.00 66.00 0.00 0.00 2.00 37.00 0.00 87.00 0.00 74.00 10.00 3.00 91.00 0.00 48.00 17.00 52.00 38.00 0.00 87.00 50.00 0.00 19.00 28.00 38.00 56.00 33.00 91.00 47.00 98.00 0.00 39.00 0.00 63.00 81.00 45.00 25.00 62.00 0.00 0.00 59.00 92.00 99.00 86.00 0.00 0.00 0.00 81.00 72.00 72.00 6.00 65.00 32.00 7.00
85 30.00 90.00 0.00 0.00 0.00 89.00 0.00 0.00 0.00 0.00 0.00 99.00 95.00 22.00 22.00 86.00 7.00 81.00 51.00 36.00 0.00 33.00 86.00 0.00 99.00 0.00 70.00 51.00 43.00 26.00 35.00 76.00 0.00 50.00 17.00 98.00 68.00 0.00 81.00 9.00 80.00 38.00 26.00 88.00 53.00 70.00 54.00 0.00 86.00 41.00 15.00 36.00 38.00 0.00 0.00 48.00 34.00 0.00 0.00 0.00 28.00 24.00 61.00 0.00 2.00 48.00 82.00 15.00 22.00 57.00 0.00 0.00 79.00 20.00 29.00 94.00 91.00 29.00 43.00 0.00 0.00 54.00 7.00 30.00 0.00 0.00 0.00 43.00 3.00 51.00 31.00 0.00 89.00 6.00 80.00 44.00 15.00 0.00 33.00 61.00
86 81.00 0.00 65.00 6.00 45.00 45.00 0.00 61.00 57.00 23.00 77.00 58.00 0.00 74.00 0.00 54.00 26.00 0.00 30.00 45.00 0.00 56.00 25.00 0.00 71.00 2.00 40.00 60.00 82.00 22.00 0.00 25.00 0.00 1.00 43.00 81.00 0.00 24.00 0.00 44.00 36.00 32.00 40.00 27.00 0.00 0.00 0.00 0.00 0.00 87.00 60.00 97.00 48.00 3.00 89.00 87.00 0.00 0.00 21.00 0.00 0.00 61.00 98.00 0.00 13.00 2.00 71.00 64.00 65.00 22.00 0.00 59.00 67.00 7.00 41.00 21.00 0.00 96.00 99.00 0.00 24.00 79.00 48.00 90.00 59.00 0.00 0.00 4.00 72.00 0.00 94.00 10.00 7.00 46.00 0.00 42.00 13.00 6.00 16.00 86.00
87 6.00 0.00 60.00 55.00 44.00 36.00 0.00 55.00 3.00 0.00 0.00 0.00 45.00 70.00 41.00 19.00 70.00 40.00 23.00 0.00 84.00 57.00 70.00 7.00 0.00 73.00 33.00 57.00 74.00 68.00 77.00 0.00 8.00 64.00 17.00 0.00 0.00 32.00 54.00 43.00 0.00 9.00 0.00 23.00 39.00 63.00 82.00 39.00 58.00 59.00 60.00 0.00 36.00 48.00 69.00 0.00 63.00 0.00 0.00 69.00 24.00 94.00 100.00 47.00 27.00 15.00 52.00 60.00 70.00 27.00 97.00 89.00 15.00 57.00 0.00 21.00 0.00 49.00 40.00 0.00 43.00 57.00 59.00 38.00 92.00 43.00 4.00 0.00 45.00 0.00 97.00 62.00 0.00 42.00 37.00 2.00 95.00 0.00 0.00 55.00
88 7.00 67.00 42.00 69.00 63.00 74.00 3.00 42.00 95.00 75.00 90.00 89.00 58.00 53.00 96.00 0.00 19.00 3.00 0.00 70.00 89.00 0.00 71.00 29.00 31.00 53.00 94.00 100.00 0.00 0.00 0.00 63.00 0.00 0.00 0.00 0.00 24.00 24.00 0.00 0.00 20.00 22.00 96.00 65.00 53.00 5.00 22.00 47.00 11.00 30.00 42.00 0.00 56.00 95.00 4.00 68.00 12.00 77.00 29.00 22.00 71.00 73.00 48.00 72.00 19.00 0.00 0.00 42.00 0.00 75.00 0.00 83.00 87.00 29.00 9.00 20.00 0.00 98.00 59.00 0.00 29.00 85.00 93.00 63.00 99.00 3.00 72.00 45.00 0.00 23.00 0.00 0.00 0.00 34.00 13.00 60.00 0.00 4.00 78.00 0.00
89 96.00 0.00 4.00 0.00 0.00 61.00 55.00 87.00 37.00 0.00 50.00 0.00 20.00 40.00 34.00 43.00 98.00 51.00 55.00 32.00 12.00 60.00 58.00 0.00 98.00 0.00 0.00 74.00 18.00 77.00 47.00 86.00 82.00 78.00 63.00 20.00 31.00 88.00 0.00 13.00 69.00 0.00 43.00 97.00 0.00 45.00 46.00 0.00 12.00 53.00 19.00 0.00 0.00 0.00 54.00 0.00 40.00 78.00 63.00 19.00 3.00 67.00 47.00 86.00 51.00 52.00 77.00 0.00 66.00 52.00 55.00 79.00 42.00 0.00 72.00 68.00 46.00 63.00 32.00 94.00 70.00 6.00 0.00 61.00 86.00 51.00 0.00 0.00 23.00 0.00 99.00 29.00 98.00 81.00 62.00 0.00 30.00 21.00 48.00 0.00
90 0.00 15.00 87.00 0.00 29.00 0.00 1.00 0.00 48.00 0.00 10.00 0.00 94.00 36.00 90.00 64.00 28.00 81.00 32.00 0.00 97.00 0.00 61.00 54.00 0.00 30.00 21.00 92.00 93.00 0.00 37.00 47.00 84.00 0.00 92.00 25.00 8.00 24.00 38.00 12.00 35.00 95.00 0.00 39.00 77.00 37.00 98.00 68.00 95.00 0.00 0.00 50.00 0.00 79.00 65.00 86.00 100.00 78.00 94.00 96.00 0.00 65.00 39.00 7.00 19.00 11.00 33.00 24.00 10.00 0.00 80.00 42.00 83.00 0.00 17.00 0.00 75.00 38.00 89.00 70.00 18.00 33.00 12.00 0.00 0.00 31.00 94.00 97.00 0.00 99.00 0.00 97.00 39.00 3.00 69.00 15.00 83.00 76.00 0.00 9.00
91 15.00 33.00 1.00 0.00 40.00 0.00 0.00 44.00 1.00 0.00 0.00 0.00 43.00 82.00 0.00 3.00 0.00 18.00 0.00 58.00 87.00 77.00 21.00 0.00 0.00 70.00 80.00 41.00 42.00 37.00 63.00 11.00 62.00 65.00 87.00 0.00 4.00 92.00 74.00 0.00 57.00 0.00 20.00 62.00 0.00 4.00 96.00 0.00 0.00 47.00 0.00 0.00 73.00 0.00 90.00 44.00 92.00 0.00 12.00 96.00 25.00 50.00 73.00 0.00 83.00 0.00 2.00 0.00 74.00 46.00 0.00 30.00 92.00 66.00 71.00 90.00 64.00 93.00 0.00 90.00 10.00 41.00 37.00 87.00 0.00 0.00 10.00 62.00 0.00 29.00 97.00 0.00 67.00 0.00 0.00 0.00 12.00 84.00 99.00 29.00
92 9.00 43.00 0.00 32.00 48.00 49.00 56.00 96.00 87.00 66.00 0.00 4.00 0.00 0.00 8.00 26.00 0.00 69.00 69.00 92.00 0.00 0.00 99.00 42.00 71.00 0.00 24.00 84.00 19.00 38.00 18.00 0.00 88.00 36.00 35.00 33.00 0.00 0.00 34.00 78.00 0.00 44.00 0.00 0.00 85.00 94.00 0.00 19.00 0.00 19.00 0.00 84.00 55.00 8.00 74.00 99.00 0.00 24.00 89.00 3.00 64.00 74.00 30.00 0.00 44.00 57.00 99.00 81.00 88.00 45.00 88.00 72.00 38.00 12.00 47.00 49.00 98.00 69.00 76.00 0.00 3.00 0.00 0.00 0.00 0.00 89.00 7.00 0.00 0.00 98.00 39.00 67.00 0.00 81.00 0.00 7.00 37.00 86.00 23.00 0.00
93 25.00 65.00 74.00 22.00 57.00 0.00 60.00 83.00 6.00 0.00 22.00 0.00 18.00 19.00 31.00 65.00 39.00 21.00 33.00 93.00 0.00 69.00 8.00 85.00 68.00 28.00 27.00 36.00 0.00 0.00 59.00 41.00 33.00 18.00 48.00 72.00 56.00 0.00 36.00 100.00 0.00 0.00 0.00 12.00 44.00 61.00 18.00 18.00 29.00 8.00 0.00 12.00 78.00 73.00 65.00 47.00 75.00 59.00 86.00 0.00 0.00 44.00 71.00 27.00 57.00 0.00 83.00 32.00 9.00 2.00 33.00 52.00 32.00 0.00 3.00 97.00 17.00 0.00 0.00 51.00 9.00 94.00 0.00 72.00 81.00 6.00 46.00 42.00 34.00 81.00 3.00 0.00 81.00 0.00 50.00 66.00 32.00 0.00 0.00 88.00
94 47.00 98.00 64.00 27.00 100.00 76.00 19.00 68.00 0.00 74.00 43.00 34.00 46.00 74.00 33.00 37.00 65.00 0.00 0.00 0.00 67.00 35.00 13.00 74.00 27.00 4.00 0.00 0.00 73.00 97.00 18.00 4.00 0.00 0.00 6.00 0.00 26.00 93.00 32.00 0.00 0.00 0.00 0.00 27.00 68.00 0.00 0.00 0.00 0.00 1.00 0.00 0.00 0.00 35.00 24.00 53.00 68.00 94.00 0.00 92.00 9.00 43.00 63.00 78.00 96.00 47.00 0.00 0.00 15.00 53.00 90.00 36.00 8.00 27.00 45.00 48.00 87.00 20.00 11.00 86.00 46.00 91.00 29.00 43.00 72.00 80.00 0.00 37.00 13.00 62.00 69.00 0.00 0.00 50.00 0.00 0.00 85.00 18.00 4.00 92.00
95 0.00 72.00 0.00 0.00 0.00 0.00 94.00 25.00 75.00 43.00 54.00 37.00 14.00 40.00 82.00 41.00 57.00 0.00 63.00 0.00 0.00 39.00 68.00 33.00 20.00 0.00 82.00 65.00 20.00 57.00 17.00 2.00 44.00 0.00 95.00 93.00 0.00 0.00 75.00 80.00 18.00 0.00 32.00 0.00 29.00 98.00 45.00 88.00 52.00 68.00 76.00 2.00 0.00 0.00 50.00 0.00 49.00 6.00 78.00 0.00 75.00 0.00 0.00 11.00 59.00 68.00 42.00 0.00 15.00 0.00 50.00 87.00 96.00 14.00 14.00 36.00 18.00 39.00 52.00 0.00 0.00 0.00 49.00 0.00 72.00 44.00 42.00 2.00 60.00 0.00 15.00 0.00 7.00 66.00 0.00 0.00 0.00 23.00 57.00 63.00
96 0.00 0.00 40.00 52.00 50.00 0.00 18.00 27.00 0.00 46.00 15.00 75.00 83.00 5.00 66.00 80.00 11.00 69.00 66.00 0.00 84.00 0.00 44.00 81.00 0.00 0.00 21.00 28.00 30.00 32.00 0.00 98.00 8.00 0.00 97.00 0.00 0.00 97.00 41.00 5.00 0.00 15.00 30.00 36.00 61.00 19.00 40.00 23.00 99.00 59.00 55.00 83.00 7.00 73.00 0.00 19.00 63.00 14.00 92.00 0.00 30.00 86.00 36.00 48.00 90.00 55.00 10.00 58.00 23.00 8.00 0.00 85.00 33.00 64.00 57.00 61.00 86.00 1.00 41.00 0.00 76.00 30.00 57.00 4.00 6.00 15.00 13.00 95.00 0.00 30.00 83.00 12.00 37.00 32.00 85.00 0.00 0.00 0.00 39.00 33.00
97 29.00 0.00 54.00 59.00 0.00 21.00 0.00 81.00 45.00 58.00 64.00 0.00 0.00 3.00 56.00 0.00 51.00 7.00 1.00 56.00 81.00 55.00 23.00 50.00 0.00 94.00 48.00 52.00 40.00 53.00 79.00 74.00 0.00 0.00 0.00 46.00 72.00 2.00 0.00 0.00 0.00 0.00 26.00 4.00 34.00 52.00 67.00 41.00 58.00 0.00 65.00 13.00 66.00 22.00 2.00 15.00 0.00 64.00 99.00 8.00 75.00 0.00 69.00 19.00 21.00 28.00 61.00 18.00 57.00 94.00 0.00 0.00 37.00 96.00 18.00 8.00 18.00 44.00 13.00 39.00 62.00 58.00 60.00 0.00 65.00 0.00 6.00 0.00 4.00 21.00 76.00 84.00 86.00 0.00 18.00 23.00 0.00 0.00 85.00 63.00
98 0.00 0.00 0.00 0.00 68.00 18.00 0.00 21.00 3.00 54.00 0.00 55.00 83.00 64.00 7.00 27.00 87.00 0.00 11.00 0.00 0.00 83.00 8.00 59.00 32.00 43.00 25.00 0.00 48.00 78.00 17.00 4.00 50.00 10.00 24.00 93.00 72.00 0.00 56.00 67.00 73.00 34.00 83.00 96.00 89.00 88.00 43.00 63.00 77.00 0.00 49.00 33.00 59.00 57.00 52.00 71.00 0.00 16.00 51.00 49.00 61.00 27.00 37.00 5.00 58.00 72.00 16.00 13.00 75.00 27.00 23.00 61.00 29.00 12.00 74.00 7.00 8.00 0.00 0.00 0.00 62.00 0.00 0.00 0.00 32.00 33.00 16.00 0.00 78.00 48.00 0.00 99.00 23.00 0.00 4.00 57.00 39.00 85.00 0.00 0.00
99 92.00 51.00 84.00 62.00 0.00 53.00 0.00 79.00 86.00 0.00 0.00 59.00 0.00 80.00 60.00 0.00 35.00 0.00 22.00 18.00 80.00 21.00 23.00 6.00 44.00 0.00 0.00 86.00 90.00 81.00 0.00 75.00 0.00 89.00 0.00 0.00 0.00 90.00 0.00 58.00 0.00 0.00 97.00 0.00 0.00 73.00 3.00 96.00 51.00 0.00 46.00 90.00 0.00 36.00 27.00 14.00 0.00 78.00 85.00 4.00 92.00 4.00 0.00 73.00 63.00 0.00 100.00 92.00 96.00 5.00 56.00 0.00 46.00 45.00 28.00 47.00 26.00 43.00 31.00 0.00 13.00 60.00 22.00 34.00 7.00 61.00 86.00 55.00 0.00 0.00 9.00 29.00 0.00 88.00 92.00 63.00 33.00 63.00 0.00 0.00
mcp_obj 73
mcp_gap 0
mcp_x 1 1 0 1 1 1 1 1 0 1 0 0 1 0 1 1 1 1 1 1 1 1 0 0 1 1 0 1 1 1 1 1 1 1 1 1 1 1 1 1 1 1 1 1 0 1 1 0 0 1 1 0 1 0 0 0 1 1 1 0 1 1 1 1 0 1 1 0 1 1 1 1 1 0 1 1 1 1 1 1 1 1 0 1 0 0 0 1 1 0 0 0 1 1 1 1 1 0 1 1
