NAME N100_rc_0.7_rGamma_1_dc_0.035_dGamma_0.0005_jeu_100_50_4.txt
NUM_ITEMS 100
SOURCE r_100_50_4
PARAMETERS
r_c 0.7
r_Gamma 1
d_c 0.035
d_Gamma 0.0005

BOUNDS
c_lb 0.00
c_ub 171.35
Gamma_lb 23
Gamma_ub 23
B_i_1_lb 0.00 0.00 0.00 0.00 0.00 0.00 0.00 0.00 0.00 0.00 0.00 0.00 0.00 0.00 0.00 0.00 0.00 0.00 0.00 0.00 0.00 0.00 0.00 0.00 0.00 0.00 0.00 0.00 0.00 0.00 0.00 0.00 0.00 0.00 0.00 0.00 0.00 0.00 0.00 0.00 0.00 0.00 0.00 0.00 0.00 0.00 0.00 0.00 0.00 0.00 0.00 0.00 0.00 0.00 0.00 0.00 0.00 0.00 0.00 0.00 0.00 0.00 0.00 0.00 0.00 0.00 0.00 0.00 0.00 0.00 0.00 0.00 0.00 0.00 0.00 0.00 0.00 0.00 0.00 0.00 0.00 0.00 0.00 0.00 0.00 0.00 0.00 0.00 0.00 0.00 0.00 0.00 0.00 0.00 0.00 0.00 0.00 0.00 0.00 0.00
B_i_1_ub 89.56 85.60 80.71 89.16 98.97 75.25 75.33 72.48 80.17 106.71 97.58 85.37 90.07 82.24 88.99 91.33 96.81 72.88 80.51 88.64 96.33 104.84 85.35 96.93 80.93 102.92 70.04 90.96 76.20 101.29 88.61 83.86 97.53 84.07 92.34 83.66 72.40 100.17 68.36 90.44 71.29 102.89 99.46 86.45 82.50 91.38 82.64 87.50 84.94 99.65 96.53 91.98 94.79 108.98 85.23 97.55 92.76 72.53 90.62 81.37 71.31 105.90 89.77 91.49 77.16 86.20 86.57 81.46 84.36 94.53 96.52 103.36 66.76 76.75 76.19 61.92 83.72 94.38 101.81 73.12 69.68 100.70 93.42 92.93 83.65 90.65 80.36 87.21 79.58 82.87 101.35 75.06 81.91 84.37 83.11 95.12 86.92 78.11 77.99 90.90
B_i_0_lb 0.00 0.00 0.00 0.00 0.00 0.00 0.00 0.00 0.00 0.00 0.00 0.00 0.00 0.00 0.00 0.00 0.00 0.00 0.00 0.00 0.00 0.00 0.00 0.00 0.00 0.00 0.00 0.00 0.00 0.00 0.00 0.00 0.00 0.00 0.00 0.00 0.00 0.00 0.00 0.00 0.00 0.00 0.00 0.00 0.00 0.00 0.00 0.00 0.00 0.00 0.00 0.00 0.00 0.00 0.00 0.00 0.00 0.00 0.00 0.00 0.00 0.00 0.00 0.00 0.00 0.00 0.00 0.00 0.00 0.00 0.00 0.00 0.00 0.00 0.00 0.00 0.00 0.00 0.00 0.00 0.00 0.00 0.00 0.00 0.00 0.00 0.00 0.00 0.00 0.00 0.00 0.00 0.00 0.00 0.00 0.00 0.00 0.00 0.00 0.00
B_i_0_ub 89.56 85.60 80.71 89.16 98.97 75.25 75.33 72.48 80.17 106.71 97.58 85.37 90.07 82.24 88.99 91.33 96.81 72.88 80.51 88.64 96.33 104.84 85.35 96.93 80.93 102.92 70.04 90.96 76.20 101.29 88.61 83.86 97.53 84.07 92.34 83.66 72.40 100.17 68.36 90.44 71.29 102.89 99.46 86.45 82.50 91.38 82.64 87.50 84.94 99.65 96.53 91.98 94.79 108.98 85.23 97.55 92.76 72.53 90.62 81.37 71.31 105.90 89.77 91.49 77.16 86.20 86.57 81.46 84.36 94.53 96.52 103.36 66.76 76.75 76.19 61.92 83.72 94.38 101.81 73.12 69.68 100.70 93.42 92.93 83.65 90.65 80.36 87.21 79.58 82.87 101.35 75.06 81.91 84.37 83.11 95.12 86.92 78.11 77.99 90.90
c_i_1_lb 0.00 27.30 0.00 43.40 57.40 0.00 0.00 0.00 0.00 26.60 0.00 0.00 0.00 56.00 0.00 9.80 18.20 0.00 15.40 0.00 0.00 15.40 0.00 0.00 50.40 13.30 0.00 24.50 54.60 0.00 29.40 0.00 0.00 0.00 14.00 14.00 9.80 0.00 63.00 68.60 62.30 0.00 18.90 0.00 0.00 0.00 56.00 0.00 0.00 44.80 24.50 51.80 28.70 7.00 0.00 45.50 0.00 0.00 0.00 0.00 32.20 0.00 42.00 0.00 0.00 35.70 0.00 0.00 2.80 50.40 0.00 35.70 2.10 0.00 29.40 26.60 63.00 10.50 21.70 0.00 28.70 69.30 0.00 32.20 22.40 0.00 1.40 0.00 7.70 23.80 70.00 29.40 51.80 0.00 0.00 68.60 67.90 0.00 35.00 0.00
c_i_1_ub 89.56 112.90 80.71 132.56 156.37 75.25 75.33 72.48 80.17 133.31 97.58 85.37 90.07 138.24 88.99 101.13 115.01 72.88 95.91 88.64 96.33 120.24 85.35 96.93 131.33 116.22 70.04 115.46 130.80 101.29 118.01 83.86 97.53 84.07 106.34 97.66 82.20 100.17 131.36 159.04 133.59 102.89 118.36 86.45 82.50 91.38 138.64 87.50 84.94 144.45 121.03 143.78 123.49 115.98 85.23 143.05 92.76 72.53 90.62 81.37 103.51 105.90 131.77 91.49 77.16 121.90 86.57 81.46 87.16 144.93 96.52 139.06 68.86 76.75 105.59 88.52 146.72 104.88 123.51 73.12 98.38 170.00 93.42 125.13 106.05 90.65 81.76 87.21 87.28 106.67 171.35 104.46 133.71 84.37 83.11 163.72 154.82 78.11 112.99 90.90
c_i_0_lb 0.00 27.30 0.00 43.40 57.40 0.00 0.00 0.00 0.00 26.60 0.00 0.00 0.00 56.00 0.00 9.80 18.20 0.00 15.40 0.00 0.00 15.40 0.00 0.00 50.40 13.30 0.00 24.50 54.60 0.00 29.40 0.00 0.00 0.00 14.00 14.00 9.80 0.00 63.00 68.60 62.30 0.00 18.90 0.00 0.00 0.00 56.00 0.00 0.00 44.80 24.50 51.80 28.70 7.00 0.00 45.50 0.00 0.00 0.00 0.00 32.20 0.00 42.00 0.00 0.00 35.70 0.00 0.00 2.80 50.40 0.00 35.70 2.10 0.00 29.40 26.60 63.00 10.50 21.70 0.00 28.70 69.30 0.00 32.20 22.40 0.00 1.40 0.00 7.70 23.80 70.00 29.40 51.80 0.00 0.00 68.60 67.90 0.00 35.00 0.00
c_i_0_ub 89.56 112.90 80.71 132.56 156.37 75.25 75.33 72.48 80.17 133.31 97.58 85.37 90.07 138.24 88.99 101.13 115.01 72.88 95.91 88.64 96.33 120.24 85.35 96.93 131.33 116.22 70.04 115.46 130.80 101.29 118.01 83.86 97.53 84.07 106.34 97.66 82.20 100.17 131.36 159.04 133.59 102.89 118.36 86.45 82.50 91.38 138.64 87.50 84.94 144.45 121.03 143.78 123.49 115.98 85.23 143.05 92.76 72.53 90.62 81.37 103.51 105.90 131.77 91.49 77.16 121.90 86.57 81.46 87.16 144.93 96.52 139.06 68.86 76.75 105.59 88.52 146.72 104.88 123.51 73.12 98.38 170.00 93.42 125.13 106.05 90.65 81.76 87.21 87.28 106.67 171.35 104.46 133.71 84.37 83.11 163.72 154.82 78.11 112.99 90.90
c_1_lb 0.00
c_1_ub 171.35
c_0_lb 0.00
c_0_ub 171.35

BOUND_TIMES
k_max_time 0.002983
Gamma_ub_time 0.000146
B_i_1_lb_time 0.006028
B_i_1_ub_time 0.005967
B_i_0_lb_time 0.006237
B_i_0_ub_time 0.006366

DDRO_PARAMETERS
a_0 23
b_0i 0 0 0 0 0 0 0 0 0 0 0 0 0 0 0 0 0 0 0 0 0 0 0 0 0 0 0 0 0 0 0 0 0 0 0 0 0 0 0 0 0 0 0 0 0 0 0 0 0 0 0 0 0 0 0 0 0 0 0 0 0 0 0 0 0 0 0 0 0 0 0 0 0 0 0 0 0 0 0 0 0 0 0 0 0 0 0 0 0 0 0 0 0 0 0 0 0 0 0 0
a_i 0.00 27.30 0.00 43.40 57.40 0.00 0.00 0.00 0.00 26.60 0.00 0.00 0.00 56.00 0.00 9.80 18.20 0.00 15.40 0.00 0.00 15.40 0.00 0.00 50.40 13.30 0.00 24.50 54.60 0.00 29.40 0.00 0.00 0.00 14.00 14.00 9.80 0.00 63.00 68.60 62.30 0.00 18.90 0.00 0.00 0.00 56.00 0.00 0.00 44.80 24.50 51.80 28.70 7.00 0.00 45.50 0.00 0.00 0.00 0.00 32.20 0.00 42.00 0.00 0.00 35.70 0.00 0.00 2.80 50.40 0.00 35.70 2.10 0.00 29.40 26.60 63.00 10.50 21.70 0.00 28.70 69.30 0.00 32.20 22.40 0.00 1.40 0.00 7.70 23.80 70.00 29.40 51.80 0.00 0.00 68.60 67.90 0.00 35.00 0.00
b_ij
0 0.00 0.00 0.00 1.65 0.00 0.00 3.47 2.00 3.22 0.00 0.81 0.21 1.19 0.00 1.05 0.00 2.42 2.56 0.00 0.53 2.98 0.00 0.00 0.00 0.00 1.12 0.98 0.00 1.58 3.33 0.00 1.72 0.00 0.00 0.88 0.00 0.00 0.00 0.00 1.68 0.04 0.00 0.98 0.00 2.66 0.28 0.00 0.00 0.00 2.00 0.00 3.43 2.70 0.00 2.59 2.52 1.33 0.56 1.89 2.03 0.00 0.00 0.00 0.35 2.94 0.00 0.00 0.00 0.00 3.43 1.96 2.87 0.00 0.00 0.00 0.00 1.72 1.54 0.00 1.33 0.00 1.44 0.77 0.00 2.98 0.35 0.00 0.00 3.36 0.00 0.00 0.00 0.00 0.00 3.15 0.00 0.77 1.79 0.00 2.42
1 0.00 0.00 1.26 2.14 3.47 2.70 3.50 2.00 2.03 1.47 2.10 0.42 0.00 0.00 3.05 0.00 2.66 2.94 0.18 0.00 1.33 0.00 0.00 0.00 0.00 2.84 0.00 0.67 0.95 0.00 0.00 0.00 1.82 0.00 0.74 2.91 0.00 0.95 2.24 0.00 0.00 0.00 2.07 0.00 0.04 0.00 0.00 0.00 3.26 1.68 0.77 0.00 0.00 2.56 0.00 0.28 0.00 3.33 1.72 2.66 0.00 1.37 0.00 1.44 0.91 0.00 3.08 1.61 0.00 0.00 2.24 0.74 0.00 0.00 0.00 0.00 0.00 0.00 2.80 0.00 0.00 3.26 0.00 0.00 0.00 0.00 0.00 0.00 0.00 0.00 0.67 0.00 1.09 0.00 0.00 0.00 1.58 0.00 0.00 2.07
2 0.00 1.26 0.00 2.70 0.00 0.18 0.00 2.03 3.47 1.19 0.84 2.28 0.00 2.63 0.00 0.00 0.11 1.09 2.21 1.19 0.00 0.00 0.00 0.00 2.52 0.00 1.09 0.00 1.16 0.00 0.00 0.67 0.00 0.00 0.00 0.00 0.00 2.24 0.00 1.19 1.79 0.00 0.00 1.47 0.00 0.00 3.36 0.00 3.19 0.00 0.39 1.65 0.18 0.00 0.46 0.63 0.00 1.86 0.00 2.56 1.44 2.42 0.00 2.59 2.00 0.00 0.60 0.00 0.00 0.00 0.00 0.00 0.00 0.00 0.77 0.00 0.95 2.49 2.17 0.00 0.00 0.00 0.00 0.00 1.82 1.33 1.05 0.14 0.32 0.00 1.75 0.63 1.68 0.00 1.26 3.15 0.00 0.00 1.65 2.91
3 1.65 2.14 2.70 0.00 0.00 0.00 3.40 0.00 0.74 0.00 0.00 0.77 0.00 2.31 1.47 0.00 0.00 2.21 0.00 0.00 3.43 0.00 0.60 0.00 0.77 0.28 3.15 2.80 0.00 0.00 0.00 1.37 1.33 0.00 1.89 3.19 0.14 0.00 0.00 3.47 0.00 0.00 2.24 0.00 3.43 0.00 1.30 0.00 1.19 2.10 3.33 0.00 0.00 0.00 0.00 0.81 2.03 0.00 0.28 0.00 0.00 2.56 0.00 1.79 0.00 1.89 0.00 2.21 0.00 0.00 0.00 2.49 0.00 0.00 0.00 1.02 2.24 0.77 2.28 0.00 0.00 0.91 1.86 0.00 1.37 0.00 1.72 0.00 0.18 0.00 0.00 0.00 0.00 0.00 0.00 0.84 2.38 1.30 3.29 1.54
4 0.00 3.47 0.00 0.00 0.00 2.42 1.33 0.00 1.09 2.35 3.05 1.82 0.00 2.80 1.26 0.00 0.25 0.00 0.00 0.14 0.00 0.00 0.00 0.00 1.72 0.00 0.00 1.54 0.00 3.29 1.37 2.21 0.00 0.00 0.00 0.00 0.56 2.77 0.00 1.65 0.00 1.51 0.00 3.19 2.07 2.03 2.42 2.98 0.81 0.00 2.80 0.00 0.00 0.00 0.00 0.00 2.17 3.43 0.14 3.19 0.00 2.80 3.26 0.00 0.00 0.49 2.63 0.00 0.32 0.00 3.22 2.14 0.21 0.14 0.00 2.56 0.00 0.00 1.30 0.18 2.56 0.00 0.00 0.00 3.33 0.04 3.01 0.60 0.00 0.00 3.05 0.00 0.11 2.21 0.00 0.00 2.52 0.46 0.00 0.00
5 0.00 2.70 0.18 0.00 2.42 0.00 0.00 1.72 0.00 0.00 0.53 0.56 0.00 0.00 0.00 0.00 2.28 0.00 0.00 1.23 2.24 2.45 0.00 0.00 2.91 0.00 0.00 2.59 2.66 2.45 2.52 0.00 1.19 0.00 3.19 0.00 0.00 0.00 0.00 0.25 0.00 0.00 2.00 0.00 1.33 0.00 1.37 2.73 0.49 0.21 0.00 0.00 2.21 1.51 0.67 0.00 0.00 0.00 0.00 2.49 0.00 3.15 0.00 0.00 0.00 0.07 0.00 0.00 0.00 2.52 3.33 0.00 1.68 0.00 0.00 0.00 0.00 2.00 2.17 1.09 0.42 0.00 3.43 0.00 1.65 0.00 0.00 0.35 0.00 1.26 0.00 2.07 0.00 0.00 0.00 0.98 0.00 0.00 0.00 0.00
6 3.47 3.50 0.00 3.40 1.33 0.00 0.00 0.00 0.00 0.00 0.39 0.00 0.14 1.37 0.67 0.25 0.00 0.00 1.30 0.00 1.58 3.26 0.00 3.40 0.00 3.26 0.00 0.00 0.00 0.00 1.89 2.14 2.91 0.91 0.00 0.60 0.00 0.00 0.60 0.00 0.00 2.24 0.00 0.00 0.00 0.63 0.00 0.00 0.00 0.00 0.00 0.81 0.00 0.00 0.00 0.21 1.65 2.56 0.00 0.00 0.00 2.03 0.00 0.00 0.00 0.00 0.00 0.00 0.00 0.00 0.67 1.47 0.00 2.70 0.00 0.00 2.03 0.00 2.63 0.67 0.74 0.00 3.29 0.00 0.00 0.00 0.00 0.88 0.74 3.05 1.68 1.72 2.49 0.00 0.00 2.00 0.91 0.00 1.16 0.00
7 2.00 2.00 2.03 0.00 0.00 1.72 0.00 0.00 0.25 0.00 0.00 1.72 0.00 2.28 0.00 0.00 0.00 1.19 1.86 0.00 1.54 0.00 0.95 2.49 0.00 0.00 0.00 0.11 0.00 1.51 0.00 0.00 1.93 2.21 0.81 0.00 0.00 0.00 1.44 0.00 1.02 1.54 1.23 3.43 0.00 0.00 0.00 0.00 0.00 0.00 0.00 1.30 3.19 2.59 0.00 0.81 1.51 0.00 0.00 0.00 0.00 0.00 2.63 0.07 0.00 0.00 0.00 0.00 0.00 2.80 0.00 0.00 0.00 0.00 0.00 0.63 2.35 1.96 0.00 0.00 0.00 0.00 0.00 1.89 0.00 0.00 0.00 2.38 0.00 2.63 3.50 0.00 0.00 1.61 1.23 0.00 2.42 0.04 0.07 1.61
8 3.22 2.03 3.47 0.74 1.09 0.00 0.00 0.25 0.00 2.91 3.29 2.87 0.00 0.00 2.59 0.00 1.26 2.77 0.00 0.00 0.00 2.31 0.00 0.00 0.00 0.00 0.00 0.00 0.00 0.00 1.72 0.00 1.58 0.00 1.19 3.19 0.00 0.00 0.07 0.00 2.45 1.44 2.31 0.63 0.00 1.16 2.07 0.39 0.00 0.67 0.28 0.00 0.95 1.37 0.00 0.00 0.00 0.00 2.21 0.00 0.00 0.74 0.00 2.10 1.02 0.00 0.00 0.84 0.25 2.35 0.00 0.00 0.00 1.19 3.22 1.37 0.00 0.00 0.00 2.77 2.07 0.00 1.26 0.00 0.00 0.00 0.00 1.26 0.56 1.54 0.00 0.00 2.80 0.00 0.00 0.00 0.14 0.00 0.00 2.21
9 0.00 1.47 1.19 0.00 2.35 0.00 0.00 0.00 2.91 0.00 0.28 0.00 0.00 2.07 0.00 3.22 3.12 0.00 0.00 1.30 2.07 2.52 3.47 2.94 0.00 0.00 0.00 0.00 2.52 2.84 3.50 0.00 0.00 1.26 2.21 0.04 0.49 0.00 0.00 0.63 2.80 0.00 0.46 0.00 0.00 2.49 1.89 0.04 0.00 2.63 1.89 0.00 1.47 0.07 2.87 0.00 0.00 0.63 0.00 0.00 1.79 1.23 0.00 1.47 1.23 0.00 2.14 0.00 3.08 0.00 0.70 1.40 0.00 2.91 1.86 0.00 2.91 0.00 0.28 0.77 2.49 3.12 0.04 2.38 0.00 0.04 0.00 3.43 0.00 0.00 0.00 0.00 3.40 1.12 1.33 2.24 0.00 2.63 3.08 0.00
10 0.81 2.10 0.84 0.00 3.05 0.53 0.39 0.00 3.29 0.28 0.00 0.00 0.00 1.79 0.00 3.26 2.03 0.00 0.00 2.10 1.02 3.26 0.00 0.00 0.00 0.11 0.74 1.65 0.00 0.00 1.68 1.89 2.98 0.00 2.38 2.21 3.22 0.00 0.81 0.00 0.00 0.00 1.23 2.45 2.24 0.00 0.00 0.25 0.00 0.00 0.00 2.80 0.00 0.00 0.00 2.91 0.21 0.91 0.00 2.94 0.00 2.87 0.46 0.21 0.60 0.00 1.75 0.88 2.84 2.10 1.86 3.01 0.00 1.02 0.00 0.00 1.09 1.93 0.00 0.00 1.19 0.00 0.00 0.00 2.70 0.00 0.77 1.40 1.19 1.51 0.00 0.00 0.00 2.42 0.00 0.00 1.05 2.87 0.00 3.50
11 0.21 0.42 2.28 0.77 1.82 0.56 0.00 1.72 2.87 0.00 0.00 0.00 0.00 0.88 1.16 3.12 2.38 0.00 0.00 0.00 2.66 0.00 0.00 0.00 0.00 1.23 0.00 0.56 0.28 3.12 2.31 2.70 3.19 1.82 2.42 0.00 0.00 1.30 0.00 1.09 0.25 0.00 0.00 3.08 0.00 0.14 3.22 1.93 2.70 1.47 0.00 0.00 0.00 0.00 0.42 0.00 0.00 0.00 0.00 0.00 0.00 0.21 0.00 0.00 1.96 1.37 0.74 0.00 0.00 1.75 2.87 0.00 0.88 0.00 0.00 0.00 1.47 0.00 0.00 3.47 0.35 1.02 0.88 1.82 3.12 0.00 0.00 0.28 0.00 0.00 0.00 1.68 0.00 0.00 1.12 2.66 1.82 0.00 1.82 0.00
12 1.19 0.00 0.00 0.00 0.00 0.00 0.14 0.00 0.00 0.00 0.00 0.00 0.00 0.00 2.35 0.67 0.46 0.81 0.00 1.96 0.00 0.00 0.00 0.00 2.28 3.22 1.86 3.26 2.38 3.33 3.08 0.49 0.25 0.00 0.00 1.37 2.38 0.00 0.00 0.00 0.00 3.22 0.00 0.28 0.00 3.29 0.00 0.00 0.00 0.70 0.00 0.98 0.00 0.00 0.00 0.53 0.00 2.45 1.40 1.37 1.75 0.00 1.37 0.00 1.54 2.42 3.08 0.00 1.51 1.19 0.77 0.00 1.86 0.00 3.40 1.58 0.00 2.94 0.00 1.89 0.00 0.00 1.54 2.94 0.00 1.79 1.82 0.42 2.45 0.14 0.00 0.00 0.00 0.53 0.81 2.63 0.00 2.63 1.37 0.00
13 0.00 0.00 2.63 2.31 2.80 0.00 1.37 2.28 0.00 2.07 1.79 0.88 0.00 0.00 1.12 1.93 0.00 0.00 2.35 0.00 1.30 3.05 0.00 1.58 2.35 0.00 1.79 0.00 0.00 0.00 0.00 0.00 3.15 0.00 0.00 0.00 0.00 0.63 0.00 2.38 0.00 0.00 1.23 3.33 2.91 1.30 0.00 0.00 0.00 0.00 0.00 0.00 0.00 0.00 3.43 0.00 3.12 0.00 0.00 0.00 0.98 0.00 0.00 0.00 3.01 0.42 1.30 0.00 0.00 0.00 0.56 1.47 0.00 0.81 1.37 0.28 0.00 1.26 0.00 0.00 0.00 0.84 0.00 0.00 0.67 0.00 1.05 2.63 1.30 0.00 0.00 0.00 3.15 0.00 3.33 2.77 0.00 0.00 0.00 1.96
14 1.05 3.05 0.00 1.47 1.26 0.00 0.67 0.00 2.59 0.00 0.00 1.16 2.35 1.12 0.00 0.00 0.00 2.52 0.00 3.22 0.00 0.00 2.84 1.79 0.00 0.00 2.77 0.00 0.00 2.17 0.00 1.16 0.00 1.12 0.00 1.58 0.00 1.58 1.30 0.00 0.00 2.31 0.00 0.00 0.00 0.00 0.00 0.53 0.00 0.00 0.00 0.00 2.17 0.00 0.00 0.00 0.00 0.95 2.87 0.00 0.67 0.00 1.33 0.95 2.31 1.40 0.00 0.00 0.84 0.00 0.60 0.00 1.19 2.94 0.74 0.00 3.19 0.00 3.15 0.00 2.00 3.29 2.24 2.14 0.53 2.10 3.05 0.00 0.70 0.00 0.00 0.00 0.25 0.00 1.89 0.00 2.98 0.14 0.00 2.77
15 0.00 0.00 0.00 0.00 0.00 0.00 0.25 0.00 0.00 3.22 3.26 3.12 0.67 1.93 0.00 0.00 0.00 3.33 3.29 1.75 2.70 2.03 0.00 0.00 0.00 1.75 0.00 2.73 0.67 0.00 1.89 0.32 0.00 0.00 2.94 0.00 0.74 0.00 0.00 0.00 0.00 2.84 0.00 3.43 0.00 0.00 0.14 2.98 0.00 1.75 3.29 0.00 0.00 2.17 0.00 2.24 3.40 0.00 0.00 0.39 0.00 0.60 0.49 0.39 2.38 2.94 0.00 0.00 1.33 2.10 0.70 1.40 0.00 0.91 0.00 0.63 2.56 2.07 0.00 0.00 0.25 0.91 0.00 0.00 0.00 1.96 0.00 2.49 3.12 1.33 1.02 0.35 0.00 0.00 0.00 0.00 1.65 0.00 0.00 0.53
16 2.42 2.66 0.11 0.00 0.25 2.28 0.00 0.00 1.26 3.12 2.03 2.38 0.46 0.00 0.00 0.00 0.00 0.32 1.54 2.94 0.00 0.00 0.00 0.00 2.14 0.00 0.00 0.42 0.00 1.37 0.00 0.00 3.01 0.00 1.40 0.00 2.73 1.61 0.00 2.66 0.00 0.00 1.68 0.53 0.00 0.07 0.00 0.00 0.42 0.81 2.87 0.00 2.35 0.95 0.81 0.00 0.88 0.00 0.00 0.00 0.00 0.63 2.07 2.38 3.15 3.50 3.01 0.00 3.29 0.95 0.00 0.49 0.00 2.28 0.00 3.12 0.00 0.00 0.00 0.00 0.00 1.61 1.93 0.00 1.02 3.50 0.91 0.00 0.00 2.28 2.87 0.00 0.32 0.88 0.53 3.40 2.21 0.56 1.44 0.00
17 2.56 2.94 1.09 2.21 0.00 0.00 0.00 1.19 2.77 0.00 0.00 0.00 0.81 0.00 2.52 3.33 0.32 0.00 0.14 0.00 0.00 0.00 0.46 1.93 0.00 0.74 0.00 1.51 1.86 1.54 0.00 2.84 1.44 0.00 1.72 2.52 0.00 0.98 2.80 0.00 1.65 0.00 2.14 0.00 2.35 0.98 1.96 0.00 0.00 0.98 0.32 0.00 0.00 0.00 0.00 1.16 0.00 3.40 1.37 0.00 0.91 0.53 2.00 2.24 0.00 0.00 0.00 1.93 0.00 0.00 0.00 0.00 0.00 0.25 0.00 0.00 0.00 0.00 0.00 0.00 0.46 1.93 1.40 0.00 0.00 1.47 0.67 0.84 1.54 0.00 0.00 0.00 0.00 0.00 0.00 0.00 0.18 0.00 0.00 0.00
18 0.00 0.18 2.21 0.00 0.00 0.00 1.30 1.86 0.00 0.00 0.00 0.00 0.00 2.35 0.00 3.29 1.54 0.14 0.00 2.10 2.52 0.00 2.07 0.04 0.00 0.00 1.47 2.87 0.00 0.00 2.31 2.38 0.00 1.89 0.00 0.00 1.33 1.72 0.00 1.58 0.00 3.36 3.15 0.00 0.00 3.50 0.00 0.49 0.00 1.37 1.19 0.00 0.00 1.61 1.65 0.00 3.12 0.00 0.25 0.00 0.07 0.00 2.21 2.52 0.95 1.86 0.18 0.77 0.95 0.00 0.00 0.00 0.00 0.00 1.75 0.00 0.00 1.82 1.82 0.00 0.00 2.07 0.00 0.00 0.00 0.00 0.00 0.00 2.35 0.00 3.05 2.63 0.00 0.00 0.00 0.00 0.00 0.67 0.00 0.00
19 0.53 0.00 1.19 0.00 0.14 1.23 0.00 0.00 0.00 1.30 2.10 0.00 1.96 0.00 3.22 1.75 2.94 0.00 2.10 0.00 0.00 0.28 3.26 0.00 0.00 0.00 0.00 2.52 0.00 0.00 1.89 0.00 0.70 0.00 0.00 0.00 0.00 0.00 0.00 1.89 0.00 0.00 2.14 0.98 0.00 3.12 3.33 0.00 0.88 1.51 0.00 0.00 0.00 1.58 3.01 3.33 3.19 0.00 1.82 0.00 2.66 0.00 1.26 0.00 0.00 0.00 0.00 0.00 0.98 0.00 0.00 3.15 0.00 0.00 1.44 2.73 0.00 0.00 0.95 0.84 0.00 0.88 0.00 0.46 0.00 3.47 0.00 3.15 0.00 2.10 2.66 3.08 1.02 0.00 0.00 3.36 0.56 0.00 0.00 0.00
20 2.98 1.33 0.00 3.43 0.00 2.24 1.58 1.54 0.00 2.07 1.02 2.66 0.00 1.30 0.00 2.70 0.00 0.00 2.52 0.00 0.00 2.52 0.00 0.00 0.00 2.03 0.00 0.00 0.00 1.37 0.00 3.12 0.00 2.35 0.46 0.00 1.23 0.46 0.00 1.65 2.80 1.40 0.00 3.26 0.00 1.79 0.00 0.63 0.67 0.77 1.96 2.49 0.00 0.00 0.00 0.39 2.03 0.00 0.00 0.00 2.66 0.00 1.16 0.00 0.00 1.72 0.00 1.30 0.00 0.49 0.00 0.00 0.18 1.40 0.00 2.94 1.09 0.32 2.10 2.17 0.00 0.46 0.00 0.00 1.40 0.00 2.24 2.24 2.14 1.96 2.42 0.00 3.05 1.02 0.00 0.00 0.00 0.56 2.56 0.00
21 0.00 0.00 0.00 0.00 0.00 2.45 3.26 0.00 2.31 2.52 3.26 0.00 0.00 3.05 0.00 2.03 0.00 0.00 0.00 0.28 2.52 0.00 0.00 2.73 0.00 0.00 3.47 2.17 0.00 3.47 1.89 0.00 0.63 0.00 0.00 0.00 2.84 0.07 0.00 2.52 3.05 0.00 1.26 2.03 0.00 3.19 0.39 0.00 3.01 0.00 1.16 1.44 0.00 2.73 0.00 0.88 0.00 0.00 3.19 0.00 2.91 2.59 2.73 0.00 0.98 0.00 0.67 0.00 0.00 0.00 0.84 2.21 1.19 2.49 0.28 3.05 0.00 0.60 2.07 0.00 0.00 0.00 0.00 0.00 0.53 0.00 0.04 0.00 1.12 0.56 2.73 0.00 0.00 3.33 2.38 2.73 2.52 0.00 2.49 0.00
22 0.00 0.00 0.00 0.60 0.00 0.00 0.00 0.95 0.00 3.47 0.00 0.00 0.00 0.00 2.84 0.00 0.00 0.46 2.07 3.26 0.00 0.00 0.00 0.00 1.79 0.00 0.00 1.58 0.28 1.19 0.00 0.00 0.00 3.08 0.32 0.00 2.87 1.58 0.00 2.84 0.00 0.00 2.91 3.05 0.00 1.44 0.00 3.29 1.51 1.75 2.38 3.33 0.00 1.23 1.33 0.00 0.00 0.67 0.95 0.00 0.00 3.47 0.00 0.00 0.00 0.00 0.00 0.00 0.00 0.00 0.00 0.00 0.00 0.00 1.12 0.00 3.08 0.00 2.80 0.00 0.00 1.72 0.00 2.10 0.00 3.26 0.00 0.00 0.00 1.65 0.00 3.15 0.00 3.36 3.22 0.00 1.40 2.00 0.00 0.00
23 0.00 0.00 0.00 0.00 0.00 0.00 3.40 2.49 0.00 2.94 0.00 0.00 0.00 1.58 1.79 0.00 0.00 1.93 0.04 0.00 0.00 2.73 0.00 0.00 0.00 0.00 1.30 2.70 3.40 0.49 0.00 2.35 1.47 0.00 1.09 1.19 0.00 1.96 0.00 1.33 0.14 2.42 0.00 0.74 0.00 2.77 0.00 1.02 1.58 0.42 2.80 2.42 3.12 2.28 3.43 3.08 1.30 0.00 0.25 1.51 1.23 0.00 0.00 0.00 0.00 2.24 0.00 0.00 2.98 1.47 3.36 1.86 0.00 1.86 0.00 0.00 0.00 0.00 0.00 0.49 0.04 0.00 3.29 1.33 0.00 1.51 0.91 0.56 0.14 0.42 0.00 0.00 2.38 1.65 0.00 0.00 2.49 1.16 0.00 2.10
24 0.00 0.00 2.52 0.77 1.72 2.91 0.00 0.00 0.00 0.00 0.00 0.00 2.28 2.35 0.00 0.00 2.14 0.00 0.00 0.00 0.00 0.00 1.79 0.00 0.00 1.16 1.65 0.00 1.65 0.00 0.74 0.00 0.00 0.00 0.00 0.00 0.00 1.19 0.88 3.40 0.00 2.63 2.84 0.00 0.00 0.00 0.00 2.59 2.42 0.00 0.00 0.00 0.00 0.53 0.00 3.05 0.00 1.47 0.00 0.00 1.89 0.00 0.00 0.00 0.00 0.00 0.00 0.00 0.00 0.84 3.50 1.96 2.07 3.12 0.95 3.01 1.26 0.00 3.12 0.25 0.00 2.70 1.12 0.25 0.00 1.37 1.61 0.00 0.00 0.00 2.63 0.00 0.00 1.72 0.00 2.14 0.98 0.00 0.25 1.51
25 1.12 2.84 0.00 0.28 0.00 0.00 3.26 0.00 0.00 0.00 0.11 1.23 3.22 0.00 0.00 1.75 0.00 0.74 0.00 0.00 2.03 0.00 0.00 0.00 1.16 0.00 1.19 3.40 0.00 1.12 2.45 0.74 2.63 0.39 3.43 0.32 2.42 0.00 0.00 2.66 0.00 2.28 2.07 1.61 0.84 0.00 0.70 0.39 0.46 2.14 0.00 1.16 0.00 2.38 2.87 2.21 0.00 0.00 1.86 0.00 0.18 2.10 0.00 1.93 3.26 2.17 2.00 2.10 0.00 0.18 0.00 0.00 0.00 0.00 1.79 0.42 0.00 0.42 0.00 1.82 0.14 0.00 2.77 3.50 0.00 1.19 2.49 0.00 2.98 3.15 2.63 0.00 0.00 0.00 2.42 0.00 3.36 0.00 0.46 0.00
26 0.98 0.00 1.09 3.15 0.00 0.00 0.00 0.00 0.00 0.00 0.74 0.00 1.86 1.79 2.77 0.00 0.00 0.00 1.47 0.00 0.00 3.47 0.00 1.30 1.65 1.19 0.00 2.35 0.28 0.00 0.00 0.00 2.94 0.00 0.07 2.00 0.21 0.77 0.00 1.12 1.65 0.00 1.37 0.00 1.12 0.63 0.21 2.77 0.00 0.00 0.53 0.00 2.17 0.00 0.00 0.00 3.12 1.23 1.40 2.10 0.70 0.00 2.77 0.00 0.00 0.39 0.00 0.00 0.11 3.22 3.01 0.00 1.26 0.00 0.00 0.32 0.00 0.00 0.00 0.00 0.00 0.56 0.00 0.74 0.00 0.00 0.00 0.00 0.00 0.67 1.19 0.00 0.00 0.00 2.94 0.49 0.35 0.00 1.82 0.00
27 0.00 0.67 0.00 2.80 1.54 2.59 0.00 0.11 0.00 0.00 1.65 0.56 3.26 0.00 0.00 2.73 0.42 1.51 2.87 2.52 0.00 2.17 1.58 2.70 0.00 3.40 2.35 0.00 0.00 0.00 0.00 1.26 0.98 0.00 3.05 2.42 1.93 0.00 0.00 1.75 0.00 1.16 0.00 0.00 1.96 0.00 2.07 0.00 2.52 3.01 0.00 0.00 3.08 0.00 2.21 0.00 0.00 0.00 0.00 0.00 0.00 1.68 2.31 0.00 0.00 0.00 2.38 0.00 0.00 0.00 0.00 0.32 0.00 1.96 0.35 2.31 1.19 1.51 0.00 0.00 0.00 0.00 0.00 0.00 0.00 0.00 0.00 3.33 0.00 0.00 1.89 3.36 0.00 0.00 3.47 0.00 1.93 0.00 0.00 0.14
28 1.58 0.95 1.16 0.00 0.00 2.66 0.00 0.00 0.00 2.52 0.00 0.28 2.38 0.00 0.00 0.67 0.00 1.86 0.00 0.00 0.00 0.00 0.28 3.40 1.65 0.00 0.28 0.00 0.00 2.21 0.00 3.22 0.00 1.09 0.00 0.07 0.00 0.00 0.00 1.61 1.89 0.00 0.32 0.00 2.49 0.00 0.00 0.00 2.31 3.26 2.80 2.07 0.53 0.67 0.00 0.35 0.00 2.03 0.00 0.00 0.00 0.00 0.00 1.68 0.00 0.67 0.00 0.81 0.70 0.42 0.00 2.66 0.28 0.00 0.14 2.59 0.00 2.45 0.00 1.72 2.10 0.00 0.00 3.29 0.00 0.00 0.00 0.00 0.00 3.19 1.86 1.72 0.00 0.00 0.00 1.09 0.00 1.40 0.84 0.00
29 3.33 0.00 0.00 0.00 3.29 2.45 0.00 1.51 0.00 2.84 0.00 3.12 3.33 0.00 2.17 0.00 1.37 1.54 0.00 0.00 1.37 3.47 1.19 0.49 0.00 1.12 0.00 0.00 2.21 0.00 2.70 0.00 0.00 2.14 0.00 0.25 0.35 3.01 0.98 0.00 0.49 1.33 0.00 0.00 0.00 0.00 2.59 3.05 0.00 2.63 0.00 0.00 0.00 0.00 3.50 2.45 0.00 0.00 2.98 0.00 0.00 0.00 1.79 1.65 0.00 0.00 0.21 0.00 0.91 2.91 1.40 0.00 0.00 0.00 1.61 1.26 0.00 0.00 0.00 0.88 0.18 3.50 3.08 0.00 1.37 0.95 1.54 0.00 0.00 2.21 2.66 0.81 0.39 2.14 0.00 0.00 1.51 1.12 0.60 3.36
30 0.00 0.00 0.00 0.00 1.37 2.52 1.89 0.00 1.72 3.50 1.68 2.31 3.08 0.00 0.00 1.89 0.00 0.00 2.31 1.89 0.00 1.89 0.00 0.00 0.74 2.45 0.00 0.00 0.00 2.70 0.00 0.00 0.00 0.18 1.72 0.84 1.89 0.00 0.00 0.00 0.00 0.42 0.00 0.74 0.00 0.00 0.00 0.00 2.94 0.00 1.47 2.38 3.15 0.00 0.00 0.00 1.09 0.00 0.00 3.29 2.80 0.00 2.21 2.84 3.50 0.00 3.01 0.18 1.54 0.00 0.84 2.00 0.00 0.98 0.00 0.00 1.44 0.84 0.00 0.04 3.43 2.84 0.00 0.39 2.56 0.00 0.00 0.00 0.00 0.00 0.00 0.00 0.25 1.51 0.00 2.73 0.63 0.00 0.00 0.00
31 1.72 0.00 0.67 1.37 2.21 0.00 2.14 0.00 0.00 0.00 1.89 2.70 0.49 0.00 1.16 0.32 0.00 2.84 2.38 0.00 3.12 0.00 0.00 2.35 0.00 0.74 0.00 1.26 3.22 0.00 0.00 0.00 2.84 0.00 0.00 1.23 1.23 0.00 0.00 0.00 2.91 1.61 0.00 0.00 0.00 1.47 0.04 0.35 2.17 2.21 0.00 0.00 0.00 2.21 0.00 0.00 3.40 0.00 0.28 0.04 0.00 0.00 0.00 0.00 0.00 0.00 0.39 2.00 2.31 0.00 1.61 0.00 0.00 1.37 0.00 0.00 1.72 0.00 1.65 0.18 0.88 1.16 0.00 2.63 0.00 3.29 0.00 0.00 0.07 0.25 0.00 0.25 0.46 0.00 0.00 3.50 0.00 1.72 3.29 2.56
32 0.00 1.82 0.00 1.33 0.00 1.19 2.91 1.93 1.58 0.00 2.98 3.19 0.25 3.15 0.00 0.00 3.01 1.44 0.00 0.70 0.00 0.63 0.00 1.47 0.00 2.63 2.94 0.98 0.00 0.00 0.00 2.84 0.00 3.26 0.00 2.35 2.14 0.00 0.00 0.00 0.00 0.91 0.00 2.42 1.93 0.11 0.00 0.00 0.00 2.87 1.33 0.00 0.70 0.00 2.63 1.79 0.00 0.42 2.28 0.00 0.70 2.49 0.00 0.00 0.00 3.36 0.00 0.00 0.21 0.46 3.50 0.00 3.47 1.54 0.00 0.00 0.00 3.26 1.54 0.00 1.40 0.00 2.52 1.82 0.04 0.00 0.00 0.00 0.00 0.91 2.24 0.46 0.84 0.00 0.00 0.00 1.93 0.00 0.00 2.73
33 0.00 0.00 0.00 0.00 0.00 0.00 0.91 2.21 0.00 1.26 0.00 1.82 0.00 0.00 1.12 0.00 0.00 0.00 1.89 0.00 2.35 0.00 3.08 0.00 0.00 0.39 0.00 0.00 1.09 2.14 0.18 0.00 3.26 0.00 0.28 1.86 0.00 0.00 0.00 3.47 0.00 3.26 0.00 0.00 0.00 0.00 0.35 0.00 0.00 1.65 0.11 0.88 0.67 2.70 0.00 0.81 0.18 2.28 3.29 0.56 1.05 1.05 0.00 3.50 0.74 0.00 2.80 3.26 2.49 0.00 0.70 2.87 0.00 0.32 0.00 2.56 0.00 2.38 0.00 1.33 0.00 0.00 2.10 0.00 0.60 1.40 0.00 2.28 0.00 1.40 0.00 0.00 0.00 0.00 0.00 1.09 3.08 1.93 1.09 0.00
34 0.88 0.74 0.00 1.89 0.00 3.19 0.00 0.81 1.19 2.21 2.38 2.42 0.00 0.00 0.00 2.94 1.40 1.72 0.00 0.00 0.46 0.00 0.32 1.09 0.00 3.43 0.07 3.05 0.00 0.00 1.72 0.00 0.00 0.28 0.00 1.51 0.04 0.28 0.00 0.00 0.49 2.17 0.00 0.00 0.84 1.44 0.00 1.09 0.00 1.26 0.00 2.66 1.33 2.77 1.05 1.89 2.59 0.00 3.08 0.74 1.30 0.00 0.00 0.46 3.12 0.00 0.00 2.31 2.49 0.60 1.02 3.08 1.61 2.14 1.02 0.00 0.00 0.00 2.21 1.09 0.00 0.00 0.00 0.32 1.61 0.77 1.26 0.00 1.12 0.00 2.63 0.00 0.00 0.00 0.00 1.33 0.00 3.43 0.00 0.00
35 0.00 2.91 0.00 3.19 0.00 0.00 0.60 0.00 3.19 0.04 2.21 0.00 1.37 0.00 1.58 0.00 0.00 2.52 0.00 0.00 0.00 0.00 0.00 1.19 0.00 0.32 2.00 2.42 0.07 0.25 0.84 1.23 2.35 1.86 1.51 0.00 0.00 1.58 2.56 0.00 1.75 0.77 0.88 0.00 0.00 0.00 0.00 0.00 0.00 2.07 2.31 0.00 0.00 0.00 1.79 3.50 0.00 0.53 1.26 0.00 2.38 3.47 0.00 2.84 0.00 0.00 0.84 2.45 0.00 0.91 3.19 2.56 0.00 0.21 1.02 0.49 0.00 1.30 0.70 0.00 0.00 0.00 0.00 1.75 0.00 3.40 0.00 0.00 2.91 0.35 0.00 0.00 0.70 0.00 1.54 0.00 0.00 0.00 0.00 0.00
36 0.00 0.00 0.00 0.14 0.56 0.00 0.00 0.00 0.00 0.49 3.22 0.00 2.38 0.00 0.00 0.74 2.73 0.00 1.33 0.00 1.23 2.84 2.87 0.00 0.00 2.42 0.21 1.93 0.00 0.35 1.89 1.23 2.14 0.00 0.04 0.00 0.00 0.00 0.00 0.00 0.00 2.03 0.00 3.50 0.00 0.49 2.00 1.58 2.45 0.00 2.77 2.14 1.05 0.00 0.00 0.00 2.70 0.00 0.00 0.98 0.07 3.50 0.00 0.00 0.00 0.00 1.23 1.75 0.00 0.00 0.00 0.00 0.00 0.00 0.00 1.68 2.10 1.47 0.18 0.00 0.00 0.21 0.77 0.00 0.00 0.14 0.00 0.00 0.84 0.74 0.00 1.26 0.00 2.10 0.00 0.00 1.30 0.91 1.72 0.00
37 0.00 0.95 2.24 0.00 2.77 0.00 0.00 0.00 0.00 0.00 0.00 1.30 0.00 0.63 1.58 0.00 1.61 0.98 1.72 0.00 0.46 0.07 1.58 1.96 1.19 0.00 0.77 0.00 0.00 3.01 0.00 0.00 0.00 0.00 0.28 1.58 0.00 0.00 2.77 0.00 2.94 0.00 3.50 1.23 0.00 0.42 3.22 0.28 0.00 1.33 2.14 2.80 2.80 0.81 0.00 0.00 0.00 0.60 0.11 0.00 0.00 0.00 3.22 0.00 3.12 0.00 0.00 0.00 0.18 2.38 1.30 0.00 1.47 0.00 3.26 0.00 0.00 0.00 2.42 0.00 2.98 2.14 2.10 2.07 0.95 0.00 1.86 2.73 0.00 0.00 0.39 2.42 0.00 2.98 1.68 1.23 1.61 2.66 2.38 3.01
38 0.00 2.24 0.00 0.00 0.00 0.00 0.60 1.44 0.07 0.00 0.81 0.00 0.00 0.00 1.30 0.00 0.00 2.80 0.00 0.00 0.00 0.00 0.00 0.00 0.88 0.00 0.00 0.00 0.00 0.98 0.00 0.00 0.00 0.00 0.00 2.56 0.00 2.77 0.00 0.00 2.77 0.00 0.77 0.00 0.00 0.00 1.93 0.00 0.00 0.32 0.00 0.00 0.39 0.00 2.73 0.00 0.00 1.19 0.00 3.12 0.00 2.07 2.63 2.21 0.00 0.00 2.73 0.00 3.43 2.73 3.22 0.00 1.93 0.00 0.00 0.42 0.00 3.47 0.00 0.00 3.47 0.00 0.00 0.00 0.00 0.00 0.00 0.00 2.80 0.00 0.00 0.32 1.30 0.42 0.00 0.00 2.70 2.84 0.00 0.00
39 1.68 0.00 1.19 3.47 1.65 0.25 0.00 0.00 0.00 0.63 0.00 1.09 0.00 2.38 0.00 0.00 2.66 0.00 1.58 1.89 1.65 2.52 2.84 1.33 3.40 2.66 1.12 1.75 1.61 0.00 0.00 0.00 0.00 3.47 0.00 0.00 0.00 0.00 0.00 0.00 0.00 0.00 0.00 0.00 0.00 1.79 0.00 1.86 1.51 0.00 2.45 0.00 0.00 2.35 2.17 0.00 0.00 0.39 3.26 0.00 0.00 2.73 0.00 2.28 3.40 2.14 0.00 0.00 0.00 0.00 2.77 0.32 0.00 0.00 0.00 0.42 1.12 1.86 0.00 0.00 0.00 0.00 0.00 2.52 2.84 0.00 0.00 0.04 1.86 0.00 0.00 2.84 0.00 3.47 0.00 0.74 1.05 0.00 0.56 0.88
40 0.04 0.00 1.79 0.00 0.00 0.00 0.00 1.02 2.45 2.80 0.00 0.25 0.00 0.00 0.00 0.00 0.00 1.65 0.00 0.00 2.80 3.05 0.00 0.14 0.00 0.00 1.65 0.00 1.89 0.49 0.00 2.91 0.00 0.00 0.49 1.75 0.00 2.94 2.77 0.00 0.00 0.00 0.00 0.00 0.00 1.16 2.38 0.00 2.52 1.37 0.00 0.00 0.77 2.59 0.00 2.73 0.49 0.00 0.00 0.00 0.00 1.58 0.00 1.44 0.00 0.00 2.63 3.05 0.00 0.00 0.00 0.00 0.00 0.00 1.65 0.00 0.00 0.00 0.00 3.26 0.00 1.37 0.21 0.00 0.00 0.00 0.00 0.00 1.02 0.00 1.19 0.00 0.00 0.00 3.43 1.68 0.00 0.49 0.04 3.36
41 0.00 0.00 0.00 0.00 1.51 0.00 2.24 1.54 1.44 0.00 0.00 0.00 3.22 0.00 2.31 2.84 0.00 0.00 3.36 0.00 1.40 0.00 0.00 2.42 2.63 2.28 0.00 1.16 0.00 1.33 0.42 1.61 0.91 3.26 2.17 0.77 2.03 0.00 0.00 0.00 0.00 0.00 0.00 3.36 1.93 0.00 2.17 0.04 2.63 0.00 2.03 0.00 0.00 0.98 0.67 3.08 0.00 0.00 0.00 3.50 1.96 0.00 1.40 0.00 0.00 3.26 1.54 1.05 1.79 0.91 0.00 0.00 3.33 0.00 0.00 0.28 3.50 0.00 0.00 0.00 0.00 0.00 0.00 0.00 2.77 3.40 3.05 3.36 1.05 0.00 0.00 0.00 3.40 0.00 0.70 0.00 0.00 0.00 3.29 1.61
42 0.98 2.07 0.00 2.24 0.00 2.00 0.00 1.23 2.31 0.46 1.23 0.00 0.00 1.23 0.00 0.00 1.68 2.14 3.15 2.14 0.00 1.26 2.91 0.00 2.84 2.07 1.37 0.00 0.32 0.00 0.00 0.00 0.00 0.00 0.00 0.88 0.00 3.50 0.77 0.00 0.00 0.00 0.00 1.12 0.00 3.43 0.00 0.00 2.31 0.74 1.65 0.00 0.00 0.00 0.00 2.49 1.61 2.31 1.16 3.08 0.95 2.14 0.00 0.00 0.00 3.33 0.00 1.89 0.00 2.63 0.46 0.00 0.00 0.42 0.32 0.00 0.00 0.00 0.00 2.14 0.00 3.29 2.87 0.00 0.39 1.16 2.77 0.53 0.00 0.04 0.00 1.96 0.00 3.05 1.47 1.44 0.00 1.58 3.15 2.80
43 0.00 0.00 1.47 0.00 3.19 0.00 0.00 3.43 0.63 0.00 2.45 3.08 0.28 3.33 0.00 3.43 0.53 0.00 0.00 0.98 3.26 2.03 3.05 0.74 0.00 1.61 0.00 0.00 0.00 0.00 0.74 0.00 2.42 0.00 0.00 0.00 3.50 1.23 0.00 0.00 0.00 3.36 1.12 0.00 2.45 3.40 1.61 0.00 2.10 0.00 0.00 1.26 1.61 0.00 0.00 2.66 0.00 0.18 0.00 0.00 0.91 0.88 1.93 0.00 1.23 0.00 0.00 1.58 2.87 0.00 0.81 2.45 0.00 0.00 2.73 2.38 0.00 1.89 0.00 0.00 1.47 0.00 1.09 0.53 0.00 0.00 0.00 0.00 0.00 0.00 2.21 0.00 0.00 0.00 0.32 0.04 0.00 0.00 0.00 0.00
44 2.66 0.04 0.00 3.43 2.07 1.33 0.00 0.00 0.00 0.00 2.24 0.00 0.00 2.91 0.00 0.00 0.00 2.35 0.00 0.00 0.00 0.00 0.00 0.00 0.00 0.84 1.12 1.96 2.49 0.00 0.00 0.00 1.93 0.00 0.84 0.00 0.00 0.00 0.00 0.00 0.00 1.93 0.00 2.45 0.00 1.82 0.00 3.22 0.74 0.53 0.63 0.00 2.38 1.93 0.00 0.00 0.00 0.00 0.67 0.00 0.00 0.84 0.63 1.02 0.00 0.42 0.91 2.63 0.74 0.00 0.00 1.26 0.00 1.75 3.47 0.00 0.00 1.12 0.00 0.63 0.84 0.00 0.77 2.94 2.28 0.00 0.00 3.19 2.28 0.00 2.49 0.77 0.00 0.00 2.59 0.00 1.58 0.07 1.93 2.84
45 0.28 0.00 0.00 0.00 2.03 0.00 0.63 0.00 1.16 2.49 0.00 0.14 3.29 1.30 0.00 0.00 0.07 0.98 3.50 3.12 1.79 3.19 1.44 2.77 0.00 0.00 0.63 0.00 0.00 0.00 0.00 1.47 0.11 0.00 1.44 0.00 0.49 0.42 0.00 1.79 1.16 0.00 3.43 3.40 1.82 0.00 0.00 0.49 2.38 1.02 2.24 0.00 0.00 1.75 0.00 1.58 0.00 0.00 0.00 0.00 1.54 0.95 0.00 1.93 0.00 0.18 0.00 0.04 2.10 2.77 0.00 0.84 0.00 0.00 0.00 0.00 0.00 0.00 1.72 2.45 0.00 3.12 0.00 0.00 0.00 0.46 0.63 0.00 0.00 3.29 1.16 1.51 2.87 2.38 2.49 2.59 0.00 0.84 0.00 1.72
46 0.00 0.00 3.36 1.30 2.42 1.37 0.00 0.00 2.07 1.89 0.00 3.22 0.00 0.00 0.00 0.14 0.00 1.96 0.00 3.33 0.00 0.39 0.00 0.00 0.00 0.70 0.21 2.07 0.00 2.59 0.00 0.04 0.00 0.35 0.00 0.00 2.00 3.22 1.93 0.00 2.38 2.17 0.00 1.61 0.00 0.00 0.00 0.00 0.00 3.29 3.15 0.00 2.49 0.32 0.00 2.45 0.53 0.00 0.00 0.00 0.00 0.32 0.46 0.00 0.00 2.66 3.47 1.09 0.00 0.00 0.81 3.50 2.91 0.00 1.47 0.39 0.00 0.77 1.19 0.00 0.00 0.00 2.80 0.00 1.19 0.11 0.00 2.03 0.35 0.14 0.53 0.00 2.17 0.00 0.00 1.33 0.00 0.00 0.00 0.00
47 0.00 0.00 0.00 0.00 2.98 2.73 0.00 0.00 0.39 0.04 0.25 1.93 0.00 0.00 0.53 2.98 0.00 0.00 0.49 0.00 0.63 0.00 3.29 1.02 2.59 0.39 2.77 0.00 0.00 3.05 0.00 0.35 0.00 0.00 1.09 0.00 1.58 0.28 0.00 1.86 0.00 0.04 0.00 0.00 3.22 0.49 0.00 0.00 0.00 2.14 2.07 0.46 2.59 0.07 1.16 1.26 1.09 0.00 0.42 1.89 0.00 1.68 1.93 3.33 0.00 0.00 0.00 0.11 0.95 1.86 0.00 0.67 0.04 2.70 0.67 0.00 1.05 0.42 1.02 0.00 0.00 2.07 3.22 2.07 0.91 0.56 2.49 0.00 0.00 0.00 0.88 1.89 1.51 2.52 1.40 0.91 1.26 0.00 1.26 0.00
48 0.00 3.26 3.19 1.19 0.81 0.49 0.00 0.00 0.00 0.00 0.00 2.70 0.00 0.00 0.00 0.00 0.42 0.00 0.00 0.88 0.67 3.01 1.51 1.58 2.42 0.46 0.00 2.52 2.31 0.00 2.94 2.17 0.00 0.00 0.00 0.00 2.45 0.00 0.00 1.51 2.52 2.63 2.31 2.10 0.74 2.38 0.00 0.00 0.00 0.00 0.00 3.01 1.05 0.00 0.00 0.00 2.52 0.84 0.00 1.65 0.00 0.00 0.00 0.00 0.00 0.00 0.00 0.00 0.00 0.00 1.16 3.40 0.00 0.00 0.00 0.00 0.00 0.00 0.00 0.00 0.00 3.08 0.00 0.88 0.00 1.58 1.79 0.00 2.10 0.00 2.10 2.94 1.05 0.00 2.56 2.73 0.00 1.33 0.00 0.00
49 2.00 1.68 0.00 2.10 0.00 0.21 0.00 0.00 0.67 2.63 0.00 1.47 0.70 0.00 0.00 1.75 0.81 0.98 1.37 1.51 0.77 0.00 1.75 0.42 0.00 2.14 0.00 3.01 3.26 2.63 0.00 2.21 2.87 1.65 1.26 2.07 0.00 1.33 0.32 0.00 1.37 0.00 0.74 0.00 0.53 1.02 3.29 2.14 0.00 0.00 3.43 0.00 3.05 0.00 0.00 0.60 2.17 1.51 2.73 2.56 1.54 0.00 0.04 0.00 0.11 1.26 1.96 3.22 0.00 0.00 0.00 0.63 0.00 1.51 0.42 0.00 1.33 2.03 0.00 2.70 0.00 1.26 3.22 0.00 0.00 0.67 0.00 0.00 0.00 0.00 0.00 3.15 1.33 0.00 0.00 0.84 2.49 0.00 1.19 0.04
50 0.00 0.77 0.39 3.33 2.80 0.00 0.00 0.00 0.28 1.89 0.00 0.00 0.00 0.00 0.00 3.29 2.87 0.32 1.19 0.00 1.96 1.16 2.38 2.80 0.00 0.00 0.53 0.00 2.80 0.00 1.47 0.00 1.33 0.11 0.00 2.31 2.77 2.14 0.00 2.45 0.00 2.03 1.65 0.00 0.63 2.24 3.15 2.07 0.00 3.43 0.00 0.00 0.00 0.00 0.00 3.29 2.70 1.33 0.00 0.74 0.98 3.05 0.35 0.00 0.07 0.39 2.56 0.70 0.00 0.00 0.21 0.00 0.56 0.00 0.00 0.00 3.26 1.44 1.75 0.84 0.00 1.47 0.00 3.47 0.00 0.00 0.00 2.28 0.00 0.00 1.40 1.05 0.00 1.65 0.00 2.80 0.00 0.00 1.65 0.00
51 3.43 0.00 1.65 0.00 0.00 0.00 0.81 1.30 0.00 0.00 2.80 0.00 0.98 0.00 0.00 0.00 0.00 0.00 0.00 0.00 2.49 1.44 3.33 2.42 0.00 1.16 0.00 0.00 2.07 0.00 2.38 0.00 0.00 0.88 2.66 0.00 2.14 2.80 0.00 0.00 0.00 0.00 0.00 1.26 0.00 0.00 0.00 0.46 3.01 0.00 0.00 0.00 1.40 1.93 2.35 0.00 1.37 3.05 0.00 0.00 0.28 2.91 0.39 0.00 0.00 0.00 2.56 0.00 2.45 0.00 1.09 0.00 1.93 0.25 0.74 0.67 0.00 2.35 2.80 0.00 1.16 0.00 0.53 0.00 2.98 1.02 0.98 0.00 2.49 0.00 3.29 0.00 0.88 2.52 2.24 0.04 1.93 0.46 0.00 3.47
52 2.70 0.00 0.18 0.00 0.00 2.21 0.00 3.19 0.95 1.47 0.00 0.00 0.00 0.00 2.17 0.00 2.35 0.00 0.00 0.00 0.00 0.00 0.00 3.12 0.00 0.00 2.17 3.08 0.53 0.00 3.15 0.00 0.70 0.67 1.33 0.00 1.05 2.80 0.39 0.00 0.77 0.00 0.00 1.61 2.38 0.00 2.49 2.59 1.05 3.05 0.00 1.40 0.00 0.00 1.93 0.00 2.07 0.00 1.75 0.00 1.16 3.50 3.43 0.00 3.19 0.00 0.00 3.15 0.00 3.12 0.00 0.00 0.00 0.00 3.40 0.35 2.00 0.00 0.00 0.00 0.07 3.19 0.00 2.07 1.37 1.47 0.00 2.45 0.00 0.00 0.00 0.00 0.00 3.12 0.07 0.00 1.12 1.26 0.00 0.00
53 0.00 2.56 0.00 0.00 0.00 1.51 0.00 2.59 1.37 0.07 0.00 0.00 0.00 0.00 0.00 2.17 0.95 0.00 1.61 1.58 0.00 2.73 1.23 2.28 0.53 2.38 0.00 0.00 0.67 0.00 0.00 2.21 0.00 2.70 2.77 0.00 0.00 0.81 0.00 2.35 2.59 0.98 0.00 0.00 1.93 1.75 0.32 0.07 0.00 0.00 0.00 1.93 0.00 0.00 0.00 2.91 2.63 0.77 0.39 1.89 2.14 3.47 0.00 0.00 0.00 2.52 0.00 2.63 2.77 0.00 0.00 1.96 0.00 3.05 0.67 0.00 3.40 2.38 2.52 0.00 0.00 0.84 1.82 0.00 2.94 3.08 2.98 3.47 0.00 0.00 3.40 1.51 1.54 2.98 0.00 0.11 0.00 2.31 1.26 0.00
54 2.59 0.00 0.46 0.00 0.00 0.67 0.00 0.00 0.00 2.87 0.00 0.42 0.00 3.43 0.00 0.00 0.81 0.00 1.65 3.01 0.00 0.00 1.33 3.43 0.00 2.87 0.00 2.21 0.00 3.50 0.00 0.00 2.63 0.00 1.05 1.79 0.00 0.00 2.73 2.17 0.00 0.67 0.00 0.00 0.00 0.00 0.00 1.16 0.00 0.00 0.00 2.35 1.93 0.00 0.00 0.00 0.14 3.29 2.17 1.79 3.40 2.07 0.00 0.00 0.00 1.16 0.21 0.18 0.32 0.28 0.00 0.00 0.00 0.00 0.00 0.00 0.00 2.00 0.00 0.00 2.52 0.00 2.21 0.00 0.00 0.84 2.10 2.94 0.00 0.00 2.91 2.87 2.38 0.00 0.00 0.00 0.00 2.56 1.16 0.00
55 2.52 0.28 0.63 0.81 0.00 0.00 0.21 0.81 0.00 0.00 2.91 0.00 0.53 0.00 0.00 2.24 0.00 1.16 0.00 3.33 0.39 0.88 0.00 3.08 3.05 2.21 0.00 0.00 0.35 2.45 0.00 0.00 1.79 0.81 1.89 3.50 0.00 0.00 0.00 0.00 2.73 3.08 2.49 2.66 0.00 1.58 2.45 1.26 0.00 0.60 3.29 0.00 0.00 2.91 0.00 0.00 1.02 0.00 2.94 0.00 0.00 0.98 0.00 0.00 1.19 0.81 0.00 3.47 0.00 1.65 0.00 0.00 0.88 0.00 2.00 0.11 0.98 2.45 3.50 2.87 1.26 0.77 1.44 0.00 1.16 0.14 1.19 0.00 0.60 2.28 0.00 0.00 0.00 0.00 1.30 0.21 0.00 0.00 3.47 0.00
56 1.33 0.00 0.00 2.03 2.17 0.00 1.65 1.51 0.00 0.00 0.21 0.00 0.00 3.12 0.00 3.40 0.88 0.00 3.12 3.19 2.03 0.00 0.00 1.30 0.00 0.00 3.12 0.00 0.00 0.00 1.09 3.40 0.00 0.18 2.59 0.00 2.70 0.00 0.00 0.00 0.49 0.00 1.61 0.00 0.00 0.00 0.53 1.09 2.52 2.17 2.70 1.37 2.07 2.63 0.14 1.02 0.00 0.00 2.45 0.39 0.00 0.00 0.63 0.00 0.00 0.70 0.95 0.00 3.29 2.91 1.68 0.00 0.00 0.67 0.49 0.00 0.00 0.00 2.14 0.00 2.63 0.00 2.42 2.42 0.00 0.67 1.05 0.00 0.00 0.07 3.36 0.00 1.40 0.00 0.67 2.31 0.00 0.00 2.10 0.00
57 0.56 3.33 1.86 0.00 3.43 0.00 2.56 0.00 0.00 0.63 0.91 0.00 2.45 0.00 0.95 0.00 0.00 3.40 0.00 0.00 0.00 0.00 0.67 0.00 1.47 0.00 1.23 0.00 2.03 0.00 0.00 0.00 0.42 2.28 0.00 0.53 0.00 0.60 1.19 0.39 0.00 0.00 2.31 0.18 0.00 0.00 0.00 0.00 0.84 1.51 1.33 3.05 0.00 0.77 3.29 0.00 0.00 0.00 0.00 0.00 0.49 1.65 0.00 0.00 0.00 0.53 0.00 0.00 2.70 0.00 0.00 0.28 2.66 1.05 1.40 0.88 2.00 0.00 0.21 0.00 0.00 0.00 0.00 0.00 0.00 0.00 2.94 2.10 2.70 0.00 0.00 0.00 0.00 0.67 0.11 3.26 0.00 0.00 0.00 2.73
58 1.89 1.72 0.00 0.28 0.14 0.00 0.00 0.00 2.21 0.00 0.00 0.00 1.40 0.00 2.87 0.00 0.00 1.37 0.25 1.82 0.00 3.19 0.95 0.25 0.00 1.86 1.40 0.00 0.00 2.98 0.00 0.28 2.28 3.29 3.08 1.26 0.00 0.11 0.00 3.26 0.00 0.00 1.16 0.00 0.67 0.00 0.00 0.42 0.00 2.73 0.00 0.00 1.75 0.39 2.17 2.94 2.45 0.00 0.00 0.04 0.00 0.00 1.82 0.00 1.30 1.30 0.00 0.00 0.00 0.00 0.00 0.00 0.00 3.19 0.49 2.00 3.19 3.36 0.00 2.98 0.00 1.26 1.96 1.93 0.00 2.63 0.00 0.00 0.28 0.00 0.60 3.26 0.00 1.02 0.00 0.00 0.35 1.05 0.95 2.84
59 2.03 2.66 2.56 0.00 3.19 2.49 0.00 0.00 0.00 0.00 2.94 0.00 1.37 0.00 0.00 0.39 0.00 0.00 0.00 0.00 0.00 0.00 0.00 1.51 0.00 0.00 2.10 0.00 0.00 0.00 3.29 0.04 0.00 0.56 0.74 0.00 0.98 0.00 3.12 0.00 0.00 3.50 3.08 0.00 0.00 0.00 0.00 1.89 1.65 2.56 0.74 0.00 0.00 1.89 1.79 0.00 0.39 0.00 0.04 0.00 0.00 0.00 0.00 0.00 0.00 0.00 0.00 0.00 3.05 0.00 2.77 0.77 0.00 2.87 0.00 1.68 0.00 0.00 2.66 0.00 0.32 0.00 1.40 3.12 1.61 3.29 0.63 0.00 3.29 3.22 0.00 0.04 0.56 0.00 0.00 0.00 0.00 0.00 0.00 2.59
60 0.00 0.00 1.44 0.00 0.00 0.00 0.00 0.00 0.00 1.79 0.00 0.00 1.75 0.98 0.67 0.00 0.00 0.91 0.07 2.66 2.66 2.91 0.00 1.23 1.89 0.18 0.70 0.00 0.00 0.00 2.80 0.00 0.70 1.05 1.30 2.38 0.07 0.00 0.00 0.00 0.00 1.96 0.95 0.91 0.00 1.54 0.00 0.00 0.00 1.54 0.98 0.28 1.16 2.14 3.40 0.00 0.00 0.49 0.00 0.00 0.00 1.54 0.00 0.00 0.18 0.00 0.00 0.00 0.00 2.59 0.00 0.00 0.00 3.40 3.15 0.00 2.73 0.00 0.56 0.00 0.00 2.77 0.00 0.00 0.00 2.87 3.26 0.00 0.00 0.39 0.00 0.00 0.00 0.00 0.00 0.18 1.19 3.01 0.00 0.00
61 0.00 1.37 2.42 2.56 2.80 3.15 2.03 0.00 0.74 1.23 2.87 0.21 0.00 0.00 0.00 0.60 0.63 0.53 0.00 0.00 0.00 2.59 3.47 0.00 0.00 2.10 0.00 1.68 0.00 0.00 0.00 0.00 2.49 1.05 0.00 3.47 3.50 0.00 2.07 2.73 1.58 0.00 2.14 0.88 0.84 0.95 0.32 1.68 0.00 0.00 3.05 2.91 3.50 3.47 2.07 0.98 0.00 1.65 0.00 0.00 1.54 0.00 0.00 2.98 2.35 1.61 0.00 0.00 0.00 1.02 2.31 0.42 1.12 1.30 0.00 0.32 2.77 1.72 0.00 0.00 0.00 2.49 0.00 1.72 0.00 0.00 0.00 2.91 0.00 0.00 1.12 0.00 0.28 0.00 2.21 0.00 1.86 0.00 1.54 0.00
62 0.00 0.00 0.00 0.00 3.26 0.00 0.00 2.63 0.00 0.00 0.46 0.00 1.37 0.00 1.33 0.49 2.07 2.00 2.21 1.26 1.16 2.73 0.00 0.00 0.00 0.00 2.77 2.31 0.00 1.79 2.21 0.00 0.00 0.00 0.00 0.00 0.00 3.22 2.63 0.00 0.00 1.40 0.00 1.93 0.63 0.00 0.46 1.93 0.00 0.04 0.35 0.39 3.43 0.00 0.00 0.00 0.63 0.00 1.82 0.00 0.00 0.00 0.00 1.89 2.38 0.00 0.00 0.00 3.29 1.51 0.00 3.01 0.00 0.53 0.00 2.80 0.46 0.00 3.01 0.00 2.45 2.31 2.52 0.00 1.93 3.33 0.00 0.00 0.00 3.12 0.00 1.02 0.00 1.37 2.14 0.00 0.00 0.00 0.00 1.79
63 0.35 1.44 2.59 1.79 0.00 0.00 0.00 0.07 2.10 1.47 0.21 0.00 0.00 0.00 0.95 0.39 2.38 2.24 2.52 0.00 0.00 0.00 0.00 0.00 0.00 1.93 0.00 0.00 1.68 1.65 2.84 0.00 0.00 3.50 0.46 2.84 0.00 0.00 2.21 2.28 1.44 0.00 0.00 0.00 1.02 1.93 0.00 3.33 0.00 0.00 0.00 0.00 0.00 0.00 0.00 0.00 0.00 0.00 0.00 0.00 0.00 2.98 1.89 0.00 2.77 0.00 0.39 2.31 0.42 2.35 1.68 0.00 0.46 0.00 0.00 0.11 0.00 3.50 0.88 2.98 0.81 2.31 2.87 0.00 1.44 1.72 0.28 1.30 0.00 3.15 2.03 0.21 0.00 0.00 2.49 1.40 2.17 0.00 0.98 0.00
64 2.94 0.91 2.00 0.00 0.00 0.00 0.00 0.00 1.02 1.23 0.60 1.96 1.54 3.01 2.31 2.38 3.15 0.00 0.95 0.00 0.00 0.98 0.00 0.00 0.00 3.26 0.00 0.00 0.00 0.00 3.50 0.00 0.00 0.74 3.12 0.00 0.00 3.12 0.00 3.40 0.00 0.00 0.00 1.23 0.00 0.00 0.00 0.00 0.00 0.11 0.07 0.00 3.19 0.00 0.00 1.19 0.00 0.00 1.30 0.00 0.18 2.35 2.38 2.77 0.00 0.25 1.51 0.00 0.00 0.00 1.02 1.33 0.00 0.00 0.00 0.00 0.00 0.14 0.07 0.00 0.74 0.00 0.00 2.00 0.00 0.00 3.08 0.91 0.42 0.00 1.05 2.28 0.63 0.00 1.86 2.98 0.00 0.00 0.00 0.00
65 0.00 0.00 0.00 1.89 0.49 0.07 0.00 0.00 0.00 0.00 0.00 1.37 2.42 0.42 1.40 2.94 3.50 0.00 1.86 0.00 1.72 0.00 0.00 2.24 0.00 2.17 0.39 0.00 0.67 0.00 0.00 0.00 3.36 0.00 0.00 0.00 0.00 0.00 0.00 2.14 0.00 3.26 3.33 0.00 0.42 0.18 2.66 0.00 0.00 1.26 0.39 0.00 0.00 2.52 1.16 0.81 0.70 0.53 1.30 0.00 0.00 1.61 0.00 0.00 0.25 0.00 3.43 2.70 0.00 0.00 2.45 1.19 2.42 0.00 0.00 0.00 0.00 0.00 0.00 0.00 0.00 2.14 1.23 1.86 1.72 1.12 0.00 2.00 0.00 2.80 2.91 0.00 0.00 2.03 0.00 1.09 0.00 2.28 0.00 3.40
66 0.00 3.08 0.60 0.00 2.63 0.00 0.00 0.00 0.00 2.14 1.75 0.74 3.08 1.30 0.00 0.00 3.01 0.00 0.18 0.00 0.00 0.67 0.00 0.00 0.00 2.00 0.00 2.38 0.00 0.21 3.01 0.39 0.00 2.80 0.00 0.84 1.23 0.00 2.73 0.00 2.63 1.54 0.00 0.00 0.91 0.00 3.47 0.00 0.00 1.96 2.56 2.56 0.00 0.00 0.21 0.00 0.95 0.00 0.00 0.00 0.00 0.00 0.00 0.39 1.51 3.43 0.00 0.00 0.00 2.42 0.88 3.15 0.00 0.00 0.00 0.00 0.42 0.28 2.24 0.00 2.66 0.81 0.00 1.93 0.60 0.07 0.00 0.00 0.00 2.35 3.01 0.00 0.00 3.08 0.00 2.77 1.61 0.00 1.40 0.00
67 0.00 1.61 0.00 2.21 0.00 0.00 0.00 0.00 0.84 0.00 0.88 0.00 0.00 0.00 0.00 0.00 0.00 1.93 0.77 0.00 1.30 0.00 0.00 0.00 0.00 2.10 0.00 0.00 0.81 0.00 0.18 2.00 0.00 3.26 2.31 2.45 1.75 0.00 0.00 0.00 3.05 1.05 1.89 1.58 2.63 0.04 1.09 0.11 0.00 3.22 0.70 0.00 3.15 2.63 0.18 3.47 0.00 0.00 0.00 0.00 0.00 0.00 0.00 2.31 0.00 2.70 0.00 0.00 0.00 0.00 0.00 3.15 2.77 0.00 0.00 0.00 1.26 2.07 0.98 0.00 0.00 0.00 1.02 3.01 1.93 0.00 0.00 0.00 2.42 1.37 0.07 0.91 0.00 0.00 0.00 2.10 0.00 0.00 2.80 1.40
68 0.00 0.00 0.00 0.00 0.32 0.00 0.00 0.00 0.25 3.08 2.84 0.00 1.51 0.00 0.84 1.33 3.29 0.00 0.95 0.98 0.00 0.00 0.00 2.98 0.00 0.00 0.11 0.00 0.70 0.91 1.54 2.31 0.21 2.49 2.49 0.00 0.00 0.18 3.43 0.00 0.00 1.79 0.00 2.87 0.74 2.10 0.00 0.95 0.00 0.00 0.00 2.45 0.00 2.77 0.32 0.00 3.29 2.70 0.00 3.05 0.00 0.00 3.29 0.42 0.00 0.00 0.00 0.00 0.00 0.00 1.26 0.00 0.00 1.44 0.00 1.33 0.00 1.79 0.00 3.26 0.00 2.49 0.84 0.00 0.07 0.00 0.00 1.82 0.00 0.00 2.94 0.00 3.40 0.00 1.05 1.12 2.07 0.00 0.00 0.00
69 3.43 0.00 0.00 0.00 0.00 2.52 0.00 2.80 2.35 0.00 2.10 1.75 1.19 0.00 0.00 2.10 0.95 0.00 0.00 0.00 0.49 0.00 0.00 1.47 0.84 0.18 3.22 0.00 0.42 2.91 0.00 0.00 0.46 0.00 0.60 0.91 0.00 2.38 2.73 0.00 0.00 0.91 2.63 0.00 0.00 2.77 0.00 1.86 0.00 0.00 0.00 0.00 3.12 0.00 0.28 1.65 2.91 0.00 0.00 0.00 2.59 1.02 1.51 2.35 0.00 0.00 2.42 0.00 0.00 0.00 0.00 0.00 0.88 0.00 2.98 0.00 2.45 0.00 1.37 0.00 2.91 0.00 0.81 2.42 0.00 0.00 2.77 3.29 0.25 1.61 3.33 0.00 0.00 1.51 3.50 0.00 0.00 0.00 0.00 2.63
70 1.96 2.24 0.00 0.00 3.22 3.33 0.67 0.00 0.00 0.70 1.86 2.87 0.77 0.56 0.60 0.70 0.00 0.00 0.00 0.00 0.00 0.84 0.00 3.36 3.50 0.00 3.01 0.00 0.00 1.40 0.84 1.61 3.50 0.70 1.02 3.19 0.00 1.30 3.22 2.77 0.00 0.00 0.46 0.81 0.00 0.00 0.81 0.00 1.16 0.00 0.21 1.09 0.00 0.00 0.00 0.00 1.68 0.00 0.00 2.77 0.00 2.31 0.00 1.68 1.02 2.45 0.88 0.00 1.26 0.00 0.00 2.59 0.00 0.70 0.00 0.00 0.95 0.00 3.33 0.00 3.47 2.38 0.00 0.88 2.66 2.14 0.00 3.05 0.00 0.00 0.18 0.81 0.49 0.00 0.00 3.26 1.30 0.00 0.00 0.00
71 2.87 0.74 0.00 2.49 2.14 0.00 1.47 0.00 0.00 1.40 3.01 0.00 0.00 1.47 0.00 1.40 0.49 0.00 0.00 3.15 0.00 2.21 0.00 1.86 1.96 0.00 0.00 0.32 2.66 0.00 2.00 0.00 0.00 2.87 3.08 2.56 0.00 0.00 0.00 0.32 0.00 0.00 0.00 2.45 1.26 0.84 3.50 0.67 3.40 0.63 0.00 0.00 0.00 1.96 0.00 0.00 0.00 0.28 0.00 0.77 0.00 0.42 3.01 0.00 1.33 1.19 3.15 3.15 0.00 0.00 2.59 0.00 3.15 3.29 0.00 0.00 0.00 0.00 1.33 0.00 0.00 2.87 2.45 3.43 0.00 0.00 2.94 0.00 1.16 2.10 0.00 0.84 1.19 3.08 0.11 0.00 0.00 0.88 3.47 0.00
72 0.00 0.00 0.00 0.00 0.21 1.68 0.00 0.00 0.00 0.00 0.00 0.88 1.86 0.00 1.19 0.00 0.00 0.00 0.00 0.00 0.18 1.19 0.00 0.00 2.07 0.00 1.26 0.00 0.28 0.00 0.00 0.00 3.47 0.00 1.61 0.00 0.00 1.47 1.93 0.00 0.00 3.33 0.00 0.00 0.00 0.00 2.91 0.04 0.00 0.00 0.56 1.93 0.00 0.00 0.00 0.88 0.00 2.66 0.00 0.00 0.00 1.12 0.00 0.46 0.00 2.42 0.00 2.77 0.00 0.88 0.00 3.15 0.00 2.00 0.74 0.21 0.04 2.07 0.00 1.79 0.14 3.50 0.00 0.11 2.21 1.61 0.00 0.00 0.00 0.00 2.38 0.39 0.00 0.00 1.09 3.15 0.00 1.96 0.98 0.00
73 0.00 0.00 0.00 0.00 0.14 0.00 2.70 0.00 1.19 2.91 1.02 0.00 0.00 0.81 2.94 0.91 2.28 0.25 0.00 0.00 1.40 2.49 0.00 1.86 3.12 0.00 0.00 1.96 0.00 0.00 0.98 1.37 1.54 0.32 2.14 0.21 0.00 0.00 0.00 0.00 0.00 0.00 0.42 0.00 1.75 0.00 0.00 2.70 0.00 1.51 0.00 0.25 0.00 3.05 0.00 0.00 0.67 1.05 3.19 2.87 3.40 1.30 0.53 0.00 0.00 0.00 0.00 0.00 1.44 0.00 0.70 3.29 2.00 0.00 0.00 0.00 0.63 0.00 0.70 0.00 0.00 0.00 0.95 0.00 0.00 2.56 2.28 0.00 0.00 0.00 1.82 1.75 0.00 3.40 0.00 0.00 0.00 0.00 0.00 0.00
74 0.00 0.00 0.77 0.00 0.00 0.00 0.00 0.00 3.22 1.86 0.00 0.00 3.40 1.37 0.74 0.00 0.00 0.00 1.75 1.44 0.00 0.28 1.12 0.00 0.95 1.79 0.00 0.35 0.14 1.61 0.00 0.00 0.00 0.00 1.02 1.02 0.00 3.26 0.00 0.00 1.65 0.00 0.32 2.73 3.47 0.00 1.47 0.67 0.00 0.42 0.00 0.74 3.40 0.67 0.00 2.00 0.49 1.40 0.49 0.00 3.15 0.00 0.00 0.00 0.00 0.00 0.00 0.00 0.00 2.98 0.00 0.00 0.74 0.00 0.00 0.39 3.08 0.42 0.00 0.00 1.72 1.30 0.81 3.36 3.05 0.00 0.00 0.00 0.00 0.77 0.00 2.87 0.00 0.00 1.58 0.00 1.19 1.79 0.00 0.98
75 0.00 0.00 0.00 1.02 2.56 0.00 0.00 0.63 1.37 0.00 0.00 0.00 1.58 0.28 0.00 0.63 3.12 0.00 0.00 2.73 2.94 3.05 0.00 0.00 3.01 0.42 0.32 2.31 2.59 1.26 0.00 0.00 0.00 2.56 0.00 0.49 1.68 0.00 0.42 0.42 0.00 0.28 0.00 2.38 0.00 0.00 0.39 0.00 0.00 0.00 0.00 0.67 0.35 0.00 0.00 0.11 0.00 0.88 2.00 1.68 0.00 0.32 2.80 0.11 0.00 0.00 0.00 0.00 1.33 0.00 0.00 0.00 0.21 0.00 0.39 0.00 0.00 0.00 0.00 0.00 0.00 1.61 0.81 1.16 0.00 0.00 0.00 3.33 0.00 0.00 0.00 0.95 0.00 0.00 0.00 0.00 1.65 2.00 0.00 1.12
76 1.72 0.00 0.95 2.24 0.00 0.00 2.03 2.35 0.00 2.91 1.09 1.47 0.00 0.00 3.19 2.56 0.00 0.00 0.00 0.00 1.09 0.00 3.08 0.00 1.26 0.00 0.00 1.19 0.00 0.00 1.44 1.72 0.00 0.00 0.00 0.00 2.10 0.00 0.00 1.12 0.00 3.50 0.00 0.00 0.00 0.00 0.00 1.05 0.00 1.33 3.26 0.00 2.00 3.40 0.00 0.98 0.00 2.00 3.19 0.00 2.73 2.77 0.46 0.00 0.00 0.00 0.42 1.26 0.00 2.45 0.95 0.00 0.04 0.63 3.08 0.00 0.00 1.33 0.84 1.96 0.00 0.00 0.00 0.00 2.17 1.40 0.70 0.00 2.35 0.00 0.00 0.00 0.35 1.65 0.00 0.00 0.00 0.00 0.00 1.96
77 1.54 0.00 2.49 0.77 0.00 2.00 0.00 1.96 0.00 0.00 1.93 0.00 2.94 1.26 0.00 2.07 0.00 0.00 1.82 0.00 0.32 0.60 0.00 0.00 0.00 0.42 0.00 1.51 2.45 0.00 0.84 0.00 3.26 2.38 0.00 1.30 1.47 0.00 3.47 1.86 0.00 0.00 0.00 1.89 1.12 0.00 0.77 0.42 0.00 2.03 1.44 2.35 0.00 2.38 2.00 2.45 0.00 0.00 3.36 0.00 0.00 1.72 0.00 3.50 0.14 0.00 0.28 2.07 1.79 0.00 0.00 0.00 2.07 0.00 0.42 0.00 1.33 0.00 2.56 0.98 0.00 0.91 1.65 0.21 0.00 0.00 1.37 2.91 0.00 0.00 0.00 3.40 2.24 0.00 2.94 0.00 0.00 2.07 0.95 0.00
78 0.00 2.80 2.17 2.28 1.30 2.17 2.63 0.00 0.00 0.28 0.00 0.00 0.00 0.00 3.15 0.00 0.00 0.00 1.82 0.95 2.10 2.07 2.80 0.00 3.12 0.00 0.00 0.00 0.00 0.00 0.00 1.65 1.54 0.00 2.21 0.70 0.18 2.42 0.00 0.00 0.00 0.00 0.00 0.00 0.00 1.72 1.19 1.02 0.00 0.00 1.75 2.80 0.00 2.52 0.00 3.50 2.14 0.21 0.00 2.66 0.56 0.00 3.01 0.88 0.07 0.00 2.24 0.98 0.00 1.37 3.33 1.33 0.00 0.70 0.00 0.00 0.84 2.56 0.00 1.09 0.67 3.33 0.00 2.17 1.51 2.77 2.00 0.00 0.00 3.12 3.15 0.00 0.00 1.61 0.00 0.00 1.26 1.65 0.46 1.30
79 1.33 0.00 0.00 0.00 0.18 1.09 0.67 0.00 2.77 0.77 0.00 3.47 1.89 0.00 0.00 0.00 0.00 0.00 0.00 0.84 2.17 0.00 0.00 0.49 0.25 1.82 0.00 0.00 1.72 0.88 0.04 0.18 0.00 1.33 1.09 0.00 0.00 0.00 0.00 0.00 3.26 0.00 2.14 0.00 0.63 2.45 0.00 0.00 0.00 2.70 0.84 0.00 0.00 0.00 0.00 2.87 0.00 0.00 2.98 0.00 0.00 0.00 0.00 2.98 0.00 0.00 0.00 0.00 3.26 0.00 0.00 0.00 1.79 0.00 0.00 0.00 1.96 0.98 1.09 0.00 1.26 0.00 1.05 3.47 0.00 0.39 0.00 0.00 0.00 0.00 0.00 3.47 1.89 3.15 0.00 1.40 0.00 3.08 1.05 0.00
80 0.00 0.00 0.00 0.00 2.56 0.42 0.74 0.00 2.07 2.49 1.19 0.35 0.00 0.00 2.00 0.25 0.00 0.46 0.00 0.00 0.00 0.00 0.00 0.04 0.00 0.14 0.00 0.00 2.10 0.18 3.43 0.88 1.40 0.00 0.00 0.00 0.00 2.98 3.47 0.00 0.00 0.00 0.00 1.47 0.84 0.00 0.00 0.00 0.00 0.00 0.00 1.16 0.07 0.00 2.52 1.26 2.63 0.00 0.00 0.32 0.00 0.00 2.45 0.81 0.74 0.00 2.66 0.00 0.00 2.91 3.47 0.00 0.14 0.00 1.72 0.00 0.00 0.00 0.67 1.26 0.00 2.21 0.00 1.93 2.42 0.00 0.00 0.00 3.40 0.00 0.00 0.00 2.24 1.68 0.00 0.00 1.44 0.00 0.00 0.11
81 1.44 3.26 0.00 0.91 0.00 0.00 0.00 0.00 0.00 3.12 0.00 1.02 0.00 0.84 3.29 0.91 1.61 1.93 2.07 0.88 0.46 0.00 1.72 0.00 2.70 0.00 0.56 0.00 0.00 3.50 2.84 1.16 0.00 0.00 0.00 0.00 0.21 2.14 0.00 0.00 1.37 0.00 3.29 0.00 0.00 3.12 0.00 2.07 3.08 1.26 1.47 0.00 3.19 0.84 0.00 0.77 0.00 0.00 1.26 0.00 2.77 2.49 2.31 2.31 0.00 2.14 0.81 0.00 2.49 0.00 2.38 2.87 3.50 0.00 1.30 1.61 0.00 0.91 3.33 0.00 2.21 0.00 0.00 0.60 0.00 0.11 0.25 1.33 0.00 3.36 0.00 0.00 0.00 0.00 0.00 2.14 0.00 0.00 0.00 1.19
82 0.77 0.00 0.00 1.86 0.00 3.43 3.29 0.00 1.26 0.04 0.00 0.88 1.54 0.00 2.24 0.00 1.93 1.40 0.00 0.00 0.00 0.00 0.00 3.29 1.12 2.77 0.00 0.00 0.00 3.08 0.00 0.00 2.52 2.10 0.00 0.00 0.77 2.10 0.00 0.00 0.21 0.00 2.87 1.09 0.77 0.00 2.80 3.22 0.00 3.22 0.00 0.53 0.00 1.82 2.21 1.44 2.42 0.00 1.96 1.40 0.00 0.00 2.52 2.87 0.00 1.23 0.00 1.02 0.84 0.81 0.00 2.45 0.00 0.95 0.81 0.81 0.00 1.65 0.00 1.05 0.00 0.00 0.00 0.00 0.32 3.43 0.00 1.26 2.45 1.05 1.02 0.00 0.00 0.00 1.23 0.11 0.00 0.11 2.38 0.70
83 0.00 0.00 0.00 0.00 0.00 0.00 0.00 1.89 0.00 2.38 0.00 1.82 2.94 0.00 2.14 0.00 0.00 0.00 0.00 0.46 0.00 0.00 2.10 1.33 0.25 3.50 0.74 0.00 3.29 0.00 0.39 2.63 1.82 0.00 0.32 1.75 0.00 2.07 0.00 2.52 0.00 0.00 0.00 0.53 2.94 0.00 0.00 2.07 0.88 0.00 3.47 0.00 2.07 0.00 0.00 0.00 2.42 0.00 1.93 3.12 0.00 1.72 0.00 0.00 2.00 1.86 1.93 3.01 0.00 2.42 0.88 3.43 0.11 0.00 3.36 1.16 0.00 0.21 2.17 3.47 1.93 0.60 0.00 0.00 0.00 3.50 0.00 0.00 0.00 2.24 0.00 0.00 0.00 0.00 0.00 0.00 0.00 2.00 0.77 0.39
84 2.98 0.00 1.82 1.37 3.33 1.65 0.00 0.00 0.00 0.00 2.70 3.12 0.00 0.67 0.53 0.00 1.02 0.00 0.00 0.00 1.40 0.53 0.00 0.00 0.00 0.00 0.00 0.00 0.00 1.37 2.56 0.00 0.04 0.60 1.61 0.00 0.00 0.95 0.00 2.84 0.00 2.77 0.39 0.00 2.28 0.00 1.19 0.91 0.00 0.00 0.00 2.98 1.37 2.94 0.00 1.16 0.00 0.00 0.00 1.61 0.00 0.00 1.93 1.44 0.00 1.72 0.60 1.93 0.07 0.00 2.66 0.00 2.21 0.00 3.05 0.00 2.17 0.00 1.51 0.00 2.42 0.00 0.32 0.00 0.00 1.54 2.45 0.00 0.67 0.00 0.60 0.74 2.17 0.00 0.21 0.00 0.00 1.12 1.05 2.38
85 0.35 0.00 1.33 0.00 0.04 0.00 0.00 0.00 0.00 0.04 0.00 0.00 1.79 0.00 2.10 1.96 3.50 1.47 0.00 3.47 0.00 0.00 3.26 1.51 1.37 1.19 0.00 0.00 0.00 0.95 0.00 3.29 0.00 1.40 0.77 3.40 0.14 0.00 0.00 0.00 0.00 3.40 1.16 0.00 0.00 0.46 0.11 0.56 1.58 0.67 0.00 1.02 1.47 3.08 0.84 0.14 0.67 0.00 2.63 3.29 2.87 0.00 3.33 1.72 0.00 1.12 0.07 0.00 0.00 0.00 2.14 0.00 1.61 2.56 0.00 0.00 1.40 0.00 2.77 0.39 0.00 0.11 3.43 3.50 1.54 0.00 0.00 0.00 1.47 2.31 0.81 2.56 0.00 0.00 0.00 0.00 0.00 0.53 0.00 0.00
86 0.00 0.00 1.05 1.72 3.01 0.00 0.00 0.00 0.00 0.00 0.77 0.00 1.82 1.05 3.05 0.00 0.91 0.67 0.00 0.00 2.24 0.04 0.00 0.91 1.61 2.49 0.00 0.00 0.00 1.54 0.00 0.00 0.00 0.00 1.26 0.00 0.00 1.86 0.00 0.00 0.00 3.05 2.77 0.00 0.00 0.63 0.00 2.49 1.79 0.00 0.00 0.98 0.00 2.98 2.10 1.19 1.05 2.94 0.00 0.63 3.26 0.00 0.00 0.28 3.08 0.00 0.00 0.00 0.00 2.77 0.00 2.94 0.00 2.28 0.00 0.00 0.70 1.37 2.00 0.00 0.00 0.25 0.00 0.00 2.45 0.00 0.00 0.07 0.00 0.00 0.00 0.39 0.00 0.00 3.47 2.00 2.59 0.00 0.00 1.86
87 0.00 0.00 0.14 0.00 0.60 0.35 0.88 2.38 1.26 3.43 1.40 0.28 0.42 2.63 0.00 2.49 0.00 0.84 0.00 3.15 2.24 0.00 0.00 0.56 0.00 0.00 0.00 3.33 0.00 0.00 0.00 0.00 0.00 2.28 0.00 0.00 0.00 2.73 0.00 0.04 0.00 3.36 0.53 0.00 3.19 0.00 2.03 0.00 0.00 0.00 2.28 0.00 2.45 3.47 2.94 0.00 0.00 2.10 0.00 0.00 0.00 2.91 0.00 1.30 0.91 2.00 0.00 0.00 1.82 3.29 3.05 0.00 0.00 0.00 0.00 3.33 0.00 2.91 0.00 0.00 0.00 1.33 1.26 0.00 0.00 0.00 0.07 0.00 3.29 0.00 0.28 0.00 3.26 0.35 0.00 0.00 2.07 0.00 0.00 0.00
88 3.36 0.00 0.32 0.18 0.00 0.00 0.74 0.00 0.56 0.00 1.19 0.00 2.45 1.30 0.70 3.12 0.00 1.54 2.35 0.00 2.14 1.12 0.00 0.14 0.00 2.98 0.00 0.00 0.00 0.00 0.00 0.07 0.00 0.00 1.12 2.91 0.84 0.00 2.80 1.86 1.02 1.05 0.00 0.00 2.28 0.00 0.35 0.00 2.10 0.00 0.00 2.49 0.00 0.00 0.00 0.60 0.00 2.70 0.28 3.29 0.00 0.00 0.00 0.00 0.42 0.00 0.00 2.42 0.00 0.25 0.00 1.16 0.00 0.00 0.00 0.00 2.35 0.00 0.00 0.00 3.40 0.00 2.45 0.00 0.67 1.47 0.00 3.29 0.00 0.00 0.00 0.00 3.47 0.00 1.65 2.21 0.00 1.37 0.18 2.87
89 0.00 0.00 0.00 0.00 0.00 1.26 3.05 2.63 1.54 0.00 1.51 0.00 0.14 0.00 0.00 1.33 2.28 0.00 0.00 2.10 1.96 0.56 1.65 0.42 0.00 3.15 0.67 0.00 3.19 2.21 0.00 0.25 0.91 1.40 0.00 0.35 0.74 0.00 0.00 0.00 0.00 0.00 0.04 0.00 0.00 3.29 0.14 0.00 0.00 0.00 0.00 0.00 0.00 0.00 0.00 2.28 0.07 0.00 0.00 3.22 0.39 0.00 3.12 3.15 0.00 2.80 2.35 1.37 0.00 1.61 0.00 2.10 0.00 0.00 0.77 0.00 0.00 0.00 3.12 0.00 0.00 3.36 1.05 2.24 0.00 2.31 0.00 0.00 0.00 0.00 0.95 0.14 3.29 3.36 0.32 0.00 0.00 0.00 2.73 0.00
90 0.00 0.67 1.75 0.00 3.05 0.00 1.68 3.50 0.00 0.00 0.00 0.00 0.00 0.00 0.00 1.02 2.87 0.00 3.05 2.66 2.42 2.73 0.00 0.00 2.63 2.63 1.19 1.89 1.86 2.66 0.00 0.00 2.24 0.00 2.63 0.00 0.00 0.39 0.00 0.00 1.19 0.00 0.00 2.21 2.49 1.16 0.53 0.88 2.10 0.00 1.40 3.29 0.00 3.40 2.91 0.00 3.36 0.00 0.60 0.00 0.00 1.12 0.00 2.03 1.05 2.91 3.01 0.07 2.94 3.33 0.18 0.00 2.38 1.82 0.00 0.00 0.00 0.00 3.15 0.00 0.00 0.00 1.02 0.00 0.60 0.81 0.00 0.28 0.00 0.95 0.00 0.21 0.00 0.00 0.00 3.40 0.00 0.00 1.05 0.00
91 0.00 0.00 0.63 0.00 0.00 2.07 1.72 0.00 0.00 0.00 0.00 1.68 0.00 0.00 0.00 0.35 0.00 0.00 2.63 3.08 0.00 0.00 3.15 0.00 0.00 0.00 0.00 3.36 1.72 0.81 0.00 0.25 0.46 0.00 0.00 0.00 1.26 2.42 0.32 2.84 0.00 0.00 1.96 0.00 0.77 1.51 0.00 1.89 2.94 3.15 1.05 0.00 0.00 1.51 2.87 0.00 0.00 0.00 3.26 0.04 0.00 0.00 1.02 0.21 2.28 0.00 0.00 0.91 0.00 0.00 0.81 0.84 0.39 1.75 2.87 0.95 0.00 3.40 0.00 3.47 0.00 0.00 0.00 0.00 0.74 2.56 0.39 0.00 0.00 0.14 0.21 0.00 0.00 0.00 0.00 0.00 0.04 0.00 0.00 2.38
92 0.00 1.09 1.68 0.00 0.11 0.00 2.49 0.00 2.80 3.40 0.00 0.00 0.00 3.15 0.25 0.00 0.32 0.00 0.00 1.02 3.05 0.00 0.00 2.38 0.00 0.00 0.00 0.00 0.00 0.39 0.25 0.46 0.84 0.00 0.00 0.70 0.00 0.00 1.30 0.00 0.00 3.40 0.00 0.00 0.00 2.87 2.17 1.51 1.05 1.33 0.00 0.88 0.00 1.54 2.38 0.00 1.40 0.00 0.00 0.56 0.00 0.28 0.00 0.00 0.63 0.00 0.00 0.00 3.40 0.00 0.49 1.19 0.00 0.00 0.00 0.00 0.35 2.24 0.00 1.89 2.24 0.00 0.00 0.00 2.17 0.00 0.00 3.26 3.47 3.29 0.00 0.00 0.00 1.86 0.42 1.09 3.19 3.08 0.04 2.56
93 0.00 0.00 0.00 0.00 2.21 0.00 0.00 1.61 0.00 1.12 2.42 0.00 0.53 0.00 0.00 0.00 0.88 0.00 0.00 0.00 1.02 3.33 3.36 1.65 1.72 0.00 0.00 0.00 0.00 2.14 1.51 0.00 0.00 0.00 0.00 0.00 2.10 2.98 0.42 3.47 0.00 0.00 3.05 0.00 0.00 2.38 0.00 2.52 0.00 0.00 1.65 2.52 3.12 2.98 0.00 0.00 0.00 0.67 1.02 0.00 0.00 0.00 1.37 0.00 0.00 2.03 3.08 0.00 0.00 1.51 0.00 3.08 0.00 3.40 0.00 0.00 1.65 0.00 1.61 3.15 1.68 0.00 0.00 0.00 0.00 0.00 0.00 0.35 0.00 3.36 0.00 0.00 1.86 0.00 0.00 1.16 0.11 2.59 0.00 0.00
94 3.15 0.00 1.26 0.00 0.00 0.00 0.00 1.23 0.00 1.33 0.00 1.12 0.81 3.33 1.89 0.00 0.53 0.00 0.00 0.00 0.00 2.38 3.22 0.00 0.00 2.42 2.94 3.47 0.00 0.00 0.00 0.00 0.00 0.00 0.00 1.54 0.00 1.68 0.00 0.00 3.43 0.70 1.47 0.32 2.59 2.49 0.00 1.40 2.56 0.00 0.00 2.24 0.07 0.00 0.00 1.30 0.67 0.11 0.00 0.00 0.00 2.21 2.14 2.49 1.86 0.00 0.00 0.00 1.05 3.50 0.00 0.11 1.09 0.00 1.58 0.00 0.00 2.94 0.00 0.00 0.00 0.00 1.23 0.00 0.21 0.00 3.47 0.00 1.65 0.32 0.00 0.00 0.42 0.00 0.00 0.00 1.47 3.33 0.39 0.00
95 0.00 0.00 3.15 0.84 0.00 0.98 2.00 0.00 0.00 2.24 0.00 2.66 2.63 2.77 0.00 0.00 3.40 0.00 0.00 3.36 0.00 2.73 0.00 0.00 2.14 0.00 0.49 0.00 1.09 0.00 2.73 3.50 0.00 1.09 1.33 0.00 0.00 1.23 0.00 0.74 1.68 0.00 1.44 0.04 0.00 2.59 1.33 0.91 2.73 0.84 2.80 0.04 0.00 0.11 0.00 0.21 2.31 3.26 0.00 0.00 0.18 0.00 0.00 1.40 2.98 1.09 2.77 2.10 1.12 0.00 3.26 0.00 3.15 0.00 0.00 0.00 0.00 0.00 0.00 1.40 0.00 2.14 0.11 0.00 0.00 0.00 2.00 0.00 2.21 0.00 3.40 0.00 1.09 1.16 0.00 0.00 2.17 0.00 0.00 0.00
96 0.77 1.58 0.00 2.38 2.52 0.00 0.91 2.42 0.14 0.00 1.05 1.82 0.00 0.00 2.98 1.65 2.21 0.18 0.00 0.56 0.00 2.52 1.40 2.49 0.98 3.36 0.35 1.93 0.00 1.51 0.63 0.00 1.93 3.08 0.00 0.00 1.30 1.61 2.70 1.05 0.00 0.00 0.00 0.00 1.58 0.00 0.00 1.26 0.00 2.49 0.00 1.93 1.12 0.00 0.00 0.00 0.00 0.00 0.35 0.00 1.19 1.86 0.00 2.17 0.00 0.00 1.61 0.00 2.07 0.00 1.30 0.00 0.00 0.00 1.19 1.65 0.00 0.00 1.26 0.00 1.44 0.00 0.00 0.00 0.00 0.00 2.59 2.07 0.00 0.00 0.00 0.04 3.19 0.11 1.47 2.17 0.00 0.42 2.38 0.00
97 1.79 0.00 0.00 1.30 0.46 0.00 0.00 0.04 0.00 2.63 2.87 0.00 2.63 0.00 0.14 0.00 0.56 0.00 0.67 0.00 0.56 0.00 2.00 1.16 0.00 0.00 0.00 0.00 1.40 1.12 0.00 1.72 0.00 1.93 3.43 0.00 0.91 2.66 2.84 0.00 0.49 0.00 1.58 0.00 0.07 0.84 0.00 0.00 1.33 0.00 0.00 0.46 1.26 2.31 2.56 0.00 0.00 0.00 1.05 0.00 3.01 0.00 0.00 0.00 0.00 2.28 0.00 0.00 0.00 0.00 0.00 0.88 1.96 0.00 1.79 2.00 0.00 2.07 1.65 3.08 0.00 0.00 0.11 2.00 1.12 0.53 0.00 0.00 1.37 0.00 0.00 0.00 3.08 2.59 3.33 0.00 0.42 0.00 0.00 0.07
98 0.00 0.00 1.65 3.29 0.00 0.00 1.16 0.07 0.00 3.08 0.00 1.82 1.37 0.00 0.00 0.00 1.44 0.00 0.00 0.00 2.56 2.49 0.00 0.00 0.25 0.46 1.82 0.00 0.84 0.60 0.00 3.29 0.00 1.09 0.00 0.00 1.72 2.38 0.00 0.56 0.04 3.29 3.15 0.00 1.93 0.00 0.00 1.26 0.00 1.19 1.65 0.00 0.00 1.26 1.16 3.47 2.10 0.00 0.95 0.00 0.00 1.54 0.00 0.98 0.00 0.00 1.40 2.80 0.00 0.00 0.00 3.47 0.98 0.00 0.00 0.00 0.00 0.95 0.46 1.05 0.00 0.00 2.38 0.77 1.05 0.00 0.00 0.00 0.18 2.73 1.05 0.00 0.04 0.00 0.39 0.00 2.38 0.00 0.00 0.00
99 2.42 2.07 2.91 1.54 0.00 0.00 0.00 1.61 2.21 0.00 3.50 0.00 0.00 1.96 2.77 0.53 0.00 0.00 0.00 0.00 0.00 0.00 0.00 2.10 1.51 0.00 0.00 0.14 0.00 3.36 0.00 2.56 2.73 0.00 0.00 0.00 0.00 3.01 0.00 0.88 3.36 1.61 2.80 0.00 2.84 1.72 0.00 0.00 0.00 0.04 0.00 3.47 0.00 0.00 0.00 0.00 0.00 2.73 2.84 2.59 0.00 0.00 1.79 0.00 0.00 3.40 0.00 1.40 0.00 2.63 0.00 0.00 0.00 0.00 0.98 1.12 1.96 0.00 1.30 0.00 0.11 1.19 0.70 0.39 2.38 0.00 1.86 0.00 2.87 0.00 0.00 2.38 2.56 0.00 0.00 0.00 0.00 0.07 0.00 0.00

ITEMS
nominal_profits 0.00 39.00 0.00 62.00 82.00 0.00 0.00 0.00 0.00 38.00 0.00 0.00 0.00 80.00 0.00 14.00 26.00 0.00 22.00 0.00 0.00 22.00 0.00 0.00 72.00 19.00 0.00 35.00 78.00 0.00 42.00 0.00 0.00 0.00 20.00 20.00 14.00 0.00 90.00 98.00 89.00 0.00 27.00 0.00 0.00 0.00 80.00 0.00 0.00 64.00 35.00 74.00 41.00 10.00 0.00 65.00 0.00 0.00 0.00 0.00 46.00 0.00 60.00 0.00 0.00 51.00 0.00 0.00 4.00 72.00 0.00 51.00 3.00 0.00 42.00 38.00 90.00 15.00 31.00 0.00 41.00 99.00 0.00 46.00 32.00 0.00 2.00 0.00 11.00 34.00 100.00 42.00 74.00 0.00 0.00 98.00 97.00 0.00 50.00 0.00
weights 44 18 3 40 44 22 12 14 11 40 13 40 29 46 37 38 16 46 34 39 39 8 38 11 50 48 12 48 48 34 15 2 34 8 18 14 17 9 29 11 50 15 31 36 34 11 13 32 34 47 45 20 45 6 35 30 24 18 15 44 44 48 21 11 36 24 28 41 3 26 27 14 16 29 14 47 38 40 15 8 12 28 16 33 32 27 7 28 46 42 25 38 1 6 15 31 8 24 16 37
capacity 2208
k_max 90

COMMENTS
original_pairwise_profits
0 0.00 0.00 0.00 47.00 0.00 0.00 99.00 57.00 92.00 0.00 23.00 6.00 34.00 0.00 30.00 0.00 69.00 73.00 0.00 15.00 85.00 0.00 0.00 0.00 0.00 32.00 28.00 0.00 45.00 95.00 0.00 49.00 0.00 0.00 25.00 0.00 0.00 0.00 0.00 48.00 1.00 0.00 28.00 0.00 76.00 8.00 0.00 0.00 0.00 57.00 0.00 98.00 77.00 0.00 74.00 72.00 38.00 16.00 54.00 58.00 0.00 0.00 0.00 10.00 84.00 0.00 0.00 0.00 0.00 98.00 56.00 82.00 0.00 0.00 0.00 0.00 49.00 44.00 0.00 38.00 0.00 41.00 22.00 0.00 85.00 10.00 0.00 0.00 96.00 0.00 0.00 0.00 0.00 0.00 90.00 0.00 22.00 51.00 0.00 69.00
1 0.00 0.00 36.00 61.00 99.00 77.00 100.00 57.00 58.00 42.00 60.00 12.00 0.00 0.00 87.00 0.00 76.00 84.00 5.00 0.00 38.00 0.00 0.00 0.00 0.00 81.00 0.00 19.00 27.00 0.00 0.00 0.00 52.00 0.00 21.00 83.00 0.00 27.00 64.00 0.00 0.00 0.00 59.00 0.00 1.00 0.00 0.00 0.00 93.00 48.00 22.00 0.00 0.00 73.00 0.00 8.00 0.00 95.00 49.00 76.00 0.00 39.00 0.00 41.00 26.00 0.00 88.00 46.00 0.00 0.00 64.00 21.00 0.00 0.00 0.00 0.00 0.00 0.00 80.00 0.00 0.00 93.00 0.00 0.00 0.00 0.00 0.00 0.00 0.00 0.00 19.00 0.00 31.00 0.00 0.00 0.00 45.00 0.00 0.00 59.00
2 0.00 36.00 0.00 77.00 0.00 5.00 0.00 58.00 99.00 34.00 24.00 65.00 0.00 75.00 0.00 0.00 3.00 31.00 63.00 34.00 0.00 0.00 0.00 0.00 72.00 0.00 31.00 0.00 33.00 0.00 0.00 19.00 0.00 0.00 0.00 0.00 0.00 64.00 0.00 34.00 51.00 0.00 0.00 42.00 0.00 0.00 96.00 0.00 91.00 0.00 11.00 47.00 5.00 0.00 13.00 18.00 0.00 53.00 0.00 73.00 41.00 69.00 0.00 74.00 57.00 0.00 17.00 0.00 0.00 0.00 0.00 0.00 0.00 0.00 22.00 0.00 27.00 71.00 62.00 0.00 0.00 0.00 0.00 0.00 52.00 38.00 30.00 4.00 9.00 0.00 50.00 18.00 48.00 0.00 36.00 90.00 0.00 0.00 47.00 83.00
3 47.00 61.00 77.00 0.00 0.00 0.00 97.00 0.00 21.00 0.00 0.00 22.00 0.00 66.00 42.00 0.00 0.00 63.00 0.00 0.00 98.00 0.00 17.00 0.00 22.00 8.00 90.00 80.00 0.00 0.00 0.00 39.00 38.00 0.00 54.00 91.00 4.00 0.00 0.00 99.00 0.00 0.00 64.00 0.00 98.00 0.00 37.00 0.00 34.00 60.00 95.00 0.00 0.00 0.00 0.00 23.00 58.00 0.00 8.00 0.00 0.00 73.00 0.00 51.00 0.00 54.00 0.00 63.00 0.00 0.00 0.00 71.00 0.00 0.00 0.00 29.00 64.00 22.00 65.00 0.00 0.00 26.00 53.00 0.00 39.00 0.00 49.00 0.00 5.00 0.00 0.00 0.00 0.00 0.00 0.00 24.00 68.00 37.00 94.00 44.00
4 0.00 99.00 0.00 0.00 0.00 69.00 38.00 0.00 31.00 67.00 87.00 52.00 0.00 80.00 36.00 0.00 7.00 0.00 0.00 4.00 0.00 0.00 0.00 0.00 49.00 0.00 0.00 44.00 0.00 94.00 39.00 63.00 0.00 0.00 0.00 0.00 16.00 79.00 0.00 47.00 0.00 43.00 0.00 91.00 59.00 58.00 69.00 85.00 23.00 0.00 80.00 0.00 0.00 0.00 0.00 0.00 62.00 98.00 4.00 91.00 0.00 80.00 93.00 0.00 0.00 14.00 75.00 0.00 9.00 0.00 92.00 61.00 6.00 4.00 0.00 73.00 0.00 0.00 37.00 5.00 73.00 0.00 0.00 0.00 95.00 1.00 86.00 17.00 0.00 0.00 87.00 0.00 3.00 63.00 0.00 0.00 72.00 13.00 0.00 0.00
5 0.00 77.00 5.00 0.00 69.00 0.00 0.00 49.00 0.00 0.00 15.00 16.00 0.00 0.00 0.00 0.00 65.00 0.00 0.00 35.00 64.00 70.00 0.00 0.00 83.00 0.00 0.00 74.00 76.00 70.00 72.00 0.00 34.00 0.00 91.00 0.00 0.00 0.00 0.00 7.00 0.00 0.00 57.00 0.00 38.00 0.00 39.00 78.00 14.00 6.00 0.00 0.00 63.00 43.00 19.00 0.00 0.00 0.00 0.00 71.00 0.00 90.00 0.00 0.00 0.00 2.00 0.00 0.00 0.00 72.00 95.00 0.00 48.00 0.00 0.00 0.00 0.00 57.00 62.00 31.00 12.00 0.00 98.00 0.00 47.00 0.00 0.00 10.00 0.00 36.00 0.00 59.00 0.00 0.00 0.00 28.00 0.00 0.00 0.00 0.00
6 99.00 100.00 0.00 97.00 38.00 0.00 0.00 0.00 0.00 0.00 11.00 0.00 4.00 39.00 19.00 7.00 0.00 0.00 37.00 0.00 45.00 93.00 0.00 97.00 0.00 93.00 0.00 0.00 0.00 0.00 54.00 61.00 83.00 26.00 0.00 17.00 0.00 0.00 17.00 0.00 0.00 64.00 0.00 0.00 0.00 18.00 0.00 0.00 0.00 0.00 0.00 23.00 0.00 0.00 0.00 6.00 47.00 73.00 0.00 0.00 0.00 58.00 0.00 0.00 0.00 0.00 0.00 0.00 0.00 0.00 19.00 42.00 0.00 77.00 0.00 0.00 58.00 0.00 75.00 19.00 21.00 0.00 94.00 0.00 0.00 0.00 0.00 25.00 21.00 87.00 48.00 49.00 71.00 0.00 0.00 57.00 26.00 0.00 33.00 0.00
7 57.00 57.00 58.00 0.00 0.00 49.00 0.00 0.00 7.00 0.00 0.00 49.00 0.00 65.00 0.00 0.00 0.00 34.00 53.00 0.00 44.00 0.00 27.00 71.00 0.00 0.00 0.00 3.00 0.00 43.00 0.00 0.00 55.00 63.00 23.00 0.00 0.00 0.00 41.00 0.00 29.00 44.00 35.00 98.00 0.00 0.00 0.00 0.00 0.00 0.00 0.00 37.00 91.00 74.00 0.00 23.00 43.00 0.00 0.00 0.00 0.00 0.00 75.00 2.00 0.00 0.00 0.00 0.00 0.00 80.00 0.00 0.00 0.00 0.00 0.00 18.00 67.00 56.00 0.00 0.00 0.00 0.00 0.00 54.00 0.00 0.00 0.00 68.00 0.00 75.00 100.00 0.00 0.00 46.00 35.00 0.00 69.00 1.00 2.00 46.00
8 92.00 58.00 99.00 21.00 31.00 0.00 0.00 7.00 0.00 83.00 94.00 82.00 0.00 0.00 74.00 0.00 36.00 79.00 0.00 0.00 0.00 66.00 0.00 0.00 0.00 0.00 0.00 0.00 0.00 0.00 49.00 0.00 45.00 0.00 34.00 91.00 0.00 0.00 2.00 0.00 70.00 41.00 66.00 18.00 0.00 33.00 59.00 11.00 0.00 19.00 8.00 0.00 27.00 39.00 0.00 0.00 0.00 0.00 63.00 0.00 0.00 21.00 0.00 60.00 29.00 0.00 0.00 24.00 7.00 67.00 0.00 0.00 0.00 34.00 92.00 39.00 0.00 0.00 0.00 79.00 59.00 0.00 36.00 0.00 0.00 0.00 0.00 36.00 16.00 44.00 0.00 0.00 80.00 0.00 0.00 0.00 4.00 0.00 0.00 63.00
9 0.00 42.00 34.00 0.00 67.00 0.00 0.00 0.00 83.00 0.00 8.00 0.00 0.00 59.00 0.00 92.00 89.00 0.00 0.00 37.00 59.00 72.00 99.00 84.00 0.00 0.00 0.00 0.00 72.00 81.00 100.00 0.00 0.00 36.00 63.00 1.00 14.00 0.00 0.00 18.00 80.00 0.00 13.00 0.00 0.00 71.00 54.00 1.00 0.00 75.00 54.00 0.00 42.00 2.00 82.00 0.00 0.00 18.00 0.00 0.00 51.00 35.00 0.00 42.00 35.00 0.00 61.00 0.00 88.00 0.00 20.00 40.00 0.00 83.00 53.00 0.00 83.00 0.00 8.00 22.00 71.00 89.00 1.00 68.00 0.00 1.00 0.00 98.00 0.00 0.00 0.00 0.00 97.00 32.00 38.00 64.00 0.00 75.00 88.00 0.00
10 23.00 60.00 24.00 0.00 87.00 15.00 11.00 0.00 94.00 8.00 0.00 0.00 0.00 51.00 0.00 93.00 58.00 0.00 0.00 60.00 29.00 93.00 0.00 0.00 0.00 3.00 21.00 47.00 0.00 0.00 48.00 54.00 85.00 0.00 68.00 63.00 92.00 0.00 23.00 0.00 0.00 0.00 35.00 70.00 64.00 0.00 0.00 7.00 0.00 0.00 0.00 80.00 0.00 0.00 0.00 83.00 6.00 26.00 0.00 84.00 0.00 82.00 13.00 6.00 17.00 0.00 50.00 25.00 81.00 60.00 53.00 86.00 0.00 29.00 0.00 0.00 31.00 55.00 0.00 0.00 34.00 0.00 0.00 0.00 77.00 0.00 22.00 40.00 34.00 43.00 0.00 0.00 0.00 69.00 0.00 0.00 30.00 82.00 0.00 100.00
11 6.00 12.00 65.00 22.00 52.00 16.00 0.00 49.00 82.00 0.00 0.00 0.00 0.00 25.00 33.00 89.00 68.00 0.00 0.00 0.00 76.00 0.00 0.00 0.00 0.00 35.00 0.00 16.00 8.00 89.00 66.00 77.00 91.00 52.00 69.00 0.00 0.00 37.00 0.00 31.00 7.00 0.00 0.00 88.00 0.00 4.00 92.00 55.00 77.00 42.00 0.00 0.00 0.00 0.00 12.00 0.00 0.00 0.00 0.00 0.00 0.00 6.00 0.00 0.00 56.00 39.00 21.00 0.00 0.00 50.00 82.00 0.00 25.00 0.00 0.00 0.00 42.00 0.00 0.00 99.00 10.00 29.00 25.00 52.00 89.00 0.00 0.00 8.00 0.00 0.00 0.00 48.00 0.00 0.00 32.00 76.00 52.00 0.00 52.00 0.00
12 34.00 0.00 0.00 0.00 0.00 0.00 4.00 0.00 0.00 0.00 0.00 0.00 0.00 0.00 67.00 19.00 13.00 23.00 0.00 56.00 0.00 0.00 0.00 0.00 65.00 92.00 53.00 93.00 68.00 95.00 88.00 14.00 7.00 0.00 0.00 39.00 68.00 0.00 0.00 0.00 0.00 92.00 0.00 8.00 0.00 94.00 0.00 0.00 0.00 20.00 0.00 28.00 0.00 0.00 0.00 15.00 0.00 70.00 40.00 39.00 50.00 0.00 39.00 0.00 44.00 69.00 88.00 0.00 43.00 34.00 22.00 0.00 53.00 0.00 97.00 45.00 0.00 84.00 0.00 54.00 0.00 0.00 44.00 84.00 0.00 51.00 52.00 12.00 70.00 4.00 0.00 0.00 0.00 15.00 23.00 75.00 0.00 75.00 39.00 0.00
13 0.00 0.00 75.00 66.00 80.00 0.00 39.00 65.00 0.00 59.00 51.00 25.00 0.00 0.00 32.00 55.00 0.00 0.00 67.00 0.00 37.00 87.00 0.00 45.00 67.00 0.00 51.00 0.00 0.00 0.00 0.00 0.00 90.00 0.00 0.00 0.00 0.00 18.00 0.00 68.00 0.00 0.00 35.00 95.00 83.00 37.00 0.00 0.00 0.00 0.00 0.00 0.00 0.00 0.00 98.00 0.00 89.00 0.00 0.00 0.00 28.00 0.00 0.00 0.00 86.00 12.00 37.00 0.00 0.00 0.00 16.00 42.00 0.00 23.00 39.00 8.00 0.00 36.00 0.00 0.00 0.00 24.00 0.00 0.00 19.00 0.00 30.00 75.00 37.00 0.00 0.00 0.00 90.00 0.00 95.00 79.00 0.00 0.00 0.00 56.00
14 30.00 87.00 0.00 42.00 36.00 0.00 19.00 0.00 74.00 0.00 0.00 33.00 67.00 32.00 0.00 0.00 0.00 72.00 0.00 92.00 0.00 0.00 81.00 51.00 0.00 0.00 79.00 0.00 0.00 62.00 0.00 33.00 0.00 32.00 0.00 45.00 0.00 45.00 37.00 0.00 0.00 66.00 0.00 0.00 0.00 0.00 0.00 15.00 0.00 0.00 0.00 0.00 62.00 0.00 0.00 0.00 0.00 27.00 82.00 0.00 19.00 0.00 38.00 27.00 66.00 40.00 0.00 0.00 24.00 0.00 17.00 0.00 34.00 84.00 21.00 0.00 91.00 0.00 90.00 0.00 57.00 94.00 64.00 61.00 15.00 60.00 87.00 0.00 20.00 0.00 0.00 0.00 7.00 0.00 54.00 0.00 85.00 4.00 0.00 79.00
15 0.00 0.00 0.00 0.00 0.00 0.00 7.00 0.00 0.00 92.00 93.00 89.00 19.00 55.00 0.00 0.00 0.00 95.00 94.00 50.00 77.00 58.00 0.00 0.00 0.00 50.00 0.00 78.00 19.00 0.00 54.00 9.00 0.00 0.00 84.00 0.00 21.00 0.00 0.00 0.00 0.00 81.00 0.00 98.00 0.00 0.00 4.00 85.00 0.00 50.00 94.00 0.00 0.00 62.00 0.00 64.00 97.00 0.00 0.00 11.00 0.00 17.00 14.00 11.00 68.00 84.00 0.00 0.00 38.00 60.00 20.00 40.00 0.00 26.00 0.00 18.00 73.00 59.00 0.00 0.00 7.00 26.00 0.00 0.00 0.00 56.00 0.00 71.00 89.00 38.00 29.00 10.00 0.00 0.00 0.00 0.00 47.00 0.00 0.00 15.00
16 69.00 76.00 3.00 0.00 7.00 65.00 0.00 0.00 36.00 89.00 58.00 68.00 13.00 0.00 0.00 0.00 0.00 9.00 44.00 84.00 0.00 0.00 0.00 0.00 61.00 0.00 0.00 12.00 0.00 39.00 0.00 0.00 86.00 0.00 40.00 0.00 78.00 46.00 0.00 76.00 0.00 0.00 48.00 15.00 0.00 2.00 0.00 0.00 12.00 23.00 82.00 0.00 67.00 27.00 23.00 0.00 25.00 0.00 0.00 0.00 0.00 18.00 59.00 68.00 90.00 100.00 86.00 0.00 94.00 27.00 0.00 14.00 0.00 65.00 0.00 89.00 0.00 0.00 0.00 0.00 0.00 46.00 55.00 0.00 29.00 100.00 26.00 0.00 0.00 65.00 82.00 0.00 9.00 25.00 15.00 97.00 63.00 16.00 41.00 0.00
17 73.00 84.00 31.00 63.00 0.00 0.00 0.00 34.00 79.00 0.00 0.00 0.00 23.00 0.00 72.00 95.00 9.00 0.00 4.00 0.00 0.00 0.00 13.00 55.00 0.00 21.00 0.00 43.00 53.00 44.00 0.00 81.00 41.00 0.00 49.00 72.00 0.00 28.00 80.00 0.00 47.00 0.00 61.00 0.00 67.00 28.00 56.00 0.00 0.00 28.00 9.00 0.00 0.00 0.00 0.00 33.00 0.00 97.00 39.00 0.00 26.00 15.00 57.00 64.00 0.00 0.00 0.00 55.00 0.00 0.00 0.00 0.00 0.00 7.00 0.00 0.00 0.00 0.00 0.00 0.00 13.00 55.00 40.00 0.00 0.00 42.00 19.00 24.00 44.00 0.00 0.00 0.00 0.00 0.00 0.00 0.00 5.00 0.00 0.00 0.00
18 0.00 5.00 63.00 0.00 0.00 0.00 37.00 53.00 0.00 0.00 0.00 0.00 0.00 67.00 0.00 94.00 44.00 4.00 0.00 60.00 72.00 0.00 59.00 1.00 0.00 0.00 42.00 82.00 0.00 0.00 66.00 68.00 0.00 54.00 0.00 0.00 38.00 49.00 0.00 45.00 0.00 96.00 90.00 0.00 0.00 100.00 0.00 14.00 0.00 39.00 34.00 0.00 0.00 46.00 47.00 0.00 89.00 0.00 7.00 0.00 2.00 0.00 63.00 72.00 27.00 53.00 5.00 22.00 27.00 0.00 0.00 0.00 0.00 0.00 50.00 0.00 0.00 52.00 52.00 0.00 0.00 59.00 0.00 0.00 0.00 0.00 0.00 0.00 67.00 0.00 87.00 75.00 0.00 0.00 0.00 0.00 0.00 19.00 0.00 0.00
19 15.00 0.00 34.00 0.00 4.00 35.00 0.00 0.00 0.00 37.00 60.00 0.00 56.00 0.00 92.00 50.00 84.00 0.00 60.00 0.00 0.00 8.00 93.00 0.00 0.00 0.00 0.00 72.00 0.00 0.00 54.00 0.00 20.00 0.00 0.00 0.00 0.00 0.00 0.00 54.00 0.00 0.00 61.00 28.00 0.00 89.00 95.00 0.00 25.00 43.00 0.00 0.00 0.00 45.00 86.00 95.00 91.00 0.00 52.00 0.00 76.00 0.00 36.00 0.00 0.00 0.00 0.00 0.00 28.00 0.00 0.00 90.00 0.00 0.00 41.00 78.00 0.00 0.00 27.00 24.00 0.00 25.00 0.00 13.00 0.00 99.00 0.00 90.00 0.00 60.00 76.00 88.00 29.00 0.00 0.00 96.00 16.00 0.00 0.00 0.00
20 85.00 38.00 0.00 98.00 0.00 64.00 45.00 44.00 0.00 59.00 29.00 76.00 0.00 37.00 0.00 77.00 0.00 0.00 72.00 0.00 0.00 72.00 0.00 0.00 0.00 58.00 0.00 0.00 0.00 39.00 0.00 89.00 0.00 67.00 13.00 0.00 35.00 13.00 0.00 47.00 80.00 40.00 0.00 93.00 0.00 51.00 0.00 18.00 19.00 22.00 56.00 71.00 0.00 0.00 0.00 11.00 58.00 0.00 0.00 0.00 76.00 0.00 33.00 0.00 0.00 49.00 0.00 37.00 0.00 14.00 0.00 0.00 5.00 40.00 0.00 84.00 31.00 9.00 60.00 62.00 0.00 13.00 0.00 0.00 40.00 0.00 64.00 64.00 61.00 56.00 69.00 0.00 87.00 29.00 0.00 0.00 0.00 16.00 73.00 0.00
21 0.00 0.00 0.00 0.00 0.00 70.00 93.00 0.00 66.00 72.00 93.00 0.00 0.00 87.00 0.00 58.00 0.00 0.00 0.00 8.00 72.00 0.00 0.00 78.00 0.00 0.00 99.00 62.00 0.00 99.00 54.00 0.00 18.00 0.00 0.00 0.00 81.00 2.00 0.00 72.00 87.00 0.00 36.00 58.00 0.00 91.00 11.00 0.00 86.00 0.00 33.00 41.00 0.00 78.00 0.00 25.00 0.00 0.00 91.00 0.00 83.00 74.00 78.00 0.00 28.00 0.00 19.00 0.00 0.00 0.00 24.00 63.00 34.00 71.00 8.00 87.00 0.00 17.00 59.00 0.00 0.00 0.00 0.00 0.00 15.00 0.00 1.00 0.00 32.00 16.00 78.00 0.00 0.00 95.00 68.00 78.00 72.00 0.00 71.00 0.00
22 0.00 0.00 0.00 17.00 0.00 0.00 0.00 27.00 0.00 99.00 0.00 0.00 0.00 0.00 81.00 0.00 0.00 13.00 59.00 93.00 0.00 0.00 0.00 0.00 51.00 0.00 0.00 45.00 8.00 34.00 0.00 0.00 0.00 88.00 9.00 0.00 82.00 45.00 0.00 81.00 0.00 0.00 83.00 87.00 0.00 41.00 0.00 94.00 43.00 50.00 68.00 95.00 0.00 35.00 38.00 0.00 0.00 19.00 27.00 0.00 0.00 99.00 0.00 0.00 0.00 0.00 0.00 0.00 0.00 0.00 0.00 0.00 0.00 0.00 32.00 0.00 88.00 0.00 80.00 0.00 0.00 49.00 0.00 60.00 0.00 93.00 0.00 0.00 0.00 47.00 0.00 90.00 0.00 96.00 92.00 0.00 40.00 57.00 0.00 0.00
23 0.00 0.00 0.00 0.00 0.00 0.00 97.00 71.00 0.00 84.00 0.00 0.00 0.00 45.00 51.00 0.00 0.00 55.00 1.00 0.00 0.00 78.00 0.00 0.00 0.00 0.00 37.00 77.00 97.00 14.00 0.00 67.00 42.00 0.00 31.00 34.00 0.00 56.00 0.00 38.00 4.00 69.00 0.00 21.00 0.00 79.00 0.00 29.00 45.00 12.00 80.00 69.00 89.00 65.00 98.00 88.00 37.00 0.00 7.00 43.00 35.00 0.00 0.00 0.00 0.00 64.00 0.00 0.00 85.00 42.00 96.00 53.00 0.00 53.00 0.00 0.00 0.00 0.00 0.00 14.00 1.00 0.00 94.00 38.00 0.00 43.00 26.00 16.00 4.00 12.00 0.00 0.00 68.00 47.00 0.00 0.00 71.00 33.00 0.00 60.00
24 0.00 0.00 72.00 22.00 49.00 83.00 0.00 0.00 0.00 0.00 0.00 0.00 65.00 67.00 0.00 0.00 61.00 0.00 0.00 0.00 0.00 0.00 51.00 0.00 0.00 33.00 47.00 0.00 47.00 0.00 21.00 0.00 0.00 0.00 0.00 0.00 0.00 34.00 25.00 97.00 0.00 75.00 81.00 0.00 0.00 0.00 0.00 74.00 69.00 0.00 0.00 0.00 0.00 15.00 0.00 87.00 0.00 42.00 0.00 0.00 54.00 0.00 0.00 0.00 0.00 0.00 0.00 0.00 0.00 24.00 100.00 56.00 59.00 89.00 27.00 86.00 36.00 0.00 89.00 7.00 0.00 77.00 32.00 7.00 0.00 39.00 46.00 0.00 0.00 0.00 75.00 0.00 0.00 49.00 0.00 61.00 28.00 0.00 7.00 43.00
25 32.00 81.00 0.00 8.00 0.00 0.00 93.00 0.00 0.00 0.00 3.00 35.00 92.00 0.00 0.00 50.00 0.00 21.00 0.00 0.00 58.00 0.00 0.00 0.00 33.00 0.00 34.00 97.00 0.00 32.00 70.00 21.00 75.00 11.00 98.00 9.00 69.00 0.00 0.00 76.00 0.00 65.00 59.00 46.00 24.00 0.00 20.00 11.00 13.00 61.00 0.00 33.00 0.00 68.00 82.00 63.00 0.00 0.00 53.00 0.00 5.00 60.00 0.00 55.00 93.00 62.00 57.00 60.00 0.00 5.00 0.00 0.00 0.00 0.00 51.00 12.00 0.00 12.00 0.00 52.00 4.00 0.00 79.00 100.00 0.00 34.00 71.00 0.00 85.00 90.00 75.00 0.00 0.00 0.00 69.00 0.00 96.00 0.00 13.00 0.00
26 28.00 0.00 31.00 90.00 0.00 0.00 0.00 0.00 0.00 0.00 21.00 0.00 53.00 51.00 79.00 0.00 0.00 0.00 42.00 0.00 0.00 99.00 0.00 37.00 47.00 34.00 0.00 67.00 8.00 0.00 0.00 0.00 84.00 0.00 2.00 57.00 6.00 22.00 0.00 32.00 47.00 0.00 39.00 0.00 32.00 18.00 6.00 79.00 0.00 0.00 15.00 0.00 62.00 0.00 0.00 0.00 89.00 35.00 40.00 60.00 20.00 0.00 79.00 0.00 0.00 11.00 0.00 0.00 3.00 92.00 86.00 0.00 36.00 0.00 0.00 9.00 0.00 0.00 0.00 0.00 0.00 16.00 0.00 21.00 0.00 0.00 0.00 0.00 0.00 19.00 34.00 0.00 0.00 0.00 84.00 14.00 10.00 0.00 52.00 0.00
27 0.00 19.00 0.00 80.00 44.00 74.00 0.00 3.00 0.00 0.00 47.00 16.00 93.00 0.00 0.00 78.00 12.00 43.00 82.00 72.00 0.00 62.00 45.00 77.00 0.00 97.00 67.00 0.00 0.00 0.00 0.00 36.00 28.00 0.00 87.00 69.00 55.00 0.00 0.00 50.00 0.00 33.00 0.00 0.00 56.00 0.00 59.00 0.00 72.00 86.00 0.00 0.00 88.00 0.00 63.00 0.00 0.00 0.00 0.00 0.00 0.00 48.00 66.00 0.00 0.00 0.00 68.00 0.00 0.00 0.00 0.00 9.00 0.00 56.00 10.00 66.00 34.00 43.00 0.00 0.00 0.00 0.00 0.00 0.00 0.00 0.00 0.00 95.00 0.00 0.00 54.00 96.00 0.00 0.00 99.00 0.00 55.00 0.00 0.00 4.00
28 45.00 27.00 33.00 0.00 0.00 76.00 0.00 0.00 0.00 72.00 0.00 8.00 68.00 0.00 0.00 19.00 0.00 53.00 0.00 0.00 0.00 0.00 8.00 97.00 47.00 0.00 8.00 0.00 0.00 63.00 0.00 92.00 0.00 31.00 0.00 2.00 0.00 0.00 0.00 46.00 54.00 0.00 9.00 0.00 71.00 0.00 0.00 0.00 66.00 93.00 80.00 59.00 15.00 19.00 0.00 10.00 0.00 58.00 0.00 0.00 0.00 0.00 0.00 48.00 0.00 19.00 0.00 23.00 20.00 12.00 0.00 76.00 8.00 0.00 4.00 74.00 0.00 70.00 0.00 49.00 60.00 0.00 0.00 94.00 0.00 0.00 0.00 0.00 0.00 91.00 53.00 49.00 0.00 0.00 0.00 31.00 0.00 40.00 24.00 0.00
29 95.00 0.00 0.00 0.00 94.00 70.00 0.00 43.00 0.00 81.00 0.00 89.00 95.00 0.00 62.00 0.00 39.00 44.00 0.00 0.00 39.00 99.00 34.00 14.00 0.00 32.00 0.00 0.00 63.00 0.00 77.00 0.00 0.00 61.00 0.00 7.00 10.00 86.00 28.00 0.00 14.00 38.00 0.00 0.00 0.00 0.00 74.00 87.00 0.00 75.00 0.00 0.00 0.00 0.00 100.00 70.00 0.00 0.00 85.00 0.00 0.00 0.00 51.00 47.00 0.00 0.00 6.00 0.00 26.00 83.00 40.00 0.00 0.00 0.00 46.00 36.00 0.00 0.00 0.00 25.00 5.00 100.00 88.00 0.00 39.00 27.00 44.00 0.00 0.00 63.00 76.00 23.00 11.00 61.00 0.00 0.00 43.00 32.00 17.00 96.00
30 0.00 0.00 0.00 0.00 39.00 72.00 54.00 0.00 49.00 100.00 48.00 66.00 88.00 0.00 0.00 54.00 0.00 0.00 66.00 54.00 0.00 54.00 0.00 0.00 21.00 70.00 0.00 0.00 0.00 77.00 0.00 0.00 0.00 5.00 49.00 24.00 54.00 0.00 0.00 0.00 0.00 12.00 0.00 21.00 0.00 0.00 0.00 0.00 84.00 0.00 42.00 68.00 90.00 0.00 0.00 0.00 31.00 0.00 0.00 94.00 80.00 0.00 63.00 81.00 100.00 0.00 86.00 5.00 44.00 0.00 24.00 57.00 0.00 28.00 0.00 0.00 41.00 24.00 0.00 1.00 98.00 81.00 0.00 11.00 73.00 0.00 0.00 0.00 0.00 0.00 0.00 0.00 7.00 43.00 0.00 78.00 18.00 0.00 0.00 0.00
31 49.00 0.00 19.00 39.00 63.00 0.00 61.00 0.00 0.00 0.00 54.00 77.00 14.00 0.00 33.00 9.00 0.00 81.00 68.00 0.00 89.00 0.00 0.00 67.00 0.00 21.00 0.00 36.00 92.00 0.00 0.00 0.00 81.00 0.00 0.00 35.00 35.00 0.00 0.00 0.00 83.00 46.00 0.00 0.00 0.00 42.00 1.00 10.00 62.00 63.00 0.00 0.00 0.00 63.00 0.00 0.00 97.00 0.00 8.00 1.00 0.00 0.00 0.00 0.00 0.00 0.00 11.00 57.00 66.00 0.00 46.00 0.00 0.00 39.00 0.00 0.00 49.00 0.00 47.00 5.00 25.00 33.00 0.00 75.00 0.00 94.00 0.00 0.00 2.00 7.00 0.00 7.00 13.00 0.00 0.00 100.00 0.00 49.00 94.00 73.00
32 0.00 52.00 0.00 38.00 0.00 34.00 83.00 55.00 45.00 0.00 85.00 91.00 7.00 90.00 0.00 0.00 86.00 41.00 0.00 20.00 0.00 18.00 0.00 42.00 0.00 75.00 84.00 28.00 0.00 0.00 0.00 81.00 0.00 93.00 0.00 67.00 61.00 0.00 0.00 0.00 0.00 26.00 0.00 69.00 55.00 3.00 0.00 0.00 0.00 82.00 38.00 0.00 20.00 0.00 75.00 51.00 0.00 12.00 65.00 0.00 20.00 71.00 0.00 0.00 0.00 96.00 0.00 0.00 6.00 13.00 100.00 0.00 99.00 44.00 0.00 0.00 0.00 93.00 44.00 0.00 40.00 0.00 72.00 52.00 1.00 0.00 0.00 0.00 0.00 26.00 64.00 13.00 24.00 0.00 0.00 0.00 55.00 0.00 0.00 78.00
33 0.00 0.00 0.00 0.00 0.00 0.00 26.00 63.00 0.00 36.00 0.00 52.00 0.00 0.00 32.00 0.00 0.00 0.00 54.00 0.00 67.00 0.00 88.00 0.00 0.00 11.00 0.00 0.00 31.00 61.00 5.00 0.00 93.00 0.00 8.00 53.00 0.00 0.00 0.00 99.00 0.00 93.00 0.00 0.00 0.00 0.00 10.00 0.00 0.00 47.00 3.00 25.00 19.00 77.00 0.00 23.00 5.00 65.00 94.00 16.00 30.00 30.00 0.00 100.00 21.00 0.00 80.00 93.00 71.00 0.00 20.00 82.00 0.00 9.00 0.00 73.00 0.00 68.00 0.00 38.00 0.00 0.00 60.00 0.00 17.00 40.00 0.00 65.00 0.00 40.00 0.00 0.00 0.00 0.00 0.00 31.00 88.00 55.00 31.00 0.00
34 25.00 21.00 0.00 54.00 0.00 91.00 0.00 23.00 34.00 63.00 68.00 69.00 0.00 0.00 0.00 84.00 40.00 49.00 0.00 0.00 13.00 0.00 9.00 31.00 0.00 98.00 2.00 87.00 0.00 0.00 49.00 0.00 0.00 8.00 0.00 43.00 1.00 8.00 0.00 0.00 14.00 62.00 0.00 0.00 24.00 41.00 0.00 31.00 0.00 36.00 0.00 76.00 38.00 79.00 30.00 54.00 74.00 0.00 88.00 21.00 37.00 0.00 0.00 13.00 89.00 0.00 0.00 66.00 71.00 17.00 29.00 88.00 46.00 61.00 29.00 0.00 0.00 0.00 63.00 31.00 0.00 0.00 0.00 9.00 46.00 22.00 36.00 0.00 32.00 0.00 75.00 0.00 0.00 0.00 0.00 38.00 0.00 98.00 0.00 0.00
35 0.00 83.00 0.00 91.00 0.00 0.00 17.00 0.00 91.00 1.00 63.00 0.00 39.00 0.00 45.00 0.00 0.00 72.00 0.00 0.00 0.00 0.00 0.00 34.00 0.00 9.00 57.00 69.00 2.00 7.00 24.00 35.00 67.00 53.00 43.00 0.00 0.00 45.00 73.00 0.00 50.00 22.00 25.00 0.00 0.00 0.00 0.00 0.00 0.00 59.00 66.00 0.00 0.00 0.00 51.00 100.00 0.00 15.00 36.00 0.00 68.00 99.00 0.00 81.00 0.00 0.00 24.00 70.00 0.00 26.00 91.00 73.00 0.00 6.00 29.00 14.00 0.00 37.00 20.00 0.00 0.00 0.00 0.00 50.00 0.00 97.00 0.00 0.00 83.00 10.00 0.00 0.00 20.00 0.00 44.00 0.00 0.00 0.00 0.00 0.00
36 0.00 0.00 0.00 4.00 16.00 0.00 0.00 0.00 0.00 14.00 92.00 0.00 68.00 0.00 0.00 21.00 78.00 0.00 38.00 0.00 35.00 81.00 82.00 0.00 0.00 69.00 6.00 55.00 0.00 10.00 54.00 35.00 61.00 0.00 1.00 0.00 0.00 0.00 0.00 0.00 0.00 58.00 0.00 100.00 0.00 14.00 57.00 45.00 70.00 0.00 79.00 61.00 30.00 0.00 0.00 0.00 77.00 0.00 0.00 28.00 2.00 100.00 0.00 0.00 0.00 0.00 35.00 50.00 0.00 0.00 0.00 0.00 0.00 0.00 0.00 48.00 60.00 42.00 5.00 0.00 0.00 6.00 22.00 0.00 0.00 4.00 0.00 0.00 24.00 21.00 0.00 36.00 0.00 60.00 0.00 0.00 37.00 26.00 49.00 0.00
37 0.00 27.00 64.00 0.00 79.00 0.00 0.00 0.00 0.00 0.00 0.00 37.00 0.00 18.00 45.00 0.00 46.00 28.00 49.00 0.00 13.00 2.00 45.00 56.00 34.00 0.00 22.00 0.00 0.00 86.00 0.00 0.00 0.00 0.00 8.00 45.00 0.00 0.00 79.00 0.00 84.00 0.00 100.00 35.00 0.00 12.00 92.00 8.00 0.00 38.00 61.00 80.00 80.00 23.00 0.00 0.00 0.00 17.00 3.00 0.00 0.00 0.00 92.00 0.00 89.00 0.00 0.00 0.00 5.00 68.00 37.00 0.00 42.00 0.00 93.00 0.00 0.00 0.00 69.00 0.00 85.00 61.00 60.00 59.00 27.00 0.00 53.00 78.00 0.00 0.00 11.00 69.00 0.00 85.00 48.00 35.00 46.00 76.00 68.00 86.00
38 0.00 64.00 0.00 0.00 0.00 0.00 17.00 41.00 2.00 0.00 23.00 0.00 0.00 0.00 37.00 0.00 0.00 80.00 0.00 0.00 0.00 0.00 0.00 0.00 25.00 0.00 0.00 0.00 0.00 28.00 0.00 0.00 0.00 0.00 0.00 73.00 0.00 79.00 0.00 0.00 79.00 0.00 22.00 0.00 0.00 0.00 55.00 0.00 0.00 9.00 0.00 0.00 11.00 0.00 78.00 0.00 0.00 34.00 0.00 89.00 0.00 59.00 75.00 63.00 0.00 0.00 78.00 0.00 98.00 78.00 92.00 0.00 55.00 0.00 0.00 12.00 0.00 99.00 0.00 0.00 99.00 0.00 0.00 0.00 0.00 0.00 0.00 0.00 80.00 0.00 0.00 9.00 37.00 12.00 0.00 0.00 77.00 81.00 0.00 0.00
39 48.00 0.00 34.00 99.00 47.00 7.00 0.00 0.00 0.00 18.00 0.00 31.00 0.00 68.00 0.00 0.00 76.00 0.00 45.00 54.00 47.00 72.00 81.00 38.00 97.00 76.00 32.00 50.00 46.00 0.00 0.00 0.00 0.00 99.00 0.00 0.00 0.00 0.00 0.00 0.00 0.00 0.00 0.00 0.00 0.00 51.00 0.00 53.00 43.00 0.00 70.00 0.00 0.00 67.00 62.00 0.00 0.00 11.00 93.00 0.00 0.00 78.00 0.00 65.00 97.00 61.00 0.00 0.00 0.00 0.00 79.00 9.00 0.00 0.00 0.00 12.00 32.00 53.00 0.00 0.00 0.00 0.00 0.00 72.00 81.00 0.00 0.00 1.00 53.00 0.00 0.00 81.00 0.00 99.00 0.00 21.00 30.00 0.00 16.00 25.00
40 1.00 0.00 51.00 0.00 0.00 0.00 0.00 29.00 70.00 80.00 0.00 7.00 0.00 0.00 0.00 0.00 0.00 47.00 0.00 0.00 80.00 87.00 0.00 4.00 0.00 0.00 47.00 0.00 54.00 14.00 0.00 83.00 0.00 0.00 14.00 50.00 0.00 84.00 79.00 0.00 0.00 0.00 0.00 0.00 0.00 33.00 68.00 0.00 72.00 39.00 0.00 0.00 22.00 74.00 0.00 78.00 14.00 0.00 0.00 0.00 0.00 45.00 0.00 41.00 0.00 0.00 75.00 87.00 0.00 0.00 0.00 0.00 0.00 0.00 47.00 0.00 0.00 0.00 0.00 93.00 0.00 39.00 6.00 0.00 0.00 0.00 0.00 0.00 29.00 0.00 34.00 0.00 0.00 0.00 98.00 48.00 0.00 14.00 1.00 96.00
41 0.00 0.00 0.00 0.00 43.00 0.00 64.00 44.00 41.00 0.00 0.00 0.00 92.00 0.00 66.00 81.00 0.00 0.00 96.00 0.00 40.00 0.00 0.00 69.00 75.00 65.00 0.00 33.00 0.00 38.00 12.00 46.00 26.00 93.00 62.00 22.00 58.00 0.00 0.00 0.00 0.00 0.00 0.00 96.00 55.00 0.00 62.00 1.00 75.00 0.00 58.00 0.00 0.00 28.00 19.00 88.00 0.00 0.00 0.00 100.00 56.00 0.00 40.00 0.00 0.00 93.00 44.00 30.00 51.00 26.00 0.00 0.00 95.00 0.00 0.00 8.00 100.00 0.00 0.00 0.00 0.00 0.00 0.00 0.00 79.00 97.00 87.00 96.00 30.00 0.00 0.00 0.00 97.00 0.00 20.00 0.00 0.00 0.00 94.00 46.00
42 28.00 59.00 0.00 64.00 0.00 57.00 0.00 35.00 66.00 13.00 35.00 0.00 0.00 35.00 0.00 0.00 48.00 61.00 90.00 61.00 0.00 36.00 83.00 0.00 81.00 59.00 39.00 0.00 9.00 0.00 0.00 0.00 0.00 0.00 0.00 25.00 0.00 100.00 22.00 0.00 0.00 0.00 0.00 32.00 0.00 98.00 0.00 0.00 66.00 21.00 47.00 0.00 0.00 0.00 0.00 71.00 46.00 66.00 33.00 88.00 27.00 61.00 0.00 0.00 0.00 95.00 0.00 54.00 0.00 75.00 13.00 0.00 0.00 12.00 9.00 0.00 0.00 0.00 0.00 61.00 0.00 94.00 82.00 0.00 11.00 33.00 79.00 15.00 0.00 1.00 0.00 56.00 0.00 87.00 42.00 41.00 0.00 45.00 90.00 80.00
43 0.00 0.00 42.00 0.00 91.00 0.00 0.00 98.00 18.00 0.00 70.00 88.00 8.00 95.00 0.00 98.00 15.00 0.00 0.00 28.00 93.00 58.00 87.00 21.00 0.00 46.00 0.00 0.00 0.00 0.00 21.00 0.00 69.00 0.00 0.00 0.00 100.00 35.00 0.00 0.00 0.00 96.00 32.00 0.00 70.00 97.00 46.00 0.00 60.00 0.00 0.00 36.00 46.00 0.00 0.00 76.00 0.00 5.00 0.00 0.00 26.00 25.00 55.00 0.00 35.00 0.00 0.00 45.00 82.00 0.00 23.00 70.00 0.00 0.00 78.00 68.00 0.00 54.00 0.00 0.00 42.00 0.00 31.00 15.00 0.00 0.00 0.00 0.00 0.00 0.00 63.00 0.00 0.00 0.00 9.00 1.00 0.00 0.00 0.00 0.00
44 76.00 1.00 0.00 98.00 59.00 38.00 0.00 0.00 0.00 0.00 64.00 0.00 0.00 83.00 0.00 0.00 0.00 67.00 0.00 0.00 0.00 0.00 0.00 0.00 0.00 24.00 32.00 56.00 71.00 0.00 0.00 0.00 55.00 0.00 24.00 0.00 0.00 0.00 0.00 0.00 0.00 55.00 0.00 70.00 0.00 52.00 0.00 92.00 21.00 15.00 18.00 0.00 68.00 55.00 0.00 0.00 0.00 0.00 19.00 0.00 0.00 24.00 18.00 29.00 0.00 12.00 26.00 75.00 21.00 0.00 0.00 36.00 0.00 50.00 99.00 0.00 0.00 32.00 0.00 18.00 24.00 0.00 22.00 84.00 65.00 0.00 0.00 91.00 65.00 0.00 71.00 22.00 0.00 0.00 74.00 0.00 45.00 2.00 55.00 81.00
45 8.00 0.00 0.00 0.00 58.00 0.00 18.00 0.00 33.00 71.00 0.00 4.00 94.00 37.00 0.00 0.00 2.00 28.00 100.00 89.00 51.00 91.00 41.00 79.00 0.00 0.00 18.00 0.00 0.00 0.00 0.00 42.00 3.00 0.00 41.00 0.00 14.00 12.00 0.00 51.00 33.00 0.00 98.00 97.00 52.00 0.00 0.00 14.00 68.00 29.00 64.00 0.00 0.00 50.00 0.00 45.00 0.00 0.00 0.00 0.00 44.00 27.00 0.00 55.00 0.00 5.00 0.00 1.00 60.00 79.00 0.00 24.00 0.00 0.00 0.00 0.00 0.00 0.00 49.00 70.00 0.00 89.00 0.00 0.00 0.00 13.00 18.00 0.00 0.00 94.00 33.00 43.00 82.00 68.00 71.00 74.00 0.00 24.00 0.00 49.00
46 0.00 0.00 96.00 37.00 69.00 39.00 0.00 0.00 59.00 54.00 0.00 92.00 0.00 0.00 0.00 4.00 0.00 56.00 0.00 95.00 0.00 11.00 0.00 0.00 0.00 20.00 6.00 59.00 0.00 74.00 0.00 1.00 0.00 10.00 0.00 0.00 57.00 92.00 55.00 0.00 68.00 62.00 0.00 46.00 0.00 0.00 0.00 0.00 0.00 94.00 90.00 0.00 71.00 9.00 0.00 70.00 15.00 0.00 0.00 0.00 0.00 9.00 13.00 0.00 0.00 76.00 99.00 31.00 0.00 0.00 23.00 100.00 83.00 0.00 42.00 11.00 0.00 22.00 34.00 0.00 0.00 0.00 80.00 0.00 34.00 3.00 0.00 58.00 10.00 4.00 15.00 0.00 62.00 0.00 0.00 38.00 0.00 0.00 0.00 0.00
47 0.00 0.00 0.00 0.00 85.00 78.00 0.00 0.00 11.00 1.00 7.00 55.00 0.00 0.00 15.00 85.00 0.00 0.00 14.00 0.00 18.00 0.00 94.00 29.00 74.00 11.00 79.00 0.00 0.00 87.00 0.00 10.00 0.00 0.00 31.00 0.00 45.00 8.00 0.00 53.00 0.00 1.00 0.00 0.00 92.00 14.00 0.00 0.00 0.00 61.00 59.00 13.00 74.00 2.00 33.00 36.00 31.00 0.00 12.00 54.00 0.00 48.00 55.00 95.00 0.00 0.00 0.00 3.00 27.00 53.00 0.00 19.00 1.00 77.00 19.00 0.00 30.00 12.00 29.00 0.00 0.00 59.00 92.00 59.00 26.00 16.00 71.00 0.00 0.00 0.00 25.00 54.00 43.00 72.00 40.00 26.00 36.00 0.00 36.00 0.00
48 0.00 93.00 91.00 34.00 23.00 14.00 0.00 0.00 0.00 0.00 0.00 77.00 0.00 0.00 0.00 0.00 12.00 0.00 0.00 25.00 19.00 86.00 43.00 45.00 69.00 13.00 0.00 72.00 66.00 0.00 84.00 62.00 0.00 0.00 0.00 0.00 70.00 0.00 0.00 43.00 72.00 75.00 66.00 60.00 21.00 68.00 0.00 0.00 0.00 0.00 0.00 86.00 30.00 0.00 0.00 0.00 72.00 24.00 0.00 47.00 0.00 0.00 0.00 0.00 0.00 0.00 0.00 0.00 0.00 0.00 33.00 97.00 0.00 0.00 0.00 0.00 0.00 0.00 0.00 0.00 0.00 88.00 0.00 25.00 0.00 45.00 51.00 0.00 60.00 0.00 60.00 84.00 30.00 0.00 73.00 78.00 0.00 38.00 0.00 0.00
49 57.00 48.00 0.00 60.00 0.00 6.00 0.00 0.00 19.00 75.00 0.00 42.00 20.00 0.00 0.00 50.00 23.00 28.00 39.00 43.00 22.00 0.00 50.00 12.00 0.00 61.00 0.00 86.00 93.00 75.00 0.00 63.00 82.00 47.00 36.00 59.00 0.00 38.00 9.00 0.00 39.00 0.00 21.00 0.00 15.00 29.00 94.00 61.00 0.00 0.00 98.00 0.00 87.00 0.00 0.00 17.00 62.00 43.00 78.00 73.00 44.00 0.00 1.00 0.00 3.00 36.00 56.00 92.00 0.00 0.00 0.00 18.00 0.00 43.00 12.00 0.00 38.00 58.00 0.00 77.00 0.00 36.00 92.00 0.00 0.00 19.00 0.00 0.00 0.00 0.00 0.00 90.00 38.00 0.00 0.00 24.00 71.00 0.00 34.00 1.00
50 0.00 22.00 11.00 95.00 80.00 0.00 0.00 0.00 8.00 54.00 0.00 0.00 0.00 0.00 0.00 94.00 82.00 9.00 34.00 0.00 56.00 33.00 68.00 80.00 0.00 0.00 15.00 0.00 80.00 0.00 42.00 0.00 38.00 3.00 0.00 66.00 79.00 61.00 0.00 70.00 0.00 58.00 47.00 0.00 18.00 64.00 90.00 59.00 0.00 98.00 0.00 0.00 0.00 0.00 0.00 94.00 77.00 38.00 0.00 21.00 28.00 87.00 10.00 0.00 2.00 11.00 73.00 20.00 0.00 0.00 6.00 0.00 16.00 0.00 0.00 0.00 93.00 41.00 50.00 24.00 0.00 42.00 0.00 99.00 0.00 0.00 0.00 65.00 0.00 0.00 40.00 30.00 0.00 47.00 0.00 80.00 0.00 0.00 47.00 0.00
51 98.00 0.00 47.00 0.00 0.00 0.00 23.00 37.00 0.00 0.00 80.00 0.00 28.00 0.00 0.00 0.00 0.00 0.00 0.00 0.00 71.00 41.00 95.00 69.00 0.00 33.00 0.00 0.00 59.00 0.00 68.00 0.00 0.00 25.00 76.00 0.00 61.00 80.00 0.00 0.00 0.00 0.00 0.00 36.00 0.00 0.00 0.00 13.00 86.00 0.00 0.00 0.00 40.00 55.00 67.00 0.00 39.00 87.00 0.00 0.00 8.00 83.00 11.00 0.00 0.00 0.00 73.00 0.00 70.00 0.00 31.00 0.00 55.00 7.00 21.00 19.00 0.00 67.00 80.00 0.00 33.00 0.00 15.00 0.00 85.00 29.00 28.00 0.00 71.00 0.00 94.00 0.00 25.00 72.00 64.00 1.00 55.00 13.00 0.00 99.00
52 77.00 0.00 5.00 0.00 0.00 63.00 0.00 91.00 27.00 42.00 0.00 0.00 0.00 0.00 62.00 0.00 67.00 0.00 0.00 0.00 0.00 0.00 0.00 89.00 0.00 0.00 62.00 88.00 15.00 0.00 90.00 0.00 20.00 19.00 38.00 0.00 30.00 80.00 11.00 0.00 22.00 0.00 0.00 46.00 68.00 0.00 71.00 74.00 30.00 87.00 0.00 40.00 0.00 0.00 55.00 0.00 59.00 0.00 50.00 0.00 33.00 100.00 98.00 0.00 91.00 0.00 0.00 90.00 0.00 89.00 0.00 0.00 0.00 0.00 97.00 10.00 57.00 0.00 0.00 0.00 2.00 91.00 0.00 59.00 39.00 42.00 0.00 70.00 0.00 0.00 0.00 0.00 0.00 89.00 2.00 0.00 32.00 36.00 0.00 0.00
53 0.00 73.00 0.00 0.00 0.00 43.00 0.00 74.00 39.00 2.00 0.00 0.00 0.00 0.00 0.00 62.00 27.00 0.00 46.00 45.00 0.00 78.00 35.00 65.00 15.00 68.00 0.00 0.00 19.00 0.00 0.00 63.00 0.00 77.00 79.00 0.00 0.00 23.00 0.00 67.00 74.00 28.00 0.00 0.00 55.00 50.00 9.00 2.00 0.00 0.00 0.00 55.00 0.00 0.00 0.00 83.00 75.00 22.00 11.00 54.00 61.00 99.00 0.00 0.00 0.00 72.00 0.00 75.00 79.00 0.00 0.00 56.00 0.00 87.00 19.00 0.00 97.00 68.00 72.00 0.00 0.00 24.00 52.00 0.00 84.00 88.00 85.00 99.00 0.00 0.00 97.00 43.00 44.00 85.00 0.00 3.00 0.00 66.00 36.00 0.00
54 74.00 0.00 13.00 0.00 0.00 19.00 0.00 0.00 0.00 82.00 0.00 12.00 0.00 98.00 0.00 0.00 23.00 0.00 47.00 86.00 0.00 0.00 38.00 98.00 0.00 82.00 0.00 63.00 0.00 100.00 0.00 0.00 75.00 0.00 30.00 51.00 0.00 0.00 78.00 62.00 0.00 19.00 0.00 0.00 0.00 0.00 0.00 33.00 0.00 0.00 0.00 67.00 55.00 0.00 0.00 0.00 4.00 94.00 62.00 51.00 97.00 59.00 0.00 0.00 0.00 33.00 6.00 5.00 9.00 8.00 0.00 0.00 0.00 0.00 0.00 0.00 0.00 57.00 0.00 0.00 72.00 0.00 63.00 0.00 0.00 24.00 60.00 84.00 0.00 0.00 83.00 82.00 68.00 0.00 0.00 0.00 0.00 73.00 33.00 0.00
55 72.00 8.00 18.00 23.00 0.00 0.00 6.00 23.00 0.00 0.00 83.00 0.00 15.00 0.00 0.00 64.00 0.00 33.00 0.00 95.00 11.00 25.00 0.00 88.00 87.00 63.00 0.00 0.00 10.00 70.00 0.00 0.00 51.00 23.00 54.00 100.00 0.00 0.00 0.00 0.00 78.00 88.00 71.00 76.00 0.00 45.00 70.00 36.00 0.00 17.00 94.00 0.00 0.00 83.00 0.00 0.00 29.00 0.00 84.00 0.00 0.00 28.00 0.00 0.00 34.00 23.00 0.00 99.00 0.00 47.00 0.00 0.00 25.00 0.00 57.00 3.00 28.00 70.00 100.00 82.00 36.00 22.00 41.00 0.00 33.00 4.00 34.00 0.00 17.00 65.00 0.00 0.00 0.00 0.00 37.00 6.00 0.00 0.00 99.00 0.00
56 38.00 0.00 0.00 58.00 62.00 0.00 47.00 43.00 0.00 0.00 6.00 0.00 0.00 89.00 0.00 97.00 25.00 0.00 89.00 91.00 58.00 0.00 0.00 37.00 0.00 0.00 89.00 0.00 0.00 0.00 31.00 97.00 0.00 5.00 74.00 0.00 77.00 0.00 0.00 0.00 14.00 0.00 46.00 0.00 0.00 0.00 15.00 31.00 72.00 62.00 77.00 39.00 59.00 75.00 4.00 29.00 0.00 0.00 70.00 11.00 0.00 0.00 18.00 0.00 0.00 20.00 27.00 0.00 94.00 83.00 48.00 0.00 0.00 19.00 14.00 0.00 0.00 0.00 61.00 0.00 75.00 0.00 69.00 69.00 0.00 19.00 30.00 0.00 0.00 2.00 96.00 0.00 40.00 0.00 19.00 66.00 0.00 0.00 60.00 0.00
57 16.00 95.00 53.00 0.00 98.00 0.00 73.00 0.00 0.00 18.00 26.00 0.00 70.00 0.00 27.00 0.00 0.00 97.00 0.00 0.00 0.00 0.00 19.00 0.00 42.00 0.00 35.00 0.00 58.00 0.00 0.00 0.00 12.00 65.00 0.00 15.00 0.00 17.00 34.00 11.00 0.00 0.00 66.00 5.00 0.00 0.00 0.00 0.00 24.00 43.00 38.00 87.00 0.00 22.00 94.00 0.00 0.00 0.00 0.00 0.00 14.00 47.00 0.00 0.00 0.00 15.00 0.00 0.00 77.00 0.00 0.00 8.00 76.00 30.00 40.00 25.00 57.00 0.00 6.00 0.00 0.00 0.00 0.00 0.00 0.00 0.00 84.00 60.00 77.00 0.00 0.00 0.00 0.00 19.00 3.00 93.00 0.00 0.00 0.00 78.00
58 54.00 49.00 0.00 8.00 4.00 0.00 0.00 0.00 63.00 0.00 0.00 0.00 40.00 0.00 82.00 0.00 0.00 39.00 7.00 52.00 0.00 91.00 27.00 7.00 0.00 53.00 40.00 0.00 0.00 85.00 0.00 8.00 65.00 94.00 88.00 36.00 0.00 3.00 0.00 93.00 0.00 0.00 33.00 0.00 19.00 0.00 0.00 12.00 0.00 78.00 0.00 0.00 50.00 11.00 62.00 84.00 70.00 0.00 0.00 1.00 0.00 0.00 52.00 0.00 37.00 37.00 0.00 0.00 0.00 0.00 0.00 0.00 0.00 91.00 14.00 57.00 91.00 96.00 0.00 85.00 0.00 36.00 56.00 55.00 0.00 75.00 0.00 0.00 8.00 0.00 17.00 93.00 0.00 29.00 0.00 0.00 10.00 30.00 27.00 81.00
59 58.00 76.00 73.00 0.00 91.00 71.00 0.00 0.00 0.00 0.00 84.00 0.00 39.00 0.00 0.00 11.00 0.00 0.00 0.00 0.00 0.00 0.00 0.00 43.00 0.00 0.00 60.00 0.00 0.00 0.00 94.00 1.00 0.00 16.00 21.00 0.00 28.00 0.00 89.00 0.00 0.00 100.00 88.00 0.00 0.00 0.00 0.00 54.00 47.00 73.00 21.00 0.00 0.00 54.00 51.00 0.00 11.00 0.00 1.00 0.00 0.00 0.00 0.00 0.00 0.00 0.00 0.00 0.00 87.00 0.00 79.00 22.00 0.00 82.00 0.00 48.00 0.00 0.00 76.00 0.00 9.00 0.00 40.00 89.00 46.00 94.00 18.00 0.00 94.00 92.00 0.00 1.00 16.00 0.00 0.00 0.00 0.00 0.00 0.00 74.00
60 0.00 0.00 41.00 0.00 0.00 0.00 0.00 0.00 0.00 51.00 0.00 0.00 50.00 28.00 19.00 0.00 0.00 26.00 2.00 76.00 76.00 83.00 0.00 35.00 54.00 5.00 20.00 0.00 0.00 0.00 80.00 0.00 20.00 30.00 37.00 68.00 2.00 0.00 0.00 0.00 0.00 56.00 27.00 26.00 0.00 44.00 0.00 0.00 0.00 44.00 28.00 8.00 33.00 61.00 97.00 0.00 0.00 14.00 0.00 0.00 0.00 44.00 0.00 0.00 5.00 0.00 0.00 0.00 0.00 74.00 0.00 0.00 0.00 97.00 90.00 0.00 78.00 0.00 16.00 0.00 0.00 79.00 0.00 0.00 0.00 82.00 93.00 0.00 0.00 11.00 0.00 0.00 0.00 0.00 0.00 5.00 34.00 86.00 0.00 0.00
61 0.00 39.00 69.00 73.00 80.00 90.00 58.00 0.00 21.00 35.00 82.00 6.00 0.00 0.00 0.00 17.00 18.00 15.00 0.00 0.00 0.00 74.00 99.00 0.00 0.00 60.00 0.00 48.00 0.00 0.00 0.00 0.00 71.00 30.00 0.00 99.00 100.00 0.00 59.00 78.00 45.00 0.00 61.00 25.00 24.00 27.00 9.00 48.00 0.00 0.00 87.00 83.00 100.00 99.00 59.00 28.00 0.00 47.00 0.00 0.00 44.00 0.00 0.00 85.00 67.00 46.00 0.00 0.00 0.00 29.00 66.00 12.00 32.00 37.00 0.00 9.00 79.00 49.00 0.00 0.00 0.00 71.00 0.00 49.00 0.00 0.00 0.00 83.00 0.00 0.00 32.00 0.00 8.00 0.00 63.00 0.00 53.00 0.00 44.00 0.00
62 0.00 0.00 0.00 0.00 93.00 0.00 0.00 75.00 0.00 0.00 13.00 0.00 39.00 0.00 38.00 14.00 59.00 57.00 63.00 36.00 33.00 78.00 0.00 0.00 0.00 0.00 79.00 66.00 0.00 51.00 63.00 0.00 0.00 0.00 0.00 0.00 0.00 92.00 75.00 0.00 0.00 40.00 0.00 55.00 18.00 0.00 13.00 55.00 0.00 1.00 10.00 11.00 98.00 0.00 0.00 0.00 18.00 0.00 52.00 0.00 0.00 0.00 0.00 54.00 68.00 0.00 0.00 0.00 94.00 43.00 0.00 86.00 0.00 15.00 0.00 80.00 13.00 0.00 86.00 0.00 70.00 66.00 72.00 0.00 55.00 95.00 0.00 0.00 0.00 89.00 0.00 29.00 0.00 39.00 61.00 0.00 0.00 0.00 0.00 51.00
63 10.00 41.00 74.00 51.00 0.00 0.00 0.00 2.00 60.00 42.00 6.00 0.00 0.00 0.00 27.00 11.00 68.00 64.00 72.00 0.00 0.00 0.00 0.00 0.00 0.00 55.00 0.00 0.00 48.00 47.00 81.00 0.00 0.00 100.00 13.00 81.00 0.00 0.00 63.00 65.00 41.00 0.00 0.00 0.00 29.00 55.00 0.00 95.00 0.00 0.00 0.00 0.00 0.00 0.00 0.00 0.00 0.00 0.00 0.00 0.00 0.00 85.00 54.00 0.00 79.00 0.00 11.00 66.00 12.00 67.00 48.00 0.00 13.00 0.00 0.00 3.00 0.00 100.00 25.00 85.00 23.00 66.00 82.00 0.00 41.00 49.00 8.00 37.00 0.00 90.00 58.00 6.00 0.00 0.00 71.00 40.00 62.00 0.00 28.00 0.00
64 84.00 26.00 57.00 0.00 0.00 0.00 0.00 0.00 29.00 35.00 17.00 56.00 44.00 86.00 66.00 68.00 90.00 0.00 27.00 0.00 0.00 28.00 0.00 0.00 0.00 93.00 0.00 0.00 0.00 0.00 100.00 0.00 0.00 21.00 89.00 0.00 0.00 89.00 0.00 97.00 0.00 0.00 0.00 35.00 0.00 0.00 0.00 0.00 0.00 3.00 2.00 0.00 91.00 0.00 0.00 34.00 0.00 0.00 37.00 0.00 5.00 67.00 68.00 79.00 0.00 7.00 43.00 0.00 0.00 0.00 29.00 38.00 0.00 0.00 0.00 0.00 0.00 4.00 2.00 0.00 21.00 0.00 0.00 57.00 0.00 0.00 88.00 26.00 12.00 0.00 30.00 65.00 18.00 0.00 53.00 85.00 0.00 0.00 0.00 0.00
65 0.00 0.00 0.00 54.00 14.00 2.00 0.00 0.00 0.00 0.00 0.00 39.00 69.00 12.00 40.00 84.00 100.00 0.00 53.00 0.00 49.00 0.00 0.00 64.00 0.00 62.00 11.00 0.00 19.00 0.00 0.00 0.00 96.00 0.00 0.00 0.00 0.00 0.00 0.00 61.00 0.00 93.00 95.00 0.00 12.00 5.00 76.00 0.00 0.00 36.00 11.00 0.00 0.00 72.00 33.00 23.00 20.00 15.00 37.00 0.00 0.00 46.00 0.00 0.00 7.00 0.00 98.00 77.00 0.00 0.00 70.00 34.00 69.00 0.00 0.00 0.00 0.00 0.00 0.00 0.00 0.00 61.00 35.00 53.00 49.00 32.00 0.00 57.00 0.00 80.00 83.00 0.00 0.00 58.00 0.00 31.00 0.00 65.00 0.00 97.00
66 0.00 88.00 17.00 0.00 75.00 0.00 0.00 0.00 0.00 61.00 50.00 21.00 88.00 37.00 0.00 0.00 86.00 0.00 5.00 0.00 0.00 19.00 0.00 0.00 0.00 57.00 0.00 68.00 0.00 6.00 86.00 11.00 0.00 80.00 0.00 24.00 35.00 0.00 78.00 0.00 75.00 44.00 0.00 0.00 26.00 0.00 99.00 0.00 0.00 56.00 73.00 73.00 0.00 0.00 6.00 0.00 27.00 0.00 0.00 0.00 0.00 0.00 0.00 11.00 43.00 98.00 0.00 0.00 0.00 69.00 25.00 90.00 0.00 0.00 0.00 0.00 12.00 8.00 64.00 0.00 76.00 23.00 0.00 55.00 17.00 2.00 0.00 0.00 0.00 67.00 86.00 0.00 0.00 88.00 0.00 79.00 46.00 0.00 40.00 0.00
67 0.00 46.00 0.00 63.00 0.00 0.00 0.00 0.00 24.00 0.00 25.00 0.00 0.00 0.00 0.00 0.00 0.00 55.00 22.00 0.00 37.00 0.00 0.00 0.00 0.00 60.00 0.00 0.00 23.00 0.00 5.00 57.00 0.00 93.00 66.00 70.00 50.00 0.00 0.00 0.00 87.00 30.00 54.00 45.00 75.00 1.00 31.00 3.00 0.00 92.00 20.00 0.00 90.00 75.00 5.00 99.00 0.00 0.00 0.00 0.00 0.00 0.00 0.00 66.00 0.00 77.00 0.00 0.00 0.00 0.00 0.00 90.00 79.00 0.00 0.00 0.00 36.00 59.00 28.00 0.00 0.00 0.00 29.00 86.00 55.00 0.00 0.00 0.00 69.00 39.00 2.00 26.00 0.00 0.00 0.00 60.00 0.00 0.00 80.00 40.00
68 0.00 0.00 0.00 0.00 9.00 0.00 0.00 0.00 7.00 88.00 81.00 0.00 43.00 0.00 24.00 38.00 94.00 0.00 27.00 28.00 0.00 0.00 0.00 85.00 0.00 0.00 3.00 0.00 20.00 26.00 44.00 66.00 6.00 71.00 71.00 0.00 0.00 5.00 98.00 0.00 0.00 51.00 0.00 82.00 21.00 60.00 0.00 27.00 0.00 0.00 0.00 70.00 0.00 79.00 9.00 0.00 94.00 77.00 0.00 87.00 0.00 0.00 94.00 12.00 0.00 0.00 0.00 0.00 0.00 0.00 36.00 0.00 0.00 41.00 0.00 38.00 0.00 51.00 0.00 93.00 0.00 71.00 24.00 0.00 2.00 0.00 0.00 52.00 0.00 0.00 84.00 0.00 97.00 0.00 30.00 32.00 59.00 0.00 0.00 0.00
69 98.00 0.00 0.00 0.00 0.00 72.00 0.00 80.00 67.00 0.00 60.00 50.00 34.00 0.00 0.00 60.00 27.00 0.00 0.00 0.00 14.00 0.00 0.00 42.00 24.00 5.00 92.00 0.00 12.00 83.00 0.00 0.00 13.00 0.00 17.00 26.00 0.00 68.00 78.00 0.00 0.00 26.00 75.00 0.00 0.00 79.00 0.00 53.00 0.00 0.00 0.00 0.00 89.00 0.00 8.00 47.00 83.00 0.00 0.00 0.00 74.00 29.00 43.00 67.00 0.00 0.00 69.00 0.00 0.00 0.00 0.00 0.00 25.00 0.00 85.00 0.00 70.00 0.00 39.00 0.00 83.00 0.00 23.00 69.00 0.00 0.00 79.00 94.00 7.00 46.00 95.00 0.00 0.00 43.00 100.00 0.00 0.00 0.00 0.00 75.00
70 56.00 64.00 0.00 0.00 92.00 95.00 19.00 0.00 0.00 20.00 53.00 82.00 22.00 16.00 17.00 20.00 0.00 0.00 0.00 0.00 0.00 24.00 0.00 96.00 100.00 0.00 86.00 0.00 0.00 40.00 24.00 46.00 100.00 20.00 29.00 91.00 0.00 37.00 92.00 79.00 0.00 0.00 13.00 23.00 0.00 0.00 23.00 0.00 33.00 0.00 6.00 31.00 0.00 0.00 0.00 0.00 48.00 0.00 0.00 79.00 0.00 66.00 0.00 48.00 29.00 70.00 25.00 0.00 36.00 0.00 0.00 74.00 0.00 20.00 0.00 0.00 27.00 0.00 95.00 0.00 99.00 68.00 0.00 25.00 76.00 61.00 0.00 87.00 0.00 0.00 5.00 23.00 14.00 0.00 0.00 93.00 37.00 0.00 0.00 0.00
71 82.00 21.00 0.00 71.00 61.00 0.00 42.00 0.00 0.00 40.00 86.00 0.00 0.00 42.00 0.00 40.00 14.00 0.00 0.00 90.00 0.00 63.00 0.00 53.00 56.00 0.00 0.00 9.00 76.00 0.00 57.00 0.00 0.00 82.00 88.00 73.00 0.00 0.00 0.00 9.00 0.00 0.00 0.00 70.00 36.00 24.00 100.00 19.00 97.00 18.00 0.00 0.00 0.00 56.00 0.00 0.00 0.00 8.00 0.00 22.00 0.00 12.00 86.00 0.00 38.00 34.00 90.00 90.00 0.00 0.00 74.00 0.00 90.00 94.00 0.00 0.00 0.00 0.00 38.00 0.00 0.00 82.00 70.00 98.00 0.00 0.00 84.00 0.00 33.00 60.00 0.00 24.00 34.00 88.00 3.00 0.00 0.00 25.00 99.00 0.00
72 0.00 0.00 0.00 0.00 6.00 48.00 0.00 0.00 0.00 0.00 0.00 25.00 53.00 0.00 34.00 0.00 0.00 0.00 0.00 0.00 5.00 34.00 0.00 0.00 59.00 0.00 36.00 0.00 8.00 0.00 0.00 0.00 99.00 0.00 46.00 0.00 0.00 42.00 55.00 0.00 0.00 95.00 0.00 0.00 0.00 0.00 83.00 1.00 0.00 0.00 16.00 55.00 0.00 0.00 0.00 25.00 0.00 76.00 0.00 0.00 0.00 32.00 0.00 13.00 0.00 69.00 0.00 79.00 0.00 25.00 0.00 90.00 0.00 57.00 21.00 6.00 1.00 59.00 0.00 51.00 4.00 100.00 0.00 3.00 63.00 46.00 0.00 0.00 0.00 0.00 68.00 11.00 0.00 0.00 31.00 90.00 0.00 56.00 28.00 0.00
73 0.00 0.00 0.00 0.00 4.00 0.00 77.00 0.00 34.00 83.00 29.00 0.00 0.00 23.00 84.00 26.00 65.00 7.00 0.00 0.00 40.00 71.00 0.00 53.00 89.00 0.00 0.00 56.00 0.00 0.00 28.00 39.00 44.00 9.00 61.00 6.00 0.00 0.00 0.00 0.00 0.00 0.00 12.00 0.00 50.00 0.00 0.00 77.00 0.00 43.00 0.00 7.00 0.00 87.00 0.00 0.00 19.00 30.00 91.00 82.00 97.00 37.00 15.00 0.00 0.00 0.00 0.00 0.00 41.00 0.00 20.00 94.00 57.00 0.00 0.00 0.00 18.00 0.00 20.00 0.00 0.00 0.00 27.00 0.00 0.00 73.00 65.00 0.00 0.00 0.00 52.00 50.00 0.00 97.00 0.00 0.00 0.00 0.00 0.00 0.00
74 0.00 0.00 22.00 0.00 0.00 0.00 0.00 0.00 92.00 53.00 0.00 0.00 97.00 39.00 21.00 0.00 0.00 0.00 50.00 41.00 0.00 8.00 32.00 0.00 27.00 51.00 0.00 10.00 4.00 46.00 0.00 0.00 0.00 0.00 29.00 29.00 0.00 93.00 0.00 0.00 47.00 0.00 9.00 78.00 99.00 0.00 42.00 19.00 0.00 12.00 0.00 21.00 97.00 19.00 0.00 57.00 14.00 40.00 14.00 0.00 90.00 0.00 0.00 0.00 0.00 0.00 0.00 0.00 0.00 85.00 0.00 0.00 21.00 0.00 0.00 11.00 88.00 12.00 0.00 0.00 49.00 37.00 23.00 96.00 87.00 0.00 0.00 0.00 0.00 22.00 0.00 82.00 0.00 0.00 45.00 0.00 34.00 51.00 0.00 28.00
75 0.00 0.00 0.00 29.00 73.00 0.00 0.00 18.00 39.00 0.00 0.00 0.00 45.00 8.00 0.00 18.00 89.00 0.00 0.00 78.00 84.00 87.00 0.00 0.00 86.00 12.00 9.00 66.00 74.00 36.00 0.00 0.00 0.00 73.00 0.00 14.00 48.00 0.00 12.00 12.00 0.00 8.00 0.00 68.00 0.00 0.00 11.00 0.00 0.00 0.00 0.00 19.00 10.00 0.00 0.00 3.00 0.00 25.00 57.00 48.00 0.00 9.00 80.00 3.00 0.00 0.00 0.00 0.00 38.00 0.00 0.00 0.00 6.00 0.00 11.00 0.00 0.00 0.00 0.00 0.00 0.00 46.00 23.00 33.00 0.00 0.00 0.00 95.00 0.00 0.00 0.00 27.00 0.00 0.00 0.00 0.00 47.00 57.00 0.00 32.00
76 49.00 0.00 27.00 64.00 0.00 0.00 58.00 67.00 0.00 83.00 31.00 42.00 0.00 0.00 91.00 73.00 0.00 0.00 0.00 0.00 31.00 0.00 88.00 0.00 36.00 0.00 0.00 34.00 0.00 0.00 41.00 49.00 0.00 0.00 0.00 0.00 60.00 0.00 0.00 32.00 0.00 100.00 0.00 0.00 0.00 0.00 0.00 30.00 0.00 38.00 93.00 0.00 57.00 97.00 0.00 28.00 0.00 57.00 91.00 0.00 78.00 79.00 13.00 0.00 0.00 0.00 12.00 36.00 0.00 70.00 27.00 0.00 1.00 18.00 88.00 0.00 0.00 38.00 24.00 56.00 0.00 0.00 0.00 0.00 62.00 40.00 20.00 0.00 67.00 0.00 0.00 0.00 10.00 47.00 0.00 0.00 0.00 0.00 0.00 56.00
77 44.00 0.00 71.00 22.00 0.00 57.00 0.00 56.00 0.00 0.00 55.00 0.00 84.00 36.00 0.00 59.00 0.00 0.00 52.00 0.00 9.00 17.00 0.00 0.00 0.00 12.00 0.00 43.00 70.00 0.00 24.00 0.00 93.00 68.00 0.00 37.00 42.00 0.00 99.00 53.00 0.00 0.00 0.00 54.00 32.00 0.00 22.00 12.00 0.00 58.00 41.00 67.00 0.00 68.00 57.00 70.00 0.00 0.00 96.00 0.00 0.00 49.00 0.00 100.00 4.00 0.00 8.00 59.00 51.00 0.00 0.00 0.00 59.00 0.00 12.00 0.00 38.00 0.00 73.00 28.00 0.00 26.00 47.00 6.00 0.00 0.00 39.00 83.00 0.00 0.00 0.00 97.00 64.00 0.00 84.00 0.00 0.00 59.00 27.00 0.00
78 0.00 80.00 62.00 65.00 37.00 62.00 75.00 0.00 0.00 8.00 0.00 0.00 0.00 0.00 90.00 0.00 0.00 0.00 52.00 27.00 60.00 59.00 80.00 0.00 89.00 0.00 0.00 0.00 0.00 0.00 0.00 47.00 44.00 0.00 63.00 20.00 5.00 69.00 0.00 0.00 0.00 0.00 0.00 0.00 0.00 49.00 34.00 29.00 0.00 0.00 50.00 80.00 0.00 72.00 0.00 100.00 61.00 6.00 0.00 76.00 16.00 0.00 86.00 25.00 2.00 0.00 64.00 28.00 0.00 39.00 95.00 38.00 0.00 20.00 0.00 0.00 24.00 73.00 0.00 31.00 19.00 95.00 0.00 62.00 43.00 79.00 57.00 0.00 0.00 89.00 90.00 0.00 0.00 46.00 0.00 0.00 36.00 47.00 13.00 37.00
79 38.00 0.00 0.00 0.00 5.00 31.00 19.00 0.00 79.00 22.00 0.00 99.00 54.00 0.00 0.00 0.00 0.00 0.00 0.00 24.00 62.00 0.00 0.00 14.00 7.00 52.00 0.00 0.00 49.00 25.00 1.00 5.00 0.00 38.00 31.00 0.00 0.00 0.00 0.00 0.00 93.00 0.00 61.00 0.00 18.00 70.00 0.00 0.00 0.00 77.00 24.00 0.00 0.00 0.00 0.00 82.00 0.00 0.00 85.00 0.00 0.00 0.00 0.00 85.00 0.00 0.00 0.00 0.00 93.00 0.00 0.00 0.00 51.00 0.00 0.00 0.00 56.00 28.00 31.00 0.00 36.00 0.00 30.00 99.00 0.00 11.00 0.00 0.00 0.00 0.00 0.00 99.00 54.00 90.00 0.00 40.00 0.00 88.00 30.00 0.00
80 0.00 0.00 0.00 0.00 73.00 12.00 21.00 0.00 59.00 71.00 34.00 10.00 0.00 0.00 57.00 7.00 0.00 13.00 0.00 0.00 0.00 0.00 0.00 1.00 0.00 4.00 0.00 0.00 60.00 5.00 98.00 25.00 40.00 0.00 0.00 0.00 0.00 85.00 99.00 0.00 0.00 0.00 0.00 42.00 24.00 0.00 0.00 0.00 0.00 0.00 0.00 33.00 2.00 0.00 72.00 36.00 75.00 0.00 0.00 9.00 0.00 0.00 70.00 23.00 21.00 0.00 76.00 0.00 0.00 83.00 99.00 0.00 4.00 0.00 49.00 0.00 0.00 0.00 19.00 36.00 0.00 63.00 0.00 55.00 69.00 0.00 0.00 0.00 97.00 0.00 0.00 0.00 64.00 48.00 0.00 0.00 41.00 0.00 0.00 3.00
81 41.00 93.00 0.00 26.00 0.00 0.00 0.00 0.00 0.00 89.00 0.00 29.00 0.00 24.00 94.00 26.00 46.00 55.00 59.00 25.00 13.00 0.00 49.00 0.00 77.00 0.00 16.00 0.00 0.00 100.00 81.00 33.00 0.00 0.00 0.00 0.00 6.00 61.00 0.00 0.00 39.00 0.00 94.00 0.00 0.00 89.00 0.00 59.00 88.00 36.00 42.00 0.00 91.00 24.00 0.00 22.00 0.00 0.00 36.00 0.00 79.00 71.00 66.00 66.00 0.00 61.00 23.00 0.00 71.00 0.00 68.00 82.00 100.00 0.00 37.00 46.00 0.00 26.00 95.00 0.00 63.00 0.00 0.00 17.00 0.00 3.00 7.00 38.00 0.00 96.00 0.00 0.00 0.00 0.00 0.00 61.00 0.00 0.00 0.00 34.00
82 22.00 0.00 0.00 53.00 0.00 98.00 94.00 0.00 36.00 1.00 0.00 25.00 44.00 0.00 64.00 0.00 55.00 40.00 0.00 0.00 0.00 0.00 0.00 94.00 32.00 79.00 0.00 0.00 0.00 88.00 0.00 0.00 72.00 60.00 0.00 0.00 22.00 60.00 0.00 0.00 6.00 0.00 82.00 31.00 22.00 0.00 80.00 92.00 0.00 92.00 0.00 15.00 0.00 52.00 63.00 41.00 69.00 0.00 56.00 40.00 0.00 0.00 72.00 82.00 0.00 35.00 0.00 29.00 24.00 23.00 0.00 70.00 0.00 27.00 23.00 23.00 0.00 47.00 0.00 30.00 0.00 0.00 0.00 0.00 9.00 98.00 0.00 36.00 70.00 30.00 29.00 0.00 0.00 0.00 35.00 3.00 0.00 3.00 68.00 20.00
83 0.00 0.00 0.00 0.00 0.00 0.00 0.00 54.00 0.00 68.00 0.00 52.00 84.00 0.00 61.00 0.00 0.00 0.00 0.00 13.00 0.00 0.00 60.00 38.00 7.00 100.00 21.00 0.00 94.00 0.00 11.00 75.00 52.00 0.00 9.00 50.00 0.00 59.00 0.00 72.00 0.00 0.00 0.00 15.00 84.00 0.00 0.00 59.00 25.00 0.00 99.00 0.00 59.00 0.00 0.00 0.00 69.00 0.00 55.00 89.00 0.00 49.00 0.00 0.00 57.00 53.00 55.00 86.00 0.00 69.00 25.00 98.00 3.00 0.00 96.00 33.00 0.00 6.00 62.00 99.00 55.00 17.00 0.00 0.00 0.00 100.00 0.00 0.00 0.00 64.00 0.00 0.00 0.00 0.00 0.00 0.00 0.00 57.00 22.00 11.00
84 85.00 0.00 52.00 39.00 95.00 47.00 0.00 0.00 0.00 0.00 77.00 89.00 0.00 19.00 15.00 0.00 29.00 0.00 0.00 0.00 40.00 15.00 0.00 0.00 0.00 0.00 0.00 0.00 0.00 39.00 73.00 0.00 1.00 17.00 46.00 0.00 0.00 27.00 0.00 81.00 0.00 79.00 11.00 0.00 65.00 0.00 34.00 26.00 0.00 0.00 0.00 85.00 39.00 84.00 0.00 33.00 0.00 0.00 0.00 46.00 0.00 0.00 55.00 41.00 0.00 49.00 17.00 55.00 2.00 0.00 76.00 0.00 63.00 0.00 87.00 0.00 62.00 0.00 43.00 0.00 69.00 0.00 9.00 0.00 0.00 44.00 70.00 0.00 19.00 0.00 17.00 21.00 62.00 0.00 6.00 0.00 0.00 32.00 30.00 68.00
85 10.00 0.00 38.00 0.00 1.00 0.00 0.00 0.00 0.00 1.00 0.00 0.00 51.00 0.00 60.00 56.00 100.00 42.00 0.00 99.00 0.00 0.00 93.00 43.00 39.00 34.00 0.00 0.00 0.00 27.00 0.00 94.00 0.00 40.00 22.00 97.00 4.00 0.00 0.00 0.00 0.00 97.00 33.00 0.00 0.00 13.00 3.00 16.00 45.00 19.00 0.00 29.00 42.00 88.00 24.00 4.00 19.00 0.00 75.00 94.00 82.00 0.00 95.00 49.00 0.00 32.00 2.00 0.00 0.00 0.00 61.00 0.00 46.00 73.00 0.00 0.00 40.00 0.00 79.00 11.00 0.00 3.00 98.00 100.00 44.00 0.00 0.00 0.00 42.00 66.00 23.00 73.00 0.00 0.00 0.00 0.00 0.00 15.00 0.00 0.00
86 0.00 0.00 30.00 49.00 86.00 0.00 0.00 0.00 0.00 0.00 22.00 0.00 52.00 30.00 87.00 0.00 26.00 19.00 0.00 0.00 64.00 1.00 0.00 26.00 46.00 71.00 0.00 0.00 0.00 44.00 0.00 0.00 0.00 0.00 36.00 0.00 0.00 53.00 0.00 0.00 0.00 87.00 79.00 0.00 0.00 18.00 0.00 71.00 51.00 0.00 0.00 28.00 0.00 85.00 60.00 34.00 30.00 84.00 0.00 18.00 93.00 0.00 0.00 8.00 88.00 0.00 0.00 0.00 0.00 79.00 0.00 84.00 0.00 65.00 0.00 0.00 20.00 39.00 57.00 0.00 0.00 7.00 0.00 0.00 70.00 0.00 0.00 2.00 0.00 0.00 0.00 11.00 0.00 0.00 99.00 57.00 74.00 0.00 0.00 53.00
87 0.00 0.00 4.00 0.00 17.00 10.00 25.00 68.00 36.00 98.00 40.00 8.00 12.00 75.00 0.00 71.00 0.00 24.00 0.00 90.00 64.00 0.00 0.00 16.00 0.00 0.00 0.00 95.00 0.00 0.00 0.00 0.00 0.00 65.00 0.00 0.00 0.00 78.00 0.00 1.00 0.00 96.00 15.00 0.00 91.00 0.00 58.00 0.00 0.00 0.00 65.00 0.00 70.00 99.00 84.00 0.00 0.00 60.00 0.00 0.00 0.00 83.00 0.00 37.00 26.00 57.00 0.00 0.00 52.00 94.00 87.00 0.00 0.00 0.00 0.00 95.00 0.00 83.00 0.00 0.00 0.00 38.00 36.00 0.00 0.00 0.00 2.00 0.00 94.00 0.00 8.00 0.00 93.00 10.00 0.00 0.00 59.00 0.00 0.00 0.00
88 96.00 0.00 9.00 5.00 0.00 0.00 21.00 0.00 16.00 0.00 34.00 0.00 70.00 37.00 20.00 89.00 0.00 44.00 67.00 0.00 61.00 32.00 0.00 4.00 0.00 85.00 0.00 0.00 0.00 0.00 0.00 2.00 0.00 0.00 32.00 83.00 24.00 0.00 80.00 53.00 29.00 30.00 0.00 0.00 65.00 0.00 10.00 0.00 60.00 0.00 0.00 71.00 0.00 0.00 0.00 17.00 0.00 77.00 8.00 94.00 0.00 0.00 0.00 0.00 12.00 0.00 0.00 69.00 0.00 7.00 0.00 33.00 0.00 0.00 0.00 0.00 67.00 0.00 0.00 0.00 97.00 0.00 70.00 0.00 19.00 42.00 0.00 94.00 0.00 0.00 0.00 0.00 99.00 0.00 47.00 63.00 0.00 39.00 5.00 82.00
89 0.00 0.00 0.00 0.00 0.00 36.00 87.00 75.00 44.00 0.00 43.00 0.00 4.00 0.00 0.00 38.00 65.00 0.00 0.00 60.00 56.00 16.00 47.00 12.00 0.00 90.00 19.00 0.00 91.00 63.00 0.00 7.00 26.00 40.00 0.00 10.00 21.00 0.00 0.00 0.00 0.00 0.00 1.00 0.00 0.00 94.00 4.00 0.00 0.00 0.00 0.00 0.00 0.00 0.00 0.00 65.00 2.00 0.00 0.00 92.00 11.00 0.00 89.00 90.00 0.00 80.00 67.00 39.00 0.00 46.00 0.00 60.00 0.00 0.00 22.00 0.00 0.00 0.00 89.00 0.00 0.00 96.00 30.00 64.00 0.00 66.00 0.00 0.00 0.00 0.00 27.00 4.00 94.00 96.00 9.00 0.00 0.00 0.00 78.00 0.00
90 0.00 19.00 50.00 0.00 87.00 0.00 48.00 100.00 0.00 0.00 0.00 0.00 0.00 0.00 0.00 29.00 82.00 0.00 87.00 76.00 69.00 78.00 0.00 0.00 75.00 75.00 34.00 54.00 53.00 76.00 0.00 0.00 64.00 0.00 75.00 0.00 0.00 11.00 0.00 0.00 34.00 0.00 0.00 63.00 71.00 33.00 15.00 25.00 60.00 0.00 40.00 94.00 0.00 97.00 83.00 0.00 96.00 0.00 17.00 0.00 0.00 32.00 0.00 58.00 30.00 83.00 86.00 2.00 84.00 95.00 5.00 0.00 68.00 52.00 0.00 0.00 0.00 0.00 90.00 0.00 0.00 0.00 29.00 0.00 17.00 23.00 0.00 8.00 0.00 27.00 0.00 6.00 0.00 0.00 0.00 97.00 0.00 0.00 30.00 0.00
91 0.00 0.00 18.00 0.00 0.00 59.00 49.00 0.00 0.00 0.00 0.00 48.00 0.00 0.00 0.00 10.00 0.00 0.00 75.00 88.00 0.00 0.00 90.00 0.00 0.00 0.00 0.00 96.00 49.00 23.00 0.00 7.00 13.00 0.00 0.00 0.00 36.00 69.00 9.00 81.00 0.00 0.00 56.00 0.00 22.00 43.00 0.00 54.00 84.00 90.00 30.00 0.00 0.00 43.00 82.00 0.00 0.00 0.00 93.00 1.00 0.00 0.00 29.00 6.00 65.00 0.00 0.00 26.00 0.00 0.00 23.00 24.00 11.00 50.00 82.00 27.00 0.00 97.00 0.00 99.00 0.00 0.00 0.00 0.00 21.00 73.00 11.00 0.00 0.00 4.00 6.00 0.00 0.00 0.00 0.00 0.00 1.00 0.00 0.00 68.00
92 0.00 31.00 48.00 0.00 3.00 0.00 71.00 0.00 80.00 97.00 0.00 0.00 0.00 90.00 7.00 0.00 9.00 0.00 0.00 29.00 87.00 0.00 0.00 68.00 0.00 0.00 0.00 0.00 0.00 11.00 7.00 13.00 24.00 0.00 0.00 20.00 0.00 0.00 37.00 0.00 0.00 97.00 0.00 0.00 0.00 82.00 62.00 43.00 30.00 38.00 0.00 25.00 0.00 44.00 68.00 0.00 40.00 0.00 0.00 16.00 0.00 8.00 0.00 0.00 18.00 0.00 0.00 0.00 97.00 0.00 14.00 34.00 0.00 0.00 0.00 0.00 10.00 64.00 0.00 54.00 64.00 0.00 0.00 0.00 62.00 0.00 0.00 93.00 99.00 94.00 0.00 0.00 0.00 53.00 12.00 31.00 91.00 88.00 1.00 73.00
93 0.00 0.00 0.00 0.00 63.00 0.00 0.00 46.00 0.00 32.00 69.00 0.00 15.00 0.00 0.00 0.00 25.00 0.00 0.00 0.00 29.00 95.00 96.00 47.00 49.00 0.00 0.00 0.00 0.00 61.00 43.00 0.00 0.00 0.00 0.00 0.00 60.00 85.00 12.00 99.00 0.00 0.00 87.00 0.00 0.00 68.00 0.00 72.00 0.00 0.00 47.00 72.00 89.00 85.00 0.00 0.00 0.00 19.00 29.00 0.00 0.00 0.00 39.00 0.00 0.00 58.00 88.00 0.00 0.00 43.00 0.00 88.00 0.00 97.00 0.00 0.00 47.00 0.00 46.00 90.00 48.00 0.00 0.00 0.00 0.00 0.00 0.00 10.00 0.00 96.00 0.00 0.00 53.00 0.00 0.00 33.00 3.00 74.00 0.00 0.00
94 90.00 0.00 36.00 0.00 0.00 0.00 0.00 35.00 0.00 38.00 0.00 32.00 23.00 95.00 54.00 0.00 15.00 0.00 0.00 0.00 0.00 68.00 92.00 0.00 0.00 69.00 84.00 99.00 0.00 0.00 0.00 0.00 0.00 0.00 0.00 44.00 0.00 48.00 0.00 0.00 98.00 20.00 42.00 9.00 74.00 71.00 0.00 40.00 73.00 0.00 0.00 64.00 2.00 0.00 0.00 37.00 19.00 3.00 0.00 0.00 0.00 63.00 61.00 71.00 53.00 0.00 0.00 0.00 30.00 100.00 0.00 3.00 31.00 0.00 45.00 0.00 0.00 84.00 0.00 0.00 0.00 0.00 35.00 0.00 6.00 0.00 99.00 0.00 47.00 9.00 0.00 0.00 12.00 0.00 0.00 0.00 42.00 95.00 11.00 0.00
95 0.00 0.00 90.00 24.00 0.00 28.00 57.00 0.00 0.00 64.00 0.00 76.00 75.00 79.00 0.00 0.00 97.00 0.00 0.00 96.00 0.00 78.00 0.00 0.00 61.00 0.00 14.00 0.00 31.00 0.00 78.00 100.00 0.00 31.00 38.00 0.00 0.00 35.00 0.00 21.00 48.00 0.00 41.00 1.00 0.00 74.00 38.00 26.00 78.00 24.00 80.00 1.00 0.00 3.00 0.00 6.00 66.00 93.00 0.00 0.00 5.00 0.00 0.00 40.00 85.00 31.00 79.00 60.00 32.00 0.00 93.00 0.00 90.00 0.00 0.00 0.00 0.00 0.00 0.00 40.00 0.00 61.00 3.00 0.00 0.00 0.00 57.00 0.00 63.00 0.00 97.00 0.00 31.00 33.00 0.00 0.00 62.00 0.00 0.00 0.00
96 22.00 45.00 0.00 68.00 72.00 0.00 26.00 69.00 4.00 0.00 30.00 52.00 0.00 0.00 85.00 47.00 63.00 5.00 0.00 16.00 0.00 72.00 40.00 71.00 28.00 96.00 10.00 55.00 0.00 43.00 18.00 0.00 55.00 88.00 0.00 0.00 37.00 46.00 77.00 30.00 0.00 0.00 0.00 0.00 45.00 0.00 0.00 36.00 0.00 71.00 0.00 55.00 32.00 0.00 0.00 0.00 0.00 0.00 10.00 0.00 34.00 53.00 0.00 62.00 0.00 0.00 46.00 0.00 59.00 0.00 37.00 0.00 0.00 0.00 34.00 47.00 0.00 0.00 36.00 0.00 41.00 0.00 0.00 0.00 0.00 0.00 74.00 59.00 0.00 0.00 0.00 1.00 91.00 3.00 42.00 62.00 0.00 12.00 68.00 0.00
97 51.00 0.00 0.00 37.00 13.00 0.00 0.00 1.00 0.00 75.00 82.00 0.00 75.00 0.00 4.00 0.00 16.00 0.00 19.00 0.00 16.00 0.00 57.00 33.00 0.00 0.00 0.00 0.00 40.00 32.00 0.00 49.00 0.00 55.00 98.00 0.00 26.00 76.00 81.00 0.00 14.00 0.00 45.00 0.00 2.00 24.00 0.00 0.00 38.00 0.00 0.00 13.00 36.00 66.00 73.00 0.00 0.00 0.00 30.00 0.00 86.00 0.00 0.00 0.00 0.00 65.00 0.00 0.00 0.00 0.00 0.00 25.00 56.00 0.00 51.00 57.00 0.00 59.00 47.00 88.00 0.00 0.00 3.00 57.00 32.00 15.00 0.00 0.00 39.00 0.00 0.00 0.00 88.00 74.00 95.00 0.00 12.00 0.00 0.00 2.00
98 0.00 0.00 47.00 94.00 0.00 0.00 33.00 2.00 0.00 88.00 0.00 52.00 39.00 0.00 0.00 0.00 41.00 0.00 0.00 0.00 73.00 71.00 0.00 0.00 7.00 13.00 52.00 0.00 24.00 17.00 0.00 94.00 0.00 31.00 0.00 0.00 49.00 68.00 0.00 16.00 1.00 94.00 90.00 0.00 55.00 0.00 0.00 36.00 0.00 34.00 47.00 0.00 0.00 36.00 33.00 99.00 60.00 0.00 27.00 0.00 0.00 44.00 0.00 28.00 0.00 0.00 40.00 80.00 0.00 0.00 0.00 99.00 28.00 0.00 0.00 0.00 0.00 27.00 13.00 30.00 0.00 0.00 68.00 22.00 30.00 0.00 0.00 0.00 5.00 78.00 30.00 0.00 1.00 0.00 11.00 0.00 68.00 0.00 0.00 0.00
99 69.00 59.00 83.00 44.00 0.00 0.00 0.00 46.00 63.00 0.00 100.00 0.00 0.00 56.00 79.00 15.00 0.00 0.00 0.00 0.00 0.00 0.00 0.00 60.00 43.00 0.00 0.00 4.00 0.00 96.00 0.00 73.00 78.00 0.00 0.00 0.00 0.00 86.00 0.00 25.00 96.00 46.00 80.00 0.00 81.00 49.00 0.00 0.00 0.00 1.00 0.00 99.00 0.00 0.00 0.00 0.00 0.00 78.00 81.00 74.00 0.00 0.00 51.00 0.00 0.00 97.00 0.00 40.00 0.00 75.00 0.00 0.00 0.00 0.00 28.00 32.00 56.00 0.00 37.00 0.00 3.00 34.00 20.00 11.00 68.00 0.00 53.00 0.00 82.00 0.00 0.00 68.00 73.00 0.00 0.00 0.00 0.00 2.00 0.00 0.00
mcp_obj 90
mcp_gap 0
mcp_x 1 1 1 1 0 1 1 1 1 1 1 1 1 1 1 1 1 0 1 1 1 1 1 1 0 0 1 0 0 1 1 1 1 1 1 1 1 1 1 1 0 1 1 1 1 1 1 1 1 0 1 1 1 1 1 1 1 1 1 1 1 0 1 1 1 1 1 1 1 1 1 1 1 1 1 0 1 1 1 1 1 1 1 1 1 1 1 1 1 1 1 1 1 1 1 1 1 1 1 1
