NAME N100_rc_0.7_rGamma_1_dc_0.035_dGamma_0.0005_jeu_100_50_1.txt
NUM_ITEMS 100
SOURCE r_100_50_1
PARAMETERS
r_c 0.7
r_Gamma 1
d_c 0.035
d_Gamma 0.0005

BOUNDS
c_lb 0.00
c_ub 163.15
Gamma_lb 20
Gamma_ub 24
B_i_1_lb 0.00 0.00 0.00 0.00 0.00 0.00 0.00 0.00 0.00 0.00 0.00 0.00 0.00 0.00 0.00 0.00 0.00 0.00 0.00 0.00 0.00 0.00 0.00 0.00 0.00 0.00 0.00 0.00 0.00 0.00 0.00 0.00 0.00 0.00 0.00 0.00 0.00 0.00 0.00 0.00 0.00 0.00 0.00 0.00 0.00 0.00 0.00 0.00 0.00 0.00 0.00 0.00 0.00 0.00 0.00 0.00 0.00 0.00 0.00 0.00 0.00 0.00 0.00 0.00 0.00 0.00 0.00 0.00 0.00 0.00 0.00 0.00 0.00 0.00 0.00 0.00 0.00 0.00 0.00 0.00 0.00 0.00 0.00 0.00 0.00 0.00 0.00 0.00 0.00 0.00 0.00 0.00 0.00 0.00 0.00 0.00 0.00 0.00 0.00 0.00
B_i_1_ub 78.06 84.52 101.31 81.35 106.95 93.26 86.64 78.40 88.92 100.27 104.38 89.21 89.69 94.16 96.37 100.63 71.06 112.37 93.85 84.97 89.55 95.87 89.08 99.70 92.96 75.19 85.10 84.07 94.68 78.18 87.80 107.19 96.52 80.79 93.24 108.17 81.21 77.99 87.07 82.48 89.10 92.43 69.11 97.19 90.69 89.55 80.68 77.09 82.90 106.87 76.60 84.75 108.49 88.58 95.53 100.93 92.28 90.38 88.87 88.49 85.98 106.51 61.16 94.45 97.00 89.66 78.67 70.96 71.87 78.64 73.07 102.07 113.00 80.91 90.87 71.57 110.01 93.79 106.67 91.16 92.28 116.74 84.83 72.44 106.01 84.86 83.39 79.21 82.79 100.18 78.57 89.88 99.40 82.16 92.57 95.54 74.72 94.28 106.70 91.89
B_i_0_lb 0.00 0.00 0.00 0.00 0.00 0.00 0.00 0.00 0.00 0.00 0.00 0.00 0.00 0.00 0.00 0.00 0.00 0.00 0.00 0.00 0.00 0.00 0.00 0.00 0.00 0.00 0.00 0.00 0.00 0.00 0.00 0.00 0.00 0.00 0.00 0.00 0.00 0.00 0.00 0.00 0.00 0.00 0.00 0.00 0.00 0.00 0.00 0.00 0.00 0.00 0.00 0.00 0.00 0.00 0.00 0.00 0.00 0.00 0.00 0.00 0.00 0.00 0.00 0.00 0.00 0.00 0.00 0.00 0.00 0.00 0.00 0.00 0.00 0.00 0.00 0.00 0.00 0.00 0.00 0.00 0.00 0.00 0.00 0.00 0.00 0.00 0.00 0.00 0.00 0.00 0.00 0.00 0.00 0.00 0.00 0.00 0.00 0.00 0.00 0.00
B_i_0_ub 78.06 84.52 101.31 81.35 106.95 93.26 86.64 78.40 88.92 100.27 104.38 89.21 89.69 94.16 96.37 100.63 71.06 112.44 93.85 84.97 89.55 95.87 89.08 99.70 92.96 75.19 85.10 84.07 94.68 78.18 87.80 107.19 96.52 80.79 93.24 108.20 81.21 77.99 87.07 82.48 89.10 92.43 69.11 97.19 90.69 89.55 80.68 77.09 82.90 106.87 76.60 84.93 108.49 88.58 95.53 100.93 92.28 90.38 88.87 88.49 85.98 106.51 61.16 94.45 97.00 89.66 78.67 70.96 71.87 78.64 73.07 102.07 113.00 80.91 90.87 71.57 110.01 93.79 106.67 91.16 92.28 116.74 84.83 72.44 106.01 84.86 83.39 79.21 82.79 100.18 78.57 89.88 99.40 82.16 92.57 95.54 74.72 94.28 106.70 91.89
c_i_1_lb 0.00 26.60 0.00 30.10 0.00 0.70 16.10 0.00 0.00 37.80 56.00 0.00 0.00 0.00 50.40 0.00 0.00 0.00 69.30 0.00 0.00 0.00 56.00 0.00 68.60 60.20 0.00 0.00 14.00 0.00 0.00 50.40 40.60 0.00 15.40 0.00 0.00 0.00 2.10 0.00 8.40 9.10 36.40 0.00 0.00 0.00 0.00 0.00 39.90 0.00 0.00 0.00 53.20 11.90 0.70 13.30 56.70 0.00 0.00 17.50 20.30 35.70 66.50 32.90 0.00 51.80 0.00 0.00 0.00 0.00 9.10 18.20 0.00 3.50 22.40 58.10 15.40 32.90 0.00 39.90 60.90 0.00 0.00 21.70 0.00 69.30 0.00 0.00 59.50 0.00 0.00 44.10 0.00 18.90 0.00 52.50 32.90 61.60 35.70 7.00
c_i_1_ub 78.06 111.12 101.31 111.45 106.95 93.96 102.74 78.40 88.92 138.07 160.38 89.21 89.69 94.16 146.77 100.63 71.06 112.37 163.15 84.97 89.55 95.87 145.08 99.70 161.56 135.39 85.10 84.07 108.68 78.18 87.80 157.59 137.12 80.79 108.64 108.17 81.21 77.99 89.17 82.48 97.50 101.53 105.51 97.19 90.69 89.55 80.68 77.09 122.80 106.87 76.60 84.75 161.69 100.48 96.23 114.23 148.98 90.38 88.87 105.99 106.28 142.21 127.66 127.35 97.00 141.46 78.67 70.96 71.87 78.64 82.17 120.27 113.00 84.41 113.27 129.67 125.41 126.69 106.67 131.06 153.18 116.74 84.83 94.14 106.01 154.16 83.39 79.21 142.29 100.18 78.57 133.98 99.40 101.06 92.57 148.04 107.62 155.88 142.40 98.89
c_i_0_lb 0.00 26.60 0.00 30.10 0.00 0.70 16.10 0.00 0.00 37.80 56.00 0.00 0.00 0.00 50.40 0.00 0.00 0.00 69.30 0.00 0.00 0.00 56.00 0.00 68.60 60.20 0.00 0.00 14.00 0.00 0.00 50.40 40.60 0.00 15.40 0.00 0.00 0.00 2.10 0.00 8.40 9.10 36.40 0.00 0.00 0.00 0.00 0.00 39.90 0.00 0.00 0.00 53.20 11.90 0.70 13.30 56.70 0.00 0.00 17.50 20.30 35.70 66.50 32.90 0.00 51.80 0.00 0.00 0.00 0.00 9.10 18.20 0.00 3.50 22.40 58.10 15.40 32.90 0.00 39.90 60.90 0.00 0.00 21.70 0.00 69.30 0.00 0.00 59.50 0.00 0.00 44.10 0.00 18.90 0.00 52.50 32.90 61.60 35.70 7.00
c_i_0_ub 78.06 111.12 101.31 111.45 106.95 93.96 102.74 78.40 88.92 138.07 160.38 89.21 89.69 94.16 146.77 100.63 71.06 112.44 163.15 84.97 89.55 95.87 145.08 99.70 161.56 135.39 85.10 84.07 108.68 78.18 87.80 157.59 137.12 80.79 108.64 108.20 81.21 77.99 89.17 82.48 97.50 101.53 105.51 97.19 90.69 89.55 80.68 77.09 122.80 106.87 76.60 84.93 161.69 100.48 96.23 114.23 148.98 90.38 88.87 105.99 106.28 142.21 127.66 127.35 97.00 141.46 78.67 70.96 71.87 78.64 82.17 120.27 113.00 84.41 113.27 129.67 125.41 126.69 106.67 131.06 153.18 116.74 84.83 94.14 106.01 154.16 83.39 79.21 142.29 100.18 78.57 133.98 99.40 101.06 92.57 148.04 107.62 155.88 142.40 98.89
c_1_lb 0.00
c_1_ub 163.15
c_0_lb 0.00
c_0_ub 163.15

BOUND_TIMES
k_max_time 0.009173
Gamma_ub_time 0.000146
B_i_1_lb_time 0.008703
B_i_1_ub_time 0.010323
B_i_0_lb_time 0.009437
B_i_0_ub_time 0.010463

DDRO_PARAMETERS
a_0 20
b_0i 0 0 0 0 0 0 0 0 0 0 0 0 0 0 0 0 0 1 0 0 0 0 0 0 0 0 0 0 0 0 0 0 0 0 0 0 0 0 0 0 0 0 0 0 0 0 0 0 0 0 0 0 0 0 0 0 0 0 0 0 0 0 0 0 0 0 0 0 0 0 0 0 1 0 0 0 1 0 0 0 0 1 0 0 0 0 0 0 0 0 0 0 0 0 0 0 0 0 0 0
a_i 0.00 26.60 0.00 30.10 0.00 0.70 16.10 0.00 0.00 37.80 56.00 0.00 0.00 0.00 50.40 0.00 0.00 0.00 69.30 0.00 0.00 0.00 56.00 0.00 68.60 60.20 0.00 0.00 14.00 0.00 0.00 50.40 40.60 0.00 15.40 0.00 0.00 0.00 2.10 0.00 8.40 9.10 36.40 0.00 0.00 0.00 0.00 0.00 39.90 0.00 0.00 0.00 53.20 11.90 0.70 13.30 56.70 0.00 0.00 17.50 20.30 35.70 66.50 32.90 0.00 51.80 0.00 0.00 0.00 0.00 9.10 18.20 0.00 3.50 22.40 58.10 15.40 32.90 0.00 39.90 60.90 0.00 0.00 21.70 0.00 69.30 0.00 0.00 59.50 0.00 0.00 44.10 0.00 18.90 0.00 52.50 32.90 61.60 35.70 7.00
b_ij
0 0.00 0.81 0.00 0.18 3.33 0.00 0.00 0.00 0.39 1.51 2.91 0.00 0.77 2.00 0.00 2.00 0.00 0.14 3.05 0.00 0.00 0.00 0.00 0.00 0.00 0.00 0.00 0.74 0.00 1.40 0.00 1.61 0.21 0.00 2.49 0.00 0.60 0.00 2.91 0.00 0.00 0.00 2.10 1.68 0.00 0.00 0.00 0.00 2.45 0.00 1.93 0.00 0.35 3.36 0.00 3.22 0.35 1.54 0.00 0.00 0.00 1.09 0.00 0.91 0.46 0.00 1.96 1.86 2.84 0.00 0.00 2.03 1.93 0.00 0.00 0.00 0.00 0.81 1.93 1.65 0.00 0.00 0.00 0.70 0.00 1.37 1.23 0.00 1.82 0.81 1.33 1.16 0.00 0.00 0.00 1.58 2.98 3.19 0.39 0.00
1 0.81 0.00 0.00 0.00 0.00 0.00 0.00 0.42 0.00 2.14 1.89 0.00 0.00 3.01 0.00 1.37 0.00 0.53 3.26 1.09 0.00 0.00 0.84 2.21 0.00 0.00 0.14 0.00 0.00 3.47 1.09 0.00 1.72 2.42 0.00 2.24 0.63 0.00 0.00 0.00 1.51 1.26 0.81 2.21 0.00 3.26 0.00 0.00 0.00 0.00 0.49 0.07 0.00 2.28 0.00 1.58 0.00 0.00 1.26 1.58 0.00 0.00 0.00 1.19 1.79 0.00 0.28 1.19 0.00 1.86 0.00 2.00 0.00 3.01 2.77 2.31 2.66 1.16 0.00 0.53 0.00 3.26 0.00 0.00 0.00 0.00 0.00 0.00 3.43 0.74 1.82 0.00 0.00 0.00 3.29 0.00 1.02 0.00 2.10 2.52
2 0.00 0.00 0.00 0.00 0.56 0.77 2.07 1.37 0.00 0.00 2.24 0.11 1.86 0.00 0.00 0.00 0.07 2.63 0.00 0.91 3.36 1.54 0.00 0.00 3.29 0.00 1.26 1.58 2.98 0.07 0.00 1.68 0.53 0.00 0.39 1.23 0.00 0.25 0.00 2.73 1.89 0.28 1.54 0.00 2.42 3.26 0.00 0.74 1.16 0.00 0.00 1.09 0.00 2.00 0.00 2.38 0.00 1.68 0.60 2.49 0.00 0.00 0.00 3.05 3.15 3.08 3.43 0.00 0.00 1.82 0.00 1.82 1.93 0.18 0.00 0.00 3.15 0.00 2.66 0.91 0.00 3.43 2.84 0.00 3.22 0.00 0.00 1.54 0.77 2.38 0.00 0.00 1.61 0.35 0.11 0.00 0.00 3.50 1.37 0.00
3 0.18 0.00 0.00 0.00 3.36 0.00 0.60 0.00 0.00 0.91 3.01 0.00 2.63 0.00 3.12 0.00 0.91 0.00 2.49 0.00 1.75 2.10 0.00 0.00 0.00 0.91 1.02 1.68 1.26 2.38 0.32 2.31 0.00 0.00 0.00 2.21 2.10 3.01 1.37 0.00 0.49 1.75 0.00 0.35 0.00 0.00 0.00 0.00 1.68 1.54 0.00 2.31 0.91 0.00 0.00 3.01 0.00 0.00 0.00 1.05 1.47 1.19 0.00 0.00 0.00 0.39 0.00 0.00 2.03 3.50 2.66 0.88 2.73 0.67 1.12 0.00 0.00 0.00 2.07 0.00 0.00 0.00 0.00 0.00 0.00 0.00 0.00 0.00 0.00 0.00 0.00 0.60 0.00 1.86 0.00 3.50 0.00 0.04 2.52 1.40
4 3.33 0.00 0.56 3.36 0.00 1.89 0.00 1.16 1.02 1.82 0.00 0.00 0.42 0.00 0.00 0.63 0.81 0.00 0.04 1.82 1.54 0.00 0.81 0.00 0.00 0.00 0.00 0.00 1.58 2.49 1.23 0.00 0.00 1.96 3.08 3.33 1.89 0.00 0.35 0.00 2.42 3.47 2.52 1.75 2.49 1.16 2.84 0.00 0.00 3.47 0.00 1.79 2.73 0.74 0.00 2.63 0.00 0.00 0.00 0.00 0.35 1.33 0.63 0.70 0.00 1.86 2.31 3.47 2.24 1.58 1.82 0.00 0.00 2.63 2.45 0.00 0.81 0.00 0.00 0.00 0.00 2.66 1.02 0.25 0.00 0.60 0.88 2.52 0.00 1.09 0.00 1.58 1.93 0.88 0.00 0.63 3.22 1.96 2.42 0.00
5 0.00 0.00 0.77 0.00 1.89 0.00 0.00 2.31 2.45 0.00 1.65 1.44 0.00 1.37 1.93 0.00 0.00 2.59 0.46 0.00 1.86 2.35 0.00 3.08 0.00 1.09 1.19 0.00 0.00 0.00 0.00 0.00 0.00 3.01 0.00 0.00 0.00 0.00 3.26 0.00 2.00 2.87 0.00 1.61 0.00 0.60 0.00 0.00 3.33 2.24 1.68 0.00 0.00 0.95 0.00 3.40 0.11 0.00 0.00 1.40 1.16 1.86 0.00 0.00 1.09 3.05 1.47 3.29 0.00 0.00 0.00 2.21 1.47 1.89 0.00 0.00 2.77 3.36 3.08 0.00 0.00 0.00 0.00 0.00 0.00 2.49 0.00 0.04 1.05 0.00 0.00 0.00 0.00 3.43 3.33 0.00 3.33 0.00 0.00 0.00
6 0.00 0.00 2.07 0.60 0.00 0.00 0.00 1.82 0.67 0.00 2.14 2.14 0.00 0.00 0.60 0.00 0.00 0.00 0.00 0.00 3.08 1.54 0.25 1.05 3.50 1.72 2.24 0.00 0.56 0.00 0.00 2.77 2.63 0.70 2.73 3.50 3.22 0.00 0.00 0.00 0.00 0.00 1.93 2.45 0.00 0.00 0.00 0.00 0.00 0.00 2.07 0.60 0.00 2.84 3.08 0.00 0.00 0.00 0.81 1.93 0.00 2.21 0.00 0.00 0.77 0.00 0.00 0.42 1.54 0.00 0.00 2.77 0.00 0.98 0.00 0.00 2.49 2.10 0.00 0.00 0.00 0.00 2.59 0.00 0.00 0.00 0.00 0.00 0.00 2.03 2.63 2.00 1.37 0.00 2.87 0.00 1.58 3.05 0.00 0.00
7 0.00 0.42 1.37 0.00 1.16 2.31 1.82 0.00 3.26 0.00 0.00 0.00 2.56 2.98 3.47 0.60 0.00 0.35 1.65 1.23 2.31 0.00 2.80 0.56 0.00 0.00 0.00 1.44 0.00 0.00 0.00 1.51 0.00 0.00 0.00 0.00 0.84 1.47 0.00 0.46 0.00 0.63 0.84 0.00 0.74 0.46 0.00 0.00 0.00 0.77 0.63 0.00 0.00 0.00 0.32 0.00 1.93 2.21 0.07 0.81 2.31 0.00 3.05 0.81 0.00 0.00 0.95 1.16 0.00 0.00 1.05 0.00 0.18 2.66 0.00 2.77 3.40 0.00 0.00 2.91 0.14 0.00 0.00 0.00 0.00 3.29 0.00 0.46 1.02 0.00 0.00 0.00 1.05 0.00 3.08 0.00 0.00 0.00 3.22 0.91
8 0.39 0.00 0.00 0.00 1.02 2.45 0.67 3.26 0.00 0.60 2.98 2.14 0.00 0.53 0.00 0.00 0.00 1.47 0.91 0.00 1.16 2.63 0.00 0.63 0.04 2.10 0.00 1.89 2.87 0.00 0.00 1.09 2.70 1.23 0.35 3.47 0.42 0.07 2.94 0.00 0.00 2.66 0.00 2.91 0.00 0.07 0.00 0.00 2.52 0.00 0.00 0.18 3.50 0.98 0.00 1.75 0.00 0.46 0.95 2.42 0.00 0.00 0.00 0.00 0.00 0.00 0.00 0.42 0.98 3.40 3.29 0.00 0.00 0.95 3.47 2.59 2.24 2.00 3.08 0.91 0.00 0.00 0.00 0.00 2.87 0.00 0.00 0.00 0.00 2.45 0.00 0.00 0.00 0.00 0.00 0.00 1.79 0.00 0.00 0.07
9 1.51 2.14 0.00 0.91 1.82 0.00 0.00 0.00 0.60 0.00 0.00 0.00 3.29 0.00 0.00 1.44 0.00 0.00 0.14 2.91 0.00 0.00 2.63 0.00 2.45 0.00 1.79 0.00 3.22 0.00 2.07 2.38 1.23 0.98 0.00 0.00 2.70 0.21 2.98 0.32 2.73 2.28 0.00 2.17 0.63 0.56 0.00 0.53 0.00 0.53 0.00 1.96 2.98 0.00 1.33 0.42 2.56 0.70 0.00 0.46 0.00 0.32 0.00 0.00 0.00 2.38 0.00 2.73 0.70 0.46 2.28 0.00 2.28 3.43 3.29 0.00 0.00 3.43 2.35 0.00 2.00 0.49 0.00 0.00 0.00 0.00 2.73 0.00 3.40 0.00 0.00 1.30 1.61 2.45 0.00 0.67 3.08 0.00 1.33 0.00
10 2.91 1.89 2.24 3.01 0.00 1.65 2.14 0.00 2.98 0.00 0.00 1.58 0.32 2.73 0.00 0.91 0.46 3.22 3.26 0.60 1.79 1.16 0.00 0.00 1.16 0.00 0.00 0.00 0.00 0.74 0.00 0.00 2.80 3.15 0.00 3.12 0.00 0.88 1.65 1.37 0.00 0.00 0.00 0.00 1.96 1.86 2.14 3.43 1.16 2.03 0.00 1.02 3.50 0.00 1.93 0.00 0.00 0.00 0.00 0.53 0.00 0.00 0.00 0.00 1.30 0.39 1.51 0.00 0.07 3.26 0.00 0.00 3.40 0.00 0.84 0.00 0.07 0.00 0.32 3.01 3.01 0.00 0.00 1.44 1.37 1.16 2.70 1.89 0.00 0.00 0.00 0.00 0.60 0.00 2.80 2.00 3.12 2.84 0.00 0.00
11 0.00 0.00 0.11 0.00 0.00 1.44 2.14 0.00 2.14 0.00 1.58 0.00 0.88 1.33 0.00 2.94 3.29 0.00 0.00 3.26 0.42 2.24 1.75 3.08 0.00 0.00 0.35 1.44 2.80 0.00 0.14 3.08 0.00 0.39 3.15 3.47 2.31 0.42 0.00 3.26 0.00 0.00 0.00 0.60 0.00 0.00 0.00 1.23 0.00 0.00 0.00 0.35 0.00 0.21 0.00 0.00 2.94 0.74 1.26 3.08 0.00 2.84 0.00 0.74 1.86 2.87 2.45 0.60 0.00 2.00 0.46 0.77 1.51 1.16 0.00 0.00 0.00 0.00 0.00 0.67 0.00 0.00 0.00 0.00 0.00 0.67 0.00 0.07 0.77 3.12 0.28 0.00 1.72 0.00 0.56 0.49 0.00 0.00 2.49 3.29
12 0.77 0.00 1.86 2.63 0.42 0.00 0.00 2.56 0.00 3.29 0.32 0.88 0.00 0.00 1.68 3.36 0.00 3.15 0.00 2.45 0.00 0.14 1.19 2.87 1.40 3.19 0.74 0.39 0.53 0.00 0.28 0.00 0.00 0.00 0.00 3.01 0.00 0.00 0.00 0.00 0.00 0.95 0.00 0.00 2.66 0.00 0.00 2.14 0.00 0.00 0.00 0.63 0.11 1.79 0.00 0.63 0.00 0.32 2.17 2.98 0.00 2.77 0.04 0.00 1.23 0.00 0.00 0.00 0.00 0.00 0.67 0.21 0.00 0.70 0.00 0.00 0.00 0.00 0.00 3.50 0.00 0.00 0.88 2.94 0.00 0.00 3.01 1.58 3.43 2.31 3.47 0.00 0.00 1.93 2.42 3.36 0.63 0.14 2.98 0.00
13 2.00 3.01 0.00 0.00 0.00 1.37 0.00 2.98 0.53 0.00 2.73 1.33 0.00 0.00 2.45 1.44 0.00 0.00 1.86 0.00 0.00 2.28 0.00 2.77 0.00 1.19 0.00 0.00 3.36 0.00 2.59 0.00 0.00 0.00 1.61 0.00 0.00 0.00 0.00 0.00 0.00 0.00 0.00 1.65 2.49 1.33 0.00 0.00 0.00 3.43 2.49 0.00 0.00 0.74 1.65 1.40 2.07 3.15 1.05 0.95 1.93 0.00 0.00 0.91 0.00 0.00 2.91 0.00 2.24 2.66 0.00 1.75 2.52 0.00 2.98 0.00 0.00 0.00 0.00 0.39 0.63 0.67 1.26 1.47 1.65 0.00 0.28 1.61 1.47 3.22 0.00 0.00 0.00 0.00 0.00 2.38 0.00 2.14 1.37 1.82
14 0.00 0.00 0.00 3.12 0.00 1.93 0.60 3.47 0.00 0.00 0.00 0.00 1.68 2.45 0.00 1.47 3.50 0.07 3.47 0.00 0.00 0.00 0.00 0.00 1.23 0.00 0.00 0.00 2.45 0.84 1.26 1.44 0.00 0.00 1.40 0.00 0.00 3.05 0.00 1.82 3.43 1.40 0.21 1.12 0.00 2.52 2.31 0.00 3.47 1.93 0.00 0.67 0.81 0.00 0.00 1.37 0.00 0.39 0.00 3.15 0.00 0.00 0.00 3.29 0.00 0.00 0.00 0.00 0.00 1.68 3.33 0.00 2.94 0.07 0.70 0.00 2.98 2.21 2.00 2.21 0.00 0.00 2.14 3.12 0.00 0.70 3.08 0.63 0.00 0.07 0.00 2.49 0.60 0.00 0.00 0.00 0.00 1.75 0.74 1.61
15 2.00 1.37 0.00 0.00 0.63 0.00 0.00 0.60 0.00 1.44 0.91 2.94 3.36 1.44 1.47 0.00 0.00 1.33 0.74 1.68 1.51 0.00 0.00 3.08 3.26 0.00 1.89 0.00 2.84 0.00 3.50 0.00 2.52 3.50 1.79 1.89 0.00 1.26 1.96 3.05 0.00 3.29 0.74 0.04 0.00 2.73 1.89 0.00 0.00 0.95 0.00 0.00 0.00 3.33 2.94 0.00 2.21 0.00 0.00 0.00 2.87 1.89 0.84 0.00 0.00 0.00 0.00 1.82 0.00 0.00 0.00 0.00 0.00 0.00 1.02 0.00 0.00 0.00 0.53 0.00 0.00 2.42 2.03 0.00 3.36 0.00 0.00 0.49 1.82 1.86 0.00 2.73 1.37 0.00 2.10 0.00 0.07 0.00 0.77 2.56
16 0.00 0.00 0.07 0.91 0.81 0.00 0.00 0.00 0.00 0.00 0.46 3.29 0.00 0.00 3.50 0.00 0.00 0.00 1.33 0.56 0.00 0.67 0.00 0.25 3.29 0.00 0.00 0.46 0.63 0.39 2.59 0.00 0.00 1.54 1.54 0.00 0.00 0.00 2.94 0.00 1.02 2.77 3.19 2.77 0.00 0.00 0.00 0.00 2.35 0.32 2.66 0.00 3.29 0.00 0.00 0.00 0.00 0.46 1.09 1.40 0.00 1.33 0.00 3.12 2.21 0.70 0.00 0.84 0.00 0.00 0.00 0.00 2.59 0.00 0.00 0.46 0.00 0.00 0.00 2.38 0.00 2.35 0.98 0.00 0.00 0.00 2.24 0.00 0.11 0.91 0.00 0.32 1.44 1.58 0.77 0.18 0.00 0.00 0.00 0.00
17 0.14 0.53 2.63 0.00 0.00 2.59 0.00 0.35 1.47 0.00 3.22 0.00 3.15 0.00 0.07 1.33 0.00 0.00 2.17 1.16 3.01 3.33 3.29 3.47 1.44 3.22 1.82 2.00 0.00 3.08 0.25 2.98 0.00 0.00 1.30 0.56 1.44 1.65 0.00 2.07 1.12 2.66 3.15 0.00 0.00 0.00 0.00 0.00 1.96 0.39 1.09 0.25 0.00 0.00 2.49 1.09 2.77 1.65 3.15 2.45 0.00 1.26 0.84 0.53 2.03 0.42 0.91 0.00 0.00 3.43 0.00 2.98 0.00 0.00 1.12 0.00 2.87 0.00 0.00 2.94 0.91 1.86 0.00 0.00 0.00 1.33 0.00 3.15 0.00 0.00 1.47 0.00 0.00 1.16 2.45 0.00 0.00 0.00 0.18 2.66
18 3.05 3.26 0.00 2.49 0.04 0.46 0.00 1.65 0.91 0.14 3.26 0.00 0.00 1.86 3.47 0.74 1.33 2.17 0.00 0.00 2.84 0.18 0.00 0.00 0.53 1.61 1.82 1.61 0.00 0.46 0.11 2.98 0.00 1.33 0.00 0.00 1.37 0.28 0.00 0.00 0.00 0.63 0.00 0.00 0.00 0.00 0.00 0.04 0.00 1.51 0.00 0.00 2.91 3.22 0.00 0.70 0.21 1.65 0.00 0.32 0.63 0.00 0.04 0.00 0.00 1.79 1.47 0.00 2.94 0.00 0.63 1.16 0.39 0.28 2.77 2.24 0.00 1.30 0.00 1.16 0.67 2.07 0.00 0.25 0.00 1.37 0.00 0.00 0.00 3.36 0.00 1.72 0.00 2.49 2.91 2.73 0.67 3.15 1.79 2.73
19 0.00 1.09 0.91 0.00 1.82 0.00 0.00 1.23 0.00 2.91 0.60 3.26 2.45 0.00 0.00 1.68 0.56 1.16 0.00 0.00 0.00 0.00 0.00 0.00 2.17 0.00 0.00 0.00 1.30 0.00 0.00 0.00 2.84 0.00 0.00 0.00 0.00 0.00 0.00 0.00 0.00 0.88 1.16 0.39 0.56 0.00 0.04 1.19 0.11 0.00 0.00 0.00 0.00 0.00 0.00 2.98 0.00 3.29 0.00 0.77 2.98 1.54 2.98 0.00 0.00 1.30 2.38 0.00 3.43 1.05 1.61 0.00 2.14 0.00 1.51 0.00 0.63 0.00 2.63 3.15 1.68 2.98 0.00 0.00 1.58 2.24 0.98 0.00 0.53 0.00 0.00 0.00 0.11 0.00 2.42 0.00 3.08 3.47 3.22 0.00
20 0.00 0.00 3.36 1.75 1.54 1.86 3.08 2.31 1.16 0.00 1.79 0.42 0.00 0.00 0.00 1.51 0.00 3.01 2.84 0.00 0.00 0.98 0.00 1.93 1.79 2.00 1.02 0.00 0.00 0.00 0.49 2.94 3.08 0.07 0.63 0.00 0.95 0.00 0.21 0.00 0.00 0.35 0.00 1.23 0.00 2.10 0.56 0.00 1.75 1.65 3.19 0.00 0.00 0.00 0.00 1.26 0.00 2.52 1.30 2.73 0.00 0.00 0.00 0.32 3.12 2.42 0.95 1.79 0.00 1.30 0.00 0.00 0.00 0.00 0.21 0.35 0.00 0.00 1.09 0.00 3.36 0.00 3.26 2.03 0.00 0.00 0.00 0.00 0.98 0.00 0.70 2.91 2.77 0.00 0.32 0.84 0.00 0.00 0.00 1.47
21 0.00 0.00 1.54 2.10 0.00 2.35 1.54 0.00 2.63 0.00 1.16 2.24 0.14 2.28 0.00 0.00 0.67 3.33 0.18 0.00 0.98 0.00 0.00 1.54 0.00 2.03 0.98 0.00 0.00 0.00 0.18 2.73 1.26 0.00 0.00 1.12 0.00 2.38 3.01 1.61 0.00 0.00 0.00 3.47 0.00 0.00 0.00 0.00 0.00 1.68 1.37 0.00 0.00 2.59 1.89 2.17 0.00 2.66 1.86 2.73 2.87 1.02 0.00 0.00 0.00 0.00 0.00 0.00 0.00 1.12 2.38 3.08 0.00 0.00 0.00 0.04 0.00 0.00 0.00 2.10 3.26 0.00 1.47 0.67 1.30 2.63 0.00 0.00 0.56 1.75 1.19 0.53 0.00 2.38 3.47 0.00 1.44 2.21 0.56 1.44
22 0.00 0.84 0.00 0.00 0.81 0.00 0.25 2.80 0.00 2.63 0.00 1.75 1.19 0.00 0.00 0.00 0.00 3.29 0.00 0.00 0.00 0.00 0.00 0.39 2.38 0.53 1.58 1.05 0.00 0.00 0.14 3.29 3.40 0.00 1.68 0.00 0.00 0.00 2.31 0.00 0.00 1.86 0.00 0.00 0.00 2.98 0.00 2.94 1.37 0.88 2.35 0.74 3.26 0.00 0.00 2.94 0.00 1.75 0.00 0.00 0.00 3.36 0.00 0.98 2.98 0.00 0.67 1.26 3.43 2.00 0.95 0.84 2.70 0.00 1.68 0.00 2.56 3.36 0.00 0.00 0.00 0.00 0.00 0.00 0.00 0.84 2.00 0.00 0.00 2.03 0.77 0.00 3.36 0.00 0.67 0.00 0.00 0.00 0.00 1.26
23 0.00 2.21 0.00 0.00 0.00 3.08 1.05 0.56 0.63 0.00 0.00 3.08 2.87 2.77 0.00 3.08 0.25 3.47 0.00 0.00 1.93 1.54 0.39 0.00 2.31 2.21 2.21 0.00 0.00 0.00 2.21 2.91 2.87 0.00 2.63 3.43 0.00 2.91 2.38 0.00 0.00 0.42 0.07 0.00 0.25 0.00 2.10 0.00 2.77 2.59 0.00 0.00 1.61 0.00 0.00 0.49 0.00 0.00 3.43 0.00 0.00 1.51 0.00 0.00 0.21 0.00 0.00 0.14 0.00 0.00 0.00 0.00 0.00 0.00 0.00 3.12 3.43 1.47 2.77 0.00 0.00 1.79 0.70 0.00 2.80 3.08 1.37 0.00 0.00 0.00 0.53 0.39 1.37 3.12 2.70 2.49 0.00 0.00 0.00 0.00
24 0.00 0.00 3.29 0.00 0.00 0.00 3.50 0.00 0.04 2.45 1.16 0.00 1.40 0.00 1.23 3.26 3.29 1.44 0.53 2.17 1.79 0.00 2.38 2.31 0.00 0.42 0.00 2.52 0.00 0.00 0.00 0.00 0.00 0.00 0.00 0.00 0.00 0.00 0.00 0.00 3.43 0.00 0.00 1.44 0.00 0.00 0.00 1.09 2.84 0.00 1.26 0.14 2.70 0.00 2.77 1.89 0.00 0.00 0.00 0.00 0.60 0.56 1.58 1.82 0.00 3.15 1.37 0.00 0.00 0.00 0.00 3.40 3.50 1.86 0.00 3.15 0.00 1.89 0.00 0.00 2.80 0.14 0.00 0.00 0.00 0.00 1.75 1.75 0.00 0.91 0.11 2.66 0.84 0.39 0.00 2.98 1.96 0.00 1.12 1.93
25 0.00 0.00 0.00 0.91 0.00 1.09 1.72 0.00 2.10 0.00 0.00 0.00 3.19 1.19 0.00 0.00 0.00 3.22 1.61 0.00 2.00 2.03 0.53 2.21 0.42 0.00 3.29 0.00 1.58 3.47 3.26 0.49 0.00 0.00 0.21 0.00 0.00 1.26 0.00 0.00 0.00 0.00 0.00 0.00 0.18 0.00 0.00 3.29 0.00 3.26 1.44 2.49 0.00 0.00 0.91 0.00 0.00 0.00 0.00 0.00 0.00 0.00 3.26 0.00 0.00 0.00 0.14 0.00 0.00 0.00 1.37 0.91 3.33 0.00 0.67 0.00 1.72 0.00 0.00 3.47 0.04 0.00 0.00 0.56 1.72 0.00 0.00 3.43 0.00 0.00 0.00 0.00 0.00 0.63 3.40 0.00 0.00 0.00 2.17 1.02
26 0.00 0.14 1.26 1.02 0.00 1.19 2.24 0.00 0.00 1.79 0.00 0.35 0.74 0.00 0.00 1.89 0.00 1.82 1.82 0.00 1.02 0.98 1.58 2.21 0.00 3.29 0.00 0.00 0.00 0.91 2.84 0.00 1.30 0.00 1.82 2.98 0.00 2.07 0.00 2.66 2.21 0.00 1.30 0.00 1.82 0.00 0.00 0.00 1.12 0.74 0.63 0.07 0.00 0.00 0.46 0.00 0.00 3.01 3.08 0.32 0.53 2.28 0.00 0.00 0.00 1.82 3.08 0.00 0.00 2.66 0.00 0.00 0.00 0.00 0.00 0.39 0.35 0.00 1.09 0.70 0.77 0.49 0.00 2.38 2.84 3.43 0.95 0.00 1.19 0.00 0.00 1.75 0.00 0.53 0.00 0.00 0.70 0.67 2.42 1.40
27 0.74 0.00 1.58 1.68 0.00 0.00 0.00 1.44 1.89 0.00 0.00 1.44 0.39 0.00 0.00 0.00 0.46 2.00 1.61 0.00 0.00 0.00 1.05 0.00 2.52 0.00 0.00 0.00 3.33 0.00 3.40 2.38 0.70 1.33 0.00 0.00 0.91 0.00 0.70 0.00 0.00 0.81 0.00 0.00 2.66 0.00 0.00 2.31 1.19 3.43 0.00 2.03 0.00 1.44 0.00 1.75 3.12 3.50 0.00 0.00 0.00 2.80 0.00 0.00 0.88 2.91 1.12 0.00 0.60 0.00 2.49 3.12 2.52 0.00 0.00 0.00 0.91 0.70 0.00 0.39 0.00 0.00 0.00 1.19 3.19 2.24 0.00 0.00 0.00 0.00 0.00 1.26 0.00 0.00 0.95 2.91 2.10 0.00 0.00 0.00
28 0.00 0.00 2.98 1.26 1.58 0.00 0.56 0.00 2.87 3.22 0.00 2.80 0.53 3.36 2.45 2.84 0.63 0.00 0.00 1.30 0.00 0.00 0.00 0.00 0.00 1.58 0.00 3.33 0.00 0.00 2.24 2.91 3.40 0.00 0.00 0.00 0.84 0.00 0.00 1.65 0.07 0.00 0.00 2.98 0.00 0.00 0.00 3.12 1.61 0.00 0.81 0.21 1.05 1.75 0.00 0.25 0.00 0.00 0.00 0.00 2.10 0.00 0.00 3.01 1.40 2.14 0.00 0.00 0.00 2.17 1.96 0.39 3.40 0.00 0.42 1.44 0.00 0.00 2.59 0.00 3.43 0.53 3.43 0.00 1.54 0.00 0.00 0.63 3.43 1.79 0.00 0.00 0.00 0.00 0.00 2.45 0.00 0.74 1.51 0.00
29 1.40 3.47 0.07 2.38 2.49 0.00 0.00 0.00 0.00 0.00 0.74 0.00 0.00 0.00 0.84 0.00 0.39 3.08 0.46 0.00 0.00 0.00 0.00 0.00 0.00 3.47 0.91 0.00 0.00 0.00 0.00 1.12 0.28 0.00 2.98 0.00 2.42 0.00 0.00 2.87 0.00 0.00 0.00 0.00 0.00 0.00 0.00 0.00 2.73 0.00 1.51 1.33 2.91 0.00 1.79 2.98 0.00 0.00 0.00 1.26 0.00 0.00 0.00 1.02 0.00 3.43 0.00 1.40 0.00 0.00 1.47 0.00 0.00 0.77 1.79 0.00 0.00 3.08 0.00 0.00 0.00 2.10 0.81 0.00 0.77 0.00 2.14 2.52 1.23 0.14 0.00 3.01 2.17 0.00 3.40 0.00 0.18 0.35 2.52 0.00
30 0.00 1.09 0.00 0.32 1.23 0.00 0.00 0.00 0.00 2.07 0.00 0.14 0.28 2.59 1.26 3.50 2.59 0.25 0.11 0.00 0.49 0.18 0.14 2.21 0.00 3.26 2.84 3.40 2.24 0.00 0.00 0.00 2.63 0.00 1.44 0.00 0.00 1.79 0.00 1.54 1.51 0.00 0.49 0.00 0.00 0.60 2.56 1.93 3.01 0.00 0.00 0.00 0.00 2.56 0.00 0.00 0.00 0.88 2.63 3.15 0.00 3.15 0.00 0.98 3.12 0.00 0.42 0.00 0.00 0.00 0.00 0.00 1.02 0.00 0.00 1.47 0.00 0.00 0.00 0.00 0.18 0.60 0.00 2.17 0.00 3.19 0.74 0.00 0.00 3.26 2.59 3.26 2.21 0.00 0.49 0.88 0.00 0.00 0.70 0.46
31 1.61 0.00 1.68 2.31 0.00 0.00 2.77 1.51 1.09 2.38 0.00 3.08 0.00 0.00 1.44 0.00 0.00 2.98 2.98 0.00 2.94 2.73 3.29 2.91 0.00 0.49 0.00 2.38 2.91 1.12 0.00 0.00 0.00 1.02 1.86 2.91 3.33 0.00 0.00 3.43 0.84 0.00 0.32 0.00 3.19 1.16 0.00 0.67 0.00 3.29 0.00 0.00 0.00 0.00 0.91 1.47 2.73 2.84 2.24 0.00 0.00 2.45 0.00 0.00 0.00 0.74 0.00 1.51 0.07 0.00 1.96 0.00 0.00 2.21 0.00 0.00 0.00 2.31 0.00 2.73 2.84 1.37 0.00 0.00 2.28 0.39 2.00 0.18 0.67 0.00 1.37 0.00 1.02 3.12 0.00 0.00 0.00 2.84 0.00 0.32
32 0.21 1.72 0.53 0.00 0.00 0.00 2.63 0.00 2.70 1.23 2.80 0.00 0.00 0.00 0.00 2.52 0.00 0.00 0.00 2.84 3.08 1.26 3.40 2.87 0.00 0.00 1.30 0.70 3.40 0.28 2.63 0.00 0.00 0.00 0.00 0.91 2.56 0.00 0.00 0.00 1.12 0.00 0.00 3.33 3.43 1.40 0.00 0.00 0.35 2.94 0.49 2.94 1.96 2.24 2.35 0.00 0.00 0.00 0.32 1.89 0.00 0.00 0.00 2.31 0.21 0.00 1.26 1.33 0.00 3.08 0.00 2.17 1.37 0.00 1.54 3.12 3.22 0.00 0.00 0.00 2.42 0.00 0.28 0.00 3.19 0.00 1.89 0.00 0.00 0.00 0.00 0.00 0.00 2.45 0.00 2.35 0.00 0.00 0.00 0.00
33 0.00 2.42 0.00 0.00 1.96 3.01 0.70 0.00 1.23 0.98 3.15 0.39 0.00 0.00 0.00 3.50 1.54 0.00 1.33 0.00 0.07 0.00 0.00 0.00 0.00 0.00 0.00 1.33 0.00 0.00 0.00 1.02 0.00 0.00 0.00 0.00 0.53 0.00 0.00 0.00 0.00 0.70 0.00 0.00 0.00 3.40 0.00 0.84 0.77 2.49 1.89 0.00 0.00 3.33 3.26 0.00 0.00 0.00 1.58 0.00 2.91 2.87 0.00 0.00 2.63 0.00 0.00 0.00 0.00 0.00 0.00 2.80 0.00 1.86 0.00 0.00 2.24 0.00 2.17 0.00 0.00 0.00 1.33 1.65 2.73 1.75 0.14 0.00 0.00 2.52 0.00 0.39 0.00 0.00 2.10 0.00 2.17 1.23 2.87 3.01
34 2.49 0.00 0.39 0.00 3.08 0.00 2.73 0.00 0.35 0.00 0.00 3.15 0.00 1.61 1.40 1.79 1.54 1.30 0.00 0.00 0.63 0.00 1.68 2.63 0.00 0.21 1.82 0.00 0.00 2.98 1.44 1.86 0.00 0.00 0.00 0.91 0.46 3.15 1.33 0.00 0.00 0.00 0.00 0.21 0.00 1.89 0.00 0.00 0.00 0.67 0.00 1.61 0.00 0.00 0.00 0.00 0.00 0.00 1.72 0.00 3.05 0.00 0.00 3.40 2.38 0.00 0.00 0.00 0.67 0.00 0.00 2.98 0.00 0.00 2.03 0.00 0.00 3.43 0.46 2.52 1.89 1.93 1.30 2.10 0.00 1.68 0.00 0.00 0.00 1.26 0.00 2.84 2.52 0.00 0.00 2.66 3.12 0.00 3.15 2.84
35 0.00 2.24 1.23 2.21 3.33 0.00 3.50 0.00 3.47 0.00 3.12 3.47 3.01 0.00 0.00 1.89 0.00 0.56 0.00 0.00 0.00 1.12 0.00 3.43 0.00 0.00 2.98 0.00 0.00 0.00 0.00 2.91 0.91 0.00 0.91 0.00 0.00 3.29 0.00 1.16 1.61 3.47 0.00 0.77 0.11 0.00 1.72 2.84 0.00 3.43 3.26 1.23 0.67 1.72 1.16 2.63 0.00 0.00 3.19 0.00 0.00 0.00 0.00 0.88 2.38 0.49 0.35 1.02 2.35 0.00 0.00 0.00 0.00 0.00 1.79 0.04 0.81 1.16 0.00 3.36 0.00 2.73 0.00 0.07 0.04 0.56 0.00 2.63 1.96 0.00 3.19 0.00 2.21 0.00 0.00 2.45 1.75 0.00 1.09 2.42
36 0.60 0.63 0.00 2.10 1.89 0.00 3.22 0.84 0.42 2.70 0.00 2.31 0.00 0.00 0.00 0.00 0.00 1.44 1.37 0.00 0.95 0.00 0.00 0.00 0.00 0.00 0.00 0.91 0.84 2.42 0.00 3.33 2.56 0.53 0.46 0.00 0.00 0.00 1.68 0.00 2.24 0.70 0.00 0.00 0.00 3.26 2.70 1.05 0.00 0.00 0.00 0.00 1.12 2.31 0.00 0.00 0.00 0.53 2.21 2.63 1.68 0.60 0.00 1.40 3.40 0.00 0.00 0.00 0.00 1.12 0.00 0.00 1.72 0.00 2.63 0.00 0.00 0.00 0.88 0.00 0.00 0.00 0.00 2.45 0.00 3.22 2.21 0.00 0.00 0.00 0.07 2.38 0.00 2.59 2.73 0.39 0.00 0.00 1.79 0.00
37 0.00 0.00 0.25 3.01 0.00 0.00 0.00 1.47 0.07 0.21 0.88 0.42 0.00 0.00 3.05 1.26 0.00 1.65 0.28 0.00 0.00 2.38 0.00 2.91 0.00 1.26 2.07 0.00 0.00 0.00 1.79 0.00 0.00 0.00 3.15 3.29 0.00 0.00 1.19 0.11 0.00 0.00 0.00 1.05 1.33 2.10 0.00 0.00 3.08 2.42 0.00 0.32 1.75 0.98 0.00 1.79 0.00 0.00 0.98 0.00 0.42 1.65 3.08 2.91 0.00 0.84 0.00 0.00 0.00 0.00 2.28 0.81 2.91 0.00 0.00 1.72 0.00 0.00 0.18 0.00 0.00 3.43 0.00 1.37 2.98 0.28 0.00 0.00 1.58 1.75 0.39 0.00 0.00 0.28 0.00 0.00 0.00 0.00 0.00 2.63
38 2.91 0.00 0.00 1.37 0.35 3.26 0.00 0.00 2.94 2.98 1.65 0.00 0.00 0.00 0.00 1.96 2.94 0.00 0.00 0.00 0.21 3.01 2.31 2.38 0.00 0.00 0.00 0.70 0.00 0.00 0.00 0.00 0.00 0.00 1.33 0.00 1.68 1.19 0.00 0.00 0.14 0.00 0.00 1.68 0.84 1.23 3.08 1.86 0.00 2.31 1.33 0.00 2.38 3.12 3.26 0.00 3.33 0.53 1.19 0.00 0.00 2.98 0.56 1.12 3.05 0.00 0.00 0.56 0.00 0.00 1.61 0.00 1.16 0.00 1.51 0.00 1.82 0.00 0.00 1.72 0.70 0.35 0.00 0.00 0.00 0.00 2.45 0.91 0.00 0.00 0.91 1.40 0.00 0.32 0.00 0.18 0.07 1.61 0.00 2.63
39 0.00 0.00 2.73 0.00 0.00 0.00 0.00 0.46 0.00 0.32 1.37 3.26 0.00 0.00 1.82 3.05 0.00 2.07 0.00 0.00 0.00 1.61 0.00 0.00 0.00 0.00 2.66 0.00 1.65 2.87 1.54 3.43 0.00 0.00 0.00 1.16 0.00 0.11 0.00 0.00 2.73 0.00 3.26 3.12 0.00 0.00 2.35 0.42 0.00 0.00 0.00 1.61 3.47 0.00 2.28 0.00 1.61 0.00 0.00 0.00 0.00 0.46 0.00 0.00 0.00 0.00 0.42 0.00 0.00 0.00 0.04 0.32 1.44 3.19 0.00 0.00 3.15 0.00 0.00 2.31 0.00 0.00 2.59 0.25 3.12 1.54 2.10 0.70 0.00 2.80 0.00 0.00 0.00 0.00 0.00 0.91 1.09 2.77 1.37 0.95
40 0.00 1.51 1.89 0.49 2.42 2.00 0.00 0.00 0.00 2.73 0.00 0.00 0.00 0.00 3.43 0.00 1.02 1.12 0.00 0.00 0.00 0.00 0.00 0.00 3.43 0.00 2.21 0.00 0.07 0.00 1.51 0.84 1.12 0.00 0.00 1.61 2.24 0.00 0.14 2.73 0.00 2.00 2.45 0.00 0.00 0.00 2.94 2.63 0.39 0.00 3.08 0.00 0.00 0.00 1.12 0.84 0.67 3.47 0.00 0.00 0.00 0.84 2.91 0.00 1.72 0.00 0.00 0.00 0.00 0.56 0.56 0.60 0.00 0.00 3.33 3.08 0.56 1.89 0.91 1.75 0.00 1.47 0.00 0.00 3.08 1.12 0.00 0.00 0.00 1.12 1.75 3.05 0.00 1.58 0.00 0.00 0.00 1.02 0.84 3.26
41 0.00 1.26 0.28 1.75 3.47 2.87 0.00 0.63 2.66 2.28 0.00 0.00 0.95 0.00 1.40 3.29 2.77 2.66 0.63 0.88 0.35 0.00 1.86 0.42 0.00 0.00 0.00 0.81 0.00 0.00 0.00 0.00 0.00 0.70 0.00 3.47 0.70 0.00 0.00 0.00 2.00 0.00 1.54 0.00 2.73 0.00 0.00 0.84 0.00 3.19 1.72 0.00 1.75 1.75 0.00 0.00 1.58 1.40 0.00 0.21 0.04 0.88 0.00 2.77 0.00 0.00 1.40 0.00 0.00 1.19 1.79 0.95 0.67 3.12 0.00 2.42 2.84 0.32 0.00 0.00 1.23 2.45 0.00 1.86 0.00 0.00 0.00 0.00 2.35 0.00 2.45 0.00 1.68 0.88 0.00 3.08 3.12 0.14 0.00 0.00
42 2.10 0.81 1.54 0.00 2.52 0.00 1.93 0.84 0.00 0.00 0.00 0.00 0.00 0.00 0.21 0.74 3.19 3.15 0.00 1.16 0.00 0.00 0.00 0.07 0.00 0.00 1.30 0.00 0.00 0.00 0.49 0.32 0.00 0.00 0.00 0.00 0.00 0.00 0.00 3.26 2.45 1.54 0.00 2.10 2.24 0.35 0.00 0.00 0.00 0.00 0.00 0.00 0.00 0.74 0.00 0.00 0.00 0.00 0.77 0.18 0.00 1.09 0.00 1.16 0.04 1.86 0.00 0.42 0.11 0.00 2.35 0.00 0.11 0.00 1.26 0.84 2.87 0.00 1.44 0.00 0.00 3.22 2.14 0.00 1.12 2.17 2.21 1.02 0.56 1.96 1.86 1.79 1.33 0.00 1.44 0.00 0.00 0.00 0.74 0.00
43 1.68 2.21 0.00 0.35 1.75 1.61 2.45 0.00 2.91 2.17 0.00 0.60 0.00 1.65 1.12 0.04 2.77 0.00 0.00 0.39 1.23 3.47 0.00 0.00 1.44 0.00 0.00 0.00 2.98 0.00 0.00 0.00 3.33 0.00 0.21 0.77 0.00 1.05 1.68 3.12 0.00 0.00 2.10 0.00 0.00 2.84 3.05 1.23 1.89 0.00 1.82 0.91 0.00 2.28 1.79 0.00 1.75 0.00 3.50 3.43 0.00 1.44 0.00 0.25 0.00 0.00 0.35 0.00 0.00 0.98 0.00 3.15 2.84 1.30 0.00 0.46 0.00 0.00 3.19 0.00 2.94 0.00 0.00 0.00 0.00 1.26 1.68 0.00 1.47 0.00 3.26 0.00 2.49 0.00 0.00 0.00 0.00 0.00 0.00 2.56
44 0.00 0.00 2.42 0.00 2.49 0.00 0.00 0.74 0.00 0.63 1.96 0.00 2.66 2.49 0.00 0.00 0.00 0.00 0.00 0.56 0.00 0.00 0.00 0.25 0.00 0.18 1.82 2.66 0.00 0.00 0.00 3.19 3.43 0.00 0.00 0.11 0.00 1.33 0.84 0.00 0.00 2.73 2.24 0.00 0.00 0.67 0.00 0.88 0.00 0.00 0.00 2.94 3.40 0.11 3.08 1.89 0.00 1.12 2.56 3.19 0.00 0.00 2.21 2.87 0.70 2.21 0.18 0.00 1.75 0.00 0.00 3.26 3.29 0.56 0.00 0.95 2.10 1.72 0.00 3.29 0.00 2.70 0.00 2.38 0.00 0.00 0.00 0.21 0.00 0.00 0.00 0.00 0.70 0.00 0.00 2.45 0.00 3.36 0.00 1.23
45 0.00 3.26 3.26 0.00 1.16 0.60 0.00 0.46 0.07 0.56 1.86 0.00 0.00 1.33 2.52 2.73 0.00 0.00 0.00 0.00 2.10 0.00 2.98 0.00 0.00 0.00 0.00 0.00 0.00 0.00 0.60 1.16 1.40 3.40 1.89 0.00 3.26 2.10 1.23 0.00 0.00 0.00 0.35 2.84 0.67 0.00 0.00 0.00 0.00 0.00 2.21 0.32 2.59 0.00 0.00 0.00 0.00 0.32 0.00 0.21 1.75 0.00 1.37 0.00 0.00 0.00 0.00 0.00 3.12 0.00 2.03 1.33 2.87 0.00 2.10 1.68 3.08 0.00 1.51 2.66 2.35 1.40 0.77 0.00 2.49 0.00 0.00 0.00 0.00 0.00 2.31 3.05 2.42 0.00 0.70 3.12 0.00 0.00 0.00 0.00
46 0.00 0.00 0.00 0.00 2.84 0.00 0.00 0.00 0.00 0.00 2.14 0.00 0.00 0.00 2.31 1.89 0.00 0.00 0.00 0.04 0.56 0.00 0.00 2.10 0.00 0.00 0.00 0.00 0.00 0.00 2.56 0.00 0.00 0.00 0.00 1.72 2.70 0.00 3.08 2.35 2.94 0.00 0.00 3.05 0.00 0.00 0.00 0.14 0.00 1.02 0.35 3.50 0.00 0.74 0.00 0.00 2.52 0.77 1.58 2.35 3.47 0.00 0.98 2.49 1.02 0.00 0.00 3.15 0.00 0.11 0.00 2.49 3.33 2.56 3.05 0.00 0.00 0.00 3.19 1.19 1.58 0.00 1.82 0.00 0.00 0.00 0.00 2.52 0.00 2.73 0.00 0.00 0.00 1.12 0.00 0.00 0.63 0.00 0.00 0.00
47 0.00 0.00 0.74 0.00 0.00 0.00 0.00 0.00 0.00 0.53 3.43 1.23 2.14 0.00 0.00 0.00 0.00 0.00 0.04 1.19 0.00 0.00 2.94 0.00 1.09 3.29 0.00 2.31 3.12 0.00 1.93 0.67 0.00 0.84 0.00 2.84 1.05 0.00 1.86 0.42 2.63 0.84 0.00 1.23 0.88 0.00 0.14 0.00 0.00 0.00 0.28 0.25 0.00 1.16 1.61 2.24 0.00 0.00 0.00 0.00 0.00 2.70 2.14 3.01 2.70 0.00 0.00 0.00 0.00 0.00 0.00 2.66 0.39 0.00 1.54 1.33 0.00 0.00 2.66 0.00 1.47 2.77 2.45 3.36 2.56 0.60 0.00 0.49 0.32 0.00 0.00 0.00 0.00 0.00 1.02 0.00 0.00 0.00 0.00 0.00
48 2.45 0.00 1.16 1.68 0.00 3.33 0.00 0.00 2.52 0.00 1.16 0.00 0.00 0.00 3.47 0.00 2.35 1.96 0.00 0.11 1.75 0.00 1.37 2.77 2.84 0.00 1.12 1.19 1.61 2.73 3.01 0.00 0.35 0.77 0.00 0.00 0.00 3.08 0.00 0.00 0.39 0.00 0.00 1.89 0.00 0.00 0.00 0.00 0.00 1.86 0.00 0.00 2.73 0.00 0.00 0.00 0.70 0.00 0.00 1.65 0.00 0.00 3.50 3.22 0.63 2.07 0.00 0.00 3.12 0.95 0.00 0.00 2.91 0.00 0.00 3.26 0.00 0.00 0.53 0.00 0.00 0.11 1.96 2.91 0.00 0.00 0.00 0.42 1.65 0.00 0.32 0.00 0.60 0.91 0.00 0.74 0.00 0.84 0.00 0.25
49 0.00 0.00 0.00 1.54 3.47 2.24 0.00 0.77 0.00 0.53 2.03 0.00 0.00 3.43 1.93 0.95 0.32 0.39 1.51 0.00 1.65 1.68 0.88 2.59 0.00 3.26 0.74 3.43 0.00 0.00 0.00 3.29 2.94 2.49 0.67 3.43 0.00 2.42 2.31 0.00 0.00 3.19 0.00 0.00 0.00 0.00 1.02 0.00 1.86 0.00 1.30 2.49 3.05 0.00 0.77 0.00 0.00 1.79 2.35 0.00 0.42 1.19 1.05 0.00 3.36 0.00 0.00 2.91 0.00 0.00 0.00 0.00 0.39 1.79 0.00 0.00 3.15 2.87 2.63 0.00 1.37 2.03 3.22 2.98 0.00 0.00 0.56 0.00 0.00 0.00 0.84 0.00 0.00 0.00 2.21 3.12 0.18 1.89 0.00 0.00
50 1.93 0.49 0.00 0.00 0.00 1.68 2.07 0.63 0.00 0.00 0.00 0.00 0.00 2.49 0.00 0.00 2.66 1.09 0.00 0.00 3.19 1.37 2.35 0.00 1.26 1.44 0.63 0.00 0.81 1.51 0.00 0.00 0.49 1.89 0.00 3.26 0.00 0.00 1.33 0.00 3.08 1.72 0.00 1.82 0.00 2.21 0.35 0.28 0.00 1.30 0.00 0.56 2.10 0.00 0.00 0.00 3.22 0.00 1.26 0.00 0.00 0.00 0.00 2.63 2.56 0.00 0.00 0.67 0.00 0.21 0.00 1.47 0.00 0.00 0.53 0.00 0.00 1.89 0.00 1.65 0.00 0.00 0.18 0.00 0.00 2.80 2.77 0.00 0.00 0.00 0.00 0.00 2.07 0.00 0.88 0.00 0.98 1.09 3.12 0.63
51 0.00 0.07 1.09 2.31 1.79 0.00 0.60 0.00 0.18 1.96 1.02 0.35 0.63 0.00 0.67 0.00 0.00 0.25 0.00 0.00 0.00 0.00 0.74 0.00 0.14 2.49 0.07 2.03 0.21 1.33 0.00 0.00 2.94 0.00 1.61 1.23 0.00 0.32 0.00 1.61 0.00 0.00 0.00 0.91 2.94 0.32 3.50 0.25 0.00 2.49 0.56 0.00 2.73 0.00 2.91 0.00 0.00 0.00 0.84 0.00 0.00 0.00 0.00 0.00 0.00 2.87 1.51 0.00 1.54 0.00 1.40 0.00 1.16 0.00 2.14 0.28 0.00 0.00 0.00 1.40 0.28 2.03 2.98 0.00 3.12 1.79 1.96 2.45 1.30 3.15 0.00 3.33 1.51 0.00 0.00 0.00 2.77 0.98 0.98 1.05
52 0.35 0.00 0.00 0.91 2.73 0.00 0.00 0.00 3.50 2.98 3.50 0.00 0.11 0.00 0.81 0.00 3.29 0.00 2.91 0.00 0.00 0.00 3.26 1.61 2.70 0.00 0.00 0.00 1.05 2.91 0.00 0.00 1.96 0.00 0.00 0.67 1.12 1.75 2.38 3.47 0.00 1.75 0.00 0.00 3.40 2.59 0.00 0.00 2.73 3.05 2.10 2.73 0.00 0.00 0.00 0.00 0.00 0.95 0.46 1.89 1.44 1.65 3.43 3.43 0.00 1.65 0.00 0.00 0.00 0.00 0.07 3.12 0.00 3.29 0.00 0.00 1.19 2.24 2.28 3.43 3.33 0.00 0.00 1.58 0.00 0.00 0.00 3.12 1.23 1.86 0.00 0.00 0.25 0.32 0.00 0.00 0.00 2.17 0.00 1.79
53 3.36 2.28 2.00 0.00 0.74 0.95 2.84 0.00 0.98 0.00 0.00 0.21 1.79 0.74 0.00 3.33 0.00 0.00 3.22 0.00 0.00 2.59 0.00 0.00 0.00 0.00 0.00 1.44 1.75 0.00 2.56 0.00 2.24 3.33 0.00 1.72 2.31 0.98 3.12 0.00 0.00 1.75 0.74 2.28 0.11 0.00 0.74 1.16 0.00 0.00 0.00 0.00 0.00 0.00 0.00 3.05 0.00 0.84 0.00 0.00 0.00 0.00 0.00 0.00 3.43 0.00 0.00 0.00 0.00 1.65 0.00 0.00 0.00 1.16 0.00 1.82 1.96 0.21 0.00 2.24 2.73 1.96 0.00 0.00 0.88 1.58 2.52 2.66 0.00 0.00 1.30 0.00 3.40 0.00 1.58 0.00 1.51 0.00 0.00 0.84
54 0.00 0.00 0.00 0.00 0.00 0.00 3.08 0.32 0.00 1.33 1.93 0.00 0.00 1.65 0.00 2.94 0.00 2.49 0.00 0.00 0.00 1.89 0.00 0.00 2.77 0.91 0.46 0.00 0.00 1.79 0.00 0.91 2.35 3.26 0.00 1.16 0.00 0.00 3.26 2.28 1.12 0.00 0.00 1.79 3.08 0.00 0.00 1.61 0.00 0.77 0.00 2.91 0.00 0.00 0.00 2.03 0.00 3.36 0.00 1.96 0.67 2.17 0.00 0.00 2.45 0.95 0.00 1.79 0.00 0.84 2.45 2.91 3.47 0.00 0.00 0.00 0.00 3.29 0.00 0.00 3.33 3.47 1.86 0.00 0.00 0.00 0.00 0.00 0.00 0.00 1.30 2.94 0.00 3.43 0.00 3.22 0.00 0.00 1.58 0.00
55 3.22 1.58 2.38 3.01 2.63 3.40 0.00 0.00 1.75 0.42 0.00 0.00 0.63 1.40 1.37 0.00 0.00 1.09 0.70 2.98 1.26 2.17 2.94 0.49 1.89 0.00 0.00 1.75 0.25 2.98 0.00 1.47 0.00 0.00 0.00 2.63 0.00 1.79 0.00 0.00 0.84 0.00 0.00 0.00 1.89 0.00 0.00 2.24 0.00 0.00 0.00 0.00 0.00 3.05 2.03 0.00 2.87 0.00 0.00 3.40 2.59 0.00 0.00 0.00 2.14 1.86 2.17 0.00 0.00 0.14 0.00 0.00 1.96 0.00 0.00 2.84 1.75 3.08 1.68 1.16 0.00 0.88 0.00 1.12 0.84 0.00 0.14 0.60 2.66 2.00 0.00 3.29 0.00 1.26 0.00 2.87 0.00 0.00 0.00 1.40
56 0.35 0.00 0.00 0.00 0.00 0.11 0.00 1.93 0.00 2.56 0.00 2.94 0.00 2.07 0.00 2.21 0.00 2.77 0.21 0.00 0.00 0.00 0.00 0.00 0.00 0.00 0.00 3.12 0.00 0.00 0.00 2.73 0.00 0.00 0.00 0.00 0.00 0.00 3.33 1.61 0.67 1.58 0.00 1.75 0.00 0.00 2.52 0.00 0.70 0.00 3.22 0.00 0.00 0.00 0.00 2.87 0.00 2.66 3.01 0.18 1.40 3.43 0.14 0.00 0.00 0.00 2.35 0.00 3.15 0.81 1.40 2.87 2.66 0.00 0.00 2.31 0.00 3.43 3.40 0.00 0.00 2.66 2.24 0.00 2.98 0.00 0.00 2.80 0.00 1.89 0.60 0.63 2.07 0.00 1.89 0.00 0.00 2.07 0.00 0.00
57 1.54 0.00 1.68 0.00 0.00 0.00 0.00 2.21 0.46 0.70 0.00 0.74 0.32 3.15 0.39 0.00 0.46 1.65 1.65 3.29 2.52 2.66 1.75 0.00 0.00 0.00 3.01 3.50 0.00 0.00 0.88 2.84 0.00 0.00 0.00 0.00 0.53 0.00 0.53 0.00 3.47 1.40 0.00 0.00 1.12 0.32 0.77 0.00 0.00 1.79 0.00 0.00 0.95 0.84 3.36 0.00 2.66 0.00 0.00 0.00 0.77 0.39 0.00 2.28 0.00 0.67 0.00 0.00 0.00 3.22 3.29 0.00 3.43 0.00 0.00 0.00 3.22 1.30 0.00 0.00 0.00 0.00 1.02 0.00 1.75 1.61 0.00 0.00 3.01 0.00 0.00 0.00 0.18 0.00 3.26 1.05 3.08 0.21 3.50 0.00
58 0.00 1.26 0.60 0.00 0.00 0.00 0.81 0.07 0.95 0.00 0.00 1.26 2.17 1.05 0.00 0.00 1.09 3.15 0.00 0.00 1.30 1.86 0.00 3.43 0.00 0.00 3.08 0.00 0.00 0.00 2.63 2.24 0.32 1.58 1.72 3.19 2.21 0.98 1.19 0.00 0.00 0.00 0.77 3.50 2.56 0.00 1.58 0.00 0.00 2.35 1.26 0.84 0.46 0.00 0.00 0.00 3.01 0.00 0.00 0.00 2.94 1.09 0.00 0.00 0.00 0.00 0.00 0.00 3.22 0.00 0.00 1.30 0.00 1.51 0.00 3.08 0.00 0.00 0.00 2.35 0.14 0.00 3.36 3.19 3.36 0.00 0.25 0.00 0.00 3.22 0.00 0.77 0.77 0.00 0.91 0.00 0.00 0.00 0.00 2.94
59 0.00 1.58 2.49 1.05 0.00 1.40 1.93 0.81 2.42 0.46 0.53 3.08 2.98 0.95 3.15 0.00 1.40 2.45 0.32 0.77 2.73 2.73 0.00 0.00 0.00 0.00 0.32 0.00 0.00 1.26 3.15 0.00 1.89 0.00 0.00 0.00 2.63 0.00 0.00 0.00 0.00 0.21 0.18 3.43 3.19 0.21 2.35 0.00 1.65 0.00 0.00 0.00 1.89 0.00 1.96 3.40 0.18 0.00 0.00 0.00 0.00 0.00 0.00 0.00 0.04 3.36 0.00 3.05 0.00 0.00 3.01 0.00 0.00 0.00 0.67 0.00 0.00 0.00 2.94 0.00 0.00 2.56 1.05 0.00 0.00 0.00 0.00 0.00 0.84 0.00 0.00 0.00 3.08 3.40 0.00 0.00 0.00 1.19 2.17 0.00
60 0.00 0.00 0.00 1.47 0.35 1.16 0.00 2.31 0.00 0.00 0.00 0.00 0.00 1.93 0.00 2.87 0.00 0.00 0.63 2.98 0.00 2.87 0.00 0.00 0.60 0.00 0.53 0.00 2.10 0.00 0.00 0.00 0.00 2.91 3.05 0.00 1.68 0.42 0.00 0.00 0.00 0.04 0.00 0.00 0.00 1.75 3.47 0.00 0.00 0.42 0.00 0.00 1.44 0.00 0.67 2.59 1.40 0.77 2.94 0.00 0.00 0.35 0.00 0.00 2.98 3.01 0.28 3.01 0.00 0.00 0.00 3.22 0.00 2.87 0.00 0.00 3.50 0.00 3.12 0.00 0.18 0.00 0.00 0.00 0.00 0.39 3.33 2.59 0.28 3.47 1.54 0.00 0.00 0.00 1.79 1.47 1.12 0.70 3.43 0.00
61 1.09 0.00 0.00 1.19 1.33 1.86 2.21 0.00 0.00 0.32 0.00 2.84 2.77 0.00 0.00 1.89 1.33 1.26 0.00 1.54 0.00 1.02 3.36 1.51 0.56 0.00 2.28 2.80 0.00 0.00 3.15 2.45 0.00 2.87 0.00 0.00 0.60 1.65 2.98 0.46 0.84 0.88 1.09 1.44 0.00 0.00 0.00 2.70 0.00 1.19 0.00 0.00 1.65 0.00 2.17 0.00 3.43 0.39 1.09 0.00 0.35 0.00 2.31 0.00 2.70 0.00 3.08 0.00 0.00 0.00 0.00 3.36 0.00 2.31 0.00 3.47 0.00 0.14 0.00 0.00 1.47 1.37 3.26 2.07 1.96 1.33 3.12 0.00 2.14 1.58 0.00 0.00 2.91 0.00 0.00 1.68 0.84 0.84 2.03 0.00
62 0.00 0.00 0.00 0.00 0.63 0.00 0.00 3.05 0.00 0.00 0.00 0.00 0.04 0.00 0.00 0.84 0.00 0.84 0.04 2.98 0.00 0.00 0.00 0.00 1.58 3.26 0.00 0.00 0.00 0.00 0.00 0.00 0.00 0.00 0.00 0.00 0.00 3.08 0.56 0.00 2.91 0.00 0.00 0.00 2.21 1.37 0.98 2.14 3.50 1.05 0.00 0.00 3.43 0.00 0.00 0.00 0.14 0.00 0.00 0.00 0.00 2.31 0.00 0.00 0.00 0.91 0.46 2.63 0.00 0.00 0.00 0.00 0.00 3.05 2.52 0.00 2.59 0.00 1.72 0.00 0.00 2.03 1.09 1.93 0.00 0.00 0.00 1.82 0.32 0.00 0.00 1.12 1.47 0.00 0.00 0.00 0.56 0.00 0.00 0.00
63 0.91 1.19 3.05 0.00 0.70 0.00 0.00 0.81 0.00 0.00 0.00 0.74 0.00 0.91 3.29 0.00 3.12 0.53 0.00 0.00 0.32 0.00 0.98 0.00 1.82 0.00 0.00 0.00 3.01 1.02 0.98 0.00 2.31 0.00 3.40 0.88 1.40 2.91 1.12 0.00 0.00 2.77 1.16 0.25 2.87 0.00 2.49 3.01 3.22 0.00 2.63 0.00 3.43 0.00 0.00 0.00 0.00 2.28 0.00 0.00 0.00 0.00 0.00 0.00 0.00 3.22 2.07 0.00 1.44 0.53 0.00 3.33 0.84 0.00 0.00 0.00 0.00 2.00 0.00 0.00 0.91 0.00 0.28 0.04 1.82 3.43 0.00 0.00 3.19 0.00 0.00 2.42 0.00 3.29 2.24 1.33 0.00 0.46 2.10 0.00
64 0.46 1.79 3.15 0.00 0.00 1.09 0.77 0.00 0.00 0.00 1.30 1.86 1.23 0.00 0.00 0.00 2.21 2.03 0.00 0.00 3.12 0.00 2.98 0.21 0.00 0.00 0.00 0.88 1.40 0.00 3.12 0.00 0.21 2.63 2.38 2.38 3.40 0.00 3.05 0.00 1.72 0.00 0.04 0.00 0.70 0.00 1.02 2.70 0.63 3.36 2.56 0.00 0.00 3.43 2.45 2.14 0.00 0.00 0.00 0.04 2.98 2.70 0.00 0.00 0.00 0.00 0.00 2.84 2.10 2.77 0.00 3.33 0.81 0.00 2.77 0.77 0.35 0.00 0.00 0.00 0.00 0.00 2.63 0.00 0.00 0.00 0.00 0.00 0.00 0.00 2.24 0.00 0.95 2.10 0.56 2.38 0.00 2.28 0.00 0.00
65 0.00 0.00 3.08 0.39 1.86 3.05 0.00 0.00 0.00 2.38 0.39 2.87 0.00 0.00 0.00 0.00 0.70 0.42 1.79 1.30 2.42 0.00 0.00 0.00 3.15 0.00 1.82 2.91 2.14 3.43 0.00 0.74 0.00 0.00 0.00 0.49 0.00 0.84 0.00 0.00 0.00 0.00 1.86 0.00 2.21 0.00 0.00 0.00 2.07 0.00 0.00 2.87 1.65 0.00 0.95 1.86 0.00 0.67 0.00 3.36 3.01 0.00 0.91 3.22 0.00 0.00 0.00 3.22 0.00 0.00 0.53 1.51 0.00 1.05 0.00 0.00 3.15 3.19 0.35 1.33 0.81 3.40 0.00 0.42 0.00 0.00 0.00 0.32 0.00 2.07 3.19 0.00 0.00 0.56 1.82 1.40 0.00 0.00 0.00 0.53
66 1.96 0.28 3.43 0.00 2.31 1.47 0.00 0.95 0.00 0.00 1.51 2.45 0.00 2.91 0.00 0.00 0.00 0.91 1.47 2.38 0.95 0.00 0.67 0.00 1.37 0.14 3.08 1.12 0.00 0.00 0.42 0.00 1.26 0.00 0.00 0.35 0.00 0.00 0.00 0.42 0.00 1.40 0.00 0.35 0.18 0.00 0.00 0.00 0.00 0.00 0.00 1.51 0.00 0.00 0.00 2.17 2.35 0.00 0.00 0.00 0.28 3.08 0.46 2.07 0.00 0.00 0.00 0.00 0.00 0.00 0.00 0.49 0.00 0.00 0.00 0.00 3.40 0.00 0.00 3.01 1.16 2.84 2.87 0.14 0.18 1.33 0.07 0.35 0.00 1.51 3.29 1.05 3.12 3.26 0.00 0.00 0.70 0.00 2.42 1.82
67 1.86 1.19 0.00 0.00 3.47 3.29 0.42 1.16 0.42 2.73 0.00 0.60 0.00 0.00 0.00 1.82 0.84 0.00 0.00 0.00 1.79 0.00 1.26 0.14 0.00 0.00 0.00 0.00 0.00 1.40 0.00 1.51 1.33 0.00 0.00 1.02 0.00 0.00 0.56 0.00 0.00 0.00 0.42 0.00 0.00 0.00 3.15 0.00 0.00 2.91 0.67 0.00 0.00 0.00 1.79 0.00 0.00 0.00 0.00 3.05 3.01 0.00 2.63 0.00 2.84 3.22 0.00 0.00 1.26 0.00 0.00 0.00 0.00 3.01 0.00 0.00 0.00 0.00 0.00 2.38 0.00 0.63 0.00 0.00 2.21 0.56 0.00 1.30 2.03 1.44 1.96 2.38 0.56 0.00 0.00 0.21 0.00 0.53 0.00 0.00
68 2.84 0.00 0.00 2.03 2.24 0.00 1.54 0.00 0.98 0.70 0.07 0.00 0.00 2.24 0.00 0.00 0.00 0.00 2.94 3.43 0.00 0.00 3.43 0.00 0.00 0.00 0.00 0.60 0.00 0.00 0.00 0.07 0.00 0.00 0.67 2.35 0.00 0.00 0.00 0.00 0.00 0.00 0.11 0.00 1.75 3.12 0.00 0.00 3.12 0.00 0.00 1.54 0.00 0.00 0.00 0.00 3.15 0.00 3.22 0.00 0.00 0.00 0.00 1.44 2.10 0.00 0.00 1.26 0.00 0.00 0.00 0.35 0.00 0.81 2.42 0.00 0.00 0.00 2.21 0.00 1.30 0.00 2.59 1.58 0.00 0.00 0.00 0.00 0.00 2.28 2.66 1.09 1.12 0.00 0.74 0.00 0.00 2.77 0.00 3.01
69 0.00 1.86 1.82 3.50 1.58 0.00 0.00 0.00 3.40 0.46 3.26 2.00 0.00 2.66 1.68 0.00 0.00 3.43 0.00 1.05 1.30 1.12 2.00 0.00 0.00 0.00 2.66 0.00 2.17 0.00 0.00 0.00 3.08 0.00 0.00 0.00 1.12 0.00 0.00 0.00 0.56 1.19 0.00 0.98 0.00 0.00 0.11 0.00 0.95 0.00 0.21 0.00 0.00 1.65 0.84 0.14 0.81 3.22 0.00 0.00 0.00 0.00 0.00 0.53 2.77 0.00 0.00 0.00 0.00 0.00 0.00 2.00 1.33 0.00 0.00 0.18 0.84 1.72 2.17 0.00 3.29 1.82 0.91 0.00 2.17 0.00 0.28 0.00 0.95 0.00 1.75 0.00 0.00 0.32 0.70 1.26 2.45 0.00 0.00 0.39
70 0.00 0.00 0.00 2.66 1.82 0.00 0.00 1.05 3.29 2.28 0.00 0.46 0.67 0.00 3.33 0.00 0.00 0.00 0.63 1.61 0.00 2.38 0.95 0.00 0.00 1.37 0.00 2.49 1.96 1.47 0.00 1.96 0.00 0.00 0.00 0.00 0.00 2.28 1.61 0.04 0.56 1.79 2.35 0.00 0.00 2.03 0.00 0.00 0.00 0.00 0.00 1.40 0.07 0.00 2.45 0.00 1.40 3.29 0.00 3.01 0.00 0.00 0.00 0.00 0.00 0.53 0.00 0.00 0.00 0.00 0.00 0.00 0.00 2.14 0.00 0.00 0.00 2.45 2.10 0.00 0.00 1.44 0.07 1.40 0.67 0.00 0.00 1.47 1.37 0.00 0.00 0.00 0.00 0.77 0.00 0.91 1.75 0.81 0.32 2.21
71 2.03 2.00 1.82 0.88 0.00 2.21 2.77 0.00 0.00 0.00 0.00 0.77 0.21 1.75 0.00 0.00 0.00 2.98 1.16 0.00 0.00 3.08 0.84 0.00 3.40 0.91 0.00 3.12 0.39 0.00 0.00 0.00 2.17 2.80 2.98 0.00 0.00 0.81 0.00 0.32 0.60 0.95 0.00 3.15 3.26 1.33 2.49 2.66 0.00 0.00 1.47 0.00 3.12 0.00 2.91 0.00 2.87 0.00 1.30 0.00 3.22 3.36 0.00 3.33 3.33 1.51 0.49 0.00 0.35 2.00 0.00 0.00 1.23 2.28 0.00 2.21 0.00 0.00 0.00 0.00 0.00 0.00 2.03 0.00 0.00 0.00 0.88 1.16 0.00 1.61 0.00 2.14 2.28 0.00 1.75 0.00 0.00 0.00 0.00 1.40
72 1.93 0.00 1.93 2.73 0.00 1.47 0.00 0.18 0.00 2.28 3.40 1.51 0.00 2.52 2.94 0.00 2.59 0.00 0.39 2.14 0.00 0.00 2.70 0.00 3.50 3.33 0.00 2.52 3.40 0.00 1.02 0.00 1.37 0.00 0.00 0.00 1.72 2.91 1.16 1.44 0.00 0.67 0.11 2.84 3.29 2.87 3.33 0.39 2.91 0.39 0.00 1.16 0.00 0.00 3.47 1.96 2.66 3.43 0.00 0.00 0.00 0.00 0.00 0.84 0.81 0.00 0.00 0.00 0.00 1.33 0.00 1.23 0.00 3.50 0.84 0.00 1.86 2.45 0.00 0.46 1.79 1.51 0.77 0.00 0.39 0.00 0.95 0.00 2.91 0.00 1.30 0.00 2.56 0.35 0.00 1.75 0.00 2.63 2.21 0.00
73 0.00 3.01 0.18 0.67 2.63 1.89 0.98 2.66 0.95 3.43 0.00 1.16 0.70 0.00 0.07 0.00 0.00 0.00 0.28 0.00 0.00 0.00 0.00 0.00 1.86 0.00 0.00 0.00 0.00 0.77 0.00 2.21 0.00 1.86 0.00 0.00 0.00 0.00 0.00 3.19 0.00 3.12 0.00 1.30 0.56 0.00 2.56 0.00 0.00 1.79 0.00 0.00 3.29 1.16 0.00 0.00 0.00 0.00 1.51 0.00 2.87 2.31 3.05 0.00 0.00 1.05 0.00 3.01 0.81 0.00 2.14 2.28 3.50 0.00 0.60 0.39 3.36 0.00 0.00 1.37 1.37 2.94 2.00 0.00 1.33 0.00 0.00 0.95 0.00 0.00 0.00 0.00 1.79 0.00 0.00 0.00 0.00 0.00 0.00 0.00
74 0.00 2.77 0.00 1.12 2.45 0.00 0.00 0.00 3.47 3.29 0.84 0.00 0.00 2.98 0.70 1.02 0.00 1.12 2.77 1.51 0.21 0.00 1.68 0.00 0.00 0.67 0.00 0.00 0.42 1.79 0.00 0.00 1.54 0.00 2.03 1.79 2.63 0.00 1.51 0.00 3.33 0.00 1.26 0.00 0.00 2.10 3.05 1.54 0.00 0.00 0.53 2.14 0.00 0.00 0.00 0.00 0.00 0.00 0.00 0.67 0.00 0.00 2.52 0.00 2.77 0.00 0.00 0.00 2.42 0.00 0.00 0.00 0.84 0.60 0.00 1.54 2.73 3.05 0.00 1.12 2.59 2.24 0.00 0.00 0.25 0.00 2.70 0.00 1.12 2.66 0.91 0.00 3.05 1.89 0.00 0.49 0.98 1.47 0.00 0.00
75 0.00 2.31 0.00 0.00 0.00 0.00 0.00 2.77 2.59 0.00 0.00 0.00 0.00 0.00 0.00 0.00 0.46 0.00 2.24 0.00 0.35 0.04 0.00 3.12 3.15 0.00 0.39 0.00 1.44 0.00 1.47 0.00 3.12 0.00 0.00 0.04 0.00 1.72 0.00 0.00 3.08 2.42 0.84 0.46 0.95 1.68 0.00 1.33 3.26 0.00 0.00 0.28 0.00 1.82 0.00 2.84 2.31 0.00 3.08 0.00 0.00 3.47 0.00 0.00 0.77 0.00 0.00 0.00 0.00 0.18 0.00 2.21 0.00 0.39 1.54 0.00 0.00 0.63 0.00 0.00 0.00 0.25 0.00 0.00 0.00 1.54 0.00 3.01 0.00 0.00 2.77 0.00 0.00 0.00 0.00 0.00 2.03 0.00 0.00 3.22
76 0.00 2.66 3.15 0.00 0.81 2.77 2.49 3.40 2.24 0.00 0.07 0.00 0.00 0.00 2.98 0.00 0.00 2.87 0.00 0.63 0.00 0.00 2.56 3.43 0.00 1.72 0.35 0.91 0.00 0.00 0.00 0.00 3.22 2.24 0.00 0.81 0.00 0.00 1.82 3.15 0.56 2.84 2.87 0.00 2.10 3.08 0.00 0.00 0.00 3.15 0.00 0.00 1.19 1.96 0.00 1.75 0.00 3.22 0.00 0.00 3.50 0.00 2.59 0.00 0.35 3.15 3.40 0.00 0.00 0.84 0.00 0.00 1.86 3.36 2.73 0.00 0.00 0.00 2.56 0.00 2.45 0.00 0.00 0.00 0.00 2.73 1.12 0.00 0.00 3.29 0.88 0.00 1.23 2.87 0.00 0.07 0.00 2.94 0.25 0.84
77 0.81 1.16 0.00 0.00 0.00 3.36 2.10 0.00 2.00 3.43 0.00 0.00 0.00 0.00 2.21 0.00 0.00 0.00 1.30 0.00 0.00 0.00 3.36 1.47 1.89 0.00 0.00 0.70 0.00 3.08 0.00 2.31 0.00 0.00 3.43 1.16 0.00 0.00 0.00 0.00 1.89 0.32 0.00 0.00 1.72 0.00 0.00 0.00 0.00 2.87 1.89 0.00 2.24 0.21 3.29 3.08 3.43 1.30 0.00 0.00 0.00 0.14 0.00 2.00 0.00 3.19 0.00 0.00 0.00 1.72 2.45 0.00 2.45 0.00 3.05 0.63 0.00 0.00 2.21 0.00 0.00 3.40 0.00 0.70 0.00 0.00 0.00 0.00 2.31 3.47 0.00 3.40 2.49 0.00 1.09 0.00 1.75 1.33 0.00 0.00
78 1.93 0.00 2.66 2.07 0.00 3.08 0.00 0.00 3.08 2.35 0.32 0.00 0.00 0.00 2.00 0.53 0.00 0.00 0.00 2.63 1.09 0.00 0.00 2.77 0.00 0.00 1.09 0.00 2.59 0.00 0.00 0.00 0.00 2.17 0.46 0.00 0.88 0.18 0.00 0.00 0.91 0.00 1.44 3.19 0.00 1.51 3.19 2.66 0.53 2.63 0.00 0.00 2.28 0.00 0.00 1.68 3.40 0.00 0.00 2.94 3.12 0.00 1.72 0.00 0.00 0.35 0.00 0.00 2.21 2.17 2.10 0.00 0.00 0.00 0.00 0.00 2.56 2.21 0.00 2.42 2.03 1.82 0.00 0.00 3.29 0.00 3.47 1.44 2.07 0.00 0.00 3.26 0.00 2.56 0.00 3.36 1.61 1.61 3.05 0.00
79 1.65 0.53 0.91 0.00 0.00 0.00 0.00 2.91 0.91 0.00 3.01 0.67 3.50 0.39 2.21 0.00 2.38 2.94 1.16 3.15 0.00 2.10 0.00 0.00 0.00 3.47 0.70 0.39 0.00 0.00 0.00 2.73 0.00 0.00 2.52 3.36 0.00 0.00 1.72 2.31 1.75 0.00 0.00 0.00 3.29 2.66 1.19 0.00 0.00 0.00 1.65 1.40 3.43 2.24 0.00 1.16 0.00 0.00 2.35 0.00 0.00 0.00 0.00 0.00 0.00 1.33 3.01 2.38 0.00 0.00 0.00 0.00 0.46 1.37 1.12 0.00 0.00 0.00 2.42 0.00 1.89 0.00 0.00 0.00 2.80 0.00 0.00 0.00 2.66 3.26 0.14 0.00 0.25 0.14 0.00 1.12 0.00 0.07 0.00 0.00
80 0.00 0.00 0.00 0.00 0.00 0.00 0.00 0.14 0.00 2.00 3.01 0.00 0.00 0.63 0.00 0.00 0.00 0.91 0.67 1.68 3.36 3.26 0.00 0.00 2.80 0.04 0.77 0.00 3.43 0.00 0.18 2.84 2.42 0.00 1.89 0.00 0.00 0.00 0.70 0.00 0.00 1.23 0.00 2.94 0.00 2.35 1.58 1.47 0.00 1.37 0.00 0.28 3.33 2.73 3.33 0.00 0.00 0.00 0.14 0.00 0.18 1.47 0.00 0.91 0.00 0.81 1.16 0.00 1.30 3.29 0.00 0.00 1.79 1.37 2.59 0.00 2.45 0.00 2.03 1.89 0.00 1.02 2.31 0.63 3.15 0.00 0.00 0.32 0.00 0.88 0.00 0.00 0.00 3.47 0.42 2.24 0.00 0.00 3.12 2.00
81 0.00 3.26 3.43 0.00 2.66 0.00 0.00 0.00 0.00 0.49 0.00 0.00 0.00 0.67 0.00 2.42 2.35 1.86 2.07 2.98 0.00 0.00 0.00 1.79 0.14 0.00 0.49 0.00 0.53 2.10 0.60 1.37 0.00 0.00 1.93 2.73 0.00 3.43 0.35 0.00 1.47 2.45 3.22 0.00 2.70 1.40 0.00 2.77 0.11 2.03 0.00 2.03 0.00 1.96 3.47 0.88 2.66 0.00 0.00 2.56 0.00 1.37 2.03 0.00 0.00 3.40 2.84 0.63 0.00 1.82 1.44 0.00 1.51 2.94 2.24 0.25 0.00 3.40 1.82 0.00 1.02 0.00 0.00 0.00 0.07 1.72 2.91 0.00 0.32 0.21 1.61 2.73 0.00 2.70 0.00 2.24 0.28 2.94 1.68 3.26
82 0.00 0.00 2.84 0.00 1.02 0.00 2.59 0.00 0.00 0.00 0.00 0.00 0.88 1.26 2.14 2.03 0.98 0.00 0.00 0.00 3.26 1.47 0.00 0.70 0.00 0.00 0.00 0.00 3.43 0.81 0.00 0.00 0.28 1.33 1.30 0.00 0.00 0.00 0.00 2.59 0.00 0.00 2.14 0.00 0.00 0.77 1.82 2.45 1.96 3.22 0.18 2.98 0.00 0.00 1.86 0.00 2.24 1.02 3.36 1.05 0.00 3.26 1.09 0.28 2.63 0.00 2.87 0.00 2.59 0.91 0.07 2.03 0.77 2.00 0.00 0.00 0.00 0.00 0.00 0.00 2.31 0.00 0.00 0.00 0.00 2.91 0.00 1.79 0.00 0.00 0.00 2.17 0.49 0.00 0.00 1.96 0.00 0.07 0.67 0.00
83 0.70 0.00 0.00 0.00 0.25 0.00 0.00 0.00 0.00 0.00 1.44 0.00 2.94 1.47 3.12 0.00 0.00 0.00 0.25 0.00 2.03 0.67 0.00 0.00 0.00 0.56 2.38 1.19 0.00 0.00 2.17 0.00 0.00 1.65 2.10 0.07 2.45 1.37 0.00 0.25 0.00 1.86 0.00 0.00 2.38 0.00 0.00 3.36 2.91 2.98 0.00 0.00 1.58 0.00 0.00 1.12 0.00 0.00 3.19 0.00 0.00 2.07 1.93 0.04 0.00 0.42 0.14 0.00 1.58 0.00 1.40 0.00 0.00 0.00 0.00 0.00 0.00 0.70 0.00 0.00 0.63 0.00 0.00 0.00 1.23 2.94 0.11 0.00 0.00 0.46 0.14 0.00 1.86 0.46 0.00 2.77 1.58 3.12 2.42 0.00
84 0.00 0.00 3.22 0.00 0.00 0.00 0.00 0.00 2.87 0.00 1.37 0.00 0.00 1.65 0.00 3.36 0.00 0.00 0.00 1.58 0.00 1.30 0.00 2.80 0.00 1.72 2.84 3.19 1.54 0.77 0.00 2.28 3.19 2.73 0.00 0.04 0.00 2.98 0.00 3.12 3.08 0.00 1.12 0.00 0.00 2.49 0.00 2.56 0.00 0.00 0.00 3.12 0.00 0.88 0.00 0.84 2.98 1.75 3.36 0.00 0.00 1.96 0.00 1.82 0.00 0.00 0.18 2.21 0.00 2.17 0.67 0.00 0.39 1.33 0.25 0.00 0.00 0.00 3.29 2.80 3.15 0.07 0.00 1.23 0.00 0.00 3.22 3.05 2.38 1.30 2.24 1.61 0.00 0.00 2.73 0.00 1.30 0.00 1.93 0.00
85 1.37 0.00 0.00 0.00 0.60 2.49 0.00 3.29 0.00 0.00 1.16 0.67 0.00 0.00 0.70 0.00 0.00 1.33 1.37 2.24 0.00 2.63 0.84 3.08 0.00 0.00 3.43 2.24 0.00 0.00 3.19 0.39 0.00 1.75 1.68 0.56 3.22 0.28 0.00 1.54 1.12 0.00 2.17 1.26 0.00 0.00 0.00 0.60 0.00 0.00 2.80 1.79 0.00 1.58 0.00 0.00 0.00 1.61 0.00 0.00 0.39 1.33 0.00 3.43 0.00 0.00 1.33 0.56 0.00 0.00 0.00 0.00 0.00 0.00 0.00 1.54 2.73 0.00 0.00 0.00 0.00 1.72 2.91 2.94 0.00 0.00 1.05 0.25 2.59 0.00 1.19 0.00 3.29 0.00 1.44 0.00 0.00 2.42 0.77 0.00
86 1.23 0.00 0.00 0.00 0.88 0.00 0.00 0.00 0.00 2.73 2.70 0.00 3.01 0.28 3.08 0.00 2.24 0.00 0.00 0.98 0.00 0.00 2.00 1.37 1.75 0.00 0.95 0.00 0.00 2.14 0.74 2.00 1.89 0.14 0.00 0.00 2.21 0.00 2.45 2.10 0.00 0.00 2.21 1.68 0.00 0.00 0.00 0.00 0.00 0.56 2.77 1.96 0.00 2.52 0.00 0.14 0.00 0.00 0.25 0.00 3.33 3.12 0.00 0.00 0.00 0.00 0.07 0.00 0.00 0.28 0.00 0.88 0.95 0.00 2.70 0.00 1.12 0.00 3.47 0.00 0.00 2.91 0.00 0.11 3.22 1.05 0.00 0.98 2.42 2.52 0.00 0.53 0.00 0.63 0.00 0.00 0.00 0.00 1.93 2.21
87 0.00 0.00 1.54 0.00 2.52 0.04 0.00 0.46 0.00 0.00 1.89 0.07 1.58 1.61 0.63 0.49 0.00 3.15 0.00 0.00 0.00 0.00 0.00 0.00 1.75 3.43 0.00 0.00 0.63 2.52 0.00 0.18 0.00 0.00 0.00 2.63 0.00 0.00 0.91 0.70 0.00 0.00 1.02 0.00 0.21 0.00 2.52 0.49 0.42 0.00 0.00 2.45 3.12 2.66 0.00 0.60 2.80 0.00 0.00 0.00 2.59 0.00 1.82 0.00 0.00 0.32 0.35 1.30 0.00 0.00 1.47 1.16 0.00 0.95 0.00 3.01 0.00 0.00 1.44 0.00 0.32 0.00 1.79 0.00 3.05 0.25 0.98 0.00 0.00 3.29 2.80 0.00 1.23 1.58 3.12 0.46 0.00 0.21 2.70 0.00
88 1.82 3.43 0.77 0.00 0.00 1.05 0.00 1.02 0.00 3.40 0.00 0.77 3.43 1.47 0.00 1.82 0.11 0.00 0.00 0.53 0.98 0.56 0.00 0.00 0.00 0.00 1.19 0.00 3.43 1.23 0.00 0.67 0.00 0.00 0.00 1.96 0.00 1.58 0.00 0.00 0.00 2.35 0.56 1.47 0.00 0.00 0.00 0.32 1.65 0.00 0.00 1.30 1.23 0.00 0.00 2.66 0.00 3.01 0.00 0.84 0.28 2.14 0.32 3.19 0.00 0.00 0.00 2.03 0.00 0.95 1.37 0.00 2.91 0.00 1.12 0.00 0.00 2.31 2.07 2.66 0.00 0.32 0.00 0.00 2.38 2.59 2.42 0.00 0.00 0.00 2.14 0.00 1.47 0.00 0.00 0.00 0.00 2.70 0.81 0.00
89 0.81 0.74 2.38 0.00 1.09 0.00 2.03 0.00 2.45 0.00 0.00 3.12 2.31 3.22 0.07 1.86 0.91 0.00 3.36 0.00 0.00 1.75 2.03 0.00 0.91 0.00 0.00 0.00 1.79 0.14 3.26 0.00 0.00 2.52 1.26 0.00 0.00 1.75 0.00 2.80 1.12 0.00 1.96 0.00 0.00 0.00 2.73 0.00 0.00 0.00 0.00 3.15 1.86 0.00 0.00 2.00 1.89 0.00 3.22 0.00 3.47 1.58 0.00 0.00 0.00 2.07 1.51 1.44 2.28 0.00 0.00 1.61 0.00 0.00 2.66 0.00 3.29 3.47 0.00 3.26 0.88 0.21 0.00 0.46 1.30 0.00 2.52 3.29 0.00 0.00 0.00 0.00 0.00 0.00 0.67 0.14 1.02 0.00 0.00 2.56
90 1.33 1.82 0.00 0.00 0.00 0.00 2.63 0.00 0.00 0.00 0.00 0.28 3.47 0.00 0.00 0.00 0.00 1.47 0.00 0.00 0.70 1.19 0.77 0.53 0.11 0.00 0.00 0.00 0.00 0.00 2.59 1.37 0.00 0.00 0.00 3.19 0.07 0.39 0.91 0.00 1.75 2.45 1.86 3.26 0.00 2.31 0.00 0.00 0.32 0.84 0.00 0.00 0.00 1.30 1.30 0.00 0.60 0.00 0.00 0.00 1.54 0.00 0.00 0.00 2.24 3.19 3.29 1.96 2.66 1.75 0.00 0.00 1.30 0.00 0.91 2.77 0.88 0.00 0.00 0.14 0.00 1.61 0.00 0.14 2.24 1.19 0.00 2.80 2.14 0.00 0.00 0.00 2.98 0.00 0.00 0.00 0.00 2.87 1.16 0.00
91 1.16 0.00 0.00 0.60 1.58 0.00 2.00 0.00 0.00 1.30 0.00 0.00 0.00 0.00 2.49 2.73 0.32 0.00 1.72 0.00 2.91 0.53 0.00 0.39 2.66 0.00 1.75 1.26 0.00 3.01 3.26 0.00 0.00 0.39 2.84 0.00 2.38 0.00 1.40 0.00 3.05 0.00 1.79 0.00 0.00 3.05 0.00 0.00 0.00 0.00 0.00 3.33 0.00 0.00 2.94 3.29 0.63 0.00 0.77 0.00 0.00 0.00 1.12 2.42 0.00 0.00 1.05 2.38 1.09 0.00 0.00 2.14 0.00 0.00 0.00 0.00 0.00 3.40 3.26 0.00 0.00 2.73 2.17 0.00 1.61 0.00 0.53 0.00 0.00 0.00 0.00 0.00 0.07 0.56 0.25 2.42 0.00 1.23 3.12 2.80
92 0.00 0.00 1.61 0.00 1.93 0.00 1.37 1.05 0.00 1.61 0.60 1.72 0.00 0.00 0.60 1.37 1.44 0.00 0.00 0.11 2.77 0.00 3.36 1.37 0.84 0.00 0.00 0.00 0.00 2.17 2.21 1.02 0.00 0.00 2.52 2.21 0.00 0.00 0.00 0.00 0.00 1.68 1.33 2.49 0.70 2.42 0.00 0.00 0.60 0.00 2.07 1.51 0.25 3.40 0.00 0.00 2.07 0.18 0.77 3.08 0.00 2.91 1.47 0.00 0.95 0.00 3.12 0.56 1.12 0.00 0.00 2.28 2.56 1.79 3.05 0.00 1.23 2.49 0.00 0.25 0.00 0.00 0.49 1.86 0.00 3.29 0.00 1.23 1.47 0.00 2.98 0.07 0.00 0.00 1.89 2.45 1.96 0.14 3.36 0.00
93 0.00 0.00 0.35 1.86 0.88 3.43 0.00 0.00 0.00 2.45 0.00 0.00 1.93 0.00 0.00 0.00 1.58 1.16 2.49 0.00 0.00 2.38 0.00 3.12 0.39 0.63 0.53 0.00 0.00 0.00 0.00 3.12 2.45 0.00 0.00 0.00 2.59 0.28 0.32 0.00 1.58 0.88 0.00 0.00 0.00 0.00 1.12 0.00 0.91 0.00 0.00 0.00 0.32 0.00 3.43 1.26 0.00 0.00 0.00 3.40 0.00 0.00 0.00 3.29 2.10 0.56 3.26 0.00 0.00 0.32 0.77 0.00 0.35 0.00 1.89 0.00 2.87 0.00 2.56 0.14 3.47 2.70 0.00 0.46 0.00 0.00 0.63 1.58 0.00 0.00 0.00 0.56 0.00 0.00 2.94 2.10 0.46 2.07 0.00 2.24
94 0.00 3.29 0.11 0.00 0.00 3.33 2.87 3.08 0.00 0.00 2.80 0.56 2.42 0.00 0.00 2.10 0.77 2.45 2.91 2.42 0.32 3.47 0.67 2.70 0.00 3.40 0.00 0.95 0.00 3.40 0.49 0.00 0.00 2.10 0.00 0.00 2.73 0.00 0.00 0.00 0.00 0.00 1.44 0.00 0.00 0.70 0.00 1.02 0.00 2.21 0.88 0.00 0.00 1.58 0.00 0.00 1.89 3.26 0.91 0.00 1.79 0.00 0.00 2.24 0.56 1.82 0.00 0.00 0.74 0.70 0.00 1.75 0.00 0.00 0.00 0.00 0.00 1.09 0.00 0.00 0.42 0.00 0.00 0.00 2.73 1.44 0.00 3.12 0.00 0.67 0.00 0.25 1.89 2.94 0.00 0.00 0.00 0.00 2.49 2.70
95 1.58 0.00 0.00 3.50 0.63 0.00 0.00 0.00 0.00 0.67 2.00 0.49 3.36 2.38 0.00 0.00 0.18 0.00 2.73 0.00 0.84 0.00 0.00 2.49 2.98 0.00 0.00 2.91 2.45 0.00 0.88 0.00 2.35 0.00 2.66 2.45 0.39 0.00 0.18 0.91 0.00 3.08 0.00 0.00 2.45 3.12 0.00 0.00 0.74 3.12 0.00 0.00 0.00 0.00 3.22 2.87 0.00 1.05 0.00 0.00 1.47 1.68 0.00 1.33 2.38 1.40 0.00 0.21 0.00 1.26 0.91 0.00 1.75 0.00 0.49 0.00 0.07 0.00 3.36 1.12 2.24 2.24 1.96 2.77 0.00 0.00 0.00 0.46 0.00 0.14 0.00 2.42 2.45 2.10 0.00 0.00 2.21 0.00 0.46 0.00
96 2.98 1.02 0.00 0.00 3.22 3.33 1.58 0.00 1.79 3.08 3.12 0.00 0.63 0.00 0.00 0.07 0.00 0.00 0.67 3.08 0.00 1.44 0.00 0.00 1.96 0.00 0.70 2.10 0.00 0.18 0.00 0.00 0.00 2.17 3.12 1.75 0.00 0.00 0.07 1.09 0.00 3.12 0.00 0.00 0.00 0.00 0.63 0.00 0.00 0.18 0.98 2.77 0.00 1.51 0.00 0.00 0.00 3.08 0.00 0.00 1.12 0.84 0.56 0.00 0.00 0.00 0.70 0.00 0.00 2.45 1.75 0.00 0.00 0.00 0.98 2.03 0.00 1.75 1.61 0.00 0.00 0.28 0.00 1.58 1.30 0.00 0.00 0.00 0.00 1.02 0.00 0.00 1.96 0.46 0.00 2.21 0.00 0.70 0.00 0.00
97 3.19 0.00 3.50 0.04 1.96 0.00 3.05 0.00 0.00 0.00 2.84 0.00 0.14 2.14 1.75 0.00 0.00 0.00 3.15 3.47 0.00 2.21 0.00 0.00 0.00 0.00 0.67 0.00 0.74 0.35 0.00 2.84 0.00 1.23 0.00 0.00 0.00 0.00 1.61 2.77 1.02 0.14 0.00 0.00 3.36 0.00 0.00 0.00 0.84 1.89 1.09 0.98 2.17 0.00 0.00 0.00 2.07 0.21 0.00 1.19 0.70 0.84 0.00 0.46 2.28 0.00 0.00 0.53 2.77 0.00 0.81 0.00 2.63 0.00 1.47 0.00 2.94 1.33 1.61 0.07 0.00 2.94 0.07 3.12 0.00 2.42 0.00 0.21 2.70 0.00 2.87 1.23 0.14 2.07 0.00 0.00 0.70 0.00 3.36 1.40
98 0.39 2.10 1.37 2.52 2.42 0.00 0.00 3.22 0.00 1.33 0.00 2.49 2.98 1.37 0.74 0.77 0.00 0.18 1.79 3.22 0.00 0.56 0.00 0.00 1.12 2.17 2.42 0.00 1.51 2.52 0.70 0.00 0.00 2.87 3.15 1.09 1.79 0.00 0.00 1.37 0.84 0.00 0.74 0.00 0.00 0.00 0.00 0.00 0.00 0.00 3.12 0.98 0.00 0.00 1.58 0.00 0.00 3.50 0.00 2.17 3.43 2.03 0.00 2.10 0.00 0.00 2.42 0.00 0.00 0.00 0.32 0.00 2.21 0.00 0.00 0.00 0.25 0.00 3.05 0.00 3.12 1.68 0.67 2.42 1.93 0.77 1.93 2.70 0.81 0.00 1.16 3.12 3.36 0.00 2.49 0.46 0.00 3.36 0.00 0.00
99 0.00 2.52 0.00 1.40 0.00 0.00 0.00 0.91 0.07 0.00 0.00 3.29 0.00 1.82 1.61 2.56 0.00 2.66 2.73 0.00 1.47 1.44 1.26 0.00 1.93 1.02 1.40 0.00 0.00 0.00 0.46 0.32 0.00 3.01 2.84 2.42 0.00 2.63 2.63 0.95 3.26 0.00 0.00 2.56 1.23 0.00 0.00 0.00 0.25 0.00 0.63 1.05 1.79 0.84 0.00 1.40 0.00 0.00 2.94 0.00 0.00 0.00 0.00 0.00 0.00 0.53 1.82 0.00 3.01 0.39 2.21 1.40 0.00 0.00 0.00 3.22 0.84 0.00 0.00 0.00 2.00 3.26 0.00 0.00 0.00 0.00 2.21 0.00 0.00 2.56 0.00 2.80 0.00 2.24 2.70 0.00 0.00 1.40 0.00 0.00

ITEMS
nominal_profits 0.00 38.00 0.00 43.00 0.00 1.00 23.00 0.00 0.00 54.00 80.00 0.00 0.00 0.00 72.00 0.00 0.00 0.00 99.00 0.00 0.00 0.00 80.00 0.00 98.00 86.00 0.00 0.00 20.00 0.00 0.00 72.00 58.00 0.00 22.00 0.00 0.00 0.00 3.00 0.00 12.00 13.00 52.00 0.00 0.00 0.00 0.00 0.00 57.00 0.00 0.00 0.00 76.00 17.00 1.00 19.00 81.00 0.00 0.00 25.00 29.00 51.00 95.00 47.00 0.00 74.00 0.00 0.00 0.00 0.00 13.00 26.00 0.00 5.00 32.00 83.00 22.00 47.00 0.00 57.00 87.00 0.00 0.00 31.00 0.00 99.00 0.00 0.00 85.00 0.00 0.00 63.00 0.00 27.00 0.00 75.00 47.00 88.00 51.00 10.00
weights 16 35 37 46 28 12 13 3 43 11 24 35 41 13 40 44 10 40 34 9 27 27 1 34 27 3 42 25 50 47 15 20 29 7 48 1 48 12 3 26 1 11 3 46 13 1 45 44 15 49 42 47 35 4 14 23 31 13 42 21 7 39 21 2 26 28 36 5 10 19 38 25 16 38 6 29 16 6 31 15 19 49 45 44 21 15 6 29 47 16 44 42 36 14 32 27 34 11 21 26
capacity 1562
k_max 78

COMMENTS
original_pairwise_profits
0 0.00 23.00 0.00 5.00 95.00 0.00 0.00 0.00 11.00 43.00 83.00 0.00 22.00 57.00 0.00 57.00 0.00 4.00 87.00 0.00 0.00 0.00 0.00 0.00 0.00 0.00 0.00 21.00 0.00 40.00 0.00 46.00 6.00 0.00 71.00 0.00 17.00 0.00 83.00 0.00 0.00 0.00 60.00 48.00 0.00 0.00 0.00 0.00 70.00 0.00 55.00 0.00 10.00 96.00 0.00 92.00 10.00 44.00 0.00 0.00 0.00 31.00 0.00 26.00 13.00 0.00 56.00 53.00 81.00 0.00 0.00 58.00 55.00 0.00 0.00 0.00 0.00 23.00 55.00 47.00 0.00 0.00 0.00 20.00 0.00 39.00 35.00 0.00 52.00 23.00 38.00 33.00 0.00 0.00 0.00 45.00 85.00 91.00 11.00 0.00
1 23.00 0.00 0.00 0.00 0.00 0.00 0.00 12.00 0.00 61.00 54.00 0.00 0.00 86.00 0.00 39.00 0.00 15.00 93.00 31.00 0.00 0.00 24.00 63.00 0.00 0.00 4.00 0.00 0.00 99.00 31.00 0.00 49.00 69.00 0.00 64.00 18.00 0.00 0.00 0.00 43.00 36.00 23.00 63.00 0.00 93.00 0.00 0.00 0.00 0.00 14.00 2.00 0.00 65.00 0.00 45.00 0.00 0.00 36.00 45.00 0.00 0.00 0.00 34.00 51.00 0.00 8.00 34.00 0.00 53.00 0.00 57.00 0.00 86.00 79.00 66.00 76.00 33.00 0.00 15.00 0.00 93.00 0.00 0.00 0.00 0.00 0.00 0.00 98.00 21.00 52.00 0.00 0.00 0.00 94.00 0.00 29.00 0.00 60.00 72.00
2 0.00 0.00 0.00 0.00 16.00 22.00 59.00 39.00 0.00 0.00 64.00 3.00 53.00 0.00 0.00 0.00 2.00 75.00 0.00 26.00 96.00 44.00 0.00 0.00 94.00 0.00 36.00 45.00 85.00 2.00 0.00 48.00 15.00 0.00 11.00 35.00 0.00 7.00 0.00 78.00 54.00 8.00 44.00 0.00 69.00 93.00 0.00 21.00 33.00 0.00 0.00 31.00 0.00 57.00 0.00 68.00 0.00 48.00 17.00 71.00 0.00 0.00 0.00 87.00 90.00 88.00 98.00 0.00 0.00 52.00 0.00 52.00 55.00 5.00 0.00 0.00 90.00 0.00 76.00 26.00 0.00 98.00 81.00 0.00 92.00 0.00 0.00 44.00 22.00 68.00 0.00 0.00 46.00 10.00 3.00 0.00 0.00 100.00 39.00 0.00
3 5.00 0.00 0.00 0.00 96.00 0.00 17.00 0.00 0.00 26.00 86.00 0.00 75.00 0.00 89.00 0.00 26.00 0.00 71.00 0.00 50.00 60.00 0.00 0.00 0.00 26.00 29.00 48.00 36.00 68.00 9.00 66.00 0.00 0.00 0.00 63.00 60.00 86.00 39.00 0.00 14.00 50.00 0.00 10.00 0.00 0.00 0.00 0.00 48.00 44.00 0.00 66.00 26.00 0.00 0.00 86.00 0.00 0.00 0.00 30.00 42.00 34.00 0.00 0.00 0.00 11.00 0.00 0.00 58.00 100.00 76.00 25.00 78.00 19.00 32.00 0.00 0.00 0.00 59.00 0.00 0.00 0.00 0.00 0.00 0.00 0.00 0.00 0.00 0.00 0.00 0.00 17.00 0.00 53.00 0.00 100.00 0.00 1.00 72.00 40.00
4 95.00 0.00 16.00 96.00 0.00 54.00 0.00 33.00 29.00 52.00 0.00 0.00 12.00 0.00 0.00 18.00 23.00 0.00 1.00 52.00 44.00 0.00 23.00 0.00 0.00 0.00 0.00 0.00 45.00 71.00 35.00 0.00 0.00 56.00 88.00 95.00 54.00 0.00 10.00 0.00 69.00 99.00 72.00 50.00 71.00 33.00 81.00 0.00 0.00 99.00 0.00 51.00 78.00 21.00 0.00 75.00 0.00 0.00 0.00 0.00 10.00 38.00 18.00 20.00 0.00 53.00 66.00 99.00 64.00 45.00 52.00 0.00 0.00 75.00 70.00 0.00 23.00 0.00 0.00 0.00 0.00 76.00 29.00 7.00 0.00 17.00 25.00 72.00 0.00 31.00 0.00 45.00 55.00 25.00 0.00 18.00 92.00 56.00 69.00 0.00
5 0.00 0.00 22.00 0.00 54.00 0.00 0.00 66.00 70.00 0.00 47.00 41.00 0.00 39.00 55.00 0.00 0.00 74.00 13.00 0.00 53.00 67.00 0.00 88.00 0.00 31.00 34.00 0.00 0.00 0.00 0.00 0.00 0.00 86.00 0.00 0.00 0.00 0.00 93.00 0.00 57.00 82.00 0.00 46.00 0.00 17.00 0.00 0.00 95.00 64.00 48.00 0.00 0.00 27.00 0.00 97.00 3.00 0.00 0.00 40.00 33.00 53.00 0.00 0.00 31.00 87.00 42.00 94.00 0.00 0.00 0.00 63.00 42.00 54.00 0.00 0.00 79.00 96.00 88.00 0.00 0.00 0.00 0.00 0.00 0.00 71.00 0.00 1.00 30.00 0.00 0.00 0.00 0.00 98.00 95.00 0.00 95.00 0.00 0.00 0.00
6 0.00 0.00 59.00 17.00 0.00 0.00 0.00 52.00 19.00 0.00 61.00 61.00 0.00 0.00 17.00 0.00 0.00 0.00 0.00 0.00 88.00 44.00 7.00 30.00 100.00 49.00 64.00 0.00 16.00 0.00 0.00 79.00 75.00 20.00 78.00 100.00 92.00 0.00 0.00 0.00 0.00 0.00 55.00 70.00 0.00 0.00 0.00 0.00 0.00 0.00 59.00 17.00 0.00 81.00 88.00 0.00 0.00 0.00 23.00 55.00 0.00 63.00 0.00 0.00 22.00 0.00 0.00 12.00 44.00 0.00 0.00 79.00 0.00 28.00 0.00 0.00 71.00 60.00 0.00 0.00 0.00 0.00 74.00 0.00 0.00 0.00 0.00 0.00 0.00 58.00 75.00 57.00 39.00 0.00 82.00 0.00 45.00 87.00 0.00 0.00
7 0.00 12.00 39.00 0.00 33.00 66.00 52.00 0.00 93.00 0.00 0.00 0.00 73.00 85.00 99.00 17.00 0.00 10.00 47.00 35.00 66.00 0.00 80.00 16.00 0.00 0.00 0.00 41.00 0.00 0.00 0.00 43.00 0.00 0.00 0.00 0.00 24.00 42.00 0.00 13.00 0.00 18.00 24.00 0.00 21.00 13.00 0.00 0.00 0.00 22.00 18.00 0.00 0.00 0.00 9.00 0.00 55.00 63.00 2.00 23.00 66.00 0.00 87.00 23.00 0.00 0.00 27.00 33.00 0.00 0.00 30.00 0.00 5.00 76.00 0.00 79.00 97.00 0.00 0.00 83.00 4.00 0.00 0.00 0.00 0.00 94.00 0.00 13.00 29.00 0.00 0.00 0.00 30.00 0.00 88.00 0.00 0.00 0.00 92.00 26.00
8 11.00 0.00 0.00 0.00 29.00 70.00 19.00 93.00 0.00 17.00 85.00 61.00 0.00 15.00 0.00 0.00 0.00 42.00 26.00 0.00 33.00 75.00 0.00 18.00 1.00 60.00 0.00 54.00 82.00 0.00 0.00 31.00 77.00 35.00 10.00 99.00 12.00 2.00 84.00 0.00 0.00 76.00 0.00 83.00 0.00 2.00 0.00 0.00 72.00 0.00 0.00 5.00 100.00 28.00 0.00 50.00 0.00 13.00 27.00 69.00 0.00 0.00 0.00 0.00 0.00 0.00 0.00 12.00 28.00 97.00 94.00 0.00 0.00 27.00 99.00 74.00 64.00 57.00 88.00 26.00 0.00 0.00 0.00 0.00 82.00 0.00 0.00 0.00 0.00 70.00 0.00 0.00 0.00 0.00 0.00 0.00 51.00 0.00 0.00 2.00
9 43.00 61.00 0.00 26.00 52.00 0.00 0.00 0.00 17.00 0.00 0.00 0.00 94.00 0.00 0.00 41.00 0.00 0.00 4.00 83.00 0.00 0.00 75.00 0.00 70.00 0.00 51.00 0.00 92.00 0.00 59.00 68.00 35.00 28.00 0.00 0.00 77.00 6.00 85.00 9.00 78.00 65.00 0.00 62.00 18.00 16.00 0.00 15.00 0.00 15.00 0.00 56.00 85.00 0.00 38.00 12.00 73.00 20.00 0.00 13.00 0.00 9.00 0.00 0.00 0.00 68.00 0.00 78.00 20.00 13.00 65.00 0.00 65.00 98.00 94.00 0.00 0.00 98.00 67.00 0.00 57.00 14.00 0.00 0.00 0.00 0.00 78.00 0.00 97.00 0.00 0.00 37.00 46.00 70.00 0.00 19.00 88.00 0.00 38.00 0.00
10 83.00 54.00 64.00 86.00 0.00 47.00 61.00 0.00 85.00 0.00 0.00 45.00 9.00 78.00 0.00 26.00 13.00 92.00 93.00 17.00 51.00 33.00 0.00 0.00 33.00 0.00 0.00 0.00 0.00 21.00 0.00 0.00 80.00 90.00 0.00 89.00 0.00 25.00 47.00 39.00 0.00 0.00 0.00 0.00 56.00 53.00 61.00 98.00 33.00 58.00 0.00 29.00 100.00 0.00 55.00 0.00 0.00 0.00 0.00 15.00 0.00 0.00 0.00 0.00 37.00 11.00 43.00 0.00 2.00 93.00 0.00 0.00 97.00 0.00 24.00 0.00 2.00 0.00 9.00 86.00 86.00 0.00 0.00 41.00 39.00 33.00 77.00 54.00 0.00 0.00 0.00 0.00 17.00 0.00 80.00 57.00 89.00 81.00 0.00 0.00
11 0.00 0.00 3.00 0.00 0.00 41.00 61.00 0.00 61.00 0.00 45.00 0.00 25.00 38.00 0.00 84.00 94.00 0.00 0.00 93.00 12.00 64.00 50.00 88.00 0.00 0.00 10.00 41.00 80.00 0.00 4.00 88.00 0.00 11.00 90.00 99.00 66.00 12.00 0.00 93.00 0.00 0.00 0.00 17.00 0.00 0.00 0.00 35.00 0.00 0.00 0.00 10.00 0.00 6.00 0.00 0.00 84.00 21.00 36.00 88.00 0.00 81.00 0.00 21.00 53.00 82.00 70.00 17.00 0.00 57.00 13.00 22.00 43.00 33.00 0.00 0.00 0.00 0.00 0.00 19.00 0.00 0.00 0.00 0.00 0.00 19.00 0.00 2.00 22.00 89.00 8.00 0.00 49.00 0.00 16.00 14.00 0.00 0.00 71.00 94.00
12 22.00 0.00 53.00 75.00 12.00 0.00 0.00 73.00 0.00 94.00 9.00 25.00 0.00 0.00 48.00 96.00 0.00 90.00 0.00 70.00 0.00 4.00 34.00 82.00 40.00 91.00 21.00 11.00 15.00 0.00 8.00 0.00 0.00 0.00 0.00 86.00 0.00 0.00 0.00 0.00 0.00 27.00 0.00 0.00 76.00 0.00 0.00 61.00 0.00 0.00 0.00 18.00 3.00 51.00 0.00 18.00 0.00 9.00 62.00 85.00 0.00 79.00 1.00 0.00 35.00 0.00 0.00 0.00 0.00 0.00 19.00 6.00 0.00 20.00 0.00 0.00 0.00 0.00 0.00 100.00 0.00 0.00 25.00 84.00 0.00 0.00 86.00 45.00 98.00 66.00 99.00 0.00 0.00 55.00 69.00 96.00 18.00 4.00 85.00 0.00
13 57.00 86.00 0.00 0.00 0.00 39.00 0.00 85.00 15.00 0.00 78.00 38.00 0.00 0.00 70.00 41.00 0.00 0.00 53.00 0.00 0.00 65.00 0.00 79.00 0.00 34.00 0.00 0.00 96.00 0.00 74.00 0.00 0.00 0.00 46.00 0.00 0.00 0.00 0.00 0.00 0.00 0.00 0.00 47.00 71.00 38.00 0.00 0.00 0.00 98.00 71.00 0.00 0.00 21.00 47.00 40.00 59.00 90.00 30.00 27.00 55.00 0.00 0.00 26.00 0.00 0.00 83.00 0.00 64.00 76.00 0.00 50.00 72.00 0.00 85.00 0.00 0.00 0.00 0.00 11.00 18.00 19.00 36.00 42.00 47.00 0.00 8.00 46.00 42.00 92.00 0.00 0.00 0.00 0.00 0.00 68.00 0.00 61.00 39.00 52.00
14 0.00 0.00 0.00 89.00 0.00 55.00 17.00 99.00 0.00 0.00 0.00 0.00 48.00 70.00 0.00 42.00 100.00 2.00 99.00 0.00 0.00 0.00 0.00 0.00 35.00 0.00 0.00 0.00 70.00 24.00 36.00 41.00 0.00 0.00 40.00 0.00 0.00 87.00 0.00 52.00 98.00 40.00 6.00 32.00 0.00 72.00 66.00 0.00 99.00 55.00 0.00 19.00 23.00 0.00 0.00 39.00 0.00 11.00 0.00 90.00 0.00 0.00 0.00 94.00 0.00 0.00 0.00 0.00 0.00 48.00 95.00 0.00 84.00 2.00 20.00 0.00 85.00 63.00 57.00 63.00 0.00 0.00 61.00 89.00 0.00 20.00 88.00 18.00 0.00 2.00 0.00 71.00 17.00 0.00 0.00 0.00 0.00 50.00 21.00 46.00
15 57.00 39.00 0.00 0.00 18.00 0.00 0.00 17.00 0.00 41.00 26.00 84.00 96.00 41.00 42.00 0.00 0.00 38.00 21.00 48.00 43.00 0.00 0.00 88.00 93.00 0.00 54.00 0.00 81.00 0.00 100.00 0.00 72.00 100.00 51.00 54.00 0.00 36.00 56.00 87.00 0.00 94.00 21.00 1.00 0.00 78.00 54.00 0.00 0.00 27.00 0.00 0.00 0.00 95.00 84.00 0.00 63.00 0.00 0.00 0.00 82.00 54.00 24.00 0.00 0.00 0.00 0.00 52.00 0.00 0.00 0.00 0.00 0.00 0.00 29.00 0.00 0.00 0.00 15.00 0.00 0.00 69.00 58.00 0.00 96.00 0.00 0.00 14.00 52.00 53.00 0.00 78.00 39.00 0.00 60.00 0.00 2.00 0.00 22.00 73.00
16 0.00 0.00 2.00 26.00 23.00 0.00 0.00 0.00 0.00 0.00 13.00 94.00 0.00 0.00 100.00 0.00 0.00 0.00 38.00 16.00 0.00 19.00 0.00 7.00 94.00 0.00 0.00 13.00 18.00 11.00 74.00 0.00 0.00 44.00 44.00 0.00 0.00 0.00 84.00 0.00 29.00 79.00 91.00 79.00 0.00 0.00 0.00 0.00 67.00 9.00 76.00 0.00 94.00 0.00 0.00 0.00 0.00 13.00 31.00 40.00 0.00 38.00 0.00 89.00 63.00 20.00 0.00 24.00 0.00 0.00 0.00 0.00 74.00 0.00 0.00 13.00 0.00 0.00 0.00 68.00 0.00 67.00 28.00 0.00 0.00 0.00 64.00 0.00 3.00 26.00 0.00 9.00 41.00 45.00 22.00 5.00 0.00 0.00 0.00 0.00
17 4.00 15.00 75.00 0.00 0.00 74.00 0.00 10.00 42.00 0.00 92.00 0.00 90.00 0.00 2.00 38.00 0.00 0.00 62.00 33.00 86.00 95.00 94.00 99.00 41.00 92.00 52.00 57.00 0.00 88.00 7.00 85.00 0.00 0.00 37.00 16.00 41.00 47.00 0.00 59.00 32.00 76.00 90.00 0.00 0.00 0.00 0.00 0.00 56.00 11.00 31.00 7.00 0.00 0.00 71.00 31.00 79.00 47.00 90.00 70.00 0.00 36.00 24.00 15.00 58.00 12.00 26.00 0.00 0.00 98.00 0.00 85.00 0.00 0.00 32.00 0.00 82.00 0.00 0.00 84.00 26.00 53.00 0.00 0.00 0.00 38.00 0.00 90.00 0.00 0.00 42.00 0.00 0.00 33.00 70.00 0.00 0.00 0.00 5.00 76.00
18 87.00 93.00 0.00 71.00 1.00 13.00 0.00 47.00 26.00 4.00 93.00 0.00 0.00 53.00 99.00 21.00 38.00 62.00 0.00 0.00 81.00 5.00 0.00 0.00 15.00 46.00 52.00 46.00 0.00 13.00 3.00 85.00 0.00 38.00 0.00 0.00 39.00 8.00 0.00 0.00 0.00 18.00 0.00 0.00 0.00 0.00 0.00 1.00 0.00 43.00 0.00 0.00 83.00 92.00 0.00 20.00 6.00 47.00 0.00 9.00 18.00 0.00 1.00 0.00 0.00 51.00 42.00 0.00 84.00 0.00 18.00 33.00 11.00 8.00 79.00 64.00 0.00 37.00 0.00 33.00 19.00 59.00 0.00 7.00 0.00 39.00 0.00 0.00 0.00 96.00 0.00 49.00 0.00 71.00 83.00 78.00 19.00 90.00 51.00 78.00
19 0.00 31.00 26.00 0.00 52.00 0.00 0.00 35.00 0.00 83.00 17.00 93.00 70.00 0.00 0.00 48.00 16.00 33.00 0.00 0.00 0.00 0.00 0.00 0.00 62.00 0.00 0.00 0.00 37.00 0.00 0.00 0.00 81.00 0.00 0.00 0.00 0.00 0.00 0.00 0.00 0.00 25.00 33.00 11.00 16.00 0.00 1.00 34.00 3.00 0.00 0.00 0.00 0.00 0.00 0.00 85.00 0.00 94.00 0.00 22.00 85.00 44.00 85.00 0.00 0.00 37.00 68.00 0.00 98.00 30.00 46.00 0.00 61.00 0.00 43.00 0.00 18.00 0.00 75.00 90.00 48.00 85.00 0.00 0.00 45.00 64.00 28.00 0.00 15.00 0.00 0.00 0.00 3.00 0.00 69.00 0.00 88.00 99.00 92.00 0.00
20 0.00 0.00 96.00 50.00 44.00 53.00 88.00 66.00 33.00 0.00 51.00 12.00 0.00 0.00 0.00 43.00 0.00 86.00 81.00 0.00 0.00 28.00 0.00 55.00 51.00 57.00 29.00 0.00 0.00 0.00 14.00 84.00 88.00 2.00 18.00 0.00 27.00 0.00 6.00 0.00 0.00 10.00 0.00 35.00 0.00 60.00 16.00 0.00 50.00 47.00 91.00 0.00 0.00 0.00 0.00 36.00 0.00 72.00 37.00 78.00 0.00 0.00 0.00 9.00 89.00 69.00 27.00 51.00 0.00 37.00 0.00 0.00 0.00 0.00 6.00 10.00 0.00 0.00 31.00 0.00 96.00 0.00 93.00 58.00 0.00 0.00 0.00 0.00 28.00 0.00 20.00 83.00 79.00 0.00 9.00 24.00 0.00 0.00 0.00 42.00
21 0.00 0.00 44.00 60.00 0.00 67.00 44.00 0.00 75.00 0.00 33.00 64.00 4.00 65.00 0.00 0.00 19.00 95.00 5.00 0.00 28.00 0.00 0.00 44.00 0.00 58.00 28.00 0.00 0.00 0.00 5.00 78.00 36.00 0.00 0.00 32.00 0.00 68.00 86.00 46.00 0.00 0.00 0.00 99.00 0.00 0.00 0.00 0.00 0.00 48.00 39.00 0.00 0.00 74.00 54.00 62.00 0.00 76.00 53.00 78.00 82.00 29.00 0.00 0.00 0.00 0.00 0.00 0.00 0.00 32.00 68.00 88.00 0.00 0.00 0.00 1.00 0.00 0.00 0.00 60.00 93.00 0.00 42.00 19.00 37.00 75.00 0.00 0.00 16.00 50.00 34.00 15.00 0.00 68.00 99.00 0.00 41.00 63.00 16.00 41.00
22 0.00 24.00 0.00 0.00 23.00 0.00 7.00 80.00 0.00 75.00 0.00 50.00 34.00 0.00 0.00 0.00 0.00 94.00 0.00 0.00 0.00 0.00 0.00 11.00 68.00 15.00 45.00 30.00 0.00 0.00 4.00 94.00 97.00 0.00 48.00 0.00 0.00 0.00 66.00 0.00 0.00 53.00 0.00 0.00 0.00 85.00 0.00 84.00 39.00 25.00 67.00 21.00 93.00 0.00 0.00 84.00 0.00 50.00 0.00 0.00 0.00 96.00 0.00 28.00 85.00 0.00 19.00 36.00 98.00 57.00 27.00 24.00 77.00 0.00 48.00 0.00 73.00 96.00 0.00 0.00 0.00 0.00 0.00 0.00 0.00 24.00 57.00 0.00 0.00 58.00 22.00 0.00 96.00 0.00 19.00 0.00 0.00 0.00 0.00 36.00
23 0.00 63.00 0.00 0.00 0.00 88.00 30.00 16.00 18.00 0.00 0.00 88.00 82.00 79.00 0.00 88.00 7.00 99.00 0.00 0.00 55.00 44.00 11.00 0.00 66.00 63.00 63.00 0.00 0.00 0.00 63.00 83.00 82.00 0.00 75.00 98.00 0.00 83.00 68.00 0.00 0.00 12.00 2.00 0.00 7.00 0.00 60.00 0.00 79.00 74.00 0.00 0.00 46.00 0.00 0.00 14.00 0.00 0.00 98.00 0.00 0.00 43.00 0.00 0.00 6.00 0.00 0.00 4.00 0.00 0.00 0.00 0.00 0.00 0.00 0.00 89.00 98.00 42.00 79.00 0.00 0.00 51.00 20.00 0.00 80.00 88.00 39.00 0.00 0.00 0.00 15.00 11.00 39.00 89.00 77.00 71.00 0.00 0.00 0.00 0.00
24 0.00 0.00 94.00 0.00 0.00 0.00 100.00 0.00 1.00 70.00 33.00 0.00 40.00 0.00 35.00 93.00 94.00 41.00 15.00 62.00 51.00 0.00 68.00 66.00 0.00 12.00 0.00 72.00 0.00 0.00 0.00 0.00 0.00 0.00 0.00 0.00 0.00 0.00 0.00 0.00 98.00 0.00 0.00 41.00 0.00 0.00 0.00 31.00 81.00 0.00 36.00 4.00 77.00 0.00 79.00 54.00 0.00 0.00 0.00 0.00 17.00 16.00 45.00 52.00 0.00 90.00 39.00 0.00 0.00 0.00 0.00 97.00 100.00 53.00 0.00 90.00 0.00 54.00 0.00 0.00 80.00 4.00 0.00 0.00 0.00 0.00 50.00 50.00 0.00 26.00 3.00 76.00 24.00 11.00 0.00 85.00 56.00 0.00 32.00 55.00
25 0.00 0.00 0.00 26.00 0.00 31.00 49.00 0.00 60.00 0.00 0.00 0.00 91.00 34.00 0.00 0.00 0.00 92.00 46.00 0.00 57.00 58.00 15.00 63.00 12.00 0.00 94.00 0.00 45.00 99.00 93.00 14.00 0.00 0.00 6.00 0.00 0.00 36.00 0.00 0.00 0.00 0.00 0.00 0.00 5.00 0.00 0.00 94.00 0.00 93.00 41.00 71.00 0.00 0.00 26.00 0.00 0.00 0.00 0.00 0.00 0.00 0.00 93.00 0.00 0.00 0.00 4.00 0.00 0.00 0.00 39.00 26.00 95.00 0.00 19.00 0.00 49.00 0.00 0.00 99.00 1.00 0.00 0.00 16.00 49.00 0.00 0.00 98.00 0.00 0.00 0.00 0.00 0.00 18.00 97.00 0.00 0.00 0.00 62.00 29.00
26 0.00 4.00 36.00 29.00 0.00 34.00 64.00 0.00 0.00 51.00 0.00 10.00 21.00 0.00 0.00 54.00 0.00 52.00 52.00 0.00 29.00 28.00 45.00 63.00 0.00 94.00 0.00 0.00 0.00 26.00 81.00 0.00 37.00 0.00 52.00 85.00 0.00 59.00 0.00 76.00 63.00 0.00 37.00 0.00 52.00 0.00 0.00 0.00 32.00 21.00 18.00 2.00 0.00 0.00 13.00 0.00 0.00 86.00 88.00 9.00 15.00 65.00 0.00 0.00 0.00 52.00 88.00 0.00 0.00 76.00 0.00 0.00 0.00 0.00 0.00 11.00 10.00 0.00 31.00 20.00 22.00 14.00 0.00 68.00 81.00 98.00 27.00 0.00 34.00 0.00 0.00 50.00 0.00 15.00 0.00 0.00 20.00 19.00 69.00 40.00
27 21.00 0.00 45.00 48.00 0.00 0.00 0.00 41.00 54.00 0.00 0.00 41.00 11.00 0.00 0.00 0.00 13.00 57.00 46.00 0.00 0.00 0.00 30.00 0.00 72.00 0.00 0.00 0.00 95.00 0.00 97.00 68.00 20.00 38.00 0.00 0.00 26.00 0.00 20.00 0.00 0.00 23.00 0.00 0.00 76.00 0.00 0.00 66.00 34.00 98.00 0.00 58.00 0.00 41.00 0.00 50.00 89.00 100.00 0.00 0.00 0.00 80.00 0.00 0.00 25.00 83.00 32.00 0.00 17.00 0.00 71.00 89.00 72.00 0.00 0.00 0.00 26.00 20.00 0.00 11.00 0.00 0.00 0.00 34.00 91.00 64.00 0.00 0.00 0.00 0.00 0.00 36.00 0.00 0.00 27.00 83.00 60.00 0.00 0.00 0.00
28 0.00 0.00 85.00 36.00 45.00 0.00 16.00 0.00 82.00 92.00 0.00 80.00 15.00 96.00 70.00 81.00 18.00 0.00 0.00 37.00 0.00 0.00 0.00 0.00 0.00 45.00 0.00 95.00 0.00 0.00 64.00 83.00 97.00 0.00 0.00 0.00 24.00 0.00 0.00 47.00 2.00 0.00 0.00 85.00 0.00 0.00 0.00 89.00 46.00 0.00 23.00 6.00 30.00 50.00 0.00 7.00 0.00 0.00 0.00 0.00 60.00 0.00 0.00 86.00 40.00 61.00 0.00 0.00 0.00 62.00 56.00 11.00 97.00 0.00 12.00 41.00 0.00 0.00 74.00 0.00 98.00 15.00 98.00 0.00 44.00 0.00 0.00 18.00 98.00 51.00 0.00 0.00 0.00 0.00 0.00 70.00 0.00 21.00 43.00 0.00
29 40.00 99.00 2.00 68.00 71.00 0.00 0.00 0.00 0.00 0.00 21.00 0.00 0.00 0.00 24.00 0.00 11.00 88.00 13.00 0.00 0.00 0.00 0.00 0.00 0.00 99.00 26.00 0.00 0.00 0.00 0.00 32.00 8.00 0.00 85.00 0.00 69.00 0.00 0.00 82.00 0.00 0.00 0.00 0.00 0.00 0.00 0.00 0.00 78.00 0.00 43.00 38.00 83.00 0.00 51.00 85.00 0.00 0.00 0.00 36.00 0.00 0.00 0.00 29.00 0.00 98.00 0.00 40.00 0.00 0.00 42.00 0.00 0.00 22.00 51.00 0.00 0.00 88.00 0.00 0.00 0.00 60.00 23.00 0.00 22.00 0.00 61.00 72.00 35.00 4.00 0.00 86.00 62.00 0.00 97.00 0.00 5.00 10.00 72.00 0.00
30 0.00 31.00 0.00 9.00 35.00 0.00 0.00 0.00 0.00 59.00 0.00 4.00 8.00 74.00 36.00 100.00 74.00 7.00 3.00 0.00 14.00 5.00 4.00 63.00 0.00 93.00 81.00 97.00 64.00 0.00 0.00 0.00 75.00 0.00 41.00 0.00 0.00 51.00 0.00 44.00 43.00 0.00 14.00 0.00 0.00 17.00 73.00 55.00 86.00 0.00 0.00 0.00 0.00 73.00 0.00 0.00 0.00 25.00 75.00 90.00 0.00 90.00 0.00 28.00 89.00 0.00 12.00 0.00 0.00 0.00 0.00 0.00 29.00 0.00 0.00 42.00 0.00 0.00 0.00 0.00 5.00 17.00 0.00 62.00 0.00 91.00 21.00 0.00 0.00 93.00 74.00 93.00 63.00 0.00 14.00 25.00 0.00 0.00 20.00 13.00
31 46.00 0.00 48.00 66.00 0.00 0.00 79.00 43.00 31.00 68.00 0.00 88.00 0.00 0.00 41.00 0.00 0.00 85.00 85.00 0.00 84.00 78.00 94.00 83.00 0.00 14.00 0.00 68.00 83.00 32.00 0.00 0.00 0.00 29.00 53.00 83.00 95.00 0.00 0.00 98.00 24.00 0.00 9.00 0.00 91.00 33.00 0.00 19.00 0.00 94.00 0.00 0.00 0.00 0.00 26.00 42.00 78.00 81.00 64.00 0.00 0.00 70.00 0.00 0.00 0.00 21.00 0.00 43.00 2.00 0.00 56.00 0.00 0.00 63.00 0.00 0.00 0.00 66.00 0.00 78.00 81.00 39.00 0.00 0.00 65.00 11.00 57.00 5.00 19.00 0.00 39.00 0.00 29.00 89.00 0.00 0.00 0.00 81.00 0.00 9.00
32 6.00 49.00 15.00 0.00 0.00 0.00 75.00 0.00 77.00 35.00 80.00 0.00 0.00 0.00 0.00 72.00 0.00 0.00 0.00 81.00 88.00 36.00 97.00 82.00 0.00 0.00 37.00 20.00 97.00 8.00 75.00 0.00 0.00 0.00 0.00 26.00 73.00 0.00 0.00 0.00 32.00 0.00 0.00 95.00 98.00 40.00 0.00 0.00 10.00 84.00 14.00 84.00 56.00 64.00 67.00 0.00 0.00 0.00 9.00 54.00 0.00 0.00 0.00 66.00 6.00 0.00 36.00 38.00 0.00 88.00 0.00 62.00 39.00 0.00 44.00 89.00 92.00 0.00 0.00 0.00 69.00 0.00 8.00 0.00 91.00 0.00 54.00 0.00 0.00 0.00 0.00 0.00 0.00 70.00 0.00 67.00 0.00 0.00 0.00 0.00
33 0.00 69.00 0.00 0.00 56.00 86.00 20.00 0.00 35.00 28.00 90.00 11.00 0.00 0.00 0.00 100.00 44.00 0.00 38.00 0.00 2.00 0.00 0.00 0.00 0.00 0.00 0.00 38.00 0.00 0.00 0.00 29.00 0.00 0.00 0.00 0.00 15.00 0.00 0.00 0.00 0.00 20.00 0.00 0.00 0.00 97.00 0.00 24.00 22.00 71.00 54.00 0.00 0.00 95.00 93.00 0.00 0.00 0.00 45.00 0.00 83.00 82.00 0.00 0.00 75.00 0.00 0.00 0.00 0.00 0.00 0.00 80.00 0.00 53.00 0.00 0.00 64.00 0.00 62.00 0.00 0.00 0.00 38.00 47.00 78.00 50.00 4.00 0.00 0.00 72.00 0.00 11.00 0.00 0.00 60.00 0.00 62.00 35.00 82.00 86.00
34 71.00 0.00 11.00 0.00 88.00 0.00 78.00 0.00 10.00 0.00 0.00 90.00 0.00 46.00 40.00 51.00 44.00 37.00 0.00 0.00 18.00 0.00 48.00 75.00 0.00 6.00 52.00 0.00 0.00 85.00 41.00 53.00 0.00 0.00 0.00 26.00 13.00 90.00 38.00 0.00 0.00 0.00 0.00 6.00 0.00 54.00 0.00 0.00 0.00 19.00 0.00 46.00 0.00 0.00 0.00 0.00 0.00 0.00 49.00 0.00 87.00 0.00 0.00 97.00 68.00 0.00 0.00 0.00 19.00 0.00 0.00 85.00 0.00 0.00 58.00 0.00 0.00 98.00 13.00 72.00 54.00 55.00 37.00 60.00 0.00 48.00 0.00 0.00 0.00 36.00 0.00 81.00 72.00 0.00 0.00 76.00 89.00 0.00 90.00 81.00
35 0.00 64.00 35.00 63.00 95.00 0.00 100.00 0.00 99.00 0.00 89.00 99.00 86.00 0.00 0.00 54.00 0.00 16.00 0.00 0.00 0.00 32.00 0.00 98.00 0.00 0.00 85.00 0.00 0.00 0.00 0.00 83.00 26.00 0.00 26.00 0.00 0.00 94.00 0.00 33.00 46.00 99.00 0.00 22.00 3.00 0.00 49.00 81.00 0.00 98.00 93.00 35.00 19.00 49.00 33.00 75.00 0.00 0.00 91.00 0.00 0.00 0.00 0.00 25.00 68.00 14.00 10.00 29.00 67.00 0.00 0.00 0.00 0.00 0.00 51.00 1.00 23.00 33.00 0.00 96.00 0.00 78.00 0.00 2.00 1.00 16.00 0.00 75.00 56.00 0.00 91.00 0.00 63.00 0.00 0.00 70.00 50.00 0.00 31.00 69.00
36 17.00 18.00 0.00 60.00 54.00 0.00 92.00 24.00 12.00 77.00 0.00 66.00 0.00 0.00 0.00 0.00 0.00 41.00 39.00 0.00 27.00 0.00 0.00 0.00 0.00 0.00 0.00 26.00 24.00 69.00 0.00 95.00 73.00 15.00 13.00 0.00 0.00 0.00 48.00 0.00 64.00 20.00 0.00 0.00 0.00 93.00 77.00 30.00 0.00 0.00 0.00 0.00 32.00 66.00 0.00 0.00 0.00 15.00 63.00 75.00 48.00 17.00 0.00 40.00 97.00 0.00 0.00 0.00 0.00 32.00 0.00 0.00 49.00 0.00 75.00 0.00 0.00 0.00 25.00 0.00 0.00 0.00 0.00 70.00 0.00 92.00 63.00 0.00 0.00 0.00 2.00 68.00 0.00 74.00 78.00 11.00 0.00 0.00 51.00 0.00
37 0.00 0.00 7.00 86.00 0.00 0.00 0.00 42.00 2.00 6.00 25.00 12.00 0.00 0.00 87.00 36.00 0.00 47.00 8.00 0.00 0.00 68.00 0.00 83.00 0.00 36.00 59.00 0.00 0.00 0.00 51.00 0.00 0.00 0.00 90.00 94.00 0.00 0.00 34.00 3.00 0.00 0.00 0.00 30.00 38.00 60.00 0.00 0.00 88.00 69.00 0.00 9.00 50.00 28.00 0.00 51.00 0.00 0.00 28.00 0.00 12.00 47.00 88.00 83.00 0.00 24.00 0.00 0.00 0.00 0.00 65.00 23.00 83.00 0.00 0.00 49.00 0.00 0.00 5.00 0.00 0.00 98.00 0.00 39.00 85.00 8.00 0.00 0.00 45.00 50.00 11.00 0.00 0.00 8.00 0.00 0.00 0.00 0.00 0.00 75.00
38 83.00 0.00 0.00 39.00 10.00 93.00 0.00 0.00 84.00 85.00 47.00 0.00 0.00 0.00 0.00 56.00 84.00 0.00 0.00 0.00 6.00 86.00 66.00 68.00 0.00 0.00 0.00 20.00 0.00 0.00 0.00 0.00 0.00 0.00 38.00 0.00 48.00 34.00 0.00 0.00 4.00 0.00 0.00 48.00 24.00 35.00 88.00 53.00 0.00 66.00 38.00 0.00 68.00 89.00 93.00 0.00 95.00 15.00 34.00 0.00 0.00 85.00 16.00 32.00 87.00 0.00 0.00 16.00 0.00 0.00 46.00 0.00 33.00 0.00 43.00 0.00 52.00 0.00 0.00 49.00 20.00 10.00 0.00 0.00 0.00 0.00 70.00 26.00 0.00 0.00 26.00 40.00 0.00 9.00 0.00 5.00 2.00 46.00 0.00 75.00
39 0.00 0.00 78.00 0.00 0.00 0.00 0.00 13.00 0.00 9.00 39.00 93.00 0.00 0.00 52.00 87.00 0.00 59.00 0.00 0.00 0.00 46.00 0.00 0.00 0.00 0.00 76.00 0.00 47.00 82.00 44.00 98.00 0.00 0.00 0.00 33.00 0.00 3.00 0.00 0.00 78.00 0.00 93.00 89.00 0.00 0.00 67.00 12.00 0.00 0.00 0.00 46.00 99.00 0.00 65.00 0.00 46.00 0.00 0.00 0.00 0.00 13.00 0.00 0.00 0.00 0.00 12.00 0.00 0.00 0.00 1.00 9.00 41.00 91.00 0.00 0.00 90.00 0.00 0.00 66.00 0.00 0.00 74.00 7.00 89.00 44.00 60.00 20.00 0.00 80.00 0.00 0.00 0.00 0.00 0.00 26.00 31.00 79.00 39.00 27.00
40 0.00 43.00 54.00 14.00 69.00 57.00 0.00 0.00 0.00 78.00 0.00 0.00 0.00 0.00 98.00 0.00 29.00 32.00 0.00 0.00 0.00 0.00 0.00 0.00 98.00 0.00 63.00 0.00 2.00 0.00 43.00 24.00 32.00 0.00 0.00 46.00 64.00 0.00 4.00 78.00 0.00 57.00 70.00 0.00 0.00 0.00 84.00 75.00 11.00 0.00 88.00 0.00 0.00 0.00 32.00 24.00 19.00 99.00 0.00 0.00 0.00 24.00 83.00 0.00 49.00 0.00 0.00 0.00 0.00 16.00 16.00 17.00 0.00 0.00 95.00 88.00 16.00 54.00 26.00 50.00 0.00 42.00 0.00 0.00 88.00 32.00 0.00 0.00 0.00 32.00 50.00 87.00 0.00 45.00 0.00 0.00 0.00 29.00 24.00 93.00
41 0.00 36.00 8.00 50.00 99.00 82.00 0.00 18.00 76.00 65.00 0.00 0.00 27.00 0.00 40.00 94.00 79.00 76.00 18.00 25.00 10.00 0.00 53.00 12.00 0.00 0.00 0.00 23.00 0.00 0.00 0.00 0.00 0.00 20.00 0.00 99.00 20.00 0.00 0.00 0.00 57.00 0.00 44.00 0.00 78.00 0.00 0.00 24.00 0.00 91.00 49.00 0.00 50.00 50.00 0.00 0.00 45.00 40.00 0.00 6.00 1.00 25.00 0.00 79.00 0.00 0.00 40.00 0.00 0.00 34.00 51.00 27.00 19.00 89.00 0.00 69.00 81.00 9.00 0.00 0.00 35.00 70.00 0.00 53.00 0.00 0.00 0.00 0.00 67.00 0.00 70.00 0.00 48.00 25.00 0.00 88.00 89.00 4.00 0.00 0.00
42 60.00 23.00 44.00 0.00 72.00 0.00 55.00 24.00 0.00 0.00 0.00 0.00 0.00 0.00 6.00 21.00 91.00 90.00 0.00 33.00 0.00 0.00 0.00 2.00 0.00 0.00 37.00 0.00 0.00 0.00 14.00 9.00 0.00 0.00 0.00 0.00 0.00 0.00 0.00 93.00 70.00 44.00 0.00 60.00 64.00 10.00 0.00 0.00 0.00 0.00 0.00 0.00 0.00 21.00 0.00 0.00 0.00 0.00 22.00 5.00 0.00 31.00 0.00 33.00 1.00 53.00 0.00 12.00 3.00 0.00 67.00 0.00 3.00 0.00 36.00 24.00 82.00 0.00 41.00 0.00 0.00 92.00 61.00 0.00 32.00 62.00 63.00 29.00 16.00 56.00 53.00 51.00 38.00 0.00 41.00 0.00 0.00 0.00 21.00 0.00
43 48.00 63.00 0.00 10.00 50.00 46.00 70.00 0.00 83.00 62.00 0.00 17.00 0.00 47.00 32.00 1.00 79.00 0.00 0.00 11.00 35.00 99.00 0.00 0.00 41.00 0.00 0.00 0.00 85.00 0.00 0.00 0.00 95.00 0.00 6.00 22.00 0.00 30.00 48.00 89.00 0.00 0.00 60.00 0.00 0.00 81.00 87.00 35.00 54.00 0.00 52.00 26.00 0.00 65.00 51.00 0.00 50.00 0.00 100.00 98.00 0.00 41.00 0.00 7.00 0.00 0.00 10.00 0.00 0.00 28.00 0.00 90.00 81.00 37.00 0.00 13.00 0.00 0.00 91.00 0.00 84.00 0.00 0.00 0.00 0.00 36.00 48.00 0.00 42.00 0.00 93.00 0.00 71.00 0.00 0.00 0.00 0.00 0.00 0.00 73.00
44 0.00 0.00 69.00 0.00 71.00 0.00 0.00 21.00 0.00 18.00 56.00 0.00 76.00 71.00 0.00 0.00 0.00 0.00 0.00 16.00 0.00 0.00 0.00 7.00 0.00 5.00 52.00 76.00 0.00 0.00 0.00 91.00 98.00 0.00 0.00 3.00 0.00 38.00 24.00 0.00 0.00 78.00 64.00 0.00 0.00 19.00 0.00 25.00 0.00 0.00 0.00 84.00 97.00 3.00 88.00 54.00 0.00 32.00 73.00 91.00 0.00 0.00 63.00 82.00 20.00 63.00 5.00 0.00 50.00 0.00 0.00 93.00 94.00 16.00 0.00 27.00 60.00 49.00 0.00 94.00 0.00 77.00 0.00 68.00 0.00 0.00 0.00 6.00 0.00 0.00 0.00 0.00 20.00 0.00 0.00 70.00 0.00 96.00 0.00 35.00
45 0.00 93.00 93.00 0.00 33.00 17.00 0.00 13.00 2.00 16.00 53.00 0.00 0.00 38.00 72.00 78.00 0.00 0.00 0.00 0.00 60.00 0.00 85.00 0.00 0.00 0.00 0.00 0.00 0.00 0.00 17.00 33.00 40.00 97.00 54.00 0.00 93.00 60.00 35.00 0.00 0.00 0.00 10.00 81.00 19.00 0.00 0.00 0.00 0.00 0.00 63.00 9.00 74.00 0.00 0.00 0.00 0.00 9.00 0.00 6.00 50.00 0.00 39.00 0.00 0.00 0.00 0.00 0.00 89.00 0.00 58.00 38.00 82.00 0.00 60.00 48.00 88.00 0.00 43.00 76.00 67.00 40.00 22.00 0.00 71.00 0.00 0.00 0.00 0.00 0.00 66.00 87.00 69.00 0.00 20.00 89.00 0.00 0.00 0.00 0.00
46 0.00 0.00 0.00 0.00 81.00 0.00 0.00 0.00 0.00 0.00 61.00 0.00 0.00 0.00 66.00 54.00 0.00 0.00 0.00 1.00 16.00 0.00 0.00 60.00 0.00 0.00 0.00 0.00 0.00 0.00 73.00 0.00 0.00 0.00 0.00 49.00 77.00 0.00 88.00 67.00 84.00 0.00 0.00 87.00 0.00 0.00 0.00 4.00 0.00 29.00 10.00 100.00 0.00 21.00 0.00 0.00 72.00 22.00 45.00 67.00 99.00 0.00 28.00 71.00 29.00 0.00 0.00 90.00 0.00 3.00 0.00 71.00 95.00 73.00 87.00 0.00 0.00 0.00 91.00 34.00 45.00 0.00 52.00 0.00 0.00 0.00 0.00 72.00 0.00 78.00 0.00 0.00 0.00 32.00 0.00 0.00 18.00 0.00 0.00 0.00
47 0.00 0.00 21.00 0.00 0.00 0.00 0.00 0.00 0.00 15.00 98.00 35.00 61.00 0.00 0.00 0.00 0.00 0.00 1.00 34.00 0.00 0.00 84.00 0.00 31.00 94.00 0.00 66.00 89.00 0.00 55.00 19.00 0.00 24.00 0.00 81.00 30.00 0.00 53.00 12.00 75.00 24.00 0.00 35.00 25.00 0.00 4.00 0.00 0.00 0.00 8.00 7.00 0.00 33.00 46.00 64.00 0.00 0.00 0.00 0.00 0.00 77.00 61.00 86.00 77.00 0.00 0.00 0.00 0.00 0.00 0.00 76.00 11.00 0.00 44.00 38.00 0.00 0.00 76.00 0.00 42.00 79.00 70.00 96.00 73.00 17.00 0.00 14.00 9.00 0.00 0.00 0.00 0.00 0.00 29.00 0.00 0.00 0.00 0.00 0.00
48 70.00 0.00 33.00 48.00 0.00 95.00 0.00 0.00 72.00 0.00 33.00 0.00 0.00 0.00 99.00 0.00 67.00 56.00 0.00 3.00 50.00 0.00 39.00 79.00 81.00 0.00 32.00 34.00 46.00 78.00 86.00 0.00 10.00 22.00 0.00 0.00 0.00 88.00 0.00 0.00 11.00 0.00 0.00 54.00 0.00 0.00 0.00 0.00 0.00 53.00 0.00 0.00 78.00 0.00 0.00 0.00 20.00 0.00 0.00 47.00 0.00 0.00 100.00 92.00 18.00 59.00 0.00 0.00 89.00 27.00 0.00 0.00 83.00 0.00 0.00 93.00 0.00 0.00 15.00 0.00 0.00 3.00 56.00 83.00 0.00 0.00 0.00 12.00 47.00 0.00 9.00 0.00 17.00 26.00 0.00 21.00 0.00 24.00 0.00 7.00
49 0.00 0.00 0.00 44.00 99.00 64.00 0.00 22.00 0.00 15.00 58.00 0.00 0.00 98.00 55.00 27.00 9.00 11.00 43.00 0.00 47.00 48.00 25.00 74.00 0.00 93.00 21.00 98.00 0.00 0.00 0.00 94.00 84.00 71.00 19.00 98.00 0.00 69.00 66.00 0.00 0.00 91.00 0.00 0.00 0.00 0.00 29.00 0.00 53.00 0.00 37.00 71.00 87.00 0.00 22.00 0.00 0.00 51.00 67.00 0.00 12.00 34.00 30.00 0.00 96.00 0.00 0.00 83.00 0.00 0.00 0.00 0.00 11.00 51.00 0.00 0.00 90.00 82.00 75.00 0.00 39.00 58.00 92.00 85.00 0.00 0.00 16.00 0.00 0.00 0.00 24.00 0.00 0.00 0.00 63.00 89.00 5.00 54.00 0.00 0.00
50 55.00 14.00 0.00 0.00 0.00 48.00 59.00 18.00 0.00 0.00 0.00 0.00 0.00 71.00 0.00 0.00 76.00 31.00 0.00 0.00 91.00 39.00 67.00 0.00 36.00 41.00 18.00 0.00 23.00 43.00 0.00 0.00 14.00 54.00 0.00 93.00 0.00 0.00 38.00 0.00 88.00 49.00 0.00 52.00 0.00 63.00 10.00 8.00 0.00 37.00 0.00 16.00 60.00 0.00 0.00 0.00 92.00 0.00 36.00 0.00 0.00 0.00 0.00 75.00 73.00 0.00 0.00 19.00 0.00 6.00 0.00 42.00 0.00 0.00 15.00 0.00 0.00 54.00 0.00 47.00 0.00 0.00 5.00 0.00 0.00 80.00 79.00 0.00 0.00 0.00 0.00 0.00 59.00 0.00 25.00 0.00 28.00 31.00 89.00 18.00
51 0.00 2.00 31.00 66.00 51.00 0.00 17.00 0.00 5.00 56.00 29.00 10.00 18.00 0.00 19.00 0.00 0.00 7.00 0.00 0.00 0.00 0.00 21.00 0.00 4.00 71.00 2.00 58.00 6.00 38.00 0.00 0.00 84.00 0.00 46.00 35.00 0.00 9.00 0.00 46.00 0.00 0.00 0.00 26.00 84.00 9.00 100.00 7.00 0.00 71.00 16.00 0.00 78.00 0.00 83.00 0.00 0.00 0.00 24.00 0.00 0.00 0.00 0.00 0.00 0.00 82.00 43.00 0.00 44.00 0.00 40.00 0.00 33.00 0.00 61.00 8.00 0.00 0.00 0.00 40.00 8.00 58.00 85.00 0.00 89.00 51.00 56.00 70.00 37.00 90.00 0.00 95.00 43.00 0.00 0.00 0.00 79.00 28.00 28.00 30.00
52 10.00 0.00 0.00 26.00 78.00 0.00 0.00 0.00 100.00 85.00 100.00 0.00 3.00 0.00 23.00 0.00 94.00 0.00 83.00 0.00 0.00 0.00 93.00 46.00 77.00 0.00 0.00 0.00 30.00 83.00 0.00 0.00 56.00 0.00 0.00 19.00 32.00 50.00 68.00 99.00 0.00 50.00 0.00 0.00 97.00 74.00 0.00 0.00 78.00 87.00 60.00 78.00 0.00 0.00 0.00 0.00 0.00 27.00 13.00 54.00 41.00 47.00 98.00 98.00 0.00 47.00 0.00 0.00 0.00 0.00 2.00 89.00 0.00 94.00 0.00 0.00 34.00 64.00 65.00 98.00 95.00 0.00 0.00 45.00 0.00 0.00 0.00 89.00 35.00 53.00 0.00 0.00 7.00 9.00 0.00 0.00 0.00 62.00 0.00 51.00
53 96.00 65.00 57.00 0.00 21.00 27.00 81.00 0.00 28.00 0.00 0.00 6.00 51.00 21.00 0.00 95.00 0.00 0.00 92.00 0.00 0.00 74.00 0.00 0.00 0.00 0.00 0.00 41.00 50.00 0.00 73.00 0.00 64.00 95.00 0.00 49.00 66.00 28.00 89.00 0.00 0.00 50.00 21.00 65.00 3.00 0.00 21.00 33.00 0.00 0.00 0.00 0.00 0.00 0.00 0.00 87.00 0.00 24.00 0.00 0.00 0.00 0.00 0.00 0.00 98.00 0.00 0.00 0.00 0.00 47.00 0.00 0.00 0.00 33.00 0.00 52.00 56.00 6.00 0.00 64.00 78.00 56.00 0.00 0.00 25.00 45.00 72.00 76.00 0.00 0.00 37.00 0.00 97.00 0.00 45.00 0.00 43.00 0.00 0.00 24.00
54 0.00 0.00 0.00 0.00 0.00 0.00 88.00 9.00 0.00 38.00 55.00 0.00 0.00 47.00 0.00 84.00 0.00 71.00 0.00 0.00 0.00 54.00 0.00 0.00 79.00 26.00 13.00 0.00 0.00 51.00 0.00 26.00 67.00 93.00 0.00 33.00 0.00 0.00 93.00 65.00 32.00 0.00 0.00 51.00 88.00 0.00 0.00 46.00 0.00 22.00 0.00 83.00 0.00 0.00 0.00 58.00 0.00 96.00 0.00 56.00 19.00 62.00 0.00 0.00 70.00 27.00 0.00 51.00 0.00 24.00 70.00 83.00 99.00 0.00 0.00 0.00 0.00 94.00 0.00 0.00 95.00 99.00 53.00 0.00 0.00 0.00 0.00 0.00 0.00 0.00 37.00 84.00 0.00 98.00 0.00 92.00 0.00 0.00 45.00 0.00
55 92.00 45.00 68.00 86.00 75.00 97.00 0.00 0.00 50.00 12.00 0.00 0.00 18.00 40.00 39.00 0.00 0.00 31.00 20.00 85.00 36.00 62.00 84.00 14.00 54.00 0.00 0.00 50.00 7.00 85.00 0.00 42.00 0.00 0.00 0.00 75.00 0.00 51.00 0.00 0.00 24.00 0.00 0.00 0.00 54.00 0.00 0.00 64.00 0.00 0.00 0.00 0.00 0.00 87.00 58.00 0.00 82.00 0.00 0.00 97.00 74.00 0.00 0.00 0.00 61.00 53.00 62.00 0.00 0.00 4.00 0.00 0.00 56.00 0.00 0.00 81.00 50.00 88.00 48.00 33.00 0.00 25.00 0.00 32.00 24.00 0.00 4.00 17.00 76.00 57.00 0.00 94.00 0.00 36.00 0.00 82.00 0.00 0.00 0.00 40.00
56 10.00 0.00 0.00 0.00 0.00 3.00 0.00 55.00 0.00 73.00 0.00 84.00 0.00 59.00 0.00 63.00 0.00 79.00 6.00 0.00 0.00 0.00 0.00 0.00 0.00 0.00 0.00 89.00 0.00 0.00 0.00 78.00 0.00 0.00 0.00 0.00 0.00 0.00 95.00 46.00 19.00 45.00 0.00 50.00 0.00 0.00 72.00 0.00 20.00 0.00 92.00 0.00 0.00 0.00 0.00 82.00 0.00 76.00 86.00 5.00 40.00 98.00 4.00 0.00 0.00 0.00 67.00 0.00 90.00 23.00 40.00 82.00 76.00 0.00 0.00 66.00 0.00 98.00 97.00 0.00 0.00 76.00 64.00 0.00 85.00 0.00 0.00 80.00 0.00 54.00 17.00 18.00 59.00 0.00 54.00 0.00 0.00 59.00 0.00 0.00
57 44.00 0.00 48.00 0.00 0.00 0.00 0.00 63.00 13.00 20.00 0.00 21.00 9.00 90.00 11.00 0.00 13.00 47.00 47.00 94.00 72.00 76.00 50.00 0.00 0.00 0.00 86.00 100.00 0.00 0.00 25.00 81.00 0.00 0.00 0.00 0.00 15.00 0.00 15.00 0.00 99.00 40.00 0.00 0.00 32.00 9.00 22.00 0.00 0.00 51.00 0.00 0.00 27.00 24.00 96.00 0.00 76.00 0.00 0.00 0.00 22.00 11.00 0.00 65.00 0.00 19.00 0.00 0.00 0.00 92.00 94.00 0.00 98.00 0.00 0.00 0.00 92.00 37.00 0.00 0.00 0.00 0.00 29.00 0.00 50.00 46.00 0.00 0.00 86.00 0.00 0.00 0.00 5.00 0.00 93.00 30.00 88.00 6.00 100.00 0.00
58 0.00 36.00 17.00 0.00 0.00 0.00 23.00 2.00 27.00 0.00 0.00 36.00 62.00 30.00 0.00 0.00 31.00 90.00 0.00 0.00 37.00 53.00 0.00 98.00 0.00 0.00 88.00 0.00 0.00 0.00 75.00 64.00 9.00 45.00 49.00 91.00 63.00 28.00 34.00 0.00 0.00 0.00 22.00 100.00 73.00 0.00 45.00 0.00 0.00 67.00 36.00 24.00 13.00 0.00 0.00 0.00 86.00 0.00 0.00 0.00 84.00 31.00 0.00 0.00 0.00 0.00 0.00 0.00 92.00 0.00 0.00 37.00 0.00 43.00 0.00 88.00 0.00 0.00 0.00 67.00 4.00 0.00 96.00 91.00 96.00 0.00 7.00 0.00 0.00 92.00 0.00 22.00 22.00 0.00 26.00 0.00 0.00 0.00 0.00 84.00
59 0.00 45.00 71.00 30.00 0.00 40.00 55.00 23.00 69.00 13.00 15.00 88.00 85.00 27.00 90.00 0.00 40.00 70.00 9.00 22.00 78.00 78.00 0.00 0.00 0.00 0.00 9.00 0.00 0.00 36.00 90.00 0.00 54.00 0.00 0.00 0.00 75.00 0.00 0.00 0.00 0.00 6.00 5.00 98.00 91.00 6.00 67.00 0.00 47.00 0.00 0.00 0.00 54.00 0.00 56.00 97.00 5.00 0.00 0.00 0.00 0.00 0.00 0.00 0.00 1.00 96.00 0.00 87.00 0.00 0.00 86.00 0.00 0.00 0.00 19.00 0.00 0.00 0.00 84.00 0.00 0.00 73.00 30.00 0.00 0.00 0.00 0.00 0.00 24.00 0.00 0.00 0.00 88.00 97.00 0.00 0.00 0.00 34.00 62.00 0.00
60 0.00 0.00 0.00 42.00 10.00 33.00 0.00 66.00 0.00 0.00 0.00 0.00 0.00 55.00 0.00 82.00 0.00 0.00 18.00 85.00 0.00 82.00 0.00 0.00 17.00 0.00 15.00 0.00 60.00 0.00 0.00 0.00 0.00 83.00 87.00 0.00 48.00 12.00 0.00 0.00 0.00 1.00 0.00 0.00 0.00 50.00 99.00 0.00 0.00 12.00 0.00 0.00 41.00 0.00 19.00 74.00 40.00 22.00 84.00 0.00 0.00 10.00 0.00 0.00 85.00 86.00 8.00 86.00 0.00 0.00 0.00 92.00 0.00 82.00 0.00 0.00 100.00 0.00 89.00 0.00 5.00 0.00 0.00 0.00 0.00 11.00 95.00 74.00 8.00 99.00 44.00 0.00 0.00 0.00 51.00 42.00 32.00 20.00 98.00 0.00
61 31.00 0.00 0.00 34.00 38.00 53.00 63.00 0.00 0.00 9.00 0.00 81.00 79.00 0.00 0.00 54.00 38.00 36.00 0.00 44.00 0.00 29.00 96.00 43.00 16.00 0.00 65.00 80.00 0.00 0.00 90.00 70.00 0.00 82.00 0.00 0.00 17.00 47.00 85.00 13.00 24.00 25.00 31.00 41.00 0.00 0.00 0.00 77.00 0.00 34.00 0.00 0.00 47.00 0.00 62.00 0.00 98.00 11.00 31.00 0.00 10.00 0.00 66.00 0.00 77.00 0.00 88.00 0.00 0.00 0.00 0.00 96.00 0.00 66.00 0.00 99.00 0.00 4.00 0.00 0.00 42.00 39.00 93.00 59.00 56.00 38.00 89.00 0.00 61.00 45.00 0.00 0.00 83.00 0.00 0.00 48.00 24.00 24.00 58.00 0.00
62 0.00 0.00 0.00 0.00 18.00 0.00 0.00 87.00 0.00 0.00 0.00 0.00 1.00 0.00 0.00 24.00 0.00 24.00 1.00 85.00 0.00 0.00 0.00 0.00 45.00 93.00 0.00 0.00 0.00 0.00 0.00 0.00 0.00 0.00 0.00 0.00 0.00 88.00 16.00 0.00 83.00 0.00 0.00 0.00 63.00 39.00 28.00 61.00 100.00 30.00 0.00 0.00 98.00 0.00 0.00 0.00 4.00 0.00 0.00 0.00 0.00 66.00 0.00 0.00 0.00 26.00 13.00 75.00 0.00 0.00 0.00 0.00 0.00 87.00 72.00 0.00 74.00 0.00 49.00 0.00 0.00 58.00 31.00 55.00 0.00 0.00 0.00 52.00 9.00 0.00 0.00 32.00 42.00 0.00 0.00 0.00 16.00 0.00 0.00 0.00
63 26.00 34.00 87.00 0.00 20.00 0.00 0.00 23.00 0.00 0.00 0.00 21.00 0.00 26.00 94.00 0.00 89.00 15.00 0.00 0.00 9.00 0.00 28.00 0.00 52.00 0.00 0.00 0.00 86.00 29.00 28.00 0.00 66.00 0.00 97.00 25.00 40.00 83.00 32.00 0.00 0.00 79.00 33.00 7.00 82.00 0.00 71.00 86.00 92.00 0.00 75.00 0.00 98.00 0.00 0.00 0.00 0.00 65.00 0.00 0.00 0.00 0.00 0.00 0.00 0.00 92.00 59.00 0.00 41.00 15.00 0.00 95.00 24.00 0.00 0.00 0.00 0.00 57.00 0.00 0.00 26.00 0.00 8.00 1.00 52.00 98.00 0.00 0.00 91.00 0.00 0.00 69.00 0.00 94.00 64.00 38.00 0.00 13.00 60.00 0.00
64 13.00 51.00 90.00 0.00 0.00 31.00 22.00 0.00 0.00 0.00 37.00 53.00 35.00 0.00 0.00 0.00 63.00 58.00 0.00 0.00 89.00 0.00 85.00 6.00 0.00 0.00 0.00 25.00 40.00 0.00 89.00 0.00 6.00 75.00 68.00 68.00 97.00 0.00 87.00 0.00 49.00 0.00 1.00 0.00 20.00 0.00 29.00 77.00 18.00 96.00 73.00 0.00 0.00 98.00 70.00 61.00 0.00 0.00 0.00 1.00 85.00 77.00 0.00 0.00 0.00 0.00 0.00 81.00 60.00 79.00 0.00 95.00 23.00 0.00 79.00 22.00 10.00 0.00 0.00 0.00 0.00 0.00 75.00 0.00 0.00 0.00 0.00 0.00 0.00 0.00 64.00 0.00 27.00 60.00 16.00 68.00 0.00 65.00 0.00 0.00
65 0.00 0.00 88.00 11.00 53.00 87.00 0.00 0.00 0.00 68.00 11.00 82.00 0.00 0.00 0.00 0.00 20.00 12.00 51.00 37.00 69.00 0.00 0.00 0.00 90.00 0.00 52.00 83.00 61.00 98.00 0.00 21.00 0.00 0.00 0.00 14.00 0.00 24.00 0.00 0.00 0.00 0.00 53.00 0.00 63.00 0.00 0.00 0.00 59.00 0.00 0.00 82.00 47.00 0.00 27.00 53.00 0.00 19.00 0.00 96.00 86.00 0.00 26.00 92.00 0.00 0.00 0.00 92.00 0.00 0.00 15.00 43.00 0.00 30.00 0.00 0.00 90.00 91.00 10.00 38.00 23.00 97.00 0.00 12.00 0.00 0.00 0.00 9.00 0.00 59.00 91.00 0.00 0.00 16.00 52.00 40.00 0.00 0.00 0.00 15.00
66 56.00 8.00 98.00 0.00 66.00 42.00 0.00 27.00 0.00 0.00 43.00 70.00 0.00 83.00 0.00 0.00 0.00 26.00 42.00 68.00 27.00 0.00 19.00 0.00 39.00 4.00 88.00 32.00 0.00 0.00 12.00 0.00 36.00 0.00 0.00 10.00 0.00 0.00 0.00 12.00 0.00 40.00 0.00 10.00 5.00 0.00 0.00 0.00 0.00 0.00 0.00 43.00 0.00 0.00 0.00 62.00 67.00 0.00 0.00 0.00 8.00 88.00 13.00 59.00 0.00 0.00 0.00 0.00 0.00 0.00 0.00 14.00 0.00 0.00 0.00 0.00 97.00 0.00 0.00 86.00 33.00 81.00 82.00 4.00 5.00 38.00 2.00 10.00 0.00 43.00 94.00 30.00 89.00 93.00 0.00 0.00 20.00 0.00 69.00 52.00
67 53.00 34.00 0.00 0.00 99.00 94.00 12.00 33.00 12.00 78.00 0.00 17.00 0.00 0.00 0.00 52.00 24.00 0.00 0.00 0.00 51.00 0.00 36.00 4.00 0.00 0.00 0.00 0.00 0.00 40.00 0.00 43.00 38.00 0.00 0.00 29.00 0.00 0.00 16.00 0.00 0.00 0.00 12.00 0.00 0.00 0.00 90.00 0.00 0.00 83.00 19.00 0.00 0.00 0.00 51.00 0.00 0.00 0.00 0.00 87.00 86.00 0.00 75.00 0.00 81.00 92.00 0.00 0.00 36.00 0.00 0.00 0.00 0.00 86.00 0.00 0.00 0.00 0.00 0.00 68.00 0.00 18.00 0.00 0.00 63.00 16.00 0.00 37.00 58.00 41.00 56.00 68.00 16.00 0.00 0.00 6.00 0.00 15.00 0.00 0.00
68 81.00 0.00 0.00 58.00 64.00 0.00 44.00 0.00 28.00 20.00 2.00 0.00 0.00 64.00 0.00 0.00 0.00 0.00 84.00 98.00 0.00 0.00 98.00 0.00 0.00 0.00 0.00 17.00 0.00 0.00 0.00 2.00 0.00 0.00 19.00 67.00 0.00 0.00 0.00 0.00 0.00 0.00 3.00 0.00 50.00 89.00 0.00 0.00 89.00 0.00 0.00 44.00 0.00 0.00 0.00 0.00 90.00 0.00 92.00 0.00 0.00 0.00 0.00 41.00 60.00 0.00 0.00 36.00 0.00 0.00 0.00 10.00 0.00 23.00 69.00 0.00 0.00 0.00 63.00 0.00 37.00 0.00 74.00 45.00 0.00 0.00 0.00 0.00 0.00 65.00 76.00 31.00 32.00 0.00 21.00 0.00 0.00 79.00 0.00 86.00
69 0.00 53.00 52.00 100.00 45.00 0.00 0.00 0.00 97.00 13.00 93.00 57.00 0.00 76.00 48.00 0.00 0.00 98.00 0.00 30.00 37.00 32.00 57.00 0.00 0.00 0.00 76.00 0.00 62.00 0.00 0.00 0.00 88.00 0.00 0.00 0.00 32.00 0.00 0.00 0.00 16.00 34.00 0.00 28.00 0.00 0.00 3.00 0.00 27.00 0.00 6.00 0.00 0.00 47.00 24.00 4.00 23.00 92.00 0.00 0.00 0.00 0.00 0.00 15.00 79.00 0.00 0.00 0.00 0.00 0.00 0.00 57.00 38.00 0.00 0.00 5.00 24.00 49.00 62.00 0.00 94.00 52.00 26.00 0.00 62.00 0.00 8.00 0.00 27.00 0.00 50.00 0.00 0.00 9.00 20.00 36.00 70.00 0.00 0.00 11.00
70 0.00 0.00 0.00 76.00 52.00 0.00 0.00 30.00 94.00 65.00 0.00 13.00 19.00 0.00 95.00 0.00 0.00 0.00 18.00 46.00 0.00 68.00 27.00 0.00 0.00 39.00 0.00 71.00 56.00 42.00 0.00 56.00 0.00 0.00 0.00 0.00 0.00 65.00 46.00 1.00 16.00 51.00 67.00 0.00 0.00 58.00 0.00 0.00 0.00 0.00 0.00 40.00 2.00 0.00 70.00 0.00 40.00 94.00 0.00 86.00 0.00 0.00 0.00 0.00 0.00 15.00 0.00 0.00 0.00 0.00 0.00 0.00 0.00 61.00 0.00 0.00 0.00 70.00 60.00 0.00 0.00 41.00 2.00 40.00 19.00 0.00 0.00 42.00 39.00 0.00 0.00 0.00 0.00 22.00 0.00 26.00 50.00 23.00 9.00 63.00
71 58.00 57.00 52.00 25.00 0.00 63.00 79.00 0.00 0.00 0.00 0.00 22.00 6.00 50.00 0.00 0.00 0.00 85.00 33.00 0.00 0.00 88.00 24.00 0.00 97.00 26.00 0.00 89.00 11.00 0.00 0.00 0.00 62.00 80.00 85.00 0.00 0.00 23.00 0.00 9.00 17.00 27.00 0.00 90.00 93.00 38.00 71.00 76.00 0.00 0.00 42.00 0.00 89.00 0.00 83.00 0.00 82.00 0.00 37.00 0.00 92.00 96.00 0.00 95.00 95.00 43.00 14.00 0.00 10.00 57.00 0.00 0.00 35.00 65.00 0.00 63.00 0.00 0.00 0.00 0.00 0.00 0.00 58.00 0.00 0.00 0.00 25.00 33.00 0.00 46.00 0.00 61.00 65.00 0.00 50.00 0.00 0.00 0.00 0.00 40.00
72 55.00 0.00 55.00 78.00 0.00 42.00 0.00 5.00 0.00 65.00 97.00 43.00 0.00 72.00 84.00 0.00 74.00 0.00 11.00 61.00 0.00 0.00 77.00 0.00 100.00 95.00 0.00 72.00 97.00 0.00 29.00 0.00 39.00 0.00 0.00 0.00 49.00 83.00 33.00 41.00 0.00 19.00 3.00 81.00 94.00 82.00 95.00 11.00 83.00 11.00 0.00 33.00 0.00 0.00 99.00 56.00 76.00 98.00 0.00 0.00 0.00 0.00 0.00 24.00 23.00 0.00 0.00 0.00 0.00 38.00 0.00 35.00 0.00 100.00 24.00 0.00 53.00 70.00 0.00 13.00 51.00 43.00 22.00 0.00 11.00 0.00 27.00 0.00 83.00 0.00 37.00 0.00 73.00 10.00 0.00 50.00 0.00 75.00 63.00 0.00
73 0.00 86.00 5.00 19.00 75.00 54.00 28.00 76.00 27.00 98.00 0.00 33.00 20.00 0.00 2.00 0.00 0.00 0.00 8.00 0.00 0.00 0.00 0.00 0.00 53.00 0.00 0.00 0.00 0.00 22.00 0.00 63.00 0.00 53.00 0.00 0.00 0.00 0.00 0.00 91.00 0.00 89.00 0.00 37.00 16.00 0.00 73.00 0.00 0.00 51.00 0.00 0.00 94.00 33.00 0.00 0.00 0.00 0.00 43.00 0.00 82.00 66.00 87.00 0.00 0.00 30.00 0.00 86.00 23.00 0.00 61.00 65.00 100.00 0.00 17.00 11.00 96.00 0.00 0.00 39.00 39.00 84.00 57.00 0.00 38.00 0.00 0.00 27.00 0.00 0.00 0.00 0.00 51.00 0.00 0.00 0.00 0.00 0.00 0.00 0.00
74 0.00 79.00 0.00 32.00 70.00 0.00 0.00 0.00 99.00 94.00 24.00 0.00 0.00 85.00 20.00 29.00 0.00 32.00 79.00 43.00 6.00 0.00 48.00 0.00 0.00 19.00 0.00 0.00 12.00 51.00 0.00 0.00 44.00 0.00 58.00 51.00 75.00 0.00 43.00 0.00 95.00 0.00 36.00 0.00 0.00 60.00 87.00 44.00 0.00 0.00 15.00 61.00 0.00 0.00 0.00 0.00 0.00 0.00 0.00 19.00 0.00 0.00 72.00 0.00 79.00 0.00 0.00 0.00 69.00 0.00 0.00 0.00 24.00 17.00 0.00 44.00 78.00 87.00 0.00 32.00 74.00 64.00 0.00 0.00 7.00 0.00 77.00 0.00 32.00 76.00 26.00 0.00 87.00 54.00 0.00 14.00 28.00 42.00 0.00 0.00
75 0.00 66.00 0.00 0.00 0.00 0.00 0.00 79.00 74.00 0.00 0.00 0.00 0.00 0.00 0.00 0.00 13.00 0.00 64.00 0.00 10.00 1.00 0.00 89.00 90.00 0.00 11.00 0.00 41.00 0.00 42.00 0.00 89.00 0.00 0.00 1.00 0.00 49.00 0.00 0.00 88.00 69.00 24.00 13.00 27.00 48.00 0.00 38.00 93.00 0.00 0.00 8.00 0.00 52.00 0.00 81.00 66.00 0.00 88.00 0.00 0.00 99.00 0.00 0.00 22.00 0.00 0.00 0.00 0.00 5.00 0.00 63.00 0.00 11.00 44.00 0.00 0.00 18.00 0.00 0.00 0.00 7.00 0.00 0.00 0.00 44.00 0.00 86.00 0.00 0.00 79.00 0.00 0.00 0.00 0.00 0.00 58.00 0.00 0.00 92.00
76 0.00 76.00 90.00 0.00 23.00 79.00 71.00 97.00 64.00 0.00 2.00 0.00 0.00 0.00 85.00 0.00 0.00 82.00 0.00 18.00 0.00 0.00 73.00 98.00 0.00 49.00 10.00 26.00 0.00 0.00 0.00 0.00 92.00 64.00 0.00 23.00 0.00 0.00 52.00 90.00 16.00 81.00 82.00 0.00 60.00 88.00 0.00 0.00 0.00 90.00 0.00 0.00 34.00 56.00 0.00 50.00 0.00 92.00 0.00 0.00 100.00 0.00 74.00 0.00 10.00 90.00 97.00 0.00 0.00 24.00 0.00 0.00 53.00 96.00 78.00 0.00 0.00 0.00 73.00 0.00 70.00 0.00 0.00 0.00 0.00 78.00 32.00 0.00 0.00 94.00 25.00 0.00 35.00 82.00 0.00 2.00 0.00 84.00 7.00 24.00
77 23.00 33.00 0.00 0.00 0.00 96.00 60.00 0.00 57.00 98.00 0.00 0.00 0.00 0.00 63.00 0.00 0.00 0.00 37.00 0.00 0.00 0.00 96.00 42.00 54.00 0.00 0.00 20.00 0.00 88.00 0.00 66.00 0.00 0.00 98.00 33.00 0.00 0.00 0.00 0.00 54.00 9.00 0.00 0.00 49.00 0.00 0.00 0.00 0.00 82.00 54.00 0.00 64.00 6.00 94.00 88.00 98.00 37.00 0.00 0.00 0.00 4.00 0.00 57.00 0.00 91.00 0.00 0.00 0.00 49.00 70.00 0.00 70.00 0.00 87.00 18.00 0.00 0.00 63.00 0.00 0.00 97.00 0.00 20.00 0.00 0.00 0.00 0.00 66.00 99.00 0.00 97.00 71.00 0.00 31.00 0.00 50.00 38.00 0.00 0.00
78 55.00 0.00 76.00 59.00 0.00 88.00 0.00 0.00 88.00 67.00 9.00 0.00 0.00 0.00 57.00 15.00 0.00 0.00 0.00 75.00 31.00 0.00 0.00 79.00 0.00 0.00 31.00 0.00 74.00 0.00 0.00 0.00 0.00 62.00 13.00 0.00 25.00 5.00 0.00 0.00 26.00 0.00 41.00 91.00 0.00 43.00 91.00 76.00 15.00 75.00 0.00 0.00 65.00 0.00 0.00 48.00 97.00 0.00 0.00 84.00 89.00 0.00 49.00 0.00 0.00 10.00 0.00 0.00 63.00 62.00 60.00 0.00 0.00 0.00 0.00 0.00 73.00 63.00 0.00 69.00 58.00 52.00 0.00 0.00 94.00 0.00 99.00 41.00 59.00 0.00 0.00 93.00 0.00 73.00 0.00 96.00 46.00 46.00 87.00 0.00
79 47.00 15.00 26.00 0.00 0.00 0.00 0.00 83.00 26.00 0.00 86.00 19.00 100.00 11.00 63.00 0.00 68.00 84.00 33.00 90.00 0.00 60.00 0.00 0.00 0.00 99.00 20.00 11.00 0.00 0.00 0.00 78.00 0.00 0.00 72.00 96.00 0.00 0.00 49.00 66.00 50.00 0.00 0.00 0.00 94.00 76.00 34.00 0.00 0.00 0.00 47.00 40.00 98.00 64.00 0.00 33.00 0.00 0.00 67.00 0.00 0.00 0.00 0.00 0.00 0.00 38.00 86.00 68.00 0.00 0.00 0.00 0.00 13.00 39.00 32.00 0.00 0.00 0.00 69.00 0.00 54.00 0.00 0.00 0.00 80.00 0.00 0.00 0.00 76.00 93.00 4.00 0.00 7.00 4.00 0.00 32.00 0.00 2.00 0.00 0.00
80 0.00 0.00 0.00 0.00 0.00 0.00 0.00 4.00 0.00 57.00 86.00 0.00 0.00 18.00 0.00 0.00 0.00 26.00 19.00 48.00 96.00 93.00 0.00 0.00 80.00 1.00 22.00 0.00 98.00 0.00 5.00 81.00 69.00 0.00 54.00 0.00 0.00 0.00 20.00 0.00 0.00 35.00 0.00 84.00 0.00 67.00 45.00 42.00 0.00 39.00 0.00 8.00 95.00 78.00 95.00 0.00 0.00 0.00 4.00 0.00 5.00 42.00 0.00 26.00 0.00 23.00 33.00 0.00 37.00 94.00 0.00 0.00 51.00 39.00 74.00 0.00 70.00 0.00 58.00 54.00 0.00 29.00 66.00 18.00 90.00 0.00 0.00 9.00 0.00 25.00 0.00 0.00 0.00 99.00 12.00 64.00 0.00 0.00 89.00 57.00
81 0.00 93.00 98.00 0.00 76.00 0.00 0.00 0.00 0.00 14.00 0.00 0.00 0.00 19.00 0.00 69.00 67.00 53.00 59.00 85.00 0.00 0.00 0.00 51.00 4.00 0.00 14.00 0.00 15.00 60.00 17.00 39.00 0.00 0.00 55.00 78.00 0.00 98.00 10.00 0.00 42.00 70.00 92.00 0.00 77.00 40.00 0.00 79.00 3.00 58.00 0.00 58.00 0.00 56.00 99.00 25.00 76.00 0.00 0.00 73.00 0.00 39.00 58.00 0.00 0.00 97.00 81.00 18.00 0.00 52.00 41.00 0.00 43.00 84.00 64.00 7.00 0.00 97.00 52.00 0.00 29.00 0.00 0.00 0.00 2.00 49.00 83.00 0.00 9.00 6.00 46.00 78.00 0.00 77.00 0.00 64.00 8.00 84.00 48.00 93.00
82 0.00 0.00 81.00 0.00 29.00 0.00 74.00 0.00 0.00 0.00 0.00 0.00 25.00 36.00 61.00 58.00 28.00 0.00 0.00 0.00 93.00 42.00 0.00 20.00 0.00 0.00 0.00 0.00 98.00 23.00 0.00 0.00 8.00 38.00 37.00 0.00 0.00 0.00 0.00 74.00 0.00 0.00 61.00 0.00 0.00 22.00 52.00 70.00 56.00 92.00 5.00 85.00 0.00 0.00 53.00 0.00 64.00 29.00 96.00 30.00 0.00 93.00 31.00 8.00 75.00 0.00 82.00 0.00 74.00 26.00 2.00 58.00 22.00 57.00 0.00 0.00 0.00 0.00 0.00 0.00 66.00 0.00 0.00 0.00 0.00 83.00 0.00 51.00 0.00 0.00 0.00 62.00 14.00 0.00 0.00 56.00 0.00 2.00 19.00 0.00
83 20.00 0.00 0.00 0.00 7.00 0.00 0.00 0.00 0.00 0.00 41.00 0.00 84.00 42.00 89.00 0.00 0.00 0.00 7.00 0.00 58.00 19.00 0.00 0.00 0.00 16.00 68.00 34.00 0.00 0.00 62.00 0.00 0.00 47.00 60.00 2.00 70.00 39.00 0.00 7.00 0.00 53.00 0.00 0.00 68.00 0.00 0.00 96.00 83.00 85.00 0.00 0.00 45.00 0.00 0.00 32.00 0.00 0.00 91.00 0.00 0.00 59.00 55.00 1.00 0.00 12.00 4.00 0.00 45.00 0.00 40.00 0.00 0.00 0.00 0.00 0.00 0.00 20.00 0.00 0.00 18.00 0.00 0.00 0.00 35.00 84.00 3.00 0.00 0.00 13.00 4.00 0.00 53.00 13.00 0.00 79.00 45.00 89.00 69.00 0.00
84 0.00 0.00 92.00 0.00 0.00 0.00 0.00 0.00 82.00 0.00 39.00 0.00 0.00 47.00 0.00 96.00 0.00 0.00 0.00 45.00 0.00 37.00 0.00 80.00 0.00 49.00 81.00 91.00 44.00 22.00 0.00 65.00 91.00 78.00 0.00 1.00 0.00 85.00 0.00 89.00 88.00 0.00 32.00 0.00 0.00 71.00 0.00 73.00 0.00 0.00 0.00 89.00 0.00 25.00 0.00 24.00 85.00 50.00 96.00 0.00 0.00 56.00 0.00 52.00 0.00 0.00 5.00 63.00 0.00 62.00 19.00 0.00 11.00 38.00 7.00 0.00 0.00 0.00 94.00 80.00 90.00 2.00 0.00 35.00 0.00 0.00 92.00 87.00 68.00 37.00 64.00 46.00 0.00 0.00 78.00 0.00 37.00 0.00 55.00 0.00
85 39.00 0.00 0.00 0.00 17.00 71.00 0.00 94.00 0.00 0.00 33.00 19.00 0.00 0.00 20.00 0.00 0.00 38.00 39.00 64.00 0.00 75.00 24.00 88.00 0.00 0.00 98.00 64.00 0.00 0.00 91.00 11.00 0.00 50.00 48.00 16.00 92.00 8.00 0.00 44.00 32.00 0.00 62.00 36.00 0.00 0.00 0.00 17.00 0.00 0.00 80.00 51.00 0.00 45.00 0.00 0.00 0.00 46.00 0.00 0.00 11.00 38.00 0.00 98.00 0.00 0.00 38.00 16.00 0.00 0.00 0.00 0.00 0.00 0.00 0.00 44.00 78.00 0.00 0.00 0.00 0.00 49.00 83.00 84.00 0.00 0.00 30.00 7.00 74.00 0.00 34.00 0.00 94.00 0.00 41.00 0.00 0.00 69.00 22.00 0.00
86 35.00 0.00 0.00 0.00 25.00 0.00 0.00 0.00 0.00 78.00 77.00 0.00 86.00 8.00 88.00 0.00 64.00 0.00 0.00 28.00 0.00 0.00 57.00 39.00 50.00 0.00 27.00 0.00 0.00 61.00 21.00 57.00 54.00 4.00 0.00 0.00 63.00 0.00 70.00 60.00 0.00 0.00 63.00 48.00 0.00 0.00 0.00 0.00 0.00 16.00 79.00 56.00 0.00 72.00 0.00 4.00 0.00 0.00 7.00 0.00 95.00 89.00 0.00 0.00 0.00 0.00 2.00 0.00 0.00 8.00 0.00 25.00 27.00 0.00 77.00 0.00 32.00 0.00 99.00 0.00 0.00 83.00 0.00 3.00 92.00 30.00 0.00 28.00 69.00 72.00 0.00 15.00 0.00 18.00 0.00 0.00 0.00 0.00 55.00 63.00
87 0.00 0.00 44.00 0.00 72.00 1.00 0.00 13.00 0.00 0.00 54.00 2.00 45.00 46.00 18.00 14.00 0.00 90.00 0.00 0.00 0.00 0.00 0.00 0.00 50.00 98.00 0.00 0.00 18.00 72.00 0.00 5.00 0.00 0.00 0.00 75.00 0.00 0.00 26.00 20.00 0.00 0.00 29.00 0.00 6.00 0.00 72.00 14.00 12.00 0.00 0.00 70.00 89.00 76.00 0.00 17.00 80.00 0.00 0.00 0.00 74.00 0.00 52.00 0.00 0.00 9.00 10.00 37.00 0.00 0.00 42.00 33.00 0.00 27.00 0.00 86.00 0.00 0.00 41.00 0.00 9.00 0.00 51.00 0.00 87.00 7.00 28.00 0.00 0.00 94.00 80.00 0.00 35.00 45.00 89.00 13.00 0.00 6.00 77.00 0.00
88 52.00 98.00 22.00 0.00 0.00 30.00 0.00 29.00 0.00 97.00 0.00 22.00 98.00 42.00 0.00 52.00 3.00 0.00 0.00 15.00 28.00 16.00 0.00 0.00 0.00 0.00 34.00 0.00 98.00 35.00 0.00 19.00 0.00 0.00 0.00 56.00 0.00 45.00 0.00 0.00 0.00 67.00 16.00 42.00 0.00 0.00 0.00 9.00 47.00 0.00 0.00 37.00 35.00 0.00 0.00 76.00 0.00 86.00 0.00 24.00 8.00 61.00 9.00 91.00 0.00 0.00 0.00 58.00 0.00 27.00 39.00 0.00 83.00 0.00 32.00 0.00 0.00 66.00 59.00 76.00 0.00 9.00 0.00 0.00 68.00 74.00 69.00 0.00 0.00 0.00 61.00 0.00 42.00 0.00 0.00 0.00 0.00 77.00 23.00 0.00
89 23.00 21.00 68.00 0.00 31.00 0.00 58.00 0.00 70.00 0.00 0.00 89.00 66.00 92.00 2.00 53.00 26.00 0.00 96.00 0.00 0.00 50.00 58.00 0.00 26.00 0.00 0.00 0.00 51.00 4.00 93.00 0.00 0.00 72.00 36.00 0.00 0.00 50.00 0.00 80.00 32.00 0.00 56.00 0.00 0.00 0.00 78.00 0.00 0.00 0.00 0.00 90.00 53.00 0.00 0.00 57.00 54.00 0.00 92.00 0.00 99.00 45.00 0.00 0.00 0.00 59.00 43.00 41.00 65.00 0.00 0.00 46.00 0.00 0.00 76.00 0.00 94.00 99.00 0.00 93.00 25.00 6.00 0.00 13.00 37.00 0.00 72.00 94.00 0.00 0.00 0.00 0.00 0.00 0.00 19.00 4.00 29.00 0.00 0.00 73.00
90 38.00 52.00 0.00 0.00 0.00 0.00 75.00 0.00 0.00 0.00 0.00 8.00 99.00 0.00 0.00 0.00 0.00 42.00 0.00 0.00 20.00 34.00 22.00 15.00 3.00 0.00 0.00 0.00 0.00 0.00 74.00 39.00 0.00 0.00 0.00 91.00 2.00 11.00 26.00 0.00 50.00 70.00 53.00 93.00 0.00 66.00 0.00 0.00 9.00 24.00 0.00 0.00 0.00 37.00 37.00 0.00 17.00 0.00 0.00 0.00 44.00 0.00 0.00 0.00 64.00 91.00 94.00 56.00 76.00 50.00 0.00 0.00 37.00 0.00 26.00 79.00 25.00 0.00 0.00 4.00 0.00 46.00 0.00 4.00 64.00 34.00 0.00 80.00 61.00 0.00 0.00 0.00 85.00 0.00 0.00 0.00 0.00 82.00 33.00 0.00
91 33.00 0.00 0.00 17.00 45.00 0.00 57.00 0.00 0.00 37.00 0.00 0.00 0.00 0.00 71.00 78.00 9.00 0.00 49.00 0.00 83.00 15.00 0.00 11.00 76.00 0.00 50.00 36.00 0.00 86.00 93.00 0.00 0.00 11.00 81.00 0.00 68.00 0.00 40.00 0.00 87.00 0.00 51.00 0.00 0.00 87.00 0.00 0.00 0.00 0.00 0.00 95.00 0.00 0.00 84.00 94.00 18.00 0.00 22.00 0.00 0.00 0.00 32.00 69.00 0.00 0.00 30.00 68.00 31.00 0.00 0.00 61.00 0.00 0.00 0.00 0.00 0.00 97.00 93.00 0.00 0.00 78.00 62.00 0.00 46.00 0.00 15.00 0.00 0.00 0.00 0.00 0.00 2.00 16.00 7.00 69.00 0.00 35.00 89.00 80.00
92 0.00 0.00 46.00 0.00 55.00 0.00 39.00 30.00 0.00 46.00 17.00 49.00 0.00 0.00 17.00 39.00 41.00 0.00 0.00 3.00 79.00 0.00 96.00 39.00 24.00 0.00 0.00 0.00 0.00 62.00 63.00 29.00 0.00 0.00 72.00 63.00 0.00 0.00 0.00 0.00 0.00 48.00 38.00 71.00 20.00 69.00 0.00 0.00 17.00 0.00 59.00 43.00 7.00 97.00 0.00 0.00 59.00 5.00 22.00 88.00 0.00 83.00 42.00 0.00 27.00 0.00 89.00 16.00 32.00 0.00 0.00 65.00 73.00 51.00 87.00 0.00 35.00 71.00 0.00 7.00 0.00 0.00 14.00 53.00 0.00 94.00 0.00 35.00 42.00 0.00 85.00 2.00 0.00 0.00 54.00 70.00 56.00 4.00 96.00 0.00
93 0.00 0.00 10.00 53.00 25.00 98.00 0.00 0.00 0.00 70.00 0.00 0.00 55.00 0.00 0.00 0.00 45.00 33.00 71.00 0.00 0.00 68.00 0.00 89.00 11.00 18.00 15.00 0.00 0.00 0.00 0.00 89.00 70.00 0.00 0.00 0.00 74.00 8.00 9.00 0.00 45.00 25.00 0.00 0.00 0.00 0.00 32.00 0.00 26.00 0.00 0.00 0.00 9.00 0.00 98.00 36.00 0.00 0.00 0.00 97.00 0.00 0.00 0.00 94.00 60.00 16.00 93.00 0.00 0.00 9.00 22.00 0.00 10.00 0.00 54.00 0.00 82.00 0.00 73.00 4.00 99.00 77.00 0.00 13.00 0.00 0.00 18.00 45.00 0.00 0.00 0.00 16.00 0.00 0.00 84.00 60.00 13.00 59.00 0.00 64.00
94 0.00 94.00 3.00 0.00 0.00 95.00 82.00 88.00 0.00 0.00 80.00 16.00 69.00 0.00 0.00 60.00 22.00 70.00 83.00 69.00 9.00 99.00 19.00 77.00 0.00 97.00 0.00 27.00 0.00 97.00 14.00 0.00 0.00 60.00 0.00 0.00 78.00 0.00 0.00 0.00 0.00 0.00 41.00 0.00 0.00 20.00 0.00 29.00 0.00 63.00 25.00 0.00 0.00 45.00 0.00 0.00 54.00 93.00 26.00 0.00 51.00 0.00 0.00 64.00 16.00 52.00 0.00 0.00 21.00 20.00 0.00 50.00 0.00 0.00 0.00 0.00 0.00 31.00 0.00 0.00 12.00 0.00 0.00 0.00 78.00 41.00 0.00 89.00 0.00 19.00 0.00 7.00 54.00 84.00 0.00 0.00 0.00 0.00 71.00 77.00
95 45.00 0.00 0.00 100.00 18.00 0.00 0.00 0.00 0.00 19.00 57.00 14.00 96.00 68.00 0.00 0.00 5.00 0.00 78.00 0.00 24.00 0.00 0.00 71.00 85.00 0.00 0.00 83.00 70.00 0.00 25.00 0.00 67.00 0.00 76.00 70.00 11.00 0.00 5.00 26.00 0.00 88.00 0.00 0.00 70.00 89.00 0.00 0.00 21.00 89.00 0.00 0.00 0.00 0.00 92.00 82.00 0.00 30.00 0.00 0.00 42.00 48.00 0.00 38.00 68.00 40.00 0.00 6.00 0.00 36.00 26.00 0.00 50.00 0.00 14.00 0.00 2.00 0.00 96.00 32.00 64.00 64.00 56.00 79.00 0.00 0.00 0.00 13.00 0.00 4.00 0.00 69.00 70.00 60.00 0.00 0.00 63.00 0.00 13.00 0.00
96 85.00 29.00 0.00 0.00 92.00 95.00 45.00 0.00 51.00 88.00 89.00 0.00 18.00 0.00 0.00 2.00 0.00 0.00 19.00 88.00 0.00 41.00 0.00 0.00 56.00 0.00 20.00 60.00 0.00 5.00 0.00 0.00 0.00 62.00 89.00 50.00 0.00 0.00 2.00 31.00 0.00 89.00 0.00 0.00 0.00 0.00 18.00 0.00 0.00 5.00 28.00 79.00 0.00 43.00 0.00 0.00 0.00 88.00 0.00 0.00 32.00 24.00 16.00 0.00 0.00 0.00 20.00 0.00 0.00 70.00 50.00 0.00 0.00 0.00 28.00 58.00 0.00 50.00 46.00 0.00 0.00 8.00 0.00 45.00 37.00 0.00 0.00 0.00 0.00 29.00 0.00 0.00 56.00 13.00 0.00 63.00 0.00 20.00 0.00 0.00
97 91.00 0.00 100.00 1.00 56.00 0.00 87.00 0.00 0.00 0.00 81.00 0.00 4.00 61.00 50.00 0.00 0.00 0.00 90.00 99.00 0.00 63.00 0.00 0.00 0.00 0.00 19.00 0.00 21.00 10.00 0.00 81.00 0.00 35.00 0.00 0.00 0.00 0.00 46.00 79.00 29.00 4.00 0.00 0.00 96.00 0.00 0.00 0.00 24.00 54.00 31.00 28.00 62.00 0.00 0.00 0.00 59.00 6.00 0.00 34.00 20.00 24.00 0.00 13.00 65.00 0.00 0.00 15.00 79.00 0.00 23.00 0.00 75.00 0.00 42.00 0.00 84.00 38.00 46.00 2.00 0.00 84.00 2.00 89.00 0.00 69.00 0.00 6.00 77.00 0.00 82.00 35.00 4.00 59.00 0.00 0.00 20.00 0.00 96.00 40.00
98 11.00 60.00 39.00 72.00 69.00 0.00 0.00 92.00 0.00 38.00 0.00 71.00 85.00 39.00 21.00 22.00 0.00 5.00 51.00 92.00 0.00 16.00 0.00 0.00 32.00 62.00 69.00 0.00 43.00 72.00 20.00 0.00 0.00 82.00 90.00 31.00 51.00 0.00 0.00 39.00 24.00 0.00 21.00 0.00 0.00 0.00 0.00 0.00 0.00 0.00 89.00 28.00 0.00 0.00 45.00 0.00 0.00 100.00 0.00 62.00 98.00 58.00 0.00 60.00 0.00 0.00 69.00 0.00 0.00 0.00 9.00 0.00 63.00 0.00 0.00 0.00 7.00 0.00 87.00 0.00 89.00 48.00 19.00 69.00 55.00 22.00 55.00 77.00 23.00 0.00 33.00 89.00 96.00 0.00 71.00 13.00 0.00 96.00 0.00 0.00
99 0.00 72.00 0.00 40.00 0.00 0.00 0.00 26.00 2.00 0.00 0.00 94.00 0.00 52.00 46.00 73.00 0.00 76.00 78.00 0.00 42.00 41.00 36.00 0.00 55.00 29.00 40.00 0.00 0.00 0.00 13.00 9.00 0.00 86.00 81.00 69.00 0.00 75.00 75.00 27.00 93.00 0.00 0.00 73.00 35.00 0.00 0.00 0.00 7.00 0.00 18.00 30.00 51.00 24.00 0.00 40.00 0.00 0.00 84.00 0.00 0.00 0.00 0.00 0.00 0.00 15.00 52.00 0.00 86.00 11.00 63.00 40.00 0.00 0.00 0.00 92.00 24.00 0.00 0.00 0.00 57.00 93.00 0.00 0.00 0.00 0.00 63.00 0.00 0.00 73.00 0.00 80.00 0.00 64.00 77.00 0.00 0.00 40.00 0.00 0.00
mcp_obj 78
mcp_gap 0
mcp_x 1 1 1 0 1 1 1 1 0 1 1 1 0 1 1 0 1 1 1 1 1 1 1 1 1 1 0 1 0 0 1 1 1 1 0 1 0 1 1 1 1 1 1 0 1 1 0 0 1 0 0 0 1 1 1 1 1 1 0 1 1 1 1 1 1 1 1 1 1 1 1 1 1 1 1 1 1 1 1 1 1 0 0 0 1 1 1 1 0 1 0 0 1 1 1 1 1 1 1 1
