NAME N100_rc_0.7_rGamma_1_dc_0.035_dGamma_0.0005_jeu_100_75_6.txt
NUM_ITEMS 100
SOURCE r_100_75_6
PARAMETERS
r_c 0.7
r_Gamma 1
d_c 0.035
d_Gamma 0.0005

BOUNDS
c_lb 0.00
c_ub 218.12
Gamma_lb 22
Gamma_ub 106
B_i_1_lb 0.00 0.00 0.00 0.00 0.00 0.00 0.00 0.00 0.00 0.00 0.00 0.00 0.00 0.00 0.00 0.00 0.00 0.00 0.00 0.00 0.00 0.00 0.00 0.00 0.00 0.00 0.00 0.00 0.00 0.00 0.00 0.00 0.00 0.00 0.00 0.00 0.00 0.00 0.00 0.00 0.00 0.00 0.00 0.00 0.00 0.00 0.00 0.00 0.00 0.00 0.00 0.00 0.00 0.00 0.00 0.00 0.00 0.00 0.00 0.00 0.00 0.00 0.00 0.00 0.00 0.00 0.00 0.00 0.00 0.00 0.00 0.00 0.00 0.00 0.00 0.00 0.00 0.00 0.00 0.00 0.00 0.00 0.00 0.00 0.00 0.00 0.00 0.00 0.00 0.00 0.00 0.00 0.00 0.00 0.00 0.00 0.00 0.00 0.00 0.00
B_i_1_ub 158.42 126.67 115.14 117.13 123.66 127.60 148.96 125.60 134.76 125.16 126.55 129.62 127.42 139.17 150.33 117.71 140.04 133.36 120.85 118.26 133.67 141.39 132.31 110.16 122.30 150.57 141.53 129.23 134.39 118.11 155.28 128.95 126.74 136.82 125.30 133.69 130.30 135.61 137.66 147.65 122.55 126.80 129.52 143.52 124.86 124.00 108.77 116.56 152.67 126.79 126.88 132.40 144.28 135.87 127.64 121.47 134.26 136.17 109.01 146.35 106.11 137.29 160.72 135.41 130.88 105.81 131.16 107.14 133.19 97.78 130.24 119.69 130.51 139.04 126.86 132.45 113.49 141.12 129.62 127.22 148.98 114.97 117.05 127.98 113.84 128.24 117.75 140.73 124.27 127.01 130.52 130.30 118.75 146.06 140.28 137.73 123.78 141.43 137.08 145.10
B_i_0_lb 0.00 0.00 0.00 0.00 0.00 0.00 0.00 0.00 0.00 0.00 0.00 0.00 0.00 0.00 0.00 0.00 0.00 0.00 0.00 0.00 0.00 0.00 0.00 0.00 0.00 0.00 0.00 0.00 0.00 0.00 0.00 0.00 0.00 0.00 0.00 0.00 0.00 0.00 0.00 0.00 0.00 0.00 0.00 0.00 0.00 0.00 0.00 0.00 0.00 0.00 0.00 0.00 0.00 0.00 0.00 0.00 0.00 0.00 0.00 0.00 0.00 0.00 0.00 0.00 0.00 0.00 0.00 0.00 0.00 0.00 0.00 0.00 0.00 0.00 0.00 0.00 0.00 0.00 0.00 0.00 0.00 0.00 0.00 0.00 0.00 0.00 0.00 0.00 0.00 0.00 0.00 0.00 0.00 0.00 0.00 0.00 0.00 0.00 0.00 0.00
B_i_0_ub 158.91 126.70 115.14 117.13 123.70 127.74 149.59 125.60 134.76 125.16 126.59 129.62 127.42 139.21 150.33 117.89 140.11 133.36 120.85 118.26 133.67 141.95 132.52 110.16 122.65 150.57 141.57 129.51 134.50 118.11 155.28 128.95 126.78 137.03 125.48 133.77 130.76 135.68 138.08 147.72 122.55 126.80 129.63 143.52 125.04 124.00 108.77 116.56 153.51 126.97 126.88 132.40 144.46 135.94 127.64 121.58 134.26 136.41 109.01 146.42 106.18 137.40 160.72 135.83 131.06 105.85 131.16 107.14 133.30 97.78 130.24 119.87 130.58 139.04 126.86 132.59 113.49 141.12 129.65 127.22 148.98 114.97 117.05 127.98 113.84 128.24 117.75 140.73 124.31 127.05 130.52 130.72 118.75 146.10 140.28 138.01 123.92 141.47 137.11 145.10
c_i_1_lb 36.40 54.60 0.00 58.80 4.90 67.90 64.40 57.40 51.10 21.00 36.40 3.50 21.70 18.20 0.00 17.50 69.30 58.10 47.60 27.30 46.20 40.60 0.00 27.30 69.30 36.40 14.00 0.00 0.00 0.00 0.00 17.50 7.70 58.10 27.30 0.00 28.70 7.00 11.90 1.40 35.00 49.70 57.40 47.60 0.00 0.00 18.90 47.60 0.00 46.90 2.10 58.10 0.00 39.20 0.00 0.00 53.90 9.10 57.40 60.20 15.40 63.70 57.40 50.40 25.20 44.10 32.90 32.90 25.90 0.00 46.90 0.00 51.80 0.00 37.10 14.00 47.60 69.30 39.90 0.00 35.70 58.80 32.20 56.00 18.20 18.90 17.50 62.30 15.40 49.00 33.60 44.80 38.50 21.00 62.30 0.00 60.90 11.90 7.00 0.00
c_i_1_ub 194.82 181.27 115.14 175.93 128.56 195.50 213.36 183.00 185.86 146.16 162.95 133.12 149.12 157.37 150.33 135.21 209.34 191.46 168.45 145.56 179.87 181.99 132.31 137.46 191.60 186.97 155.53 129.23 134.39 118.11 155.28 146.45 134.44 194.92 152.60 133.69 159.00 142.61 149.56 149.05 157.55 176.50 186.92 191.12 124.86 124.00 127.67 164.16 152.67 173.69 128.98 190.50 144.28 175.07 127.64 121.47 188.16 145.27 166.41 206.55 121.51 200.99 218.12 185.81 156.08 149.91 164.06 140.04 159.09 97.78 177.14 119.69 182.31 139.04 163.96 146.45 161.09 210.42 169.52 127.22 184.68 173.77 149.25 183.98 132.04 147.14 135.25 203.03 139.67 176.01 164.12 175.10 157.25 167.06 202.58 137.73 184.68 153.33 144.08 145.10
c_i_0_lb 36.40 54.60 0.00 58.80 4.90 67.90 64.40 57.40 51.10 21.00 36.40 3.50 21.70 18.20 0.00 17.50 69.30 58.10 47.60 27.30 46.20 40.60 0.00 27.30 69.30 36.40 14.00 0.00 0.00 0.00 0.00 17.50 7.70 58.10 27.30 0.00 28.70 7.00 11.90 1.40 35.00 49.70 57.40 47.60 0.00 0.00 18.90 47.60 0.00 46.90 2.10 58.10 0.00 39.20 0.00 0.00 53.90 9.10 57.40 60.20 15.40 63.70 57.40 50.40 25.20 44.10 32.90 32.90 25.90 0.00 46.90 0.00 51.80 0.00 37.10 14.00 47.60 69.30 39.90 0.00 35.70 58.80 32.20 56.00 18.20 18.90 17.50 62.30 15.40 49.00 33.60 44.80 38.50 21.00 62.30 0.00 60.90 11.90 7.00 0.00
c_i_0_ub 195.31 181.30 115.14 175.93 128.60 195.64 213.99 183.00 185.86 146.16 162.99 133.12 149.12 157.41 150.33 135.39 209.41 191.46 168.45 145.56 179.87 182.55 132.52 137.46 191.95 186.97 155.57 129.51 134.50 118.11 155.28 146.45 134.48 195.13 152.78 133.77 159.46 142.68 149.98 149.12 157.55 176.50 187.03 191.12 125.04 124.00 127.67 164.16 153.51 173.87 128.98 190.50 144.46 175.14 127.64 121.58 188.16 145.51 166.41 206.62 121.58 201.10 218.12 186.23 156.26 149.95 164.06 140.04 159.20 97.78 177.14 119.87 182.38 139.04 163.96 146.59 161.09 210.42 169.55 127.22 184.68 173.77 149.25 183.98 132.04 147.14 135.25 203.03 139.71 176.05 164.12 175.52 157.25 167.10 202.58 138.01 184.82 153.37 144.11 145.10
c_1_lb 0.00
c_1_ub 218.12
c_0_lb 0.00
c_0_ub 218.12

BOUND_TIMES
k_max_time 0.002494
Gamma_ub_time 0.000656
B_i_1_lb_time 0.006433
B_i_1_ub_time 0.027397
B_i_0_lb_time 0.006871
B_i_0_ub_time 0.024212

DDRO_PARAMETERS
a_0 22
b_0i 1 1 1 1 1 1 1 1 1 1 1 1 1 1 1 1 1 1 1 1 1 1 1 1 1 1 1 1 1 1 1 1 1 1 1 1 1 1 1 1 1 1 1 1 1 1 0 1 1 1 1 1 1 1 1 1 1 1 0 1 0 1 1 1 1 0 1 0 1 0 1 1 1 1 1 1 1 1 1 1 1 1 1 1 1 1 1 1 1 1 1 1 1 1 1 1 1 1 1 1
a_i 36.40 54.60 0.00 58.80 4.90 67.90 64.40 57.40 51.10 21.00 36.40 3.50 21.70 18.20 0.00 17.50 69.30 58.10 47.60 27.30 46.20 40.60 0.00 27.30 69.30 36.40 14.00 0.00 0.00 0.00 0.00 17.50 7.70 58.10 27.30 0.00 28.70 7.00 11.90 1.40 35.00 49.70 57.40 47.60 0.00 0.00 18.90 47.60 0.00 46.90 2.10 58.10 0.00 39.20 0.00 0.00 53.90 9.10 57.40 60.20 15.40 63.70 57.40 50.40 25.20 44.10 32.90 32.90 25.90 0.00 46.90 0.00 51.80 0.00 37.10 14.00 47.60 69.30 39.90 0.00 35.70 58.80 32.20 56.00 18.20 18.90 17.50 62.30 15.40 49.00 33.60 44.80 38.50 21.00 62.30 0.00 60.90 11.90 7.00 0.00
b_ij
0 0.00 1.68 3.15 3.08 0.60 1.75 3.33 2.80 3.22 1.86 0.21 1.16 3.29 1.82 2.59 0.39 3.47 0.04 1.79 1.96 3.19 2.14 2.10 0.00 2.70 2.63 0.63 2.07 1.47 0.81 1.79 0.00 0.49 0.95 3.43 3.12 2.42 0.42 3.50 1.61 0.35 3.26 0.32 1.09 2.31 0.07 2.35 1.82 2.52 3.36 2.14 0.00 1.33 0.42 0.35 2.42 0.00 0.00 2.77 1.51 0.00 2.49 0.00 3.50 3.05 2.80 0.00 0.00 3.22 0.00 0.46 3.01 0.81 0.98 1.23 1.72 2.52 1.19 0.00 2.03 0.63 3.08 0.00 0.00 1.09 2.98 2.45 3.19 0.98 0.88 3.50 0.25 0.00 0.49 0.00 1.09 3.08 2.42 2.91 0.00
1 1.68 0.00 2.56 0.11 0.18 0.53 0.39 0.63 0.00 0.00 0.00 0.04 0.00 2.21 2.77 2.17 3.43 2.59 2.14 2.10 2.07 1.47 0.00 0.95 3.15 1.33 0.25 2.56 1.93 0.00 1.44 1.54 0.95 0.00 1.33 1.02 1.33 2.56 1.93 1.65 0.84 0.91 2.38 1.89 0.00 0.00 1.40 0.77 2.00 0.00 0.00 0.39 2.66 0.39 0.00 0.00 0.77 0.81 0.00 3.22 2.35 2.00 1.96 2.66 2.59 0.77 0.39 3.12 2.52 1.61 1.05 2.42 0.14 0.00 0.32 3.40 1.51 0.95 2.94 0.77 3.40 0.88 2.59 0.49 0.00 0.00 3.36 1.12 0.00 0.32 2.38 0.46 0.49 3.22 0.00 0.14 0.00 3.29 2.21 0.07
2 3.15 2.56 0.00 0.00 0.00 0.21 0.91 2.07 1.05 0.67 0.63 0.14 3.15 2.91 0.00 2.84 1.44 0.11 1.19 0.00 1.82 0.00 0.00 0.00 0.00 0.00 2.84 0.00 1.61 2.10 1.33 0.00 2.52 2.98 1.47 1.37 0.00 0.00 0.28 2.94 0.00 1.54 1.54 0.14 1.30 0.00 1.61 2.24 3.40 0.98 0.53 0.35 2.84 1.37 0.00 0.00 0.00 1.12 0.00 0.00 2.73 1.33 0.95 2.03 0.00 2.03 1.47 0.00 1.75 3.33 0.00 0.91 0.14 2.42 0.00 0.28 1.26 2.73 2.87 3.08 2.31 0.00 2.77 1.61 0.81 0.88 0.28 0.88 3.15 1.96 0.46 2.45 0.95 0.84 0.00 1.40 1.23 0.25 0.35 0.00
3 3.08 0.11 0.00 0.00 0.63 1.86 0.63 1.54 0.00 0.00 2.24 1.79 2.31 2.59 0.35 1.93 0.00 2.10 0.11 1.05 0.00 2.91 2.00 2.59 0.00 2.10 1.61 2.38 1.61 0.46 2.94 0.00 1.65 2.56 0.32 0.00 2.00 0.00 1.05 3.29 2.56 0.00 1.79 2.77 1.23 0.00 0.00 1.37 2.28 0.00 3.36 1.86 0.28 2.17 3.08 1.51 0.00 0.77 0.11 0.00 0.21 2.73 1.54 0.49 0.00 1.30 0.00 1.75 1.47 0.00 1.44 0.00 0.00 0.74 0.00 2.00 0.63 0.49 0.00 3.33 1.68 0.00 0.60 0.00 0.00 0.46 3.40 1.05 0.00 1.89 0.00 3.15 3.08 0.35 0.00 0.53 2.14 1.19 1.33 1.23
4 0.60 0.18 0.00 0.63 0.00 0.00 0.88 0.00 2.63 2.10 1.44 0.95 3.36 0.00 1.33 1.54 2.03 0.63 3.01 0.00 2.42 0.81 0.00 0.56 2.49 0.67 0.63 0.07 2.63 0.74 0.00 1.16 0.00 2.66 0.00 0.00 1.19 0.00 1.61 3.50 0.91 1.72 2.49 0.00 0.77 0.00 2.84 1.09 2.80 1.65 1.96 1.19 1.33 0.95 0.00 1.26 3.50 3.47 0.00 1.44 0.00 0.11 2.84 1.37 2.73 1.19 0.00 0.14 0.00 2.66 2.38 0.00 0.00 1.09 2.91 2.21 0.00 3.05 1.33 2.10 0.00 0.00 1.02 2.10 1.58 0.00 0.81 1.44 0.95 2.80 0.95 2.87 0.04 2.73 0.00 1.26 1.75 2.21 1.44 1.82
5 1.75 0.53 0.21 1.86 0.00 0.00 2.03 0.04 2.28 0.00 2.28 2.03 0.42 0.98 3.12 0.21 3.40 0.21 0.28 1.51 2.84 0.07 0.95 2.17 2.98 2.21 0.53 0.95 0.00 0.74 0.18 3.22 3.26 0.77 0.00 2.21 0.84 3.22 0.00 3.22 1.26 1.58 1.65 0.32 0.00 2.21 2.07 0.00 1.82 2.31 2.98 3.08 0.00 0.35 0.00 0.00 0.00 2.07 1.79 1.89 2.38 1.09 2.35 0.70 0.63 2.59 0.00 0.11 0.74 0.81 3.29 1.68 3.36 1.86 1.26 0.14 2.38 0.00 0.00 0.07 0.60 3.08 0.00 0.39 0.56 1.86 0.70 3.05 0.32 0.00 3.05 3.40 0.00 0.00 0.74 2.45 1.65 0.32 0.00 2.00
6 3.33 0.39 0.91 0.63 0.88 2.03 0.00 0.70 1.23 2.14 1.54 0.81 0.00 2.38 0.00 3.22 1.86 2.73 0.84 3.29 0.00 1.16 0.00 2.52 1.65 3.05 2.28 2.80 2.35 0.00 3.08 0.35 0.21 3.22 1.89 0.32 0.00 1.58 2.80 0.00 0.18 0.25 2.00 0.35 3.19 1.89 0.84 0.00 2.77 1.86 0.56 0.00 0.00 0.00 0.53 0.00 0.14 1.75 3.47 2.70 0.70 2.45 0.32 2.77 2.80 1.89 0.00 2.80 0.56 2.31 2.73 3.22 2.84 0.04 0.00 2.07 2.03 3.33 0.00 1.09 2.98 2.70 0.42 2.24 1.16 2.77 2.17 1.44 1.37 2.35 0.00 0.00 2.31 0.63 2.80 3.29 1.61 0.00 3.15 2.87
7 2.80 0.63 2.07 1.54 0.00 0.04 0.70 0.00 1.86 2.87 1.33 0.42 1.58 0.00 1.02 0.91 2.56 2.07 0.00 0.00 2.38 0.00 2.66 0.00 1.37 3.22 3.01 0.00 0.63 1.26 1.47 1.02 1.02 2.24 0.95 0.00 2.21 0.00 2.73 2.84 0.00 0.00 2.80 3.26 0.00 0.00 0.00 1.44 3.08 0.14 0.21 0.00 0.49 3.40 0.70 0.77 1.33 1.26 0.91 2.56 0.00 2.84 0.00 0.00 0.00 2.17 0.00 0.53 1.33 1.37 0.00 1.54 0.00 2.00 1.37 0.00 3.01 1.44 2.24 0.32 3.19 0.00 1.02 3.36 2.38 2.77 0.07 1.65 1.12 2.03 0.81 1.75 0.00 0.98 2.84 1.58 0.95 2.80 0.35 2.03
8 3.22 0.00 1.05 0.00 2.63 2.28 1.23 1.86 0.00 0.00 0.11 3.36 3.36 2.98 0.00 1.51 3.19 1.40 1.16 0.95 1.12 0.32 3.08 1.65 0.53 3.15 0.00 0.00 0.00 0.00 0.88 2.77 2.28 1.54 0.18 0.00 1.72 0.07 0.00 0.25 2.21 3.29 0.00 0.00 0.00 0.84 2.80 1.68 1.72 1.26 0.00 2.45 2.24 2.52 2.45 0.00 2.84 2.87 3.47 3.08 2.91 1.96 0.00 1.16 0.11 1.54 0.00 0.39 1.12 0.98 1.12 1.23 0.11 2.31 2.00 0.49 0.70 2.14 0.49 0.88 0.95 1.33 3.33 3.33 1.44 0.00 0.00 2.14 0.00 0.60 2.73 0.00 0.00 2.73 3.50 1.09 1.93 1.96 1.09 0.00
9 1.86 0.00 0.67 0.00 2.10 0.00 2.14 2.87 0.00 0.00 2.24 1.40 0.00 0.25 0.21 2.59 2.84 1.82 0.00 0.53 1.65 3.01 3.15 0.00 0.00 0.00 3.40 0.63 0.84 2.45 0.00 0.00 0.00 2.77 0.00 1.05 3.22 0.39 0.00 1.02 2.21 0.00 2.98 0.00 0.74 0.00 0.00 2.73 2.28 1.51 0.04 0.77 2.77 1.96 1.33 2.03 3.47 0.00 0.00 1.26 0.00 1.02 3.12 2.42 0.14 1.47 0.95 2.28 0.00 3.12 0.00 0.00 0.88 0.00 0.77 3.26 3.43 2.70 2.56 0.18 1.30 0.00 0.14 2.31 0.28 3.40 0.00 2.35 0.14 0.00 0.00 3.40 0.00 0.00 1.61 2.66 0.00 2.73 1.96 3.40
10 0.21 0.00 0.63 2.24 1.44 2.28 1.54 1.33 0.11 2.24 0.00 0.00 0.00 0.00 3.43 3.12 0.00 0.21 0.00 2.10 1.23 3.05 1.79 0.04 0.67 0.00 2.94 1.47 1.93 3.19 0.00 3.26 1.30 2.59 0.00 0.32 3.47 2.66 1.37 2.38 2.63 0.00 2.21 1.79 1.86 0.00 0.00 3.47 2.98 0.00 2.77 2.24 0.46 1.54 0.00 0.42 0.00 0.00 0.32 0.00 0.39 3.19 1.12 0.00 0.21 1.51 1.51 0.25 2.38 0.00 2.42 0.98 2.35 0.00 2.98 0.28 2.77 0.00 0.00 0.11 0.60 0.00 0.00 0.00 1.33 0.88 0.00 0.00 3.26 3.36 0.11 0.98 2.38 0.00 3.01 2.21 0.39 2.73 2.94 2.94
11 1.16 0.04 0.14 1.79 0.95 2.03 0.81 0.42 3.36 1.40 0.00 0.00 0.00 1.16 0.67 2.66 2.56 0.95 0.00 1.86 3.01 0.35 0.00 0.84 0.00 2.35 0.00 0.00 0.00 2.52 1.93 0.28 3.33 1.68 1.68 3.05 1.75 2.00 0.00 1.79 0.00 1.58 0.00 0.67 0.98 2.80 2.17 0.18 2.52 2.52 2.52 0.84 3.40 0.00 0.63 2.42 1.72 0.00 3.01 2.77 2.91 3.26 0.53 0.07 0.07 0.00 3.29 3.29 1.44 0.00 0.00 0.00 2.21 0.56 0.00 0.53 1.40 3.29 0.00 2.98 1.51 0.98 0.00 0.77 3.26 3.12 0.18 0.00 1.82 1.30 0.07 0.00 1.09 2.98 1.19 0.00 0.00 3.12 2.31 0.84
12 3.29 0.00 3.15 2.31 3.36 0.42 0.00 1.58 3.36 0.00 0.00 0.00 0.00 2.91 0.39 0.53 2.56 0.00 2.87 0.00 1.02 1.72 2.94 2.35 0.00 1.19 0.00 3.29 0.35 1.58 0.74 1.37 0.00 1.61 0.00 2.91 1.12 3.43 0.00 0.00 0.70 0.00 0.11 2.77 0.25 0.00 0.77 0.74 1.86 0.60 3.50 0.00 3.26 3.36 0.60 0.00 0.00 1.61 0.00 0.42 1.33 0.00 0.00 0.56 0.00 2.87 1.96 0.00 1.26 1.26 3.40 0.39 3.26 3.26 1.58 1.82 0.00 0.00 1.30 2.10 1.44 1.23 0.00 1.16 0.00 0.00 0.00 1.40 3.40 3.50 0.00 0.04 1.12 0.00 2.94 1.33 2.66 3.15 2.35 2.45
13 1.82 2.21 2.91 2.59 0.00 0.98 2.38 0.00 2.98 0.25 0.00 1.16 2.91 0.00 2.52 1.93 2.87 0.00 1.86 0.35 2.98 0.81 0.46 0.70 0.39 3.05 0.00 3.29 3.15 3.19 0.00 2.59 2.17 2.31 2.14 0.32 1.79 0.00 2.49 3.15 0.00 0.00 1.54 1.30 2.35 1.86 1.23 0.04 2.07 0.00 2.73 3.05 2.77 1.26 2.87 0.00 0.88 2.31 0.98 0.46 0.00 2.21 3.47 3.05 0.77 0.00 0.00 1.40 0.00 0.00 3.15 3.19 0.00 1.96 0.00 3.15 2.24 2.66 1.30 1.61 0.00 0.07 1.86 0.00 0.63 1.68 1.16 2.24 0.49 0.91 0.28 0.60 0.00 0.04 0.21 2.42 0.00 2.98 1.12 0.00
14 2.59 2.77 0.00 0.35 1.33 3.12 0.00 1.02 0.00 0.21 3.43 0.67 0.39 2.52 0.00 0.77 1.51 2.31 2.03 1.51 0.00 2.03 1.96 0.42 1.05 3.19 0.67 0.00 1.58 0.53 2.07 0.53 0.49 1.47 0.28 1.09 2.38 3.50 2.07 0.00 0.00 0.98 2.84 3.47 2.24 1.44 0.00 1.23 2.45 2.17 0.00 3.50 2.03 0.00 3.33 2.38 0.00 3.40 1.33 1.12 3.50 0.88 3.08 3.50 2.84 1.47 2.70 0.39 0.00 0.00 0.81 0.67 2.87 3.15 0.00 0.53 0.95 2.38 0.18 0.00 3.36 0.00 1.23 0.49 1.30 1.75 2.07 2.52 3.26 0.00 3.15 1.86 0.32 1.58 0.00 3.05 2.42 2.94 2.73 3.26
15 0.39 2.17 2.84 1.93 1.54 0.21 3.22 0.91 1.51 2.59 3.12 2.66 0.53 1.93 0.77 0.00 2.52 1.68 2.84 0.70 2.84 3.15 1.02 0.00 0.00 0.67 0.28 0.00 0.00 0.81 0.11 0.00 2.31 1.40 1.68 0.70 0.00 0.00 0.53 0.07 0.46 2.24 3.47 0.00 0.00 0.70 0.00 1.12 0.00 1.33 0.00 1.05 1.93 0.14 0.18 0.53 0.00 0.39 2.52 3.43 0.00 1.89 2.98 0.00 1.82 1.02 0.00 1.09 1.16 1.23 0.42 1.68 1.79 2.17 0.04 0.98 0.25 0.21 3.29 2.56 1.68 3.33 0.00 0.53 0.81 0.00 0.74 2.94 0.00 0.00 0.42 2.17 0.11 1.30 2.91 2.52 0.98 1.51 2.07 0.32
16 3.47 3.43 1.44 0.00 2.03 3.40 1.86 2.56 3.19 2.84 0.00 2.56 2.56 2.87 1.51 2.52 0.00 2.03 0.81 0.00 1.54 2.94 2.91 2.10 3.40 3.36 1.26 1.37 0.00 2.70 1.23 0.07 0.00 0.28 0.14 0.88 0.56 0.00 0.00 2.24 2.17 0.81 0.25 2.28 0.00 1.68 0.00 0.00 0.00 0.00 0.18 1.37 0.98 3.01 2.17 3.29 0.00 1.96 0.00 2.00 0.84 2.52 2.17 1.68 0.53 0.07 1.44 1.30 0.00 0.00 0.00 0.00 1.58 3.47 3.50 1.12 1.54 0.98 0.14 0.00 3.29 0.00 3.19 1.05 0.46 0.00 0.88 2.45 1.23 3.40 0.28 2.35 0.77 0.21 0.00 2.00 0.00 2.38 2.31 2.84
17 0.04 2.59 0.11 2.10 0.63 0.21 2.73 2.07 1.40 1.82 0.21 0.95 0.00 0.00 2.31 1.68 2.03 0.00 0.60 2.87 0.00 2.84 0.00 0.00 2.38 2.00 0.00 0.00 2.56 0.00 1.72 0.00 0.00 3.15 2.94 2.07 0.00 1.96 3.47 0.00 1.79 3.08 2.73 1.96 2.77 3.08 1.75 0.00 1.19 0.00 2.94 0.00 0.00 0.88 0.00 2.21 0.84 2.70 3.08 0.77 1.72 0.60 3.01 3.08 1.12 0.00 0.00 0.00 1.65 1.96 0.35 2.84 2.56 3.19 0.00 0.00 0.11 3.12 3.40 0.00 0.00 0.00 1.33 0.21 0.39 0.00 1.44 2.91 0.00 0.00 1.12 2.31 0.00 3.08 2.03 2.14 3.15 3.33 0.00 0.00
18 1.79 2.14 1.19 0.11 3.01 0.28 0.84 0.00 1.16 0.00 0.00 0.00 2.87 1.86 2.03 2.84 0.81 0.60 0.00 1.44 3.40 1.51 1.58 0.25 0.95 0.00 1.30 2.03 0.00 0.00 3.08 0.00 0.00 2.63 1.16 3.22 1.23 0.00 1.61 0.25 2.91 0.00 0.39 1.75 0.42 1.79 3.19 2.07 0.11 0.49 0.98 3.40 0.00 0.63 0.67 0.00 1.93 2.70 0.84 1.33 3.50 3.43 0.00 0.00 2.03 2.24 0.00 0.00 0.95 2.63 2.03 0.00 0.21 0.00 1.09 0.46 1.19 3.43 0.74 0.07 1.16 1.79 1.68 0.00 1.30 0.00 2.07 0.63 0.42 0.00 0.00 2.28 3.50 2.28 1.65 1.47 0.11 1.68 0.95 1.33
19 1.96 2.10 0.00 1.05 0.00 1.51 3.29 0.00 0.95 0.53 2.10 1.86 0.00 0.35 1.51 0.70 0.00 2.87 1.44 0.00 3.50 0.95 2.42 1.65 3.12 2.45 1.30 0.00 0.00 2.56 1.30 0.00 3.12 1.79 0.00 1.30 0.00 3.29 0.00 0.49 1.30 0.00 1.54 2.35 0.32 2.77 1.72 0.00 1.02 1.30 1.26 2.38 1.02 3.15 2.03 0.28 0.28 3.43 1.82 1.58 1.16 0.00 0.18 1.05 0.35 0.00 2.98 0.42 0.07 0.00 0.56 1.23 2.07 0.00 0.00 2.03 0.00 2.24 1.02 0.00 1.37 0.67 0.00 1.30 2.38 2.35 1.33 2.56 0.00 0.00 1.89 1.23 0.00 2.84 0.11 0.88 0.00 0.00 1.19 1.79
20 3.19 2.07 1.82 0.00 2.42 2.84 0.00 2.38 1.12 1.65 1.23 3.01 1.02 2.98 0.00 2.84 1.54 0.00 3.40 3.50 0.00 1.30 2.59 0.77 0.00 0.18 1.82 0.35 1.37 1.30 3.08 1.82 0.00 2.52 1.23 3.08 0.00 0.00 0.32 2.84 0.88 0.84 0.00 3.05 0.21 1.05 2.80 0.00 0.00 2.91 3.15 1.65 2.91 3.15 0.28 0.00 1.12 1.02 1.23 0.46 0.21 0.00 3.33 0.00 0.00 0.00 1.02 2.28 0.00 1.44 1.89 0.07 0.00 1.19 0.00 0.00 2.73 1.72 2.66 0.00 1.89 2.84 0.18 0.00 1.12 0.00 1.12 3.22 2.00 1.96 1.68 0.00 0.00 0.25 3.05 2.42 0.70 0.00 1.54 2.87
21 2.14 1.47 0.00 2.91 0.81 0.07 1.16 0.00 0.32 3.01 3.05 0.35 1.72 0.81 2.03 3.15 2.94 2.84 1.51 0.95 1.30 0.00 2.70 0.00 2.59 3.05 2.56 3.05 0.67 0.00 0.95 3.26 1.33 0.42 2.28 0.42 2.91 0.84 2.28 1.82 1.72 0.67 0.88 0.11 0.60 2.07 0.00 1.72 1.75 0.74 0.00 0.00 2.73 2.87 2.31 0.42 0.00 0.00 1.93 0.00 3.01 0.77 2.00 0.67 1.51 1.09 3.05 3.50 2.84 0.49 1.19 1.58 0.00 0.91 0.32 3.22 0.07 3.43 0.00 1.54 3.40 2.80 0.00 0.25 0.95 0.00 0.88 0.56 3.43 0.53 0.98 1.26 2.59 0.00 1.93 3.22 0.35 3.33 1.19 2.24
22 2.10 0.00 0.00 2.00 0.00 0.95 0.00 2.66 3.08 3.15 1.79 0.00 2.94 0.46 1.96 1.02 2.91 0.00 1.58 2.42 2.59 2.70 0.00 2.94 1.54 0.00 0.00 1.37 1.79 1.79 0.77 2.77 2.10 0.56 0.18 0.81 2.66 1.68 3.15 0.00 0.00 0.84 1.51 0.00 0.60 2.66 1.54 0.00 3.01 1.51 0.00 0.00 0.84 0.53 0.00 0.88 2.45 2.35 1.79 0.00 0.21 2.49 3.50 3.29 0.00 2.49 3.05 0.95 0.95 3.12 0.00 2.84 2.49 1.61 0.60 0.00 0.70 1.44 2.70 0.00 0.63 0.00 1.96 0.00 1.82 0.00 0.00 1.96 3.47 2.77 0.11 1.86 0.00 2.07 0.00 1.75 0.00 2.94 0.00 0.04
23 0.00 0.95 0.00 2.59 0.56 2.17 2.52 0.00 1.65 0.00 0.04 0.84 2.35 0.70 0.42 0.00 2.10 0.00 0.25 1.65 0.77 0.00 2.94 0.00 0.00 3.22 1.05 3.15 0.11 0.00 0.00 1.68 3.43 2.98 0.18 2.66 2.49 2.70 0.00 0.25 2.03 1.68 1.75 1.37 1.02 0.00 0.63 0.84 3.43 0.00 0.00 0.00 2.38 1.16 0.00 1.72 2.56 2.59 0.95 0.56 0.00 1.19 0.00 0.18 2.49 0.21 0.00 1.09 2.66 0.00 2.14 0.00 1.40 1.96 0.84 0.00 0.53 0.42 0.00 2.21 2.42 0.21 0.00 0.00 2.14 2.98 0.77 3.01 2.10 0.32 0.98 0.00 1.68 0.21 1.89 0.53 1.05 1.23 0.00 0.25
24 2.70 3.15 0.00 0.00 2.49 2.98 1.65 1.37 0.53 0.00 0.67 0.00 0.00 0.39 1.05 0.00 3.40 2.38 0.95 3.12 0.00 2.59 1.54 0.00 0.00 3.08 0.63 0.18 0.49 0.39 0.00 0.63 1.02 0.28 0.74 2.91 0.77 0.74 0.42 1.19 0.11 2.56 1.02 0.00 0.56 0.46 0.18 0.35 0.74 3.05 0.67 2.31 1.30 1.58 3.22 1.54 0.00 2.45 1.86 2.94 1.44 1.30 0.74 1.16 1.09 0.04 2.77 0.00 1.96 0.00 0.00 1.09 2.31 2.31 1.44 2.52 3.33 1.54 2.45 1.23 1.82 0.74 0.00 1.26 1.72 3.33 2.87 1.65 0.91 0.04 1.37 0.00 0.00 0.56 1.12 0.00 0.25 0.00 2.91 2.56
25 2.63 1.33 0.00 2.10 0.67 2.21 3.05 3.22 3.15 0.00 0.00 2.35 1.19 3.05 3.19 0.67 3.36 2.00 0.00 2.45 0.18 3.05 0.00 3.22 3.08 0.00 0.60 0.00 0.00 1.68 1.09 2.91 0.21 1.40 2.66 3.26 1.89 2.31 3.22 0.00 0.00 0.18 2.24 0.42 2.84 0.00 0.67 1.54 0.53 0.00 3.36 0.32 3.26 0.53 2.42 1.72 3.12 1.65 0.00 0.00 0.98 0.00 3.15 0.14 1.51 0.00 1.65 2.38 0.88 1.86 0.00 1.72 2.03 2.52 1.12 1.58 0.00 1.02 1.82 0.00 2.00 3.50 3.15 0.88 0.00 2.31 3.43 0.00 0.81 2.98 2.98 3.12 2.84 2.07 1.86 0.00 1.54 0.00 0.25 0.84
26 0.63 0.25 2.84 1.61 0.63 0.53 2.28 3.01 0.00 3.40 2.94 0.00 0.00 0.00 0.67 0.28 1.26 0.00 1.30 1.30 1.82 2.56 0.00 1.05 0.63 0.60 0.00 2.14 2.14 0.00 3.22 0.00 2.07 3.33 1.37 1.72 2.38 2.87 2.70 3.01 3.12 0.00 0.04 0.11 0.53 0.00 1.75 0.74 0.04 2.98 0.00 0.00 1.44 1.47 0.00 0.00 0.91 2.24 1.40 2.21 0.46 0.00 2.80 0.98 0.74 1.65 3.08 0.00 3.08 2.87 1.93 0.00 2.45 3.26 0.00 2.42 0.00 0.00 2.07 1.54 2.94 0.98 1.89 2.63 2.38 1.86 2.14 0.00 1.30 0.46 1.89 0.56 1.05 2.94 3.29 3.22 0.46 1.58 2.21 2.94
27 2.07 2.56 0.00 2.38 0.07 0.95 2.80 0.00 0.00 0.63 1.47 0.00 3.29 3.29 0.00 0.00 1.37 0.00 2.03 0.00 0.35 3.05 1.37 3.15 0.18 0.00 2.14 0.00 1.86 0.00 0.00 0.60 2.28 0.00 0.11 0.91 0.60 2.91 2.42 0.00 0.00 2.35 0.00 0.00 2.84 3.29 0.18 1.09 1.40 2.63 0.91 0.81 0.35 0.00 3.36 1.23 2.38 3.22 2.42 0.63 3.19 0.98 2.87 1.05 1.58 3.33 2.49 0.00 2.21 0.00 0.60 0.00 0.88 2.80 0.00 0.00 1.19 1.96 3.01 3.33 1.30 2.38 0.84 2.24 1.79 0.00 1.19 0.04 0.00 2.24 0.00 0.28 1.79 3.47 2.03 1.30 1.93 0.21 0.00 1.44
28 1.47 1.93 1.61 1.61 2.63 0.00 2.35 0.63 0.00 0.84 1.93 0.00 0.35 3.15 1.58 0.00 0.00 2.56 0.00 0.00 1.37 0.67 1.79 0.11 0.49 0.00 2.14 1.86 0.00 2.24 3.47 2.35 3.43 0.00 0.21 0.95 0.49 0.00 2.38 0.60 3.47 2.52 0.00 0.00 2.59 0.63 3.40 2.91 0.70 0.18 2.98 0.00 3.50 0.00 1.02 0.00 1.54 3.05 3.36 0.14 0.95 2.84 2.49 0.14 3.29 0.00 2.28 0.00 0.00 2.63 3.19 1.12 1.02 0.35 2.56 2.00 0.00 0.11 2.94 0.00 0.95 2.80 1.33 2.87 2.91 0.00 2.98 0.00 2.91 0.00 0.00 0.00 1.86 0.00 3.05 2.91 0.60 1.37 1.30 0.00
29 0.81 0.00 2.10 0.46 0.74 0.74 0.00 1.26 0.00 2.45 3.19 2.52 1.58 3.19 0.53 0.81 2.70 0.00 0.00 2.56 1.30 0.00 1.79 0.00 0.39 1.68 0.00 0.00 2.24 0.00 0.42 0.00 0.88 0.00 0.00 0.00 0.00 0.00 0.00 2.80 0.91 0.00 2.91 2.52 0.00 0.00 2.98 1.96 0.63 1.30 1.96 0.00 0.00 0.18 0.00 1.93 0.28 3.08 2.38 0.88 0.46 0.88 3.05 0.42 3.33 0.35 1.79 0.00 0.00 0.00 0.00 0.91 1.79 3.05 2.73 0.77 0.32 1.58 2.10 2.73 1.47 1.26 1.16 1.54 1.02 0.04 0.00 0.00 3.50 0.98 2.35 2.63 0.28 1.40 3.43 2.07 3.43 0.25 1.58 2.42
30 1.79 1.44 1.33 2.94 0.00 0.18 3.08 1.47 0.88 0.00 0.00 1.93 0.74 0.00 2.07 0.11 1.23 1.72 3.08 1.30 3.08 0.95 0.77 0.00 0.00 1.09 3.22 0.00 3.47 0.42 0.00 0.00 0.63 0.00 0.84 0.63 2.70 0.00 0.88 2.24 1.96 1.19 1.23 1.61 0.00 2.94 1.58 1.65 1.02 0.56 0.00 2.31 2.94 0.60 0.95 3.43 0.00 2.03 1.61 0.70 0.00 0.00 1.09 3.47 2.38 2.73 3.33 1.93 2.98 1.93 3.33 0.00 0.00 1.82 2.03 3.29 0.00 1.72 3.29 0.00 3.50 3.12 1.09 0.00 2.66 1.30 1.16 3.08 3.36 3.29 0.00 1.51 3.08 2.52 3.12 3.36 3.29 1.16 3.12 1.72
31 0.00 1.54 0.00 0.00 1.16 3.22 0.35 1.02 2.77 0.00 3.26 0.28 1.37 2.59 0.53 0.00 0.07 0.00 0.00 0.00 1.82 3.26 2.77 1.68 0.63 2.91 0.00 0.60 2.35 0.00 0.00 0.00 0.95 1.89 0.32 2.49 0.46 2.10 3.50 1.51 0.00 2.66 3.43 1.05 2.52 0.00 0.56 1.61 2.45 0.00 0.00 2.77 0.21 2.42 0.84 2.91 0.18 2.07 0.00 0.53 0.74 0.74 2.56 0.60 0.63 0.00 0.63 2.98 1.65 0.00 0.00 2.31 0.00 0.63 3.05 3.08 0.00 2.66 2.80 1.40 0.91 1.02 0.00 3.36 2.91 1.93 0.39 0.25 1.68 2.87 2.63 1.68 1.61 0.00 0.00 2.24 1.23 1.96 0.00 2.21
32 0.49 0.95 2.52 1.65 0.00 3.26 0.21 1.02 2.28 0.00 1.30 3.33 0.00 2.17 0.49 2.31 0.00 0.00 0.00 3.12 0.00 1.33 2.10 3.43 1.02 0.21 2.07 2.28 3.43 0.88 0.63 0.95 0.00 2.70 2.24 3.43 1.19 1.19 0.95 0.00 0.95 0.32 2.07 0.00 2.49 1.82 2.03 0.53 1.40 2.21 0.88 0.00 0.74 2.77 0.18 1.40 0.00 2.31 1.75 2.10 0.04 0.00 3.47 1.65 0.00 0.00 0.00 1.44 1.54 0.00 0.35 0.60 0.28 0.00 0.00 0.00 3.01 2.70 1.40 0.70 1.44 0.56 0.00 0.00 2.45 0.00 0.67 1.61 1.89 2.94 2.59 1.89 1.16 3.08 2.91 1.79 0.00 1.47 2.07 0.00
33 0.95 0.00 2.98 2.56 2.66 0.77 3.22 2.24 1.54 2.77 2.59 1.68 1.61 2.31 1.47 1.40 0.28 3.15 2.63 1.79 2.52 0.42 0.56 2.98 0.28 1.40 3.33 0.00 0.00 0.00 0.00 1.89 2.70 0.00 0.81 0.00 0.00 0.28 2.24 2.03 0.46 3.26 0.21 2.38 0.00 0.67 2.84 0.00 1.37 1.93 3.36 2.38 1.68 0.00 1.33 0.42 2.03 1.82 2.45 0.00 1.61 2.59 1.58 0.91 0.00 3.43 2.24 0.00 2.31 0.32 0.00 1.33 0.00 0.00 2.94 0.00 1.65 2.21 2.07 3.05 0.84 2.10 0.04 0.00 0.04 0.00 0.00 2.70 0.00 0.42 3.43 2.21 1.51 0.00 0.00 0.46 1.47 0.04 3.22 2.00
34 3.43 1.33 1.47 0.32 0.00 0.00 1.89 0.95 0.18 0.00 0.00 1.68 0.00 2.14 0.28 1.68 0.14 2.94 1.16 0.00 1.23 2.28 0.18 0.18 0.74 2.66 1.37 0.11 0.21 0.00 0.84 0.32 2.24 0.81 0.00 0.00 0.18 1.86 0.35 0.60 0.39 1.02 0.77 0.00 1.61 2.94 3.36 0.00 2.52 1.26 0.28 2.10 2.45 2.70 2.63 0.00 0.00 2.45 1.44 0.39 2.35 0.21 3.36 3.47 1.02 2.00 2.31 0.00 3.43 2.03 1.96 1.58 2.63 1.16 0.00 0.56 0.00 0.00 0.00 1.75 3.29 0.00 2.70 2.21 2.28 1.09 0.00 0.77 2.00 2.73 0.00 2.66 1.47 2.42 2.07 0.35 3.15 0.00 0.00 2.66
35 3.12 1.02 1.37 0.00 0.00 2.21 0.32 0.00 0.00 1.05 0.32 3.05 2.91 0.32 1.09 0.70 0.88 2.07 3.22 1.30 3.08 0.42 0.81 2.66 2.91 3.26 1.72 0.91 0.95 0.00 0.63 2.49 3.43 0.00 0.00 0.00 1.44 0.04 0.46 2.94 3.29 2.45 0.00 2.56 0.91 2.21 0.00 1.37 2.21 2.91 1.93 0.18 2.73 2.98 0.49 2.98 2.00 1.96 1.09 2.87 1.44 2.77 0.67 0.00 0.00 0.00 2.38 0.18 0.00 0.70 2.91 1.12 3.26 0.46 0.00 3.19 1.72 0.00 1.40 0.28 1.12 0.95 1.05 2.63 0.04 0.18 0.00 2.00 0.00 2.87 0.00 3.50 0.00 0.46 1.37 2.03 0.00 2.07 1.16 0.00
36 2.42 1.33 0.00 2.00 1.19 0.84 0.00 2.21 1.72 3.22 3.47 1.75 1.12 1.79 2.38 0.00 0.56 0.00 1.23 0.00 0.00 2.91 2.66 2.49 0.77 1.89 2.38 0.60 0.49 0.00 2.70 0.46 1.19 0.00 0.18 1.44 0.00 2.70 0.67 1.75 2.45 2.03 0.00 0.32 2.91 2.80 0.04 0.39 1.33 0.14 0.74 1.02 1.23 0.60 1.72 1.65 2.03 0.00 1.54 0.77 0.00 0.91 1.26 2.70 2.45 2.91 2.52 3.50 0.00 2.87 0.84 0.00 0.00 0.35 0.56 0.00 3.29 0.35 0.00 0.00 0.42 0.56 2.77 1.44 1.65 2.63 0.00 3.40 2.56 0.00 0.00 0.35 2.91 0.00 3.08 2.03 0.18 2.98 1.96 1.82
37 0.42 2.56 0.00 0.00 0.00 3.22 1.58 0.00 0.07 0.39 2.66 2.00 3.43 0.00 3.50 0.00 0.00 1.96 0.00 3.29 0.00 0.84 1.68 2.70 0.74 2.31 2.87 2.91 0.00 0.00 0.00 2.10 1.19 0.28 1.86 0.04 2.70 0.00 1.33 0.00 1.09 3.05 0.11 0.00 0.00 2.59 0.60 0.32 2.14 0.00 3.01 0.74 2.35 1.58 2.49 2.38 0.00 2.87 0.00 1.68 0.00 0.00 3.22 1.02 0.18 2.28 0.00 2.42 2.35 2.87 2.03 0.98 1.75 2.31 0.70 3.08 0.00 2.52 0.49 0.00 3.26 0.00 2.24 2.07 0.00 3.19 1.12 2.73 1.68 0.28 1.61 3.12 1.96 0.00 3.47 0.00 0.18 0.67 2.10 2.21
38 3.50 1.93 0.28 1.05 1.61 0.00 2.80 2.73 0.00 0.00 1.37 0.00 0.00 2.49 2.07 0.53 0.00 3.47 1.61 0.00 0.32 2.28 3.15 0.00 0.42 3.22 2.70 2.42 2.38 0.00 0.88 3.50 0.95 2.24 0.35 0.46 0.67 1.33 0.00 3.01 0.07 0.00 3.50 3.15 1.96 3.40 0.00 0.00 2.07 2.80 1.16 0.00 0.00 1.47 0.00 0.63 2.59 2.14 0.00 0.00 1.23 1.33 1.75 2.49 3.12 0.42 3.19 2.87 0.00 0.14 0.00 2.49 1.47 2.52 2.59 1.26 1.30 0.00 0.84 0.88 1.75 0.00 1.51 3.19 3.47 1.33 1.19 0.18 0.00 1.44 0.00 0.18 0.95 1.37 0.67 2.42 1.86 3.36 1.65 1.19
39 1.61 1.65 2.94 3.29 3.50 3.22 0.00 2.84 0.25 1.02 2.38 1.79 0.00 3.15 0.00 0.07 2.24 0.00 0.25 0.49 2.84 1.82 0.00 0.25 1.19 0.00 3.01 0.00 0.60 2.80 2.24 1.51 0.00 2.03 0.60 2.94 1.75 0.00 3.01 0.00 3.40 1.33 2.28 0.00 1.79 3.40 2.10 3.43 0.18 3.19 2.87 1.58 2.66 0.00 0.00 2.03 3.05 1.12 1.37 0.25 0.18 0.25 0.00 0.00 0.84 1.05 2.59 1.79 2.98 0.74 0.00 1.82 1.93 2.77 0.98 1.65 2.91 2.45 2.91 0.00 0.67 0.95 0.00 0.00 0.77 1.58 3.26 2.00 1.47 2.87 2.00 0.00 0.98 2.42 1.19 0.00 0.00 2.66 0.53 3.40
40 0.35 0.84 0.00 2.56 0.91 1.26 0.18 0.00 2.21 2.21 2.63 0.00 0.70 0.00 0.00 0.46 2.17 1.79 2.91 1.30 0.88 1.72 0.00 2.03 0.11 0.00 3.12 0.00 3.47 0.91 1.96 0.00 0.95 0.46 0.39 3.29 2.45 1.09 0.07 3.40 0.00 0.95 2.38 1.40 0.00 0.00 2.21 1.30 0.00 2.42 1.16 0.04 0.00 1.37 2.00 1.02 2.24 0.00 1.40 1.12 0.14 0.00 0.00 2.56 0.00 0.84 1.09 0.95 1.58 0.39 1.58 3.40 0.00 1.26 0.88 0.00 3.05 0.18 0.46 0.00 3.12 0.00 3.19 1.33 3.15 0.00 2.63 0.00 3.43 1.44 0.04 3.08 2.80 0.00 0.91 2.21 2.35 0.00 2.80 2.14
41 3.26 0.91 1.54 0.00 1.72 1.58 0.25 0.00 3.29 0.00 0.00 1.58 0.00 0.00 0.98 2.24 0.81 3.08 0.00 0.00 0.84 0.67 0.84 1.68 2.56 0.18 0.00 2.35 2.52 0.00 1.19 2.66 0.32 3.26 1.02 2.45 2.03 3.05 0.00 1.33 0.95 0.00 0.70 0.21 0.46 1.37 0.21 0.49 2.49 0.84 2.94 3.22 0.63 3.08 2.56 0.49 2.94 0.00 0.00 2.35 0.00 3.01 1.82 2.42 0.14 0.11 2.14 0.00 0.84 0.63 0.88 0.00 2.24 0.42 0.81 0.35 0.98 0.00 0.04 1.51 2.14 3.15 2.56 0.56 3.22 0.35 1.89 0.00 1.40 2.49 3.29 0.00 0.00 0.00 3.47 0.00 2.35 0.95 1.75 2.77
42 0.32 2.38 1.54 1.79 2.49 1.65 2.00 2.80 0.00 2.98 2.21 0.00 0.11 1.54 2.84 3.47 0.25 2.73 0.39 1.54 0.00 0.88 1.51 1.75 1.02 2.24 0.04 0.00 0.00 2.91 1.23 3.43 2.07 0.21 0.77 0.00 0.00 0.11 3.50 2.28 2.38 0.70 0.00 2.10 0.21 0.00 3.26 0.21 2.10 1.58 2.66 1.05 0.18 0.14 1.89 1.96 1.40 1.65 1.65 2.42 1.30 0.00 2.98 2.03 0.00 3.43 3.01 0.42 0.35 0.35 0.49 3.36 0.00 0.84 2.45 1.37 1.30 0.00 2.38 0.00 0.00 1.26 0.00 1.68 2.70 2.28 2.28 2.38 0.42 0.84 0.18 0.77 1.16 0.32 0.70 1.37 2.45 0.00 0.00 0.00
43 1.09 1.89 0.14 2.77 0.00 0.32 0.35 3.26 0.00 0.00 1.79 0.67 2.77 1.30 3.47 0.00 2.28 1.96 1.75 2.35 3.05 0.11 0.00 1.37 0.00 0.42 0.11 0.00 0.00 2.52 1.61 1.05 0.00 2.38 0.00 2.56 0.32 0.00 3.15 0.00 1.40 0.21 2.10 0.00 1.75 1.16 0.00 2.14 0.00 2.35 3.08 1.30 2.80 0.25 3.50 2.84 3.50 1.75 1.37 3.05 0.00 1.93 3.36 1.75 0.00 0.98 3.22 0.00 1.40 0.00 1.58 2.52 0.00 2.28 0.42 2.35 2.35 1.09 1.86 0.00 2.84 1.37 1.05 3.40 1.54 1.09 2.94 0.42 3.12 1.82 0.35 0.00 0.00 2.91 0.46 0.00 2.38 2.38 3.50 3.50
44 2.31 0.00 1.30 1.23 0.77 0.00 3.19 0.00 0.00 0.74 1.86 0.98 0.25 2.35 2.24 0.00 0.00 2.77 0.42 0.32 0.21 0.60 0.60 1.02 0.56 2.84 0.53 2.84 2.59 0.00 0.00 2.52 2.49 0.00 1.61 0.91 2.91 0.00 1.96 1.79 0.00 0.46 0.21 1.75 0.00 0.00 1.72 1.93 3.15 1.75 3.22 1.51 2.45 2.70 2.98 2.84 1.93 1.47 0.00 0.18 2.14 3.29 0.00 0.14 3.50 3.43 2.00 1.09 1.26 0.00 3.29 0.28 2.35 1.05 3.40 0.00 1.12 0.00 2.17 0.35 0.00 0.18 0.53 2.94 1.33 0.00 2.87 1.02 0.56 0.04 0.04 0.00 2.03 0.00 2.73 1.54 2.59 0.00 0.49 0.00
45 0.07 0.00 0.00 0.00 0.00 2.21 1.89 0.00 0.84 0.00 0.00 2.80 0.00 1.86 1.44 0.70 1.68 3.08 1.79 2.77 1.05 2.07 2.66 0.00 0.46 0.00 0.00 3.29 0.63 0.00 2.94 0.00 1.82 0.67 2.94 2.21 2.80 2.59 3.40 3.40 0.00 1.37 0.00 1.16 0.00 0.00 1.82 2.66 0.00 0.95 2.49 1.65 0.00 3.26 0.00 1.82 0.42 0.00 1.23 2.59 0.00 0.04 2.21 0.00 0.00 0.60 2.28 2.91 0.25 0.00 2.66 1.82 0.00 0.00 2.91 0.60 0.00 0.28 1.19 2.59 0.21 0.00 2.63 1.23 1.09 0.00 2.63 2.14 0.00 2.73 1.96 0.28 3.29 3.40 0.00 3.15 0.00 0.25 0.00 3.19
46 2.35 1.40 1.61 0.00 2.84 2.07 0.84 0.00 2.80 0.00 0.00 2.17 0.77 1.23 0.00 0.00 0.00 1.75 3.19 1.72 2.80 0.00 1.54 0.63 0.18 0.67 1.75 0.18 3.40 2.98 1.58 0.56 2.03 2.84 3.36 0.00 0.04 0.60 0.00 2.10 2.21 0.21 3.26 0.00 1.72 1.82 0.00 0.00 0.00 2.10 0.60 2.84 0.98 1.68 3.40 0.42 1.86 0.00 2.14 0.46 2.49 1.54 0.00 0.91 0.00 1.51 0.70 1.16 0.60 0.00 2.38 1.51 2.00 0.00 0.91 2.56 0.00 0.00 0.00 0.00 0.60 0.95 0.42 0.00 0.11 0.00 0.00 3.40 0.18 0.00 0.00 3.08 0.81 0.00 1.09 0.74 0.00 0.00 1.02 0.42
47 1.82 0.77 2.24 1.37 1.09 0.00 0.00 1.44 1.68 2.73 3.47 0.18 0.74 0.04 1.23 1.12 0.00 0.00 2.07 0.00 0.00 1.72 0.00 0.84 0.35 1.54 0.74 1.09 2.91 1.96 1.65 1.61 0.53 0.00 0.00 1.37 0.39 0.32 0.00 3.43 1.30 0.49 0.21 2.14 1.93 2.66 0.00 0.00 1.23 2.35 0.67 0.11 1.93 0.00 0.00 1.33 0.25 0.00 0.00 0.53 0.00 0.00 2.94 0.00 0.00 2.07 2.42 0.00 3.05 2.35 0.00 0.42 1.51 0.88 2.94 2.10 0.00 3.43 0.00 1.19 2.56 0.00 2.42 3.19 0.53 0.32 0.46 3.50 0.00 3.47 0.14 1.86 3.50 3.29 2.80 0.21 3.40 0.00 0.04 0.00
48 2.52 2.00 3.40 2.28 2.80 1.82 2.77 3.08 1.72 2.28 2.98 2.52 1.86 2.07 2.45 0.00 0.00 1.19 0.11 1.02 0.00 1.75 3.01 3.43 0.74 0.53 0.04 1.40 0.70 0.63 1.02 2.45 1.40 1.37 2.52 2.21 1.33 2.14 2.07 0.18 0.00 2.49 2.10 0.00 3.15 0.00 0.00 1.23 0.00 0.74 0.35 0.42 1.96 0.35 1.61 0.63 3.26 2.63 3.01 3.19 0.63 0.00 0.25 2.52 3.05 1.72 0.98 0.49 2.38 0.91 0.00 3.22 1.75 3.12 0.00 3.33 3.33 0.00 2.35 0.00 0.00 1.65 2.94 3.36 3.26 3.22 3.40 0.00 0.14 3.47 0.00 0.46 1.68 0.00 0.00 3.40 0.00 2.66 0.91 0.11
49 3.36 0.00 0.98 0.00 1.65 2.31 1.86 0.14 1.26 1.51 0.00 2.52 0.60 0.00 2.17 1.33 0.00 0.00 0.49 1.30 2.91 0.74 1.51 0.00 3.05 0.00 2.98 2.63 0.18 1.30 0.56 0.00 2.21 1.93 1.26 2.91 0.14 0.00 2.80 3.19 2.42 0.84 1.58 2.35 1.75 0.95 2.10 2.35 0.74 0.00 0.18 2.66 0.53 0.00 0.00 0.81 2.91 1.54 0.84 1.26 1.65 0.00 0.00 0.77 0.00 0.91 0.88 0.28 3.19 0.00 1.51 0.28 2.73 1.86 3.05 2.84 1.96 0.28 3.19 0.00 2.94 2.77 1.75 0.63 0.42 0.00 0.18 1.33 2.31 0.35 0.14 0.00 1.16 1.02 0.00 0.00 2.24 3.50 1.75 2.35
50 2.14 0.00 0.53 3.36 1.96 2.98 0.56 0.21 0.00 0.04 2.77 2.52 3.50 2.73 0.00 0.00 0.18 2.94 0.98 1.26 3.15 0.00 0.00 0.00 0.67 3.36 0.00 0.91 2.98 1.96 0.00 0.00 0.88 3.36 0.28 1.93 0.74 3.01 1.16 2.87 1.16 2.94 2.66 3.08 3.22 2.49 0.60 0.67 0.35 0.18 0.00 3.50 0.00 2.94 0.39 0.00 1.23 0.28 0.00 3.08 0.42 0.53 0.39 0.00 0.00 0.00 0.77 0.67 0.81 0.00 0.98 1.89 1.58 3.08 0.00 0.67 0.00 2.00 0.00 0.00 0.11 0.00 0.88 1.44 2.80 3.08 0.14 0.14 0.00 3.26 2.17 0.74 1.58 2.07 0.00 2.98 1.96 0.60 1.58 2.87
51 0.00 0.39 0.35 1.86 1.19 3.08 0.00 0.00 2.45 0.77 2.24 0.84 0.00 3.05 3.50 1.05 1.37 0.00 3.40 2.38 1.65 0.00 0.00 0.00 2.31 0.32 0.00 0.81 0.00 0.00 2.31 2.77 0.00 2.38 2.10 0.18 1.02 0.74 0.00 1.58 0.04 3.22 1.05 1.30 1.51 1.65 2.84 0.11 0.42 2.66 3.50 0.00 0.00 2.42 0.00 2.91 2.73 0.00 2.38 0.00 0.46 0.00 0.42 1.93 3.22 0.00 2.66 0.00 0.77 1.26 0.67 2.91 1.68 2.03 2.98 0.00 0.00 0.00 2.45 0.00 3.29 2.66 2.66 0.35 0.00 2.70 2.56 2.49 3.40 0.28 2.28 1.23 1.54 1.75 0.00 2.49 0.00 0.95 3.50 0.00
52 1.33 2.66 2.84 0.28 1.33 0.00 0.00 0.49 2.24 2.77 0.46 3.40 3.26 2.77 2.03 1.93 0.98 0.00 0.00 1.02 2.91 2.73 0.84 2.38 1.30 3.26 1.44 0.35 3.50 0.00 2.94 0.21 0.74 1.68 2.45 2.73 1.23 2.35 0.00 2.66 0.00 0.63 0.18 2.80 2.45 0.00 0.98 1.93 1.96 0.53 0.00 0.00 0.00 2.91 0.53 0.00 0.84 0.00 2.03 3.29 0.95 2.56 1.23 0.00 2.91 0.95 0.11 1.72 0.49 1.89 0.70 0.00 2.52 3.12 0.00 3.43 3.22 3.08 0.74 1.65 2.10 0.84 2.63 0.00 1.79 2.24 0.00 2.91 0.46 0.53 2.31 2.59 0.00 1.19 2.35 2.73 2.28 0.18 0.00 0.00
53 0.42 0.39 1.37 2.17 0.95 0.35 0.00 3.40 2.52 1.96 1.54 0.00 3.36 1.26 0.00 0.14 3.01 0.88 0.63 3.15 3.15 2.87 0.53 1.16 1.58 0.53 1.47 0.00 0.00 0.18 0.60 2.42 2.77 0.00 2.70 2.98 0.60 1.58 1.47 0.00 1.37 3.08 0.14 0.25 2.70 3.26 1.68 0.00 0.35 0.00 2.94 2.42 2.91 0.00 0.00 1.12 0.95 1.51 1.44 1.40 0.00 3.22 0.00 1.33 0.84 0.32 0.00 0.00 1.23 0.74 2.42 0.00 0.00 2.70 2.84 1.37 1.05 2.07 2.80 0.81 2.14 1.02 0.00 0.25 3.26 2.70 1.82 2.45 0.84 1.72 1.12 0.00 3.19 0.95 2.91 1.33 3.26 0.07 2.59 0.07
54 0.35 0.00 0.00 3.08 0.00 0.00 0.53 0.70 2.45 1.33 0.00 0.63 0.60 2.87 3.33 0.18 2.17 0.00 0.67 2.03 0.28 2.31 0.00 0.00 3.22 2.42 0.00 3.36 1.02 0.00 0.95 0.84 0.18 1.33 2.63 0.49 1.72 2.49 0.00 0.00 2.00 2.56 1.89 3.50 2.98 0.00 3.40 0.00 1.61 0.00 0.39 0.00 0.53 0.00 0.00 0.35 2.03 0.70 0.00 2.42 0.00 0.63 2.59 3.33 3.36 1.16 1.54 2.31 2.94 1.96 2.10 1.79 3.36 2.45 0.07 2.07 0.25 2.42 1.61 3.12 2.28 0.63 1.61 0.00 0.11 0.00 1.09 2.03 3.40 0.46 0.53 1.12 0.56 0.00 2.56 2.66 0.77 0.00 0.00 0.32
55 2.42 0.00 0.00 1.51 1.26 0.00 0.00 0.77 0.00 2.03 0.42 2.42 0.00 0.00 2.38 0.53 3.29 2.21 0.00 0.28 0.00 0.42 0.88 1.72 1.54 1.72 0.00 1.23 0.00 1.93 3.43 2.91 1.40 0.42 0.00 2.98 1.65 2.38 0.63 2.03 1.02 0.49 1.96 2.84 2.84 1.82 0.42 1.33 0.63 0.81 0.00 2.91 0.00 1.12 0.35 0.00 0.00 2.45 3.08 1.37 3.50 0.00 3.26 0.00 2.84 0.00 3.40 0.56 0.60 2.31 3.47 0.98 0.18 1.33 0.00 0.00 2.84 2.56 0.49 1.96 0.00 0.00 0.00 2.49 0.28 0.00 0.00 2.66 0.39 1.54 2.87 0.91 0.56 0.00 0.00 0.00 0.11 2.56 1.58 3.12
56 0.00 0.77 0.00 0.00 3.50 0.00 0.14 1.33 2.84 3.47 0.00 1.72 0.00 0.88 0.00 0.00 0.00 0.84 1.93 0.28 1.12 0.00 2.45 2.56 0.00 3.12 0.91 2.38 1.54 0.28 0.00 0.18 0.00 2.03 0.00 2.00 2.03 0.00 2.59 3.05 2.24 2.94 1.40 3.50 1.93 0.42 1.86 0.25 3.26 2.91 1.23 2.73 0.84 0.95 2.03 0.00 0.00 1.68 1.79 2.42 0.14 2.91 3.43 0.88 0.88 1.16 0.00 3.29 1.16 3.40 0.00 3.15 0.74 2.52 0.00 0.00 0.00 0.00 1.19 2.42 0.53 2.80 0.00 3.01 0.00 0.00 0.49 0.00 0.18 1.96 2.35 0.67 2.84 3.33 0.00 0.00 1.61 2.49 3.50 2.91
57 0.00 0.81 1.12 0.77 3.47 2.07 1.75 1.26 2.87 0.00 0.00 0.00 1.61 2.31 3.40 0.39 1.96 2.70 2.70 3.43 1.02 0.00 2.35 2.59 2.45 1.65 2.24 3.22 3.05 3.08 2.03 2.07 2.31 1.82 2.45 1.96 0.00 2.87 2.14 1.12 0.00 0.00 1.65 1.75 1.47 0.00 0.00 0.00 2.63 1.54 0.28 0.00 0.00 1.51 0.70 2.45 1.68 0.00 1.58 2.70 2.00 0.39 3.15 1.44 1.68 0.28 0.00 2.66 0.00 0.00 0.60 0.00 1.86 0.00 2.17 0.00 1.61 3.29 0.28 1.68 2.24 2.87 0.84 0.95 0.53 2.87 0.00 0.39 0.00 0.32 0.07 0.00 1.23 3.50 0.88 0.56 0.11 0.00 1.44 1.65
58 2.77 0.00 0.00 0.11 0.00 1.79 3.47 0.91 3.47 0.00 0.32 3.01 0.00 0.98 1.33 2.52 0.00 3.08 0.84 1.82 1.23 1.93 1.79 0.95 1.86 0.00 1.40 2.42 3.36 2.38 1.61 0.00 1.75 2.45 1.44 1.09 1.54 0.00 0.00 1.37 1.40 0.00 1.65 1.37 0.00 1.23 2.14 0.00 3.01 0.84 0.00 2.38 2.03 1.44 0.00 3.08 1.79 1.58 0.00 1.65 0.00 0.00 0.11 0.00 2.98 0.07 0.00 3.26 1.86 1.96 0.00 0.00 0.56 0.56 0.00 2.87 0.00 1.19 1.68 0.00 1.61 0.00 0.00 0.00 0.00 0.81 0.00 1.09 0.56 0.42 0.00 0.74 0.00 2.03 1.86 0.91 1.30 0.00 0.00 0.00
59 1.51 3.22 0.00 0.00 1.44 1.89 2.70 2.56 3.08 1.26 0.00 2.77 0.42 0.46 1.12 3.43 2.00 0.77 1.33 1.58 0.46 0.00 0.00 0.56 2.94 0.00 2.21 0.63 0.14 0.88 0.70 0.53 2.10 0.00 0.39 2.87 0.77 1.68 0.00 0.25 1.12 2.35 2.42 3.05 0.18 2.59 0.46 0.53 3.19 1.26 3.08 0.00 3.29 1.40 2.42 1.37 2.42 2.70 1.65 0.00 0.00 3.12 2.91 0.00 0.00 3.19 1.61 0.42 0.04 3.43 0.00 0.00 3.15 3.36 3.40 0.67 3.19 1.82 0.00 1.40 0.91 1.26 2.56 3.36 1.75 0.00 1.30 0.00 2.38 0.00 1.37 0.77 0.00 2.59 3.15 2.21 3.40 3.47 0.88 0.00
60 0.00 2.35 2.73 0.21 0.00 2.38 0.70 0.00 2.91 0.00 0.39 2.91 1.33 0.00 3.50 0.00 0.84 1.72 3.50 1.16 0.21 3.01 0.21 0.00 1.44 0.98 0.46 3.19 0.95 0.46 0.00 0.74 0.04 1.61 2.35 1.44 0.00 0.00 1.23 0.18 0.14 0.00 1.30 0.00 2.14 0.00 2.49 0.00 0.63 1.65 0.42 0.46 0.95 0.00 0.00 3.50 0.14 2.00 0.00 0.00 0.00 0.84 0.00 3.40 1.30 1.44 0.18 0.91 2.21 0.00 0.00 0.63 1.37 0.74 1.33 1.61 1.65 0.91 0.25 1.16 1.30 0.28 2.31 3.29 0.00 2.03 1.16 2.77 0.07 0.42 2.66 1.54 0.00 2.45 0.81 1.26 0.00 0.88 0.18 1.93
61 2.49 2.00 1.33 2.73 0.11 1.09 2.45 2.84 1.96 1.02 3.19 3.26 0.00 2.21 0.88 1.89 2.52 0.60 3.43 0.00 0.00 0.77 2.49 1.19 1.30 0.00 0.00 0.98 2.84 0.88 0.00 0.74 0.00 2.59 0.21 2.77 0.91 0.00 1.33 0.25 0.00 3.01 0.00 1.93 3.29 0.04 1.54 0.00 0.00 0.00 0.53 0.00 2.56 3.22 0.63 0.00 2.91 0.39 0.00 3.12 0.84 0.00 1.16 0.07 1.40 0.35 3.47 0.00 2.14 3.12 0.00 0.95 0.39 2.70 1.54 1.79 0.95 0.00 0.74 2.31 0.00 1.75 2.45 1.82 2.98 2.91 0.21 3.15 0.00 0.25 1.75 3.29 0.00 2.98 2.87 0.63 3.36 2.03 0.53 2.21
62 0.00 1.96 0.95 1.54 2.84 2.35 0.32 0.00 0.00 3.12 1.12 0.53 0.00 3.47 3.08 2.98 2.17 3.01 0.00 0.18 3.33 2.00 3.50 0.00 0.74 3.15 2.80 2.87 2.49 3.05 1.09 2.56 3.47 1.58 3.36 0.67 1.26 3.22 1.75 0.00 0.00 1.82 2.98 3.36 0.00 2.21 0.00 2.94 0.25 0.00 0.39 0.42 1.23 0.00 2.59 3.26 3.43 3.15 0.11 2.91 0.00 1.16 0.00 2.24 3.47 0.04 0.74 0.07 0.91 0.00 0.95 0.00 3.15 2.35 1.05 2.56 0.00 1.96 2.28 0.60 0.00 3.15 0.00 0.00 0.00 3.12 1.61 3.29 2.28 3.33 2.52 0.32 3.19 2.00 3.05 0.00 1.93 1.61 1.86 0.84
63 3.50 2.66 2.03 0.49 1.37 0.70 2.77 0.00 1.16 2.42 0.00 0.07 0.56 3.05 3.50 0.00 1.68 3.08 0.00 1.05 0.00 0.67 3.29 0.18 1.16 0.14 0.98 1.05 0.14 0.42 3.47 0.60 1.65 0.91 3.47 0.00 2.70 1.02 2.49 0.00 2.56 2.42 2.03 1.75 0.14 0.00 0.91 0.00 2.52 0.77 0.00 1.93 0.00 1.33 3.33 0.00 0.88 1.44 0.00 0.00 3.40 0.07 2.24 0.00 3.50 0.81 2.38 0.00 0.00 0.18 0.74 0.18 0.91 1.40 0.28 2.10 1.68 0.53 1.82 2.42 2.14 3.12 2.70 1.26 1.54 2.17 3.22 2.07 0.63 0.00 1.93 3.05 1.33 3.50 1.82 0.00 0.14 1.58 0.53 2.87
64 3.05 2.59 0.00 0.00 2.73 0.63 2.80 0.00 0.11 0.14 0.21 0.07 0.00 0.77 2.84 1.82 0.53 1.12 2.03 0.35 0.00 1.51 0.00 2.49 1.09 1.51 0.74 1.58 3.29 3.33 2.38 0.63 0.00 0.00 1.02 0.00 2.45 0.18 3.12 0.84 0.00 0.14 0.00 0.00 3.50 0.00 0.00 0.00 3.05 0.00 0.00 3.22 2.91 0.84 3.36 2.84 0.88 1.68 2.98 0.00 1.30 1.40 3.47 3.50 0.00 0.77 2.45 2.10 2.21 0.67 0.63 3.12 2.03 0.00 3.50 1.02 0.39 1.26 0.98 0.88 2.52 1.93 0.98 0.00 1.19 0.91 1.61 0.00 0.56 0.00 3.01 2.49 2.10 2.98 1.51 0.74 0.14 3.08 0.91 0.00
65 2.80 0.77 2.03 1.30 1.19 2.59 1.89 2.17 1.54 1.47 1.51 0.00 2.87 0.00 1.47 1.02 0.07 0.00 2.24 0.00 0.00 1.09 2.49 0.21 0.04 0.00 1.65 3.33 0.00 0.35 2.73 0.00 0.00 3.43 2.00 0.00 2.91 2.28 0.42 1.05 0.84 0.11 3.43 0.98 3.43 0.60 1.51 2.07 1.72 0.91 0.00 0.00 0.95 0.32 1.16 0.00 1.16 0.28 0.07 3.19 1.44 0.35 0.04 0.81 0.77 0.00 0.00 0.14 0.14 0.39 0.88 0.32 3.43 1.86 1.26 1.44 0.70 2.00 2.10 2.91 1.30 1.79 0.00 0.00 0.00 0.00 0.00 0.00 0.04 0.00 1.82 0.63 0.53 1.12 0.00 0.00 0.00 1.09 1.44 1.51
66 0.00 0.39 1.47 0.00 0.00 0.00 0.00 0.00 0.00 0.95 1.51 3.29 1.96 0.00 2.70 0.00 1.44 0.00 0.00 2.98 1.02 3.05 3.05 0.00 2.77 1.65 3.08 2.49 2.28 1.79 3.33 0.63 0.00 2.24 2.31 2.38 2.52 0.00 3.19 2.59 1.09 2.14 3.01 3.22 2.00 2.28 0.70 2.42 0.98 0.88 0.77 2.66 0.11 0.00 1.54 3.40 0.00 0.00 0.00 1.61 0.18 3.47 0.74 2.38 2.45 0.00 0.00 0.56 1.05 0.00 0.00 0.91 1.93 0.84 0.00 1.54 0.00 0.04 0.11 2.77 1.09 1.30 0.77 0.91 0.00 1.61 2.87 0.07 1.96 3.43 3.50 0.00 0.91 3.26 0.74 0.07 0.00 2.49 1.30 0.04
67 0.00 3.12 0.00 1.75 0.14 0.11 2.80 0.53 0.39 2.28 0.25 3.29 0.00 1.40 0.39 1.09 1.30 0.00 0.00 0.42 2.28 3.50 0.95 1.09 0.00 2.38 0.00 0.00 0.00 0.00 1.93 2.98 1.44 0.00 0.00 0.18 3.50 2.42 2.87 1.79 0.95 0.00 0.42 0.00 1.09 2.91 1.16 0.00 0.49 0.28 0.67 0.00 1.72 0.00 2.31 0.56 3.29 2.66 3.26 0.42 0.91 0.00 0.07 0.00 2.10 0.14 0.56 0.00 0.00 0.00 0.04 2.03 2.31 0.70 0.88 0.77 3.19 2.42 0.25 2.87 1.93 0.98 0.84 2.21 0.00 0.56 0.00 0.00 0.00 0.00 0.56 2.38 0.53 2.10 2.35 0.25 0.35 1.05 0.00 3.05
68 3.22 2.52 1.75 1.47 0.00 0.74 0.56 1.33 1.12 0.00 2.38 1.44 1.26 0.00 0.00 1.16 0.00 1.65 0.95 0.07 0.00 2.84 0.95 2.66 1.96 0.88 3.08 2.21 0.00 0.00 2.98 1.65 1.54 2.31 3.43 0.00 0.00 2.35 0.00 2.98 1.58 0.84 0.35 1.40 1.26 0.25 0.60 3.05 2.38 3.19 0.81 0.77 0.49 1.23 2.94 0.60 1.16 0.00 1.86 0.04 2.21 2.14 0.91 0.00 2.21 0.14 1.05 0.00 0.00 2.49 1.37 0.00 1.44 1.05 2.80 2.45 3.29 2.10 1.82 0.00 3.47 2.98 1.68 2.49 1.93 0.00 0.42 2.17 1.82 1.58 2.87 0.98 0.00 0.00 0.11 1.65 0.00 2.00 1.44 0.00
69 0.00 1.61 3.33 0.00 2.66 0.81 2.31 1.37 0.98 3.12 0.00 0.00 1.26 0.00 0.00 1.23 0.00 1.96 2.63 0.00 1.44 0.49 3.12 0.00 0.00 1.86 2.87 0.00 2.63 0.00 1.93 0.00 0.00 0.32 2.03 0.70 2.87 2.87 0.14 0.74 0.39 0.63 0.35 0.00 0.00 0.00 0.00 2.35 0.91 0.00 0.00 1.26 1.89 0.74 1.96 2.31 3.40 0.00 1.96 3.43 0.00 3.12 0.00 0.18 0.67 0.39 0.00 0.00 2.49 0.00 0.60 0.98 0.00 0.00 0.00 0.00 0.18 1.79 3.40 1.89 1.89 0.00 0.42 2.84 1.23 0.00 0.00 1.02 1.75 0.00 0.77 0.67 0.00 0.00 0.25 0.00 0.00 0.81 0.00 1.58
70 0.46 1.05 0.00 1.44 2.38 3.29 2.73 0.00 1.12 0.00 2.42 0.00 3.40 3.15 0.81 0.42 0.00 0.35 2.03 0.56 1.89 1.19 0.00 2.14 0.00 0.00 1.93 0.60 3.19 0.00 3.33 0.00 0.35 0.00 1.96 2.91 0.84 2.03 0.00 0.00 1.58 0.88 0.49 1.58 3.29 2.66 2.38 0.00 0.00 1.51 0.98 0.67 0.70 2.42 2.10 3.47 0.00 0.60 0.00 0.00 0.00 0.00 0.95 0.74 0.63 0.88 0.00 0.04 1.37 0.60 0.00 0.25 3.33 0.00 3.05 2.52 0.98 1.65 0.04 2.94 2.10 0.00 1.75 2.52 0.32 2.24 2.52 2.66 2.03 0.91 2.98 1.96 1.19 0.00 0.00 1.37 2.84 3.19 3.40 3.01
71 3.01 2.42 0.91 0.00 0.00 1.68 3.22 1.54 1.23 0.00 0.98 0.00 0.39 3.19 0.67 1.68 0.00 2.84 0.00 1.23 0.07 1.58 2.84 0.00 1.09 1.72 0.00 0.00 1.12 0.91 0.00 2.31 0.60 1.33 1.58 1.12 0.00 0.98 2.49 1.82 3.40 0.00 3.36 2.52 0.28 1.82 1.51 0.42 3.22 0.28 1.89 2.91 0.00 0.00 1.79 0.98 3.15 0.00 0.00 0.00 0.63 0.95 0.00 0.18 3.12 0.32 0.91 2.03 0.00 0.98 0.25 0.00 0.77 1.68 2.70 0.00 0.70 0.00 1.72 2.14 2.24 2.14 0.00 2.98 1.23 0.00 2.21 3.50 0.56 0.00 0.98 1.26 2.14 0.42 2.38 0.81 1.72 1.72 0.42 0.00
72 0.81 0.14 0.14 0.00 0.00 3.36 2.84 0.00 0.11 0.88 2.35 2.21 3.26 0.00 2.87 1.79 1.58 2.56 0.21 2.07 0.00 0.00 2.49 1.40 2.31 2.03 2.45 0.88 1.02 1.79 0.00 0.00 0.28 0.00 2.63 3.26 0.00 1.75 1.47 1.93 0.00 2.24 0.00 0.00 2.35 0.00 2.00 1.51 1.75 2.73 1.58 1.68 2.52 0.00 3.36 0.18 0.74 1.86 0.56 3.15 1.37 0.39 3.15 0.91 2.03 3.43 1.93 2.31 1.44 0.00 3.33 0.77 0.00 3.08 0.00 0.00 2.17 1.37 0.07 3.26 2.63 1.68 0.00 0.00 0.00 2.42 0.49 1.51 0.18 0.84 0.88 2.63 0.11 0.11 0.00 0.00 0.81 3.22 0.00 0.98
73 0.98 0.00 2.42 0.74 1.09 1.86 0.04 2.00 2.31 0.00 0.00 0.56 3.26 1.96 3.15 2.17 3.47 3.19 0.00 0.00 1.19 0.91 1.61 1.96 2.31 2.52 3.26 2.80 0.35 3.05 1.82 0.63 0.00 0.00 1.16 0.46 0.35 2.31 2.52 2.77 1.26 0.42 0.84 2.28 1.05 0.00 0.00 0.88 3.12 1.86 3.08 2.03 3.12 2.70 2.45 1.33 2.52 0.00 0.56 3.36 0.74 2.70 2.35 1.40 0.00 1.86 0.84 0.70 1.05 0.00 0.00 1.68 3.08 0.00 0.00 1.33 0.00 2.31 0.74 0.00 1.33 0.00 0.00 1.79 0.00 3.15 1.37 0.88 2.42 1.54 0.00 0.00 0.00 2.63 1.37 3.47 0.00 1.19 0.81 2.66
74 1.23 0.32 0.00 0.00 2.91 1.26 0.00 1.37 2.00 0.77 2.98 0.00 1.58 0.00 0.00 0.04 3.50 0.00 1.09 0.00 0.00 0.32 0.60 0.84 1.44 1.12 0.00 0.00 2.56 2.73 2.03 3.05 0.00 2.94 0.00 0.00 0.56 0.70 2.59 0.98 0.88 0.81 2.45 0.42 3.40 2.91 0.91 2.94 0.00 3.05 0.00 2.98 0.00 2.84 0.07 0.00 0.00 2.17 0.00 3.40 1.33 1.54 1.05 0.28 3.50 1.26 0.00 0.88 2.80 0.00 3.05 2.70 0.00 0.00 0.00 0.00 0.39 2.31 1.51 1.93 0.35 3.47 0.32 1.72 1.30 3.08 0.00 0.28 3.15 2.70 3.12 1.30 0.00 0.21 0.81 2.35 1.19 1.79 3.47 0.98
75 1.72 3.40 0.28 2.00 2.21 0.14 2.07 0.00 0.49 3.26 0.28 0.53 1.82 3.15 0.53 0.98 1.12 0.00 0.46 2.03 0.00 3.22 0.00 0.00 2.52 1.58 2.42 0.00 2.00 0.77 3.29 3.08 0.00 0.00 0.56 3.19 0.00 3.08 1.26 1.65 0.00 0.35 1.37 2.35 0.00 0.60 2.56 2.10 3.33 2.84 0.67 0.00 3.43 1.37 2.07 0.00 0.00 0.00 2.87 0.67 1.61 1.79 2.56 2.10 1.02 1.44 1.54 0.77 2.45 0.00 2.52 0.00 0.00 1.33 0.00 0.00 0.56 2.87 0.14 2.00 2.28 3.33 2.42 2.80 0.00 1.86 0.74 0.77 0.04 1.61 2.73 0.00 2.17 1.16 0.39 1.05 2.03 0.46 0.00 0.70
76 2.52 1.51 1.26 0.63 0.00 2.38 2.03 3.01 0.70 3.43 2.77 1.40 0.00 2.24 0.95 0.25 1.54 0.11 1.19 0.00 2.73 0.07 0.70 0.53 3.33 0.00 0.00 1.19 0.00 0.32 0.00 0.00 3.01 1.65 0.00 1.72 3.29 0.00 1.30 2.91 3.05 0.98 1.30 2.35 1.12 0.00 0.00 0.00 3.33 1.96 0.00 0.00 3.22 1.05 0.25 2.84 0.00 1.61 0.00 3.19 1.65 0.95 0.00 1.68 0.39 0.70 0.00 3.19 3.29 0.18 0.98 0.70 2.17 0.00 0.39 0.56 0.00 0.84 0.00 0.88 1.54 0.74 0.00 1.82 0.00 1.51 0.95 0.49 0.00 1.61 3.33 0.00 0.00 0.00 0.60 0.00 2.28 2.38 0.21 0.56
77 1.19 0.95 2.73 0.49 3.05 0.00 3.33 1.44 2.14 2.70 0.00 3.29 0.00 2.66 2.38 0.21 0.98 3.12 3.43 2.24 1.72 3.43 1.44 0.42 1.54 1.02 0.00 1.96 0.11 1.58 1.72 2.66 2.70 2.21 0.00 0.00 0.35 2.52 0.00 2.45 0.18 0.00 0.00 1.09 0.00 0.28 0.00 3.43 0.00 0.28 2.00 0.00 3.08 2.07 2.42 2.56 0.00 3.29 1.19 1.82 0.91 0.00 1.96 0.53 1.26 2.00 0.04 2.42 2.10 1.79 1.65 0.00 1.37 2.31 2.31 2.87 0.84 0.00 0.00 2.59 0.00 0.32 0.00 0.00 0.84 2.80 2.77 0.00 0.00 3.12 0.46 2.94 3.29 1.16 0.00 0.21 0.00 1.82 3.26 3.33
78 0.00 2.94 2.87 0.00 1.33 0.00 0.00 2.24 0.49 2.56 0.00 0.00 1.30 1.30 0.18 3.29 0.14 3.40 0.74 1.02 2.66 0.00 2.70 0.00 2.45 1.82 2.07 3.01 2.94 2.10 3.29 2.80 1.40 2.07 0.00 1.40 0.00 0.49 0.84 2.91 0.46 0.04 2.38 1.86 2.17 1.19 0.00 0.00 2.35 3.19 0.00 2.45 0.74 2.80 1.61 0.49 1.19 0.28 1.68 0.00 0.25 0.74 2.28 1.82 0.98 2.10 0.11 0.25 1.82 3.40 0.04 1.72 0.07 0.74 1.51 0.14 0.00 0.00 0.00 2.80 1.72 0.00 3.29 2.52 0.00 0.00 2.00 2.87 0.00 0.53 3.26 0.91 1.40 0.21 0.00 1.05 0.00 0.39 2.52 2.66
79 2.03 0.77 3.08 3.33 2.10 0.07 1.09 0.32 0.88 0.18 0.11 2.98 2.10 1.61 0.00 2.56 0.00 0.00 0.07 0.00 0.00 1.54 0.00 2.21 1.23 0.00 1.54 3.33 0.00 2.73 0.00 1.40 0.70 3.05 1.75 0.28 0.00 0.00 0.88 0.00 0.00 1.51 0.00 0.00 0.35 2.59 0.00 1.19 0.00 0.00 0.00 0.00 1.65 0.81 3.12 1.96 2.42 1.68 0.00 1.40 1.16 2.31 0.60 2.42 0.88 2.91 2.77 2.87 0.00 1.89 2.94 2.14 3.26 0.00 1.93 2.00 0.88 2.59 2.80 0.00 1.93 0.04 1.65 1.40 0.00 1.09 1.54 1.86 0.39 0.70 2.31 2.03 1.33 2.38 2.52 1.61 2.91 1.37 0.63 0.91
80 0.63 3.40 2.31 1.68 0.00 0.60 2.98 3.19 0.95 1.30 0.60 1.51 1.44 0.00 3.36 1.68 3.29 0.00 1.16 1.37 1.89 3.40 0.63 2.42 1.82 2.00 2.94 1.30 0.95 1.47 3.50 0.91 1.44 0.84 3.29 1.12 0.42 3.26 1.75 0.67 3.12 2.14 0.00 2.84 0.00 0.21 0.60 2.56 0.00 2.94 0.11 3.29 2.10 2.14 2.28 0.00 0.53 2.24 1.61 0.91 1.30 0.00 0.00 2.14 2.52 1.30 1.09 1.93 3.47 1.89 2.10 2.24 2.63 1.33 0.35 2.28 1.54 0.00 1.72 1.93 0.00 1.30 0.00 0.14 1.16 0.35 2.49 2.14 0.00 3.40 0.25 0.00 0.67 2.70 0.21 0.95 1.96 2.14 0.04 1.96
81 3.08 0.88 0.00 0.00 0.00 3.08 2.70 0.00 1.33 0.00 0.00 0.98 1.23 0.07 0.00 3.33 0.00 0.00 1.79 0.67 2.84 2.80 0.00 0.21 0.74 3.50 0.98 2.38 2.80 1.26 3.12 1.02 0.56 2.10 0.00 0.95 0.56 0.00 0.00 0.95 0.00 3.15 1.26 1.37 0.18 0.00 0.95 0.00 1.65 2.77 0.00 2.66 0.84 1.02 0.63 0.00 2.80 2.87 0.00 1.26 0.28 1.75 3.15 3.12 1.93 1.79 1.30 0.98 2.98 0.00 0.00 2.14 1.68 0.00 3.47 3.33 0.74 0.32 0.00 0.04 1.30 0.00 1.58 0.00 1.47 1.75 0.00 0.00 0.00 0.00 0.00 0.63 0.00 0.21 0.42 2.91 3.26 0.00 3.12 0.00
82 0.00 2.59 2.77 0.60 1.02 0.00 0.42 1.02 3.33 0.14 0.00 0.00 0.00 1.86 1.23 0.00 3.19 1.33 1.68 0.00 0.18 0.00 1.96 0.00 0.00 3.15 1.89 0.84 1.33 1.16 1.09 0.00 0.00 0.04 2.70 1.05 2.77 2.24 1.51 0.00 3.19 2.56 0.00 1.05 0.53 2.63 0.42 2.42 2.94 1.75 0.88 2.66 2.63 0.00 1.61 0.00 0.00 0.84 0.00 2.56 2.31 2.45 0.00 2.70 0.98 0.00 0.77 0.84 1.68 0.42 1.75 0.00 0.00 0.00 0.32 2.42 0.00 0.00 3.29 1.65 0.00 1.58 0.00 0.35 0.53 0.88 3.40 0.28 0.00 0.00 0.88 1.58 2.24 0.00 0.00 0.81 3.47 1.86 3.22 2.63
83 0.00 0.49 1.61 0.00 2.10 0.39 2.24 3.36 3.33 2.31 0.00 0.77 1.16 0.00 0.49 0.53 1.05 0.21 0.00 1.30 0.00 0.25 0.00 0.00 1.26 0.88 2.63 2.24 2.87 1.54 0.00 3.36 0.00 0.00 2.21 2.63 1.44 2.07 3.19 0.00 1.33 0.56 1.68 3.40 2.94 1.23 0.00 3.19 3.36 0.63 1.44 0.35 0.00 0.25 0.00 2.49 3.01 0.95 0.00 3.36 3.29 1.82 0.00 1.26 0.00 0.00 0.91 2.21 2.49 2.84 2.52 2.98 0.00 1.79 1.72 2.80 1.82 0.00 2.52 1.40 0.14 0.00 0.35 0.00 0.00 2.10 0.00 0.53 3.15 1.54 0.00 0.42 1.58 1.86 0.00 0.00 0.74 3.47 0.00 1.65
84 1.09 0.00 0.81 0.00 1.58 0.56 1.16 2.38 1.44 0.28 1.33 3.26 0.00 0.63 1.30 0.81 0.46 0.39 1.30 2.38 1.12 0.95 1.82 2.14 1.72 0.00 2.38 1.79 2.91 1.02 2.66 2.91 2.45 0.04 2.28 0.04 1.65 0.00 3.47 0.77 3.15 3.22 2.70 1.54 1.33 1.09 0.11 0.53 3.26 0.42 2.80 0.00 1.79 3.26 0.11 0.28 0.00 0.53 0.00 1.75 0.00 2.98 0.00 1.54 1.19 0.00 0.00 0.00 1.93 1.23 0.32 1.23 0.00 0.00 1.30 0.00 0.00 0.84 0.00 0.00 1.16 1.47 0.53 0.00 0.00 0.25 0.00 1.26 1.37 1.37 2.77 3.19 0.00 2.87 0.32 0.00 0.70 0.00 1.12 1.79
85 2.98 0.00 0.88 0.46 0.00 1.86 2.77 2.77 0.00 3.40 0.88 3.12 0.00 1.68 1.75 0.00 0.00 0.00 0.00 2.35 0.00 0.00 0.00 2.98 3.33 2.31 1.86 0.00 0.00 0.04 1.30 1.93 0.00 0.00 1.09 0.18 2.63 3.19 1.33 1.58 0.00 0.35 2.28 1.09 0.00 0.00 0.00 0.32 3.22 0.00 3.08 2.70 2.24 2.70 0.00 0.00 0.00 2.87 0.81 0.00 2.03 2.91 3.12 2.17 0.91 0.00 1.61 0.56 0.00 0.00 2.24 0.00 2.42 3.15 3.08 1.86 1.51 2.80 0.00 1.09 0.35 1.75 0.88 2.10 0.25 0.00 2.56 1.61 2.63 0.00 0.11 0.70 2.28 1.51 1.61 2.17 0.00 2.84 0.81 2.31
86 2.45 3.36 0.28 3.40 0.81 0.70 2.17 0.07 0.00 0.00 0.00 0.18 0.00 1.16 2.07 0.74 0.88 1.44 2.07 1.33 1.12 0.88 0.00 0.77 2.87 3.43 2.14 1.19 2.98 0.00 1.16 0.39 0.67 0.00 0.00 0.00 0.00 1.12 1.19 3.26 2.63 1.89 2.28 2.94 2.87 2.63 0.00 0.46 3.40 0.18 0.14 2.56 0.00 1.82 1.09 0.00 0.49 0.00 0.00 1.30 1.16 0.21 1.61 3.22 1.61 0.00 2.87 0.00 0.42 0.00 2.52 2.21 0.49 1.37 0.00 0.74 0.95 2.77 2.00 1.54 2.49 0.00 3.40 0.00 0.00 2.56 0.00 1.12 0.00 0.07 2.42 0.00 0.00 2.56 0.00 3.50 0.91 0.00 0.00 0.07
87 3.19 1.12 0.88 1.05 1.44 3.05 1.44 1.65 2.14 2.35 0.00 0.00 1.40 2.24 2.52 2.94 2.45 2.91 0.63 2.56 3.22 0.56 1.96 3.01 1.65 0.00 0.00 0.04 0.00 0.00 3.08 0.25 1.61 2.70 0.77 2.00 3.40 2.73 0.18 2.00 0.00 0.00 2.38 0.42 1.02 2.14 3.40 3.50 0.00 1.33 0.14 2.49 2.91 2.45 2.03 2.66 0.00 0.39 1.09 0.00 2.77 3.15 3.29 2.07 0.00 0.00 0.07 0.00 2.17 1.02 2.66 3.50 1.51 0.88 0.28 0.77 0.49 0.00 2.87 1.86 2.14 0.00 0.28 0.53 1.26 1.61 1.12 0.00 0.95 1.82 1.16 0.00 0.00 1.40 3.47 0.04 2.03 0.60 0.00 0.00
88 0.98 0.00 3.15 0.00 0.95 0.32 1.37 1.12 0.00 0.14 3.26 1.82 3.40 0.49 3.26 0.00 1.23 0.00 0.42 0.00 2.00 3.43 3.47 2.10 0.91 0.81 1.30 0.00 2.91 3.50 3.36 1.68 1.89 0.00 2.00 0.00 2.56 1.68 0.00 1.47 3.43 1.40 0.42 3.12 0.56 0.00 0.18 0.00 0.14 2.31 0.00 3.40 0.46 0.84 3.40 0.39 0.18 0.00 0.56 2.38 0.07 0.00 2.28 0.63 0.56 0.04 1.96 0.00 1.82 1.75 2.03 0.56 0.18 2.42 3.15 0.04 0.00 0.00 0.00 0.39 0.00 0.00 0.00 3.15 1.37 2.63 0.00 0.95 0.00 2.70 0.00 3.08 1.68 3.08 0.21 0.84 1.40 0.39 1.33 3.47
89 0.88 0.32 1.96 1.89 2.80 0.00 2.35 2.03 0.60 0.00 3.36 1.30 3.50 0.91 0.00 0.00 3.40 0.00 0.00 0.00 1.96 0.53 2.77 0.32 0.04 2.98 0.46 2.24 0.00 0.98 3.29 2.87 2.94 0.42 2.73 2.87 0.00 0.28 1.44 2.87 1.44 2.49 0.84 1.82 0.04 2.73 0.00 3.47 3.47 0.35 3.26 0.28 0.53 1.72 0.46 1.54 1.96 0.32 0.42 0.00 0.42 0.25 3.33 0.00 0.00 0.00 3.43 0.00 1.58 0.00 0.91 0.00 0.84 1.54 2.70 1.61 1.61 3.12 0.53 0.70 3.40 0.00 0.00 1.54 1.37 0.00 0.07 1.82 2.70 0.00 0.28 0.00 0.88 0.70 0.00 3.43 0.32 0.21 0.00 3.33
90 3.50 2.38 0.46 0.00 0.95 3.05 0.00 0.81 2.73 0.00 0.11 0.07 0.00 0.28 3.15 0.42 0.28 1.12 0.00 1.89 1.68 0.98 0.11 0.98 1.37 2.98 1.89 0.00 0.00 2.35 0.00 2.63 2.59 3.43 0.00 0.00 0.00 1.61 0.00 2.00 0.04 3.29 0.18 0.35 0.04 1.96 0.00 0.14 0.00 0.14 2.17 2.28 2.31 1.12 0.53 2.87 2.35 0.07 0.00 1.37 2.66 1.75 2.52 1.93 3.01 1.82 3.50 0.56 2.87 0.77 2.98 0.98 0.88 0.00 3.12 2.73 3.33 0.46 3.26 2.31 0.25 0.00 0.88 0.00 2.77 0.11 2.42 1.16 0.00 0.28 0.00 3.05 2.70 1.89 1.86 0.00 0.46 0.00 2.94 1.30
91 0.25 0.46 2.45 3.15 2.87 3.40 0.00 1.75 0.00 3.40 0.98 0.00 0.04 0.60 1.86 2.17 2.35 2.31 2.28 1.23 0.00 1.26 1.86 0.00 0.00 3.12 0.56 0.28 0.00 2.63 1.51 1.68 1.89 2.21 2.66 3.50 0.35 3.12 0.18 0.00 3.08 0.00 0.77 0.00 0.00 0.28 3.08 1.86 0.46 0.00 0.74 1.23 2.59 0.00 1.12 0.91 0.67 0.00 0.74 0.77 1.54 3.29 0.32 3.05 2.49 0.63 0.00 2.38 0.98 0.67 1.96 1.26 2.63 0.00 1.30 0.00 0.00 2.94 0.91 2.03 0.00 0.63 1.58 0.42 3.19 0.70 0.00 0.00 3.08 0.00 3.05 0.00 3.50 3.12 1.75 0.00 2.49 0.21 1.93 0.88
92 0.00 0.49 0.95 3.08 0.04 0.00 2.31 0.00 0.00 0.00 2.38 1.09 1.12 0.00 0.32 0.11 0.77 0.00 3.50 0.00 0.00 2.59 0.00 1.68 0.00 2.84 1.05 1.79 1.86 0.28 3.08 1.61 1.16 1.51 1.47 0.00 2.91 1.96 0.95 0.98 2.80 0.00 1.16 0.00 2.03 3.29 0.81 3.50 1.68 1.16 1.58 1.54 0.00 3.19 0.56 0.56 2.84 1.23 0.00 0.00 0.00 0.00 3.19 1.33 2.10 0.53 0.91 0.53 0.00 0.00 1.19 2.14 0.11 0.00 0.00 2.17 0.00 3.29 1.40 1.33 0.67 0.00 2.24 1.58 0.00 2.28 0.00 0.00 1.68 0.88 2.70 3.50 0.00 0.46 3.47 0.67 2.49 0.00 3.01 1.09
93 0.49 3.22 0.84 0.35 2.73 0.00 0.63 0.98 2.73 0.00 0.00 2.98 0.00 0.04 1.58 1.30 0.21 3.08 2.28 2.84 0.25 0.00 2.07 0.21 0.56 2.07 2.94 3.47 0.00 1.40 2.52 0.00 3.08 0.00 2.42 0.46 0.00 0.00 1.37 2.42 0.00 0.00 0.32 2.91 0.00 3.40 0.00 3.29 0.00 1.02 2.07 1.75 1.19 0.95 0.00 0.00 3.33 3.50 2.03 2.59 2.45 2.98 2.00 3.50 2.98 1.12 3.26 2.10 0.00 0.00 0.00 0.42 0.11 2.63 0.21 1.16 0.00 1.16 0.21 2.38 2.70 0.21 0.00 1.86 2.87 1.51 2.56 1.40 3.08 0.70 1.89 3.12 0.46 0.00 3.26 3.36 0.00 2.31 3.40 2.87
94 0.00 0.00 0.00 0.00 0.00 0.74 2.80 2.84 3.50 1.61 3.01 1.19 2.94 0.21 0.00 2.91 0.00 2.03 1.65 0.11 3.05 1.93 0.00 1.89 1.12 1.86 3.29 2.03 3.05 3.43 3.12 0.00 2.91 0.00 2.07 1.37 3.08 3.47 0.67 1.19 0.91 3.47 0.70 0.46 2.73 0.00 1.09 2.80 0.00 0.00 0.00 0.00 2.35 2.91 2.56 0.00 0.00 0.88 1.86 3.15 0.81 2.87 3.05 1.82 1.51 0.00 0.74 2.35 0.11 0.25 0.00 2.38 0.00 1.37 0.81 0.39 0.60 0.00 0.00 2.52 0.21 0.42 0.00 0.00 0.32 1.61 0.00 3.47 0.21 0.00 1.86 1.75 3.47 3.26 0.00 2.42 2.59 3.12 0.00 3.05
95 1.09 0.14 1.40 0.53 1.26 2.45 3.29 1.58 1.09 2.66 2.21 0.00 1.33 2.42 3.05 2.52 2.00 2.14 1.47 0.88 2.42 3.22 1.75 0.53 0.00 0.00 3.22 1.30 2.91 2.07 3.36 2.24 1.79 0.46 0.35 2.03 2.03 0.00 2.42 0.00 2.21 0.00 1.37 0.00 1.54 3.15 0.74 0.21 3.40 0.00 2.98 2.49 2.73 1.33 2.66 0.00 0.00 0.56 0.91 2.21 1.26 0.63 0.00 0.00 0.74 0.00 0.07 0.25 1.65 0.00 1.37 0.81 0.00 3.47 2.35 1.05 0.00 0.21 1.05 1.61 0.95 2.91 0.81 0.00 0.00 2.17 3.50 0.04 0.84 3.43 0.00 0.00 0.67 3.36 2.42 0.00 2.63 0.00 3.15 1.61
96 3.08 0.00 1.23 2.14 1.75 1.65 1.61 0.95 1.93 0.00 0.39 0.00 2.66 0.00 2.42 0.98 0.00 3.15 0.11 0.00 0.70 0.35 0.00 1.05 0.25 1.54 0.46 1.93 0.60 3.43 3.29 1.23 0.00 1.47 3.15 0.00 0.18 0.18 1.86 0.00 2.35 2.35 2.45 2.38 2.59 0.00 0.00 3.40 0.00 2.24 1.96 0.00 2.28 3.26 0.77 0.11 1.61 0.11 1.30 3.40 0.00 3.36 1.93 0.14 0.14 0.00 0.00 0.35 0.00 0.00 2.84 1.72 0.81 0.00 1.19 2.03 2.28 0.00 0.00 2.91 1.96 3.26 3.47 0.74 0.70 0.00 0.91 2.03 1.40 0.32 0.46 2.49 2.49 0.00 2.59 2.63 0.00 0.00 0.49 0.00
97 2.42 3.29 0.25 1.19 2.21 0.32 0.00 2.80 1.96 2.73 2.73 3.12 3.15 2.98 2.94 1.51 2.38 3.33 1.68 0.00 0.00 3.33 2.94 1.23 0.00 0.00 1.58 0.21 1.37 0.25 1.16 1.96 1.47 0.04 0.00 2.07 2.98 0.67 3.36 2.66 0.00 0.95 0.00 2.38 0.00 0.25 0.00 0.00 2.66 3.50 0.60 0.95 0.18 0.07 0.00 2.56 2.49 0.00 0.00 3.47 0.88 2.03 1.61 1.58 3.08 1.09 2.49 1.05 2.00 0.81 3.19 1.72 3.22 1.19 1.79 0.46 2.38 1.82 0.39 1.37 2.14 0.00 1.86 3.47 0.00 2.84 0.00 0.60 0.39 0.21 0.00 0.21 0.00 2.31 3.12 0.00 0.00 0.00 2.94 0.00
98 2.91 2.21 0.35 1.33 1.44 0.00 3.15 0.35 1.09 1.96 2.94 2.31 2.35 1.12 2.73 2.07 2.31 0.00 0.95 1.19 1.54 1.19 0.00 0.00 2.91 0.25 2.21 0.00 1.30 1.58 3.12 0.00 2.07 3.22 0.00 1.16 1.96 2.10 1.65 0.53 2.80 1.75 0.00 3.50 0.49 0.00 1.02 0.04 0.91 1.75 1.58 3.50 0.00 2.59 0.00 1.58 3.50 1.44 0.00 0.88 0.18 0.53 1.86 0.53 0.91 1.44 1.30 0.00 1.44 0.00 3.40 0.42 0.00 0.81 3.47 0.00 0.21 3.26 2.52 0.63 0.04 3.12 3.22 0.00 1.12 0.81 0.00 0.00 1.33 0.00 2.94 1.93 3.01 3.40 0.00 3.15 0.49 2.94 0.00 0.00
99 0.00 0.07 0.00 1.23 1.82 2.00 2.87 2.03 0.00 3.40 2.94 0.84 2.45 0.00 3.26 0.32 2.84 0.00 1.33 1.79 2.87 2.24 0.04 0.25 2.56 0.84 2.94 1.44 0.00 2.42 1.72 2.21 0.00 2.00 2.66 0.00 1.82 2.21 1.19 3.40 2.14 2.77 0.00 3.50 0.00 3.19 0.42 0.00 0.11 2.35 2.87 0.00 0.00 0.07 0.32 3.12 2.91 1.65 0.00 0.00 1.93 2.21 0.84 2.87 0.00 1.51 0.04 3.05 0.00 1.58 3.01 0.00 0.98 2.66 0.98 0.70 0.56 3.33 2.66 0.91 1.96 0.00 2.63 1.65 1.79 2.31 0.07 0.00 3.47 3.33 1.30 0.88 1.09 2.87 3.05 1.61 0.00 0.00 0.00 0.00

ITEMS
nominal_profits 52.00 78.00 0.00 84.00 7.00 97.00 92.00 82.00 73.00 30.00 52.00 5.00 31.00 26.00 0.00 25.00 99.00 83.00 68.00 39.00 66.00 58.00 0.00 39.00 99.00 52.00 20.00 0.00 0.00 0.00 0.00 25.00 11.00 83.00 39.00 0.00 41.00 10.00 17.00 2.00 50.00 71.00 82.00 68.00 0.00 0.00 27.00 68.00 0.00 67.00 3.00 83.00 0.00 56.00 0.00 0.00 77.00 13.00 82.00 86.00 22.00 91.00 82.00 72.00 36.00 63.00 47.00 47.00 37.00 0.00 67.00 0.00 74.00 0.00 53.00 20.00 68.00 99.00 57.00 0.00 51.00 84.00 46.00 80.00 26.00 27.00 25.00 89.00 22.00 70.00 48.00 64.00 55.00 30.00 89.00 0.00 87.00 17.00 10.00 0.00
weights 40 3 7 50 48 13 43 10 1 48 31 2 44 46 8 27 29 46 3 28 11 37 37 28 46 14 33 49 18 28 11 50 36 21 31 29 49 18 50 25 2 40 20 15 13 37 11 21 48 22 12 39 26 6 5 16 8 15 49 13 37 34 5 45 16 50 5 49 32 9 22 49 36 19 44 19 49 15 20 8 2 30 46 50 7 1 4 6 48 25 9 44 33 28 32 27 38 10 16 14
capacity 1924
k_max 86

COMMENTS
original_pairwise_profits
0 0.00 48.00 90.00 88.00 17.00 50.00 95.00 80.00 92.00 53.00 6.00 33.00 94.00 52.00 74.00 11.00 99.00 1.00 51.00 56.00 91.00 61.00 60.00 0.00 77.00 75.00 18.00 59.00 42.00 23.00 51.00 0.00 14.00 27.00 98.00 89.00 69.00 12.00 100.00 46.00 10.00 93.00 9.00 31.00 66.00 2.00 67.00 52.00 72.00 96.00 61.00 0.00 38.00 12.00 10.00 69.00 0.00 0.00 79.00 43.00 0.00 71.00 0.00 100.00 87.00 80.00 0.00 0.00 92.00 0.00 13.00 86.00 23.00 28.00 35.00 49.00 72.00 34.00 0.00 58.00 18.00 88.00 0.00 0.00 31.00 85.00 70.00 91.00 28.00 25.00 100.00 7.00 0.00 14.00 0.00 31.00 88.00 69.00 83.00 0.00
1 48.00 0.00 73.00 3.00 5.00 15.00 11.00 18.00 0.00 0.00 0.00 1.00 0.00 63.00 79.00 62.00 98.00 74.00 61.00 60.00 59.00 42.00 0.00 27.00 90.00 38.00 7.00 73.00 55.00 0.00 41.00 44.00 27.00 0.00 38.00 29.00 38.00 73.00 55.00 47.00 24.00 26.00 68.00 54.00 0.00 0.00 40.00 22.00 57.00 0.00 0.00 11.00 76.00 11.00 0.00 0.00 22.00 23.00 0.00 92.00 67.00 57.00 56.00 76.00 74.00 22.00 11.00 89.00 72.00 46.00 30.00 69.00 4.00 0.00 9.00 97.00 43.00 27.00 84.00 22.00 97.00 25.00 74.00 14.00 0.00 0.00 96.00 32.00 0.00 9.00 68.00 13.00 14.00 92.00 0.00 4.00 0.00 94.00 63.00 2.00
2 90.00 73.00 0.00 0.00 0.00 6.00 26.00 59.00 30.00 19.00 18.00 4.00 90.00 83.00 0.00 81.00 41.00 3.00 34.00 0.00 52.00 0.00 0.00 0.00 0.00 0.00 81.00 0.00 46.00 60.00 38.00 0.00 72.00 85.00 42.00 39.00 0.00 0.00 8.00 84.00 0.00 44.00 44.00 4.00 37.00 0.00 46.00 64.00 97.00 28.00 15.00 10.00 81.00 39.00 0.00 0.00 0.00 32.00 0.00 0.00 78.00 38.00 27.00 58.00 0.00 58.00 42.00 0.00 50.00 95.00 0.00 26.00 4.00 69.00 0.00 8.00 36.00 78.00 82.00 88.00 66.00 0.00 79.00 46.00 23.00 25.00 8.00 25.00 90.00 56.00 13.00 70.00 27.00 24.00 0.00 40.00 35.00 7.00 10.00 0.00
3 88.00 3.00 0.00 0.00 18.00 53.00 18.00 44.00 0.00 0.00 64.00 51.00 66.00 74.00 10.00 55.00 0.00 60.00 3.00 30.00 0.00 83.00 57.00 74.00 0.00 60.00 46.00 68.00 46.00 13.00 84.00 0.00 47.00 73.00 9.00 0.00 57.00 0.00 30.00 94.00 73.00 0.00 51.00 79.00 35.00 0.00 0.00 39.00 65.00 0.00 96.00 53.00 8.00 62.00 88.00 43.00 0.00 22.00 3.00 0.00 6.00 78.00 44.00 14.00 0.00 37.00 0.00 50.00 42.00 0.00 41.00 0.00 0.00 21.00 0.00 57.00 18.00 14.00 0.00 95.00 48.00 0.00 17.00 0.00 0.00 13.00 97.00 30.00 0.00 54.00 0.00 90.00 88.00 10.00 0.00 15.00 61.00 34.00 38.00 35.00
4 17.00 5.00 0.00 18.00 0.00 0.00 25.00 0.00 75.00 60.00 41.00 27.00 96.00 0.00 38.00 44.00 58.00 18.00 86.00 0.00 69.00 23.00 0.00 16.00 71.00 19.00 18.00 2.00 75.00 21.00 0.00 33.00 0.00 76.00 0.00 0.00 34.00 0.00 46.00 100.00 26.00 49.00 71.00 0.00 22.00 0.00 81.00 31.00 80.00 47.00 56.00 34.00 38.00 27.00 0.00 36.00 100.00 99.00 0.00 41.00 0.00 3.00 81.00 39.00 78.00 34.00 0.00 4.00 0.00 76.00 68.00 0.00 0.00 31.00 83.00 63.00 0.00 87.00 38.00 60.00 0.00 0.00 29.00 60.00 45.00 0.00 23.00 41.00 27.00 80.00 27.00 82.00 1.00 78.00 0.00 36.00 50.00 63.00 41.00 52.00
5 50.00 15.00 6.00 53.00 0.00 0.00 58.00 1.00 65.00 0.00 65.00 58.00 12.00 28.00 89.00 6.00 97.00 6.00 8.00 43.00 81.00 2.00 27.00 62.00 85.00 63.00 15.00 27.00 0.00 21.00 5.00 92.00 93.00 22.00 0.00 63.00 24.00 92.00 0.00 92.00 36.00 45.00 47.00 9.00 0.00 63.00 59.00 0.00 52.00 66.00 85.00 88.00 0.00 10.00 0.00 0.00 0.00 59.00 51.00 54.00 68.00 31.00 67.00 20.00 18.00 74.00 0.00 3.00 21.00 23.00 94.00 48.00 96.00 53.00 36.00 4.00 68.00 0.00 0.00 2.00 17.00 88.00 0.00 11.00 16.00 53.00 20.00 87.00 9.00 0.00 87.00 97.00 0.00 0.00 21.00 70.00 47.00 9.00 0.00 57.00
6 95.00 11.00 26.00 18.00 25.00 58.00 0.00 20.00 35.00 61.00 44.00 23.00 0.00 68.00 0.00 92.00 53.00 78.00 24.00 94.00 0.00 33.00 0.00 72.00 47.00 87.00 65.00 80.00 67.00 0.00 88.00 10.00 6.00 92.00 54.00 9.00 0.00 45.00 80.00 0.00 5.00 7.00 57.00 10.00 91.00 54.00 24.00 0.00 79.00 53.00 16.00 0.00 0.00 0.00 15.00 0.00 4.00 50.00 99.00 77.00 20.00 70.00 9.00 79.00 80.00 54.00 0.00 80.00 16.00 66.00 78.00 92.00 81.00 1.00 0.00 59.00 58.00 95.00 0.00 31.00 85.00 77.00 12.00 64.00 33.00 79.00 62.00 41.00 39.00 67.00 0.00 0.00 66.00 18.00 80.00 94.00 46.00 0.00 90.00 82.00
7 80.00 18.00 59.00 44.00 0.00 1.00 20.00 0.00 53.00 82.00 38.00 12.00 45.00 0.00 29.00 26.00 73.00 59.00 0.00 0.00 68.00 0.00 76.00 0.00 39.00 92.00 86.00 0.00 18.00 36.00 42.00 29.00 29.00 64.00 27.00 0.00 63.00 0.00 78.00 81.00 0.00 0.00 80.00 93.00 0.00 0.00 0.00 41.00 88.00 4.00 6.00 0.00 14.00 97.00 20.00 22.00 38.00 36.00 26.00 73.00 0.00 81.00 0.00 0.00 0.00 62.00 0.00 15.00 38.00 39.00 0.00 44.00 0.00 57.00 39.00 0.00 86.00 41.00 64.00 9.00 91.00 0.00 29.00 96.00 68.00 79.00 2.00 47.00 32.00 58.00 23.00 50.00 0.00 28.00 81.00 45.00 27.00 80.00 10.00 58.00
8 92.00 0.00 30.00 0.00 75.00 65.00 35.00 53.00 0.00 0.00 3.00 96.00 96.00 85.00 0.00 43.00 91.00 40.00 33.00 27.00 32.00 9.00 88.00 47.00 15.00 90.00 0.00 0.00 0.00 0.00 25.00 79.00 65.00 44.00 5.00 0.00 49.00 2.00 0.00 7.00 63.00 94.00 0.00 0.00 0.00 24.00 80.00 48.00 49.00 36.00 0.00 70.00 64.00 72.00 70.00 0.00 81.00 82.00 99.00 88.00 83.00 56.00 0.00 33.00 3.00 44.00 0.00 11.00 32.00 28.00 32.00 35.00 3.00 66.00 57.00 14.00 20.00 61.00 14.00 25.00 27.00 38.00 95.00 95.00 41.00 0.00 0.00 61.00 0.00 17.00 78.00 0.00 0.00 78.00 100.00 31.00 55.00 56.00 31.00 0.00
9 53.00 0.00 19.00 0.00 60.00 0.00 61.00 82.00 0.00 0.00 64.00 40.00 0.00 7.00 6.00 74.00 81.00 52.00 0.00 15.00 47.00 86.00 90.00 0.00 0.00 0.00 97.00 18.00 24.00 70.00 0.00 0.00 0.00 79.00 0.00 30.00 92.00 11.00 0.00 29.00 63.00 0.00 85.00 0.00 21.00 0.00 0.00 78.00 65.00 43.00 1.00 22.00 79.00 56.00 38.00 58.00 99.00 0.00 0.00 36.00 0.00 29.00 89.00 69.00 4.00 42.00 27.00 65.00 0.00 89.00 0.00 0.00 25.00 0.00 22.00 93.00 98.00 77.00 73.00 5.00 37.00 0.00 4.00 66.00 8.00 97.00 0.00 67.00 4.00 0.00 0.00 97.00 0.00 0.00 46.00 76.00 0.00 78.00 56.00 97.00
10 6.00 0.00 18.00 64.00 41.00 65.00 44.00 38.00 3.00 64.00 0.00 0.00 0.00 0.00 98.00 89.00 0.00 6.00 0.00 60.00 35.00 87.00 51.00 1.00 19.00 0.00 84.00 42.00 55.00 91.00 0.00 93.00 37.00 74.00 0.00 9.00 99.00 76.00 39.00 68.00 75.00 0.00 63.00 51.00 53.00 0.00 0.00 99.00 85.00 0.00 79.00 64.00 13.00 44.00 0.00 12.00 0.00 0.00 9.00 0.00 11.00 91.00 32.00 0.00 6.00 43.00 43.00 7.00 68.00 0.00 69.00 28.00 67.00 0.00 85.00 8.00 79.00 0.00 0.00 3.00 17.00 0.00 0.00 0.00 38.00 25.00 0.00 0.00 93.00 96.00 3.00 28.00 68.00 0.00 86.00 63.00 11.00 78.00 84.00 84.00
11 33.00 1.00 4.00 51.00 27.00 58.00 23.00 12.00 96.00 40.00 0.00 0.00 0.00 33.00 19.00 76.00 73.00 27.00 0.00 53.00 86.00 10.00 0.00 24.00 0.00 67.00 0.00 0.00 0.00 72.00 55.00 8.00 95.00 48.00 48.00 87.00 50.00 57.00 0.00 51.00 0.00 45.00 0.00 19.00 28.00 80.00 62.00 5.00 72.00 72.00 72.00 24.00 97.00 0.00 18.00 69.00 49.00 0.00 86.00 79.00 83.00 93.00 15.00 2.00 2.00 0.00 94.00 94.00 41.00 0.00 0.00 0.00 63.00 16.00 0.00 15.00 40.00 94.00 0.00 85.00 43.00 28.00 0.00 22.00 93.00 89.00 5.00 0.00 52.00 37.00 2.00 0.00 31.00 85.00 34.00 0.00 0.00 89.00 66.00 24.00
12 94.00 0.00 90.00 66.00 96.00 12.00 0.00 45.00 96.00 0.00 0.00 0.00 0.00 83.00 11.00 15.00 73.00 0.00 82.00 0.00 29.00 49.00 84.00 67.00 0.00 34.00 0.00 94.00 10.00 45.00 21.00 39.00 0.00 46.00 0.00 83.00 32.00 98.00 0.00 0.00 20.00 0.00 3.00 79.00 7.00 0.00 22.00 21.00 53.00 17.00 100.00 0.00 93.00 96.00 17.00 0.00 0.00 46.00 0.00 12.00 38.00 0.00 0.00 16.00 0.00 82.00 56.00 0.00 36.00 36.00 97.00 11.00 93.00 93.00 45.00 52.00 0.00 0.00 37.00 60.00 41.00 35.00 0.00 33.00 0.00 0.00 0.00 40.00 97.00 100.00 0.00 1.00 32.00 0.00 84.00 38.00 76.00 90.00 67.00 70.00
13 52.00 63.00 83.00 74.00 0.00 28.00 68.00 0.00 85.00 7.00 0.00 33.00 83.00 0.00 72.00 55.00 82.00 0.00 53.00 10.00 85.00 23.00 13.00 20.00 11.00 87.00 0.00 94.00 90.00 91.00 0.00 74.00 62.00 66.00 61.00 9.00 51.00 0.00 71.00 90.00 0.00 0.00 44.00 37.00 67.00 53.00 35.00 1.00 59.00 0.00 78.00 87.00 79.00 36.00 82.00 0.00 25.00 66.00 28.00 13.00 0.00 63.00 99.00 87.00 22.00 0.00 0.00 40.00 0.00 0.00 90.00 91.00 0.00 56.00 0.00 90.00 64.00 76.00 37.00 46.00 0.00 2.00 53.00 0.00 18.00 48.00 33.00 64.00 14.00 26.00 8.00 17.00 0.00 1.00 6.00 69.00 0.00 85.00 32.00 0.00
14 74.00 79.00 0.00 10.00 38.00 89.00 0.00 29.00 0.00 6.00 98.00 19.00 11.00 72.00 0.00 22.00 43.00 66.00 58.00 43.00 0.00 58.00 56.00 12.00 30.00 91.00 19.00 0.00 45.00 15.00 59.00 15.00 14.00 42.00 8.00 31.00 68.00 100.00 59.00 0.00 0.00 28.00 81.00 99.00 64.00 41.00 0.00 35.00 70.00 62.00 0.00 100.00 58.00 0.00 95.00 68.00 0.00 97.00 38.00 32.00 100.00 25.00 88.00 100.00 81.00 42.00 77.00 11.00 0.00 0.00 23.00 19.00 82.00 90.00 0.00 15.00 27.00 68.00 5.00 0.00 96.00 0.00 35.00 14.00 37.00 50.00 59.00 72.00 93.00 0.00 90.00 53.00 9.00 45.00 0.00 87.00 69.00 84.00 78.00 93.00
15 11.00 62.00 81.00 55.00 44.00 6.00 92.00 26.00 43.00 74.00 89.00 76.00 15.00 55.00 22.00 0.00 72.00 48.00 81.00 20.00 81.00 90.00 29.00 0.00 0.00 19.00 8.00 0.00 0.00 23.00 3.00 0.00 66.00 40.00 48.00 20.00 0.00 0.00 15.00 2.00 13.00 64.00 99.00 0.00 0.00 20.00 0.00 32.00 0.00 38.00 0.00 30.00 55.00 4.00 5.00 15.00 0.00 11.00 72.00 98.00 0.00 54.00 85.00 0.00 52.00 29.00 0.00 31.00 33.00 35.00 12.00 48.00 51.00 62.00 1.00 28.00 7.00 6.00 94.00 73.00 48.00 95.00 0.00 15.00 23.00 0.00 21.00 84.00 0.00 0.00 12.00 62.00 3.00 37.00 83.00 72.00 28.00 43.00 59.00 9.00
16 99.00 98.00 41.00 0.00 58.00 97.00 53.00 73.00 91.00 81.00 0.00 73.00 73.00 82.00 43.00 72.00 0.00 58.00 23.00 0.00 44.00 84.00 83.00 60.00 97.00 96.00 36.00 39.00 0.00 77.00 35.00 2.00 0.00 8.00 4.00 25.00 16.00 0.00 0.00 64.00 62.00 23.00 7.00 65.00 0.00 48.00 0.00 0.00 0.00 0.00 5.00 39.00 28.00 86.00 62.00 94.00 0.00 56.00 0.00 57.00 24.00 72.00 62.00 48.00 15.00 2.00 41.00 37.00 0.00 0.00 0.00 0.00 45.00 99.00 100.00 32.00 44.00 28.00 4.00 0.00 94.00 0.00 91.00 30.00 13.00 0.00 25.00 70.00 35.00 97.00 8.00 67.00 22.00 6.00 0.00 57.00 0.00 68.00 66.00 81.00
17 1.00 74.00 3.00 60.00 18.00 6.00 78.00 59.00 40.00 52.00 6.00 27.00 0.00 0.00 66.00 48.00 58.00 0.00 17.00 82.00 0.00 81.00 0.00 0.00 68.00 57.00 0.00 0.00 73.00 0.00 49.00 0.00 0.00 90.00 84.00 59.00 0.00 56.00 99.00 0.00 51.00 88.00 78.00 56.00 79.00 88.00 50.00 0.00 34.00 0.00 84.00 0.00 0.00 25.00 0.00 63.00 24.00 77.00 88.00 22.00 49.00 17.00 86.00 88.00 32.00 0.00 0.00 0.00 47.00 56.00 10.00 81.00 73.00 91.00 0.00 0.00 3.00 89.00 97.00 0.00 0.00 0.00 38.00 6.00 11.00 0.00 41.00 83.00 0.00 0.00 32.00 66.00 0.00 88.00 58.00 61.00 90.00 95.00 0.00 0.00
18 51.00 61.00 34.00 3.00 86.00 8.00 24.00 0.00 33.00 0.00 0.00 0.00 82.00 53.00 58.00 81.00 23.00 17.00 0.00 41.00 97.00 43.00 45.00 7.00 27.00 0.00 37.00 58.00 0.00 0.00 88.00 0.00 0.00 75.00 33.00 92.00 35.00 0.00 46.00 7.00 83.00 0.00 11.00 50.00 12.00 51.00 91.00 59.00 3.00 14.00 28.00 97.00 0.00 18.00 19.00 0.00 55.00 77.00 24.00 38.00 100.00 98.00 0.00 0.00 58.00 64.00 0.00 0.00 27.00 75.00 58.00 0.00 6.00 0.00 31.00 13.00 34.00 98.00 21.00 2.00 33.00 51.00 48.00 0.00 37.00 0.00 59.00 18.00 12.00 0.00 0.00 65.00 100.00 65.00 47.00 42.00 3.00 48.00 27.00 38.00
19 56.00 60.00 0.00 30.00 0.00 43.00 94.00 0.00 27.00 15.00 60.00 53.00 0.00 10.00 43.00 20.00 0.00 82.00 41.00 0.00 100.00 27.00 69.00 47.00 89.00 70.00 37.00 0.00 0.00 73.00 37.00 0.00 89.00 51.00 0.00 37.00 0.00 94.00 0.00 14.00 37.00 0.00 44.00 67.00 9.00 79.00 49.00 0.00 29.00 37.00 36.00 68.00 29.00 90.00 58.00 8.00 8.00 98.00 52.00 45.00 33.00 0.00 5.00 30.00 10.00 0.00 85.00 12.00 2.00 0.00 16.00 35.00 59.00 0.00 0.00 58.00 0.00 64.00 29.00 0.00 39.00 19.00 0.00 37.00 68.00 67.00 38.00 73.00 0.00 0.00 54.00 35.00 0.00 81.00 3.00 25.00 0.00 0.00 34.00 51.00
20 91.00 59.00 52.00 0.00 69.00 81.00 0.00 68.00 32.00 47.00 35.00 86.00 29.00 85.00 0.00 81.00 44.00 0.00 97.00 100.00 0.00 37.00 74.00 22.00 0.00 5.00 52.00 10.00 39.00 37.00 88.00 52.00 0.00 72.00 35.00 88.00 0.00 0.00 9.00 81.00 25.00 24.00 0.00 87.00 6.00 30.00 80.00 0.00 0.00 83.00 90.00 47.00 83.00 90.00 8.00 0.00 32.00 29.00 35.00 13.00 6.00 0.00 95.00 0.00 0.00 0.00 29.00 65.00 0.00 41.00 54.00 2.00 0.00 34.00 0.00 0.00 78.00 49.00 76.00 0.00 54.00 81.00 5.00 0.00 32.00 0.00 32.00 92.00 57.00 56.00 48.00 0.00 0.00 7.00 87.00 69.00 20.00 0.00 44.00 82.00
21 61.00 42.00 0.00 83.00 23.00 2.00 33.00 0.00 9.00 86.00 87.00 10.00 49.00 23.00 58.00 90.00 84.00 81.00 43.00 27.00 37.00 0.00 77.00 0.00 74.00 87.00 73.00 87.00 19.00 0.00 27.00 93.00 38.00 12.00 65.00 12.00 83.00 24.00 65.00 52.00 49.00 19.00 25.00 3.00 17.00 59.00 0.00 49.00 50.00 21.00 0.00 0.00 78.00 82.00 66.00 12.00 0.00 0.00 55.00 0.00 86.00 22.00 57.00 19.00 43.00 31.00 87.00 100.00 81.00 14.00 34.00 45.00 0.00 26.00 9.00 92.00 2.00 98.00 0.00 44.00 97.00 80.00 0.00 7.00 27.00 0.00 25.00 16.00 98.00 15.00 28.00 36.00 74.00 0.00 55.00 92.00 10.00 95.00 34.00 64.00
22 60.00 0.00 0.00 57.00 0.00 27.00 0.00 76.00 88.00 90.00 51.00 0.00 84.00 13.00 56.00 29.00 83.00 0.00 45.00 69.00 74.00 77.00 0.00 84.00 44.00 0.00 0.00 39.00 51.00 51.00 22.00 79.00 60.00 16.00 5.00 23.00 76.00 48.00 90.00 0.00 0.00 24.00 43.00 0.00 17.00 76.00 44.00 0.00 86.00 43.00 0.00 0.00 24.00 15.00 0.00 25.00 70.00 67.00 51.00 0.00 6.00 71.00 100.00 94.00 0.00 71.00 87.00 27.00 27.00 89.00 0.00 81.00 71.00 46.00 17.00 0.00 20.00 41.00 77.00 0.00 18.00 0.00 56.00 0.00 52.00 0.00 0.00 56.00 99.00 79.00 3.00 53.00 0.00 59.00 0.00 50.00 0.00 84.00 0.00 1.00
23 0.00 27.00 0.00 74.00 16.00 62.00 72.00 0.00 47.00 0.00 1.00 24.00 67.00 20.00 12.00 0.00 60.00 0.00 7.00 47.00 22.00 0.00 84.00 0.00 0.00 92.00 30.00 90.00 3.00 0.00 0.00 48.00 98.00 85.00 5.00 76.00 71.00 77.00 0.00 7.00 58.00 48.00 50.00 39.00 29.00 0.00 18.00 24.00 98.00 0.00 0.00 0.00 68.00 33.00 0.00 49.00 73.00 74.00 27.00 16.00 0.00 34.00 0.00 5.00 71.00 6.00 0.00 31.00 76.00 0.00 61.00 0.00 40.00 56.00 24.00 0.00 15.00 12.00 0.00 63.00 69.00 6.00 0.00 0.00 61.00 85.00 22.00 86.00 60.00 9.00 28.00 0.00 48.00 6.00 54.00 15.00 30.00 35.00 0.00 7.00
24 77.00 90.00 0.00 0.00 71.00 85.00 47.00 39.00 15.00 0.00 19.00 0.00 0.00 11.00 30.00 0.00 97.00 68.00 27.00 89.00 0.00 74.00 44.00 0.00 0.00 88.00 18.00 5.00 14.00 11.00 0.00 18.00 29.00 8.00 21.00 83.00 22.00 21.00 12.00 34.00 3.00 73.00 29.00 0.00 16.00 13.00 5.00 10.00 21.00 87.00 19.00 66.00 37.00 45.00 92.00 44.00 0.00 70.00 53.00 84.00 41.00 37.00 21.00 33.00 31.00 1.00 79.00 0.00 56.00 0.00 0.00 31.00 66.00 66.00 41.00 72.00 95.00 44.00 70.00 35.00 52.00 21.00 0.00 36.00 49.00 95.00 82.00 47.00 26.00 1.00 39.00 0.00 0.00 16.00 32.00 0.00 7.00 0.00 83.00 73.00
25 75.00 38.00 0.00 60.00 19.00 63.00 87.00 92.00 90.00 0.00 0.00 67.00 34.00 87.00 91.00 19.00 96.00 57.00 0.00 70.00 5.00 87.00 0.00 92.00 88.00 0.00 17.00 0.00 0.00 48.00 31.00 83.00 6.00 40.00 76.00 93.00 54.00 66.00 92.00 0.00 0.00 5.00 64.00 12.00 81.00 0.00 19.00 44.00 15.00 0.00 96.00 9.00 93.00 15.00 69.00 49.00 89.00 47.00 0.00 0.00 28.00 0.00 90.00 4.00 43.00 0.00 47.00 68.00 25.00 53.00 0.00 49.00 58.00 72.00 32.00 45.00 0.00 29.00 52.00 0.00 57.00 100.00 90.00 25.00 0.00 66.00 98.00 0.00 23.00 85.00 85.00 89.00 81.00 59.00 53.00 0.00 44.00 0.00 7.00 24.00
26 18.00 7.00 81.00 46.00 18.00 15.00 65.00 86.00 0.00 97.00 84.00 0.00 0.00 0.00 19.00 8.00 36.00 0.00 37.00 37.00 52.00 73.00 0.00 30.00 18.00 17.00 0.00 61.00 61.00 0.00 92.00 0.00 59.00 95.00 39.00 49.00 68.00 82.00 77.00 86.00 89.00 0.00 1.00 3.00 15.00 0.00 50.00 21.00 1.00 85.00 0.00 0.00 41.00 42.00 0.00 0.00 26.00 64.00 40.00 63.00 13.00 0.00 80.00 28.00 21.00 47.00 88.00 0.00 88.00 82.00 55.00 0.00 70.00 93.00 0.00 69.00 0.00 0.00 59.00 44.00 84.00 28.00 54.00 75.00 68.00 53.00 61.00 0.00 37.00 13.00 54.00 16.00 30.00 84.00 94.00 92.00 13.00 45.00 63.00 84.00
27 59.00 73.00 0.00 68.00 2.00 27.00 80.00 0.00 0.00 18.00 42.00 0.00 94.00 94.00 0.00 0.00 39.00 0.00 58.00 0.00 10.00 87.00 39.00 90.00 5.00 0.00 61.00 0.00 53.00 0.00 0.00 17.00 65.00 0.00 3.00 26.00 17.00 83.00 69.00 0.00 0.00 67.00 0.00 0.00 81.00 94.00 5.00 31.00 40.00 75.00 26.00 23.00 10.00 0.00 96.00 35.00 68.00 92.00 69.00 18.00 91.00 28.00 82.00 30.00 45.00 95.00 71.00 0.00 63.00 0.00 17.00 0.00 25.00 80.00 0.00 0.00 34.00 56.00 86.00 95.00 37.00 68.00 24.00 64.00 51.00 0.00 34.00 1.00 0.00 64.00 0.00 8.00 51.00 99.00 58.00 37.00 55.00 6.00 0.00 41.00
28 42.00 55.00 46.00 46.00 75.00 0.00 67.00 18.00 0.00 24.00 55.00 0.00 10.00 90.00 45.00 0.00 0.00 73.00 0.00 0.00 39.00 19.00 51.00 3.00 14.00 0.00 61.00 53.00 0.00 64.00 99.00 67.00 98.00 0.00 6.00 27.00 14.00 0.00 68.00 17.00 99.00 72.00 0.00 0.00 74.00 18.00 97.00 83.00 20.00 5.00 85.00 0.00 100.00 0.00 29.00 0.00 44.00 87.00 96.00 4.00 27.00 81.00 71.00 4.00 94.00 0.00 65.00 0.00 0.00 75.00 91.00 32.00 29.00 10.00 73.00 57.00 0.00 3.00 84.00 0.00 27.00 80.00 38.00 82.00 83.00 0.00 85.00 0.00 83.00 0.00 0.00 0.00 53.00 0.00 87.00 83.00 17.00 39.00 37.00 0.00
29 23.00 0.00 60.00 13.00 21.00 21.00 0.00 36.00 0.00 70.00 91.00 72.00 45.00 91.00 15.00 23.00 77.00 0.00 0.00 73.00 37.00 0.00 51.00 0.00 11.00 48.00 0.00 0.00 64.00 0.00 12.00 0.00 25.00 0.00 0.00 0.00 0.00 0.00 0.00 80.00 26.00 0.00 83.00 72.00 0.00 0.00 85.00 56.00 18.00 37.00 56.00 0.00 0.00 5.00 0.00 55.00 8.00 88.00 68.00 25.00 13.00 25.00 87.00 12.00 95.00 10.00 51.00 0.00 0.00 0.00 0.00 26.00 51.00 87.00 78.00 22.00 9.00 45.00 60.00 78.00 42.00 36.00 33.00 44.00 29.00 1.00 0.00 0.00 100.00 28.00 67.00 75.00 8.00 40.00 98.00 59.00 98.00 7.00 45.00 69.00
30 51.00 41.00 38.00 84.00 0.00 5.00 88.00 42.00 25.00 0.00 0.00 55.00 21.00 0.00 59.00 3.00 35.00 49.00 88.00 37.00 88.00 27.00 22.00 0.00 0.00 31.00 92.00 0.00 99.00 12.00 0.00 0.00 18.00 0.00 24.00 18.00 77.00 0.00 25.00 64.00 56.00 34.00 35.00 46.00 0.00 84.00 45.00 47.00 29.00 16.00 0.00 66.00 84.00 17.00 27.00 98.00 0.00 58.00 46.00 20.00 0.00 0.00 31.00 99.00 68.00 78.00 95.00 55.00 85.00 55.00 95.00 0.00 0.00 52.00 58.00 94.00 0.00 49.00 94.00 0.00 100.00 89.00 31.00 0.00 76.00 37.00 33.00 88.00 96.00 94.00 0.00 43.00 88.00 72.00 89.00 96.00 94.00 33.00 89.00 49.00
31 0.00 44.00 0.00 0.00 33.00 92.00 10.00 29.00 79.00 0.00 93.00 8.00 39.00 74.00 15.00 0.00 2.00 0.00 0.00 0.00 52.00 93.00 79.00 48.00 18.00 83.00 0.00 17.00 67.00 0.00 0.00 0.00 27.00 54.00 9.00 71.00 13.00 60.00 100.00 43.00 0.00 76.00 98.00 30.00 72.00 0.00 16.00 46.00 70.00 0.00 0.00 79.00 6.00 69.00 24.00 83.00 5.00 59.00 0.00 15.00 21.00 21.00 73.00 17.00 18.00 0.00 18.00 85.00 47.00 0.00 0.00 66.00 0.00 18.00 87.00 88.00 0.00 76.00 80.00 40.00 26.00 29.00 0.00 96.00 83.00 55.00 11.00 7.00 48.00 82.00 75.00 48.00 46.00 0.00 0.00 64.00 35.00 56.00 0.00 63.00
32 14.00 27.00 72.00 47.00 0.00 93.00 6.00 29.00 65.00 0.00 37.00 95.00 0.00 62.00 14.00 66.00 0.00 0.00 0.00 89.00 0.00 38.00 60.00 98.00 29.00 6.00 59.00 65.00 98.00 25.00 18.00 27.00 0.00 77.00 64.00 98.00 34.00 34.00 27.00 0.00 27.00 9.00 59.00 0.00 71.00 52.00 58.00 15.00 40.00 63.00 25.00 0.00 21.00 79.00 5.00 40.00 0.00 66.00 50.00 60.00 1.00 0.00 99.00 47.00 0.00 0.00 0.00 41.00 44.00 0.00 10.00 17.00 8.00 0.00 0.00 0.00 86.00 77.00 40.00 20.00 41.00 16.00 0.00 0.00 70.00 0.00 19.00 46.00 54.00 84.00 74.00 54.00 33.00 88.00 83.00 51.00 0.00 42.00 59.00 0.00
33 27.00 0.00 85.00 73.00 76.00 22.00 92.00 64.00 44.00 79.00 74.00 48.00 46.00 66.00 42.00 40.00 8.00 90.00 75.00 51.00 72.00 12.00 16.00 85.00 8.00 40.00 95.00 0.00 0.00 0.00 0.00 54.00 77.00 0.00 23.00 0.00 0.00 8.00 64.00 58.00 13.00 93.00 6.00 68.00 0.00 19.00 81.00 0.00 39.00 55.00 96.00 68.00 48.00 0.00 38.00 12.00 58.00 52.00 70.00 0.00 46.00 74.00 45.00 26.00 0.00 98.00 64.00 0.00 66.00 9.00 0.00 38.00 0.00 0.00 84.00 0.00 47.00 63.00 59.00 87.00 24.00 60.00 1.00 0.00 1.00 0.00 0.00 77.00 0.00 12.00 98.00 63.00 43.00 0.00 0.00 13.00 42.00 1.00 92.00 57.00
34 98.00 38.00 42.00 9.00 0.00 0.00 54.00 27.00 5.00 0.00 0.00 48.00 0.00 61.00 8.00 48.00 4.00 84.00 33.00 0.00 35.00 65.00 5.00 5.00 21.00 76.00 39.00 3.00 6.00 0.00 24.00 9.00 64.00 23.00 0.00 0.00 5.00 53.00 10.00 17.00 11.00 29.00 22.00 0.00 46.00 84.00 96.00 0.00 72.00 36.00 8.00 60.00 70.00 77.00 75.00 0.00 0.00 70.00 41.00 11.00 67.00 6.00 96.00 99.00 29.00 57.00 66.00 0.00 98.00 58.00 56.00 45.00 75.00 33.00 0.00 16.00 0.00 0.00 0.00 50.00 94.00 0.00 77.00 63.00 65.00 31.00 0.00 22.00 57.00 78.00 0.00 76.00 42.00 69.00 59.00 10.00 90.00 0.00 0.00 76.00
35 89.00 29.00 39.00 0.00 0.00 63.00 9.00 0.00 0.00 30.00 9.00 87.00 83.00 9.00 31.00 20.00 25.00 59.00 92.00 37.00 88.00 12.00 23.00 76.00 83.00 93.00 49.00 26.00 27.00 0.00 18.00 71.00 98.00 0.00 0.00 0.00 41.00 1.00 13.00 84.00 94.00 70.00 0.00 73.00 26.00 63.00 0.00 39.00 63.00 83.00 55.00 5.00 78.00 85.00 14.00 85.00 57.00 56.00 31.00 82.00 41.00 79.00 19.00 0.00 0.00 0.00 68.00 5.00 0.00 20.00 83.00 32.00 93.00 13.00 0.00 91.00 49.00 0.00 40.00 8.00 32.00 27.00 30.00 75.00 1.00 5.00 0.00 57.00 0.00 82.00 0.00 100.00 0.00 13.00 39.00 58.00 0.00 59.00 33.00 0.00
36 69.00 38.00 0.00 57.00 34.00 24.00 0.00 63.00 49.00 92.00 99.00 50.00 32.00 51.00 68.00 0.00 16.00 0.00 35.00 0.00 0.00 83.00 76.00 71.00 22.00 54.00 68.00 17.00 14.00 0.00 77.00 13.00 34.00 0.00 5.00 41.00 0.00 77.00 19.00 50.00 70.00 58.00 0.00 9.00 83.00 80.00 1.00 11.00 38.00 4.00 21.00 29.00 35.00 17.00 49.00 47.00 58.00 0.00 44.00 22.00 0.00 26.00 36.00 77.00 70.00 83.00 72.00 100.00 0.00 82.00 24.00 0.00 0.00 10.00 16.00 0.00 94.00 10.00 0.00 0.00 12.00 16.00 79.00 41.00 47.00 75.00 0.00 97.00 73.00 0.00 0.00 10.00 83.00 0.00 88.00 58.00 5.00 85.00 56.00 52.00
37 12.00 73.00 0.00 0.00 0.00 92.00 45.00 0.00 2.00 11.00 76.00 57.00 98.00 0.00 100.00 0.00 0.00 56.00 0.00 94.00 0.00 24.00 48.00 77.00 21.00 66.00 82.00 83.00 0.00 0.00 0.00 60.00 34.00 8.00 53.00 1.00 77.00 0.00 38.00 0.00 31.00 87.00 3.00 0.00 0.00 74.00 17.00 9.00 61.00 0.00 86.00 21.00 67.00 45.00 71.00 68.00 0.00 82.00 0.00 48.00 0.00 0.00 92.00 29.00 5.00 65.00 0.00 69.00 67.00 82.00 58.00 28.00 50.00 66.00 20.00 88.00 0.00 72.00 14.00 0.00 93.00 0.00 64.00 59.00 0.00 91.00 32.00 78.00 48.00 8.00 46.00 89.00 56.00 0.00 99.00 0.00 5.00 19.00 60.00 63.00
38 100.00 55.00 8.00 30.00 46.00 0.00 80.00 78.00 0.00 0.00 39.00 0.00 0.00 71.00 59.00 15.00 0.00 99.00 46.00 0.00 9.00 65.00 90.00 0.00 12.00 92.00 77.00 69.00 68.00 0.00 25.00 100.00 27.00 64.00 10.00 13.00 19.00 38.00 0.00 86.00 2.00 0.00 100.00 90.00 56.00 97.00 0.00 0.00 59.00 80.00 33.00 0.00 0.00 42.00 0.00 18.00 74.00 61.00 0.00 0.00 35.00 38.00 50.00 71.00 89.00 12.00 91.00 82.00 0.00 4.00 0.00 71.00 42.00 72.00 74.00 36.00 37.00 0.00 24.00 25.00 50.00 0.00 43.00 91.00 99.00 38.00 34.00 5.00 0.00 41.00 0.00 5.00 27.00 39.00 19.00 69.00 53.00 96.00 47.00 34.00
39 46.00 47.00 84.00 94.00 100.00 92.00 0.00 81.00 7.00 29.00 68.00 51.00 0.00 90.00 0.00 2.00 64.00 0.00 7.00 14.00 81.00 52.00 0.00 7.00 34.00 0.00 86.00 0.00 17.00 80.00 64.00 43.00 0.00 58.00 17.00 84.00 50.00 0.00 86.00 0.00 97.00 38.00 65.00 0.00 51.00 97.00 60.00 98.00 5.00 91.00 82.00 45.00 76.00 0.00 0.00 58.00 87.00 32.00 39.00 7.00 5.00 7.00 0.00 0.00 24.00 30.00 74.00 51.00 85.00 21.00 0.00 52.00 55.00 79.00 28.00 47.00 83.00 70.00 83.00 0.00 19.00 27.00 0.00 0.00 22.00 45.00 93.00 57.00 42.00 82.00 57.00 0.00 28.00 69.00 34.00 0.00 0.00 76.00 15.00 97.00
40 10.00 24.00 0.00 73.00 26.00 36.00 5.00 0.00 63.00 63.00 75.00 0.00 20.00 0.00 0.00 13.00 62.00 51.00 83.00 37.00 25.00 49.00 0.00 58.00 3.00 0.00 89.00 0.00 99.00 26.00 56.00 0.00 27.00 13.00 11.00 94.00 70.00 31.00 2.00 97.00 0.00 27.00 68.00 40.00 0.00 0.00 63.00 37.00 0.00 69.00 33.00 1.00 0.00 39.00 57.00 29.00 64.00 0.00 40.00 32.00 4.00 0.00 0.00 73.00 0.00 24.00 31.00 27.00 45.00 11.00 45.00 97.00 0.00 36.00 25.00 0.00 87.00 5.00 13.00 0.00 89.00 0.00 91.00 38.00 90.00 0.00 75.00 0.00 98.00 41.00 1.00 88.00 80.00 0.00 26.00 63.00 67.00 0.00 80.00 61.00
41 93.00 26.00 44.00 0.00 49.00 45.00 7.00 0.00 94.00 0.00 0.00 45.00 0.00 0.00 28.00 64.00 23.00 88.00 0.00 0.00 24.00 19.00 24.00 48.00 73.00 5.00 0.00 67.00 72.00 0.00 34.00 76.00 9.00 93.00 29.00 70.00 58.00 87.00 0.00 38.00 27.00 0.00 20.00 6.00 13.00 39.00 6.00 14.00 71.00 24.00 84.00 92.00 18.00 88.00 73.00 14.00 84.00 0.00 0.00 67.00 0.00 86.00 52.00 69.00 4.00 3.00 61.00 0.00 24.00 18.00 25.00 0.00 64.00 12.00 23.00 10.00 28.00 0.00 1.00 43.00 61.00 90.00 73.00 16.00 92.00 10.00 54.00 0.00 40.00 71.00 94.00 0.00 0.00 0.00 99.00 0.00 67.00 27.00 50.00 79.00
42 9.00 68.00 44.00 51.00 71.00 47.00 57.00 80.00 0.00 85.00 63.00 0.00 3.00 44.00 81.00 99.00 7.00 78.00 11.00 44.00 0.00 25.00 43.00 50.00 29.00 64.00 1.00 0.00 0.00 83.00 35.00 98.00 59.00 6.00 22.00 0.00 0.00 3.00 100.00 65.00 68.00 20.00 0.00 60.00 6.00 0.00 93.00 6.00 60.00 45.00 76.00 30.00 5.00 4.00 54.00 56.00 40.00 47.00 47.00 69.00 37.00 0.00 85.00 58.00 0.00 98.00 86.00 12.00 10.00 10.00 14.00 96.00 0.00 24.00 70.00 39.00 37.00 0.00 68.00 0.00 0.00 36.00 0.00 48.00 77.00 65.00 65.00 68.00 12.00 24.00 5.00 22.00 33.00 9.00 20.00 39.00 70.00 0.00 0.00 0.00
43 31.00 54.00 4.00 79.00 0.00 9.00 10.00 93.00 0.00 0.00 51.00 19.00 79.00 37.00 99.00 0.00 65.00 56.00 50.00 67.00 87.00 3.00 0.00 39.00 0.00 12.00 3.00 0.00 0.00 72.00 46.00 30.00 0.00 68.00 0.00 73.00 9.00 0.00 90.00 0.00 40.00 6.00 60.00 0.00 50.00 33.00 0.00 61.00 0.00 67.00 88.00 37.00 80.00 7.00 100.00 81.00 100.00 50.00 39.00 87.00 0.00 55.00 96.00 50.00 0.00 28.00 92.00 0.00 40.00 0.00 45.00 72.00 0.00 65.00 12.00 67.00 67.00 31.00 53.00 0.00 81.00 39.00 30.00 97.00 44.00 31.00 84.00 12.00 89.00 52.00 10.00 0.00 0.00 83.00 13.00 0.00 68.00 68.00 100.00 100.00
44 66.00 0.00 37.00 35.00 22.00 0.00 91.00 0.00 0.00 21.00 53.00 28.00 7.00 67.00 64.00 0.00 0.00 79.00 12.00 9.00 6.00 17.00 17.00 29.00 16.00 81.00 15.00 81.00 74.00 0.00 0.00 72.00 71.00 0.00 46.00 26.00 83.00 0.00 56.00 51.00 0.00 13.00 6.00 50.00 0.00 0.00 49.00 55.00 90.00 50.00 92.00 43.00 70.00 77.00 85.00 81.00 55.00 42.00 0.00 5.00 61.00 94.00 0.00 4.00 100.00 98.00 57.00 31.00 36.00 0.00 94.00 8.00 67.00 30.00 97.00 0.00 32.00 0.00 62.00 10.00 0.00 5.00 15.00 84.00 38.00 0.00 82.00 29.00 16.00 1.00 1.00 0.00 58.00 0.00 78.00 44.00 74.00 0.00 14.00 0.00
45 2.00 0.00 0.00 0.00 0.00 63.00 54.00 0.00 24.00 0.00 0.00 80.00 0.00 53.00 41.00 20.00 48.00 88.00 51.00 79.00 30.00 59.00 76.00 0.00 13.00 0.00 0.00 94.00 18.00 0.00 84.00 0.00 52.00 19.00 84.00 63.00 80.00 74.00 97.00 97.00 0.00 39.00 0.00 33.00 0.00 0.00 52.00 76.00 0.00 27.00 71.00 47.00 0.00 93.00 0.00 52.00 12.00 0.00 35.00 74.00 0.00 1.00 63.00 0.00 0.00 17.00 65.00 83.00 7.00 0.00 76.00 52.00 0.00 0.00 83.00 17.00 0.00 8.00 34.00 74.00 6.00 0.00 75.00 35.00 31.00 0.00 75.00 61.00 0.00 78.00 56.00 8.00 94.00 97.00 0.00 90.00 0.00 7.00 0.00 91.00
46 67.00 40.00 46.00 0.00 81.00 59.00 24.00 0.00 80.00 0.00 0.00 62.00 22.00 35.00 0.00 0.00 0.00 50.00 91.00 49.00 80.00 0.00 44.00 18.00 5.00 19.00 50.00 5.00 97.00 85.00 45.00 16.00 58.00 81.00 96.00 0.00 1.00 17.00 0.00 60.00 63.00 6.00 93.00 0.00 49.00 52.00 0.00 0.00 0.00 60.00 17.00 81.00 28.00 48.00 97.00 12.00 53.00 0.00 61.00 13.00 71.00 44.00 0.00 26.00 0.00 43.00 20.00 33.00 17.00 0.00 68.00 43.00 57.00 0.00 26.00 73.00 0.00 0.00 0.00 0.00 17.00 27.00 12.00 0.00 3.00 0.00 0.00 97.00 5.00 0.00 0.00 88.00 23.00 0.00 31.00 21.00 0.00 0.00 29.00 12.00
47 52.00 22.00 64.00 39.00 31.00 0.00 0.00 41.00 48.00 78.00 99.00 5.00 21.00 1.00 35.00 32.00 0.00 0.00 59.00 0.00 0.00 49.00 0.00 24.00 10.00 44.00 21.00 31.00 83.00 56.00 47.00 46.00 15.00 0.00 0.00 39.00 11.00 9.00 0.00 98.00 37.00 14.00 6.00 61.00 55.00 76.00 0.00 0.00 35.00 67.00 19.00 3.00 55.00 0.00 0.00 38.00 7.00 0.00 0.00 15.00 0.00 0.00 84.00 0.00 0.00 59.00 69.00 0.00 87.00 67.00 0.00 12.00 43.00 25.00 84.00 60.00 0.00 98.00 0.00 34.00 73.00 0.00 69.00 91.00 15.00 9.00 13.00 100.00 0.00 99.00 4.00 53.00 100.00 94.00 80.00 6.00 97.00 0.00 1.00 0.00
48 72.00 57.00 97.00 65.00 80.00 52.00 79.00 88.00 49.00 65.00 85.00 72.00 53.00 59.00 70.00 0.00 0.00 34.00 3.00 29.00 0.00 50.00 86.00 98.00 21.00 15.00 1.00 40.00 20.00 18.00 29.00 70.00 40.00 39.00 72.00 63.00 38.00 61.00 59.00 5.00 0.00 71.00 60.00 0.00 90.00 0.00 0.00 35.00 0.00 21.00 10.00 12.00 56.00 10.00 46.00 18.00 93.00 75.00 86.00 91.00 18.00 0.00 7.00 72.00 87.00 49.00 28.00 14.00 68.00 26.00 0.00 92.00 50.00 89.00 0.00 95.00 95.00 0.00 67.00 0.00 0.00 47.00 84.00 96.00 93.00 92.00 97.00 0.00 4.00 99.00 0.00 13.00 48.00 0.00 0.00 97.00 0.00 76.00 26.00 3.00
49 96.00 0.00 28.00 0.00 47.00 66.00 53.00 4.00 36.00 43.00 0.00 72.00 17.00 0.00 62.00 38.00 0.00 0.00 14.00 37.00 83.00 21.00 43.00 0.00 87.00 0.00 85.00 75.00 5.00 37.00 16.00 0.00 63.00 55.00 36.00 83.00 4.00 0.00 80.00 91.00 69.00 24.00 45.00 67.00 50.00 27.00 60.00 67.00 21.00 0.00 5.00 76.00 15.00 0.00 0.00 23.00 83.00 44.00 24.00 36.00 47.00 0.00 0.00 22.00 0.00 26.00 25.00 8.00 91.00 0.00 43.00 8.00 78.00 53.00 87.00 81.00 56.00 8.00 91.00 0.00 84.00 79.00 50.00 18.00 12.00 0.00 5.00 38.00 66.00 10.00 4.00 0.00 33.00 29.00 0.00 0.00 64.00 100.00 50.00 67.00
50 61.00 0.00 15.00 96.00 56.00 85.00 16.00 6.00 0.00 1.00 79.00 72.00 100.00 78.00 0.00 0.00 5.00 84.00 28.00 36.00 90.00 0.00 0.00 0.00 19.00 96.00 0.00 26.00 85.00 56.00 0.00 0.00 25.00 96.00 8.00 55.00 21.00 86.00 33.00 82.00 33.00 84.00 76.00 88.00 92.00 71.00 17.00 19.00 10.00 5.00 0.00 100.00 0.00 84.00 11.00 0.00 35.00 8.00 0.00 88.00 12.00 15.00 11.00 0.00 0.00 0.00 22.00 19.00 23.00 0.00 28.00 54.00 45.00 88.00 0.00 19.00 0.00 57.00 0.00 0.00 3.00 0.00 25.00 41.00 80.00 88.00 4.00 4.00 0.00 93.00 62.00 21.00 45.00 59.00 0.00 85.00 56.00 17.00 45.00 82.00
51 0.00 11.00 10.00 53.00 34.00 88.00 0.00 0.00 70.00 22.00 64.00 24.00 0.00 87.00 100.00 30.00 39.00 0.00 97.00 68.00 47.00 0.00 0.00 0.00 66.00 9.00 0.00 23.00 0.00 0.00 66.00 79.00 0.00 68.00 60.00 5.00 29.00 21.00 0.00 45.00 1.00 92.00 30.00 37.00 43.00 47.00 81.00 3.00 12.00 76.00 100.00 0.00 0.00 69.00 0.00 83.00 78.00 0.00 68.00 0.00 13.00 0.00 12.00 55.00 92.00 0.00 76.00 0.00 22.00 36.00 19.00 83.00 48.00 58.00 85.00 0.00 0.00 0.00 70.00 0.00 94.00 76.00 76.00 10.00 0.00 77.00 73.00 71.00 97.00 8.00 65.00 35.00 44.00 50.00 0.00 71.00 0.00 27.00 100.00 0.00
52 38.00 76.00 81.00 8.00 38.00 0.00 0.00 14.00 64.00 79.00 13.00 97.00 93.00 79.00 58.00 55.00 28.00 0.00 0.00 29.00 83.00 78.00 24.00 68.00 37.00 93.00 41.00 10.00 100.00 0.00 84.00 6.00 21.00 48.00 70.00 78.00 35.00 67.00 0.00 76.00 0.00 18.00 5.00 80.00 70.00 0.00 28.00 55.00 56.00 15.00 0.00 0.00 0.00 83.00 15.00 0.00 24.00 0.00 58.00 94.00 27.00 73.00 35.00 0.00 83.00 27.00 3.00 49.00 14.00 54.00 20.00 0.00 72.00 89.00 0.00 98.00 92.00 88.00 21.00 47.00 60.00 24.00 75.00 0.00 51.00 64.00 0.00 83.00 13.00 15.00 66.00 74.00 0.00 34.00 67.00 78.00 65.00 5.00 0.00 0.00
53 12.00 11.00 39.00 62.00 27.00 10.00 0.00 97.00 72.00 56.00 44.00 0.00 96.00 36.00 0.00 4.00 86.00 25.00 18.00 90.00 90.00 82.00 15.00 33.00 45.00 15.00 42.00 0.00 0.00 5.00 17.00 69.00 79.00 0.00 77.00 85.00 17.00 45.00 42.00 0.00 39.00 88.00 4.00 7.00 77.00 93.00 48.00 0.00 10.00 0.00 84.00 69.00 83.00 0.00 0.00 32.00 27.00 43.00 41.00 40.00 0.00 92.00 0.00 38.00 24.00 9.00 0.00 0.00 35.00 21.00 69.00 0.00 0.00 77.00 81.00 39.00 30.00 59.00 80.00 23.00 61.00 29.00 0.00 7.00 93.00 77.00 52.00 70.00 24.00 49.00 32.00 0.00 91.00 27.00 83.00 38.00 93.00 2.00 74.00 2.00
54 10.00 0.00 0.00 88.00 0.00 0.00 15.00 20.00 70.00 38.00 0.00 18.00 17.00 82.00 95.00 5.00 62.00 0.00 19.00 58.00 8.00 66.00 0.00 0.00 92.00 69.00 0.00 96.00 29.00 0.00 27.00 24.00 5.00 38.00 75.00 14.00 49.00 71.00 0.00 0.00 57.00 73.00 54.00 100.00 85.00 0.00 97.00 0.00 46.00 0.00 11.00 0.00 15.00 0.00 0.00 10.00 58.00 20.00 0.00 69.00 0.00 18.00 74.00 95.00 96.00 33.00 44.00 66.00 84.00 56.00 60.00 51.00 96.00 70.00 2.00 59.00 7.00 69.00 46.00 89.00 65.00 18.00 46.00 0.00 3.00 0.00 31.00 58.00 97.00 13.00 15.00 32.00 16.00 0.00 73.00 76.00 22.00 0.00 0.00 9.00
55 69.00 0.00 0.00 43.00 36.00 0.00 0.00 22.00 0.00 58.00 12.00 69.00 0.00 0.00 68.00 15.00 94.00 63.00 0.00 8.00 0.00 12.00 25.00 49.00 44.00 49.00 0.00 35.00 0.00 55.00 98.00 83.00 40.00 12.00 0.00 85.00 47.00 68.00 18.00 58.00 29.00 14.00 56.00 81.00 81.00 52.00 12.00 38.00 18.00 23.00 0.00 83.00 0.00 32.00 10.00 0.00 0.00 70.00 88.00 39.00 100.00 0.00 93.00 0.00 81.00 0.00 97.00 16.00 17.00 66.00 99.00 28.00 5.00 38.00 0.00 0.00 81.00 73.00 14.00 56.00 0.00 0.00 0.00 71.00 8.00 0.00 0.00 76.00 11.00 44.00 82.00 26.00 16.00 0.00 0.00 0.00 3.00 73.00 45.00 89.00
56 0.00 22.00 0.00 0.00 100.00 0.00 4.00 38.00 81.00 99.00 0.00 49.00 0.00 25.00 0.00 0.00 0.00 24.00 55.00 8.00 32.00 0.00 70.00 73.00 0.00 89.00 26.00 68.00 44.00 8.00 0.00 5.00 0.00 58.00 0.00 57.00 58.00 0.00 74.00 87.00 64.00 84.00 40.00 100.00 55.00 12.00 53.00 7.00 93.00 83.00 35.00 78.00 24.00 27.00 58.00 0.00 0.00 48.00 51.00 69.00 4.00 83.00 98.00 25.00 25.00 33.00 0.00 94.00 33.00 97.00 0.00 90.00 21.00 72.00 0.00 0.00 0.00 0.00 34.00 69.00 15.00 80.00 0.00 86.00 0.00 0.00 14.00 0.00 5.00 56.00 67.00 19.00 81.00 95.00 0.00 0.00 46.00 71.00 100.00 83.00
57 0.00 23.00 32.00 22.00 99.00 59.00 50.00 36.00 82.00 0.00 0.00 0.00 46.00 66.00 97.00 11.00 56.00 77.00 77.00 98.00 29.00 0.00 67.00 74.00 70.00 47.00 64.00 92.00 87.00 88.00 58.00 59.00 66.00 52.00 70.00 56.00 0.00 82.00 61.00 32.00 0.00 0.00 47.00 50.00 42.00 0.00 0.00 0.00 75.00 44.00 8.00 0.00 0.00 43.00 20.00 70.00 48.00 0.00 45.00 77.00 57.00 11.00 90.00 41.00 48.00 8.00 0.00 76.00 0.00 0.00 17.00 0.00 53.00 0.00 62.00 0.00 46.00 94.00 8.00 48.00 64.00 82.00 24.00 27.00 15.00 82.00 0.00 11.00 0.00 9.00 2.00 0.00 35.00 100.00 25.00 16.00 3.00 0.00 41.00 47.00
58 79.00 0.00 0.00 3.00 0.00 51.00 99.00 26.00 99.00 0.00 9.00 86.00 0.00 28.00 38.00 72.00 0.00 88.00 24.00 52.00 35.00 55.00 51.00 27.00 53.00 0.00 40.00 69.00 96.00 68.00 46.00 0.00 50.00 70.00 41.00 31.00 44.00 0.00 0.00 39.00 40.00 0.00 47.00 39.00 0.00 35.00 61.00 0.00 86.00 24.00 0.00 68.00 58.00 41.00 0.00 88.00 51.00 45.00 0.00 47.00 0.00 0.00 3.00 0.00 85.00 2.00 0.00 93.00 53.00 56.00 0.00 0.00 16.00 16.00 0.00 82.00 0.00 34.00 48.00 0.00 46.00 0.00 0.00 0.00 0.00 23.00 0.00 31.00 16.00 12.00 0.00 21.00 0.00 58.00 53.00 26.00 37.00 0.00 0.00 0.00
59 43.00 92.00 0.00 0.00 41.00 54.00 77.00 73.00 88.00 36.00 0.00 79.00 12.00 13.00 32.00 98.00 57.00 22.00 38.00 45.00 13.00 0.00 0.00 16.00 84.00 0.00 63.00 18.00 4.00 25.00 20.00 15.00 60.00 0.00 11.00 82.00 22.00 48.00 0.00 7.00 32.00 67.00 69.00 87.00 5.00 74.00 13.00 15.00 91.00 36.00 88.00 0.00 94.00 40.00 69.00 39.00 69.00 77.00 47.00 0.00 0.00 89.00 83.00 0.00 0.00 91.00 46.00 12.00 1.00 98.00 0.00 0.00 90.00 96.00 97.00 19.00 91.00 52.00 0.00 40.00 26.00 36.00 73.00 96.00 50.00 0.00 37.00 0.00 68.00 0.00 39.00 22.00 0.00 74.00 90.00 63.00 97.00 99.00 25.00 0.00
60 0.00 67.00 78.00 6.00 0.00 68.00 20.00 0.00 83.00 0.00 11.00 83.00 38.00 0.00 100.00 0.00 24.00 49.00 100.00 33.00 6.00 86.00 6.00 0.00 41.00 28.00 13.00 91.00 27.00 13.00 0.00 21.00 1.00 46.00 67.00 41.00 0.00 0.00 35.00 5.00 4.00 0.00 37.00 0.00 61.00 0.00 71.00 0.00 18.00 47.00 12.00 13.00 27.00 0.00 0.00 100.00 4.00 57.00 0.00 0.00 0.00 24.00 0.00 97.00 37.00 41.00 5.00 26.00 63.00 0.00 0.00 18.00 39.00 21.00 38.00 46.00 47.00 26.00 7.00 33.00 37.00 8.00 66.00 94.00 0.00 58.00 33.00 79.00 2.00 12.00 76.00 44.00 0.00 70.00 23.00 36.00 0.00 25.00 5.00 55.00
61 71.00 57.00 38.00 78.00 3.00 31.00 70.00 81.00 56.00 29.00 91.00 93.00 0.00 63.00 25.00 54.00 72.00 17.00 98.00 0.00 0.00 22.00 71.00 34.00 37.00 0.00 0.00 28.00 81.00 25.00 0.00 21.00 0.00 74.00 6.00 79.00 26.00 0.00 38.00 7.00 0.00 86.00 0.00 55.00 94.00 1.00 44.00 0.00 0.00 0.00 15.00 0.00 73.00 92.00 18.00 0.00 83.00 11.00 0.00 89.00 24.00 0.00 33.00 2.00 40.00 10.00 99.00 0.00 61.00 89.00 0.00 27.00 11.00 77.00 44.00 51.00 27.00 0.00 21.00 66.00 0.00 50.00 70.00 52.00 85.00 83.00 6.00 90.00 0.00 7.00 50.00 94.00 0.00 85.00 82.00 18.00 96.00 58.00 15.00 63.00
62 0.00 56.00 27.00 44.00 81.00 67.00 9.00 0.00 0.00 89.00 32.00 15.00 0.00 99.00 88.00 85.00 62.00 86.00 0.00 5.00 95.00 57.00 100.00 0.00 21.00 90.00 80.00 82.00 71.00 87.00 31.00 73.00 99.00 45.00 96.00 19.00 36.00 92.00 50.00 0.00 0.00 52.00 85.00 96.00 0.00 63.00 0.00 84.00 7.00 0.00 11.00 12.00 35.00 0.00 74.00 93.00 98.00 90.00 3.00 83.00 0.00 33.00 0.00 64.00 99.00 1.00 21.00 2.00 26.00 0.00 27.00 0.00 90.00 67.00 30.00 73.00 0.00 56.00 65.00 17.00 0.00 90.00 0.00 0.00 0.00 89.00 46.00 94.00 65.00 95.00 72.00 9.00 91.00 57.00 87.00 0.00 55.00 46.00 53.00 24.00
63 100.00 76.00 58.00 14.00 39.00 20.00 79.00 0.00 33.00 69.00 0.00 2.00 16.00 87.00 100.00 0.00 48.00 88.00 0.00 30.00 0.00 19.00 94.00 5.00 33.00 4.00 28.00 30.00 4.00 12.00 99.00 17.00 47.00 26.00 99.00 0.00 77.00 29.00 71.00 0.00 73.00 69.00 58.00 50.00 4.00 0.00 26.00 0.00 72.00 22.00 0.00 55.00 0.00 38.00 95.00 0.00 25.00 41.00 0.00 0.00 97.00 2.00 64.00 0.00 100.00 23.00 68.00 0.00 0.00 5.00 21.00 5.00 26.00 40.00 8.00 60.00 48.00 15.00 52.00 69.00 61.00 89.00 77.00 36.00 44.00 62.00 92.00 59.00 18.00 0.00 55.00 87.00 38.00 100.00 52.00 0.00 4.00 45.00 15.00 82.00
64 87.00 74.00 0.00 0.00 78.00 18.00 80.00 0.00 3.00 4.00 6.00 2.00 0.00 22.00 81.00 52.00 15.00 32.00 58.00 10.00 0.00 43.00 0.00 71.00 31.00 43.00 21.00 45.00 94.00 95.00 68.00 18.00 0.00 0.00 29.00 0.00 70.00 5.00 89.00 24.00 0.00 4.00 0.00 0.00 100.00 0.00 0.00 0.00 87.00 0.00 0.00 92.00 83.00 24.00 96.00 81.00 25.00 48.00 85.00 0.00 37.00 40.00 99.00 100.00 0.00 22.00 70.00 60.00 63.00 19.00 18.00 89.00 58.00 0.00 100.00 29.00 11.00 36.00 28.00 25.00 72.00 55.00 28.00 0.00 34.00 26.00 46.00 0.00 16.00 0.00 86.00 71.00 60.00 85.00 43.00 21.00 4.00 88.00 26.00 0.00
65 80.00 22.00 58.00 37.00 34.00 74.00 54.00 62.00 44.00 42.00 43.00 0.00 82.00 0.00 42.00 29.00 2.00 0.00 64.00 0.00 0.00 31.00 71.00 6.00 1.00 0.00 47.00 95.00 0.00 10.00 78.00 0.00 0.00 98.00 57.00 0.00 83.00 65.00 12.00 30.00 24.00 3.00 98.00 28.00 98.00 17.00 43.00 59.00 49.00 26.00 0.00 0.00 27.00 9.00 33.00 0.00 33.00 8.00 2.00 91.00 41.00 10.00 1.00 23.00 22.00 0.00 0.00 4.00 4.00 11.00 25.00 9.00 98.00 53.00 36.00 41.00 20.00 57.00 60.00 83.00 37.00 51.00 0.00 0.00 0.00 0.00 0.00 0.00 1.00 0.00 52.00 18.00 15.00 32.00 0.00 0.00 0.00 31.00 41.00 43.00
66 0.00 11.00 42.00 0.00 0.00 0.00 0.00 0.00 0.00 27.00 43.00 94.00 56.00 0.00 77.00 0.00 41.00 0.00 0.00 85.00 29.00 87.00 87.00 0.00 79.00 47.00 88.00 71.00 65.00 51.00 95.00 18.00 0.00 64.00 66.00 68.00 72.00 0.00 91.00 74.00 31.00 61.00 86.00 92.00 57.00 65.00 20.00 69.00 28.00 25.00 22.00 76.00 3.00 0.00 44.00 97.00 0.00 0.00 0.00 46.00 5.00 99.00 21.00 68.00 70.00 0.00 0.00 16.00 30.00 0.00 0.00 26.00 55.00 24.00 0.00 44.00 0.00 1.00 3.00 79.00 31.00 37.00 22.00 26.00 0.00 46.00 82.00 2.00 56.00 98.00 100.00 0.00 26.00 93.00 21.00 2.00 0.00 71.00 37.00 1.00
67 0.00 89.00 0.00 50.00 4.00 3.00 80.00 15.00 11.00 65.00 7.00 94.00 0.00 40.00 11.00 31.00 37.00 0.00 0.00 12.00 65.00 100.00 27.00 31.00 0.00 68.00 0.00 0.00 0.00 0.00 55.00 85.00 41.00 0.00 0.00 5.00 100.00 69.00 82.00 51.00 27.00 0.00 12.00 0.00 31.00 83.00 33.00 0.00 14.00 8.00 19.00 0.00 49.00 0.00 66.00 16.00 94.00 76.00 93.00 12.00 26.00 0.00 2.00 0.00 60.00 4.00 16.00 0.00 0.00 0.00 1.00 58.00 66.00 20.00 25.00 22.00 91.00 69.00 7.00 82.00 55.00 28.00 24.00 63.00 0.00 16.00 0.00 0.00 0.00 0.00 16.00 68.00 15.00 60.00 67.00 7.00 10.00 30.00 0.00 87.00
68 92.00 72.00 50.00 42.00 0.00 21.00 16.00 38.00 32.00 0.00 68.00 41.00 36.00 0.00 0.00 33.00 0.00 47.00 27.00 2.00 0.00 81.00 27.00 76.00 56.00 25.00 88.00 63.00 0.00 0.00 85.00 47.00 44.00 66.00 98.00 0.00 0.00 67.00 0.00 85.00 45.00 24.00 10.00 40.00 36.00 7.00 17.00 87.00 68.00 91.00 23.00 22.00 14.00 35.00 84.00 17.00 33.00 0.00 53.00 1.00 63.00 61.00 26.00 0.00 63.00 4.00 30.00 0.00 0.00 71.00 39.00 0.00 41.00 30.00 80.00 70.00 94.00 60.00 52.00 0.00 99.00 85.00 48.00 71.00 55.00 0.00 12.00 62.00 52.00 45.00 82.00 28.00 0.00 0.00 3.00 47.00 0.00 57.00 41.00 0.00
69 0.00 46.00 95.00 0.00 76.00 23.00 66.00 39.00 28.00 89.00 0.00 0.00 36.00 0.00 0.00 35.00 0.00 56.00 75.00 0.00 41.00 14.00 89.00 0.00 0.00 53.00 82.00 0.00 75.00 0.00 55.00 0.00 0.00 9.00 58.00 20.00 82.00 82.00 4.00 21.00 11.00 18.00 10.00 0.00 0.00 0.00 0.00 67.00 26.00 0.00 0.00 36.00 54.00 21.00 56.00 66.00 97.00 0.00 56.00 98.00 0.00 89.00 0.00 5.00 19.00 11.00 0.00 0.00 71.00 0.00 17.00 28.00 0.00 0.00 0.00 0.00 5.00 51.00 97.00 54.00 54.00 0.00 12.00 81.00 35.00 0.00 0.00 29.00 50.00 0.00 22.00 19.00 0.00 0.00 7.00 0.00 0.00 23.00 0.00 45.00
70 13.00 30.00 0.00 41.00 68.00 94.00 78.00 0.00 32.00 0.00 69.00 0.00 97.00 90.00 23.00 12.00 0.00 10.00 58.00 16.00 54.00 34.00 0.00 61.00 0.00 0.00 55.00 17.00 91.00 0.00 95.00 0.00 10.00 0.00 56.00 83.00 24.00 58.00 0.00 0.00 45.00 25.00 14.00 45.00 94.00 76.00 68.00 0.00 0.00 43.00 28.00 19.00 20.00 69.00 60.00 99.00 0.00 17.00 0.00 0.00 0.00 0.00 27.00 21.00 18.00 25.00 0.00 1.00 39.00 17.00 0.00 7.00 95.00 0.00 87.00 72.00 28.00 47.00 1.00 84.00 60.00 0.00 50.00 72.00 9.00 64.00 72.00 76.00 58.00 26.00 85.00 56.00 34.00 0.00 0.00 39.00 81.00 91.00 97.00 86.00
71 86.00 69.00 26.00 0.00 0.00 48.00 92.00 44.00 35.00 0.00 28.00 0.00 11.00 91.00 19.00 48.00 0.00 81.00 0.00 35.00 2.00 45.00 81.00 0.00 31.00 49.00 0.00 0.00 32.00 26.00 0.00 66.00 17.00 38.00 45.00 32.00 0.00 28.00 71.00 52.00 97.00 0.00 96.00 72.00 8.00 52.00 43.00 12.00 92.00 8.00 54.00 83.00 0.00 0.00 51.00 28.00 90.00 0.00 0.00 0.00 18.00 27.00 0.00 5.00 89.00 9.00 26.00 58.00 0.00 28.00 7.00 0.00 22.00 48.00 77.00 0.00 20.00 0.00 49.00 61.00 64.00 61.00 0.00 85.00 35.00 0.00 63.00 100.00 16.00 0.00 28.00 36.00 61.00 12.00 68.00 23.00 49.00 49.00 12.00 0.00
72 23.00 4.00 4.00 0.00 0.00 96.00 81.00 0.00 3.00 25.00 67.00 63.00 93.00 0.00 82.00 51.00 45.00 73.00 6.00 59.00 0.00 0.00 71.00 40.00 66.00 58.00 70.00 25.00 29.00 51.00 0.00 0.00 8.00 0.00 75.00 93.00 0.00 50.00 42.00 55.00 0.00 64.00 0.00 0.00 67.00 0.00 57.00 43.00 50.00 78.00 45.00 48.00 72.00 0.00 96.00 5.00 21.00 53.00 16.00 90.00 39.00 11.00 90.00 26.00 58.00 98.00 55.00 66.00 41.00 0.00 95.00 22.00 0.00 88.00 0.00 0.00 62.00 39.00 2.00 93.00 75.00 48.00 0.00 0.00 0.00 69.00 14.00 43.00 5.00 24.00 25.00 75.00 3.00 3.00 0.00 0.00 23.00 92.00 0.00 28.00
73 28.00 0.00 69.00 21.00 31.00 53.00 1.00 57.00 66.00 0.00 0.00 16.00 93.00 56.00 90.00 62.00 99.00 91.00 0.00 0.00 34.00 26.00 46.00 56.00 66.00 72.00 93.00 80.00 10.00 87.00 52.00 18.00 0.00 0.00 33.00 13.00 10.00 66.00 72.00 79.00 36.00 12.00 24.00 65.00 30.00 0.00 0.00 25.00 89.00 53.00 88.00 58.00 89.00 77.00 70.00 38.00 72.00 0.00 16.00 96.00 21.00 77.00 67.00 40.00 0.00 53.00 24.00 20.00 30.00 0.00 0.00 48.00 88.00 0.00 0.00 38.00 0.00 66.00 21.00 0.00 38.00 0.00 0.00 51.00 0.00 90.00 39.00 25.00 69.00 44.00 0.00 0.00 0.00 75.00 39.00 99.00 0.00 34.00 23.00 76.00
74 35.00 9.00 0.00 0.00 83.00 36.00 0.00 39.00 57.00 22.00 85.00 0.00 45.00 0.00 0.00 1.00 100.00 0.00 31.00 0.00 0.00 9.00 17.00 24.00 41.00 32.00 0.00 0.00 73.00 78.00 58.00 87.00 0.00 84.00 0.00 0.00 16.00 20.00 74.00 28.00 25.00 23.00 70.00 12.00 97.00 83.00 26.00 84.00 0.00 87.00 0.00 85.00 0.00 81.00 2.00 0.00 0.00 62.00 0.00 97.00 38.00 44.00 30.00 8.00 100.00 36.00 0.00 25.00 80.00 0.00 87.00 77.00 0.00 0.00 0.00 0.00 11.00 66.00 43.00 55.00 10.00 99.00 9.00 49.00 37.00 88.00 0.00 8.00 90.00 77.00 89.00 37.00 0.00 6.00 23.00 67.00 34.00 51.00 99.00 28.00
75 49.00 97.00 8.00 57.00 63.00 4.00 59.00 0.00 14.00 93.00 8.00 15.00 52.00 90.00 15.00 28.00 32.00 0.00 13.00 58.00 0.00 92.00 0.00 0.00 72.00 45.00 69.00 0.00 57.00 22.00 94.00 88.00 0.00 0.00 16.00 91.00 0.00 88.00 36.00 47.00 0.00 10.00 39.00 67.00 0.00 17.00 73.00 60.00 95.00 81.00 19.00 0.00 98.00 39.00 59.00 0.00 0.00 0.00 82.00 19.00 46.00 51.00 73.00 60.00 29.00 41.00 44.00 22.00 70.00 0.00 72.00 0.00 0.00 38.00 0.00 0.00 16.00 82.00 4.00 57.00 65.00 95.00 69.00 80.00 0.00 53.00 21.00 22.00 1.00 46.00 78.00 0.00 62.00 33.00 11.00 30.00 58.00 13.00 0.00 20.00
76 72.00 43.00 36.00 18.00 0.00 68.00 58.00 86.00 20.00 98.00 79.00 40.00 0.00 64.00 27.00 7.00 44.00 3.00 34.00 0.00 78.00 2.00 20.00 15.00 95.00 0.00 0.00 34.00 0.00 9.00 0.00 0.00 86.00 47.00 0.00 49.00 94.00 0.00 37.00 83.00 87.00 28.00 37.00 67.00 32.00 0.00 0.00 0.00 95.00 56.00 0.00 0.00 92.00 30.00 7.00 81.00 0.00 46.00 0.00 91.00 47.00 27.00 0.00 48.00 11.00 20.00 0.00 91.00 94.00 5.00 28.00 20.00 62.00 0.00 11.00 16.00 0.00 24.00 0.00 25.00 44.00 21.00 0.00 52.00 0.00 43.00 27.00 14.00 0.00 46.00 95.00 0.00 0.00 0.00 17.00 0.00 65.00 68.00 6.00 16.00
77 34.00 27.00 78.00 14.00 87.00 0.00 95.00 41.00 61.00 77.00 0.00 94.00 0.00 76.00 68.00 6.00 28.00 89.00 98.00 64.00 49.00 98.00 41.00 12.00 44.00 29.00 0.00 56.00 3.00 45.00 49.00 76.00 77.00 63.00 0.00 0.00 10.00 72.00 0.00 70.00 5.00 0.00 0.00 31.00 0.00 8.00 0.00 98.00 0.00 8.00 57.00 0.00 88.00 59.00 69.00 73.00 0.00 94.00 34.00 52.00 26.00 0.00 56.00 15.00 36.00 57.00 1.00 69.00 60.00 51.00 47.00 0.00 39.00 66.00 66.00 82.00 24.00 0.00 0.00 74.00 0.00 9.00 0.00 0.00 24.00 80.00 79.00 0.00 0.00 89.00 13.00 84.00 94.00 33.00 0.00 6.00 0.00 52.00 93.00 95.00
78 0.00 84.00 82.00 0.00 38.00 0.00 0.00 64.00 14.00 73.00 0.00 0.00 37.00 37.00 5.00 94.00 4.00 97.00 21.00 29.00 76.00 0.00 77.00 0.00 70.00 52.00 59.00 86.00 84.00 60.00 94.00 80.00 40.00 59.00 0.00 40.00 0.00 14.00 24.00 83.00 13.00 1.00 68.00 53.00 62.00 34.00 0.00 0.00 67.00 91.00 0.00 70.00 21.00 80.00 46.00 14.00 34.00 8.00 48.00 0.00 7.00 21.00 65.00 52.00 28.00 60.00 3.00 7.00 52.00 97.00 1.00 49.00 2.00 21.00 43.00 4.00 0.00 0.00 0.00 80.00 49.00 0.00 94.00 72.00 0.00 0.00 57.00 82.00 0.00 15.00 93.00 26.00 40.00 6.00 0.00 30.00 0.00 11.00 72.00 76.00
79 58.00 22.00 88.00 95.00 60.00 2.00 31.00 9.00 25.00 5.00 3.00 85.00 60.00 46.00 0.00 73.00 0.00 0.00 2.00 0.00 0.00 44.00 0.00 63.00 35.00 0.00 44.00 95.00 0.00 78.00 0.00 40.00 20.00 87.00 50.00 8.00 0.00 0.00 25.00 0.00 0.00 43.00 0.00 0.00 10.00 74.00 0.00 34.00 0.00 0.00 0.00 0.00 47.00 23.00 89.00 56.00 69.00 48.00 0.00 40.00 33.00 66.00 17.00 69.00 25.00 83.00 79.00 82.00 0.00 54.00 84.00 61.00 93.00 0.00 55.00 57.00 25.00 74.00 80.00 0.00 55.00 1.00 47.00 40.00 0.00 31.00 44.00 53.00 11.00 20.00 66.00 58.00 38.00 68.00 72.00 46.00 83.00 39.00 18.00 26.00
80 18.00 97.00 66.00 48.00 0.00 17.00 85.00 91.00 27.00 37.00 17.00 43.00 41.00 0.00 96.00 48.00 94.00 0.00 33.00 39.00 54.00 97.00 18.00 69.00 52.00 57.00 84.00 37.00 27.00 42.00 100.00 26.00 41.00 24.00 94.00 32.00 12.00 93.00 50.00 19.00 89.00 61.00 0.00 81.00 0.00 6.00 17.00 73.00 0.00 84.00 3.00 94.00 60.00 61.00 65.00 0.00 15.00 64.00 46.00 26.00 37.00 0.00 0.00 61.00 72.00 37.00 31.00 55.00 99.00 54.00 60.00 64.00 75.00 38.00 10.00 65.00 44.00 0.00 49.00 55.00 0.00 37.00 0.00 4.00 33.00 10.00 71.00 61.00 0.00 97.00 7.00 0.00 19.00 77.00 6.00 27.00 56.00 61.00 1.00 56.00
81 88.00 25.00 0.00 0.00 0.00 88.00 77.00 0.00 38.00 0.00 0.00 28.00 35.00 2.00 0.00 95.00 0.00 0.00 51.00 19.00 81.00 80.00 0.00 6.00 21.00 100.00 28.00 68.00 80.00 36.00 89.00 29.00 16.00 60.00 0.00 27.00 16.00 0.00 0.00 27.00 0.00 90.00 36.00 39.00 5.00 0.00 27.00 0.00 47.00 79.00 0.00 76.00 24.00 29.00 18.00 0.00 80.00 82.00 0.00 36.00 8.00 50.00 90.00 89.00 55.00 51.00 37.00 28.00 85.00 0.00 0.00 61.00 48.00 0.00 99.00 95.00 21.00 9.00 0.00 1.00 37.00 0.00 45.00 0.00 42.00 50.00 0.00 0.00 0.00 0.00 0.00 18.00 0.00 6.00 12.00 83.00 93.00 0.00 89.00 0.00
82 0.00 74.00 79.00 17.00 29.00 0.00 12.00 29.00 95.00 4.00 0.00 0.00 0.00 53.00 35.00 0.00 91.00 38.00 48.00 0.00 5.00 0.00 56.00 0.00 0.00 90.00 54.00 24.00 38.00 33.00 31.00 0.00 0.00 1.00 77.00 30.00 79.00 64.00 43.00 0.00 91.00 73.00 0.00 30.00 15.00 75.00 12.00 69.00 84.00 50.00 25.00 76.00 75.00 0.00 46.00 0.00 0.00 24.00 0.00 73.00 66.00 70.00 0.00 77.00 28.00 0.00 22.00 24.00 48.00 12.00 50.00 0.00 0.00 0.00 9.00 69.00 0.00 0.00 94.00 47.00 0.00 45.00 0.00 10.00 15.00 25.00 97.00 8.00 0.00 0.00 25.00 45.00 64.00 0.00 0.00 23.00 99.00 53.00 92.00 75.00
83 0.00 14.00 46.00 0.00 60.00 11.00 64.00 96.00 95.00 66.00 0.00 22.00 33.00 0.00 14.00 15.00 30.00 6.00 0.00 37.00 0.00 7.00 0.00 0.00 36.00 25.00 75.00 64.00 82.00 44.00 0.00 96.00 0.00 0.00 63.00 75.00 41.00 59.00 91.00 0.00 38.00 16.00 48.00 97.00 84.00 35.00 0.00 91.00 96.00 18.00 41.00 10.00 0.00 7.00 0.00 71.00 86.00 27.00 0.00 96.00 94.00 52.00 0.00 36.00 0.00 0.00 26.00 63.00 71.00 81.00 72.00 85.00 0.00 51.00 49.00 80.00 52.00 0.00 72.00 40.00 4.00 0.00 10.00 0.00 0.00 60.00 0.00 15.00 90.00 44.00 0.00 12.00 45.00 53.00 0.00 0.00 21.00 99.00 0.00 47.00
84 31.00 0.00 23.00 0.00 45.00 16.00 33.00 68.00 41.00 8.00 38.00 93.00 0.00 18.00 37.00 23.00 13.00 11.00 37.00 68.00 32.00 27.00 52.00 61.00 49.00 0.00 68.00 51.00 83.00 29.00 76.00 83.00 70.00 1.00 65.00 1.00 47.00 0.00 99.00 22.00 90.00 92.00 77.00 44.00 38.00 31.00 3.00 15.00 93.00 12.00 80.00 0.00 51.00 93.00 3.00 8.00 0.00 15.00 0.00 50.00 0.00 85.00 0.00 44.00 34.00 0.00 0.00 0.00 55.00 35.00 9.00 35.00 0.00 0.00 37.00 0.00 0.00 24.00 0.00 0.00 33.00 42.00 15.00 0.00 0.00 7.00 0.00 36.00 39.00 39.00 79.00 91.00 0.00 82.00 9.00 0.00 20.00 0.00 32.00 51.00
85 85.00 0.00 25.00 13.00 0.00 53.00 79.00 79.00 0.00 97.00 25.00 89.00 0.00 48.00 50.00 0.00 0.00 0.00 0.00 67.00 0.00 0.00 0.00 85.00 95.00 66.00 53.00 0.00 0.00 1.00 37.00 55.00 0.00 0.00 31.00 5.00 75.00 91.00 38.00 45.00 0.00 10.00 65.00 31.00 0.00 0.00 0.00 9.00 92.00 0.00 88.00 77.00 64.00 77.00 0.00 0.00 0.00 82.00 23.00 0.00 58.00 83.00 89.00 62.00 26.00 0.00 46.00 16.00 0.00 0.00 64.00 0.00 69.00 90.00 88.00 53.00 43.00 80.00 0.00 31.00 10.00 50.00 25.00 60.00 7.00 0.00 73.00 46.00 75.00 0.00 3.00 20.00 65.00 43.00 46.00 62.00 0.00 81.00 23.00 66.00
86 70.00 96.00 8.00 97.00 23.00 20.00 62.00 2.00 0.00 0.00 0.00 5.00 0.00 33.00 59.00 21.00 25.00 41.00 59.00 38.00 32.00 25.00 0.00 22.00 82.00 98.00 61.00 34.00 85.00 0.00 33.00 11.00 19.00 0.00 0.00 0.00 0.00 32.00 34.00 93.00 75.00 54.00 65.00 84.00 82.00 75.00 0.00 13.00 97.00 5.00 4.00 73.00 0.00 52.00 31.00 0.00 14.00 0.00 0.00 37.00 33.00 6.00 46.00 92.00 46.00 0.00 82.00 0.00 12.00 0.00 72.00 63.00 14.00 39.00 0.00 21.00 27.00 79.00 57.00 44.00 71.00 0.00 97.00 0.00 0.00 73.00 0.00 32.00 0.00 2.00 69.00 0.00 0.00 73.00 0.00 100.00 26.00 0.00 0.00 2.00
87 91.00 32.00 25.00 30.00 41.00 87.00 41.00 47.00 61.00 67.00 0.00 0.00 40.00 64.00 72.00 84.00 70.00 83.00 18.00 73.00 92.00 16.00 56.00 86.00 47.00 0.00 0.00 1.00 0.00 0.00 88.00 7.00 46.00 77.00 22.00 57.00 97.00 78.00 5.00 57.00 0.00 0.00 68.00 12.00 29.00 61.00 97.00 100.00 0.00 38.00 4.00 71.00 83.00 70.00 58.00 76.00 0.00 11.00 31.00 0.00 79.00 90.00 94.00 59.00 0.00 0.00 2.00 0.00 62.00 29.00 76.00 100.00 43.00 25.00 8.00 22.00 14.00 0.00 82.00 53.00 61.00 0.00 8.00 15.00 36.00 46.00 32.00 0.00 27.00 52.00 33.00 0.00 0.00 40.00 99.00 1.00 58.00 17.00 0.00 0.00
88 28.00 0.00 90.00 0.00 27.00 9.00 39.00 32.00 0.00 4.00 93.00 52.00 97.00 14.00 93.00 0.00 35.00 0.00 12.00 0.00 57.00 98.00 99.00 60.00 26.00 23.00 37.00 0.00 83.00 100.00 96.00 48.00 54.00 0.00 57.00 0.00 73.00 48.00 0.00 42.00 98.00 40.00 12.00 89.00 16.00 0.00 5.00 0.00 4.00 66.00 0.00 97.00 13.00 24.00 97.00 11.00 5.00 0.00 16.00 68.00 2.00 0.00 65.00 18.00 16.00 1.00 56.00 0.00 52.00 50.00 58.00 16.00 5.00 69.00 90.00 1.00 0.00 0.00 0.00 11.00 0.00 0.00 0.00 90.00 39.00 75.00 0.00 27.00 0.00 77.00 0.00 88.00 48.00 88.00 6.00 24.00 40.00 11.00 38.00 99.00
89 25.00 9.00 56.00 54.00 80.00 0.00 67.00 58.00 17.00 0.00 96.00 37.00 100.00 26.00 0.00 0.00 97.00 0.00 0.00 0.00 56.00 15.00 79.00 9.00 1.00 85.00 13.00 64.00 0.00 28.00 94.00 82.00 84.00 12.00 78.00 82.00 0.00 8.00 41.00 82.00 41.00 71.00 24.00 52.00 1.00 78.00 0.00 99.00 99.00 10.00 93.00 8.00 15.00 49.00 13.00 44.00 56.00 9.00 12.00 0.00 12.00 7.00 95.00 0.00 0.00 0.00 98.00 0.00 45.00 0.00 26.00 0.00 24.00 44.00 77.00 46.00 46.00 89.00 15.00 20.00 97.00 0.00 0.00 44.00 39.00 0.00 2.00 52.00 77.00 0.00 8.00 0.00 25.00 20.00 0.00 98.00 9.00 6.00 0.00 95.00
90 100.00 68.00 13.00 0.00 27.00 87.00 0.00 23.00 78.00 0.00 3.00 2.00 0.00 8.00 90.00 12.00 8.00 32.00 0.00 54.00 48.00 28.00 3.00 28.00 39.00 85.00 54.00 0.00 0.00 67.00 0.00 75.00 74.00 98.00 0.00 0.00 0.00 46.00 0.00 57.00 1.00 94.00 5.00 10.00 1.00 56.00 0.00 4.00 0.00 4.00 62.00 65.00 66.00 32.00 15.00 82.00 67.00 2.00 0.00 39.00 76.00 50.00 72.00 55.00 86.00 52.00 100.00 16.00 82.00 22.00 85.00 28.00 25.00 0.00 89.00 78.00 95.00 13.00 93.00 66.00 7.00 0.00 25.00 0.00 79.00 3.00 69.00 33.00 0.00 8.00 0.00 87.00 77.00 54.00 53.00 0.00 13.00 0.00 84.00 37.00
91 7.00 13.00 70.00 90.00 82.00 97.00 0.00 50.00 0.00 97.00 28.00 0.00 1.00 17.00 53.00 62.00 67.00 66.00 65.00 35.00 0.00 36.00 53.00 0.00 0.00 89.00 16.00 8.00 0.00 75.00 43.00 48.00 54.00 63.00 76.00 100.00 10.00 89.00 5.00 0.00 88.00 0.00 22.00 0.00 0.00 8.00 88.00 53.00 13.00 0.00 21.00 35.00 74.00 0.00 32.00 26.00 19.00 0.00 21.00 22.00 44.00 94.00 9.00 87.00 71.00 18.00 0.00 68.00 28.00 19.00 56.00 36.00 75.00 0.00 37.00 0.00 0.00 84.00 26.00 58.00 0.00 18.00 45.00 12.00 91.00 20.00 0.00 0.00 88.00 0.00 87.00 0.00 100.00 89.00 50.00 0.00 71.00 6.00 55.00 25.00
92 0.00 14.00 27.00 88.00 1.00 0.00 66.00 0.00 0.00 0.00 68.00 31.00 32.00 0.00 9.00 3.00 22.00 0.00 100.00 0.00 0.00 74.00 0.00 48.00 0.00 81.00 30.00 51.00 53.00 8.00 88.00 46.00 33.00 43.00 42.00 0.00 83.00 56.00 27.00 28.00 80.00 0.00 33.00 0.00 58.00 94.00 23.00 100.00 48.00 33.00 45.00 44.00 0.00 91.00 16.00 16.00 81.00 35.00 0.00 0.00 0.00 0.00 91.00 38.00 60.00 15.00 26.00 15.00 0.00 0.00 34.00 61.00 3.00 0.00 0.00 62.00 0.00 94.00 40.00 38.00 19.00 0.00 64.00 45.00 0.00 65.00 0.00 0.00 48.00 25.00 77.00 100.00 0.00 13.00 99.00 19.00 71.00 0.00 86.00 31.00
93 14.00 92.00 24.00 10.00 78.00 0.00 18.00 28.00 78.00 0.00 0.00 85.00 0.00 1.00 45.00 37.00 6.00 88.00 65.00 81.00 7.00 0.00 59.00 6.00 16.00 59.00 84.00 99.00 0.00 40.00 72.00 0.00 88.00 0.00 69.00 13.00 0.00 0.00 39.00 69.00 0.00 0.00 9.00 83.00 0.00 97.00 0.00 94.00 0.00 29.00 59.00 50.00 34.00 27.00 0.00 0.00 95.00 100.00 58.00 74.00 70.00 85.00 57.00 100.00 85.00 32.00 93.00 60.00 0.00 0.00 0.00 12.00 3.00 75.00 6.00 33.00 0.00 33.00 6.00 68.00 77.00 6.00 0.00 53.00 82.00 43.00 73.00 40.00 88.00 20.00 54.00 89.00 13.00 0.00 93.00 96.00 0.00 66.00 97.00 82.00
94 0.00 0.00 0.00 0.00 0.00 21.00 80.00 81.00 100.00 46.00 86.00 34.00 84.00 6.00 0.00 83.00 0.00 58.00 47.00 3.00 87.00 55.00 0.00 54.00 32.00 53.00 94.00 58.00 87.00 98.00 89.00 0.00 83.00 0.00 59.00 39.00 88.00 99.00 19.00 34.00 26.00 99.00 20.00 13.00 78.00 0.00 31.00 80.00 0.00 0.00 0.00 0.00 67.00 83.00 73.00 0.00 0.00 25.00 53.00 90.00 23.00 82.00 87.00 52.00 43.00 0.00 21.00 67.00 3.00 7.00 0.00 68.00 0.00 39.00 23.00 11.00 17.00 0.00 0.00 72.00 6.00 12.00 0.00 0.00 9.00 46.00 0.00 99.00 6.00 0.00 53.00 50.00 99.00 93.00 0.00 69.00 74.00 89.00 0.00 87.00
95 31.00 4.00 40.00 15.00 36.00 70.00 94.00 45.00 31.00 76.00 63.00 0.00 38.00 69.00 87.00 72.00 57.00 61.00 42.00 25.00 69.00 92.00 50.00 15.00 0.00 0.00 92.00 37.00 83.00 59.00 96.00 64.00 51.00 13.00 10.00 58.00 58.00 0.00 69.00 0.00 63.00 0.00 39.00 0.00 44.00 90.00 21.00 6.00 97.00 0.00 85.00 71.00 78.00 38.00 76.00 0.00 0.00 16.00 26.00 63.00 36.00 18.00 0.00 0.00 21.00 0.00 2.00 7.00 47.00 0.00 39.00 23.00 0.00 99.00 67.00 30.00 0.00 6.00 30.00 46.00 27.00 83.00 23.00 0.00 0.00 62.00 100.00 1.00 24.00 98.00 0.00 0.00 19.00 96.00 69.00 0.00 75.00 0.00 90.00 46.00
96 88.00 0.00 35.00 61.00 50.00 47.00 46.00 27.00 55.00 0.00 11.00 0.00 76.00 0.00 69.00 28.00 0.00 90.00 3.00 0.00 20.00 10.00 0.00 30.00 7.00 44.00 13.00 55.00 17.00 98.00 94.00 35.00 0.00 42.00 90.00 0.00 5.00 5.00 53.00 0.00 67.00 67.00 70.00 68.00 74.00 0.00 0.00 97.00 0.00 64.00 56.00 0.00 65.00 93.00 22.00 3.00 46.00 3.00 37.00 97.00 0.00 96.00 55.00 4.00 4.00 0.00 0.00 10.00 0.00 0.00 81.00 49.00 23.00 0.00 34.00 58.00 65.00 0.00 0.00 83.00 56.00 93.00 99.00 21.00 20.00 0.00 26.00 58.00 40.00 9.00 13.00 71.00 71.00 0.00 74.00 75.00 0.00 0.00 14.00 0.00
97 69.00 94.00 7.00 34.00 63.00 9.00 0.00 80.00 56.00 78.00 78.00 89.00 90.00 85.00 84.00 43.00 68.00 95.00 48.00 0.00 0.00 95.00 84.00 35.00 0.00 0.00 45.00 6.00 39.00 7.00 33.00 56.00 42.00 1.00 0.00 59.00 85.00 19.00 96.00 76.00 0.00 27.00 0.00 68.00 0.00 7.00 0.00 0.00 76.00 100.00 17.00 27.00 5.00 2.00 0.00 73.00 71.00 0.00 0.00 99.00 25.00 58.00 46.00 45.00 88.00 31.00 71.00 30.00 57.00 23.00 91.00 49.00 92.00 34.00 51.00 13.00 68.00 52.00 11.00 39.00 61.00 0.00 53.00 99.00 0.00 81.00 0.00 17.00 11.00 6.00 0.00 6.00 0.00 66.00 89.00 0.00 0.00 0.00 84.00 0.00
98 83.00 63.00 10.00 38.00 41.00 0.00 90.00 10.00 31.00 56.00 84.00 66.00 67.00 32.00 78.00 59.00 66.00 0.00 27.00 34.00 44.00 34.00 0.00 0.00 83.00 7.00 63.00 0.00 37.00 45.00 89.00 0.00 59.00 92.00 0.00 33.00 56.00 60.00 47.00 15.00 80.00 50.00 0.00 100.00 14.00 0.00 29.00 1.00 26.00 50.00 45.00 100.00 0.00 74.00 0.00 45.00 100.00 41.00 0.00 25.00 5.00 15.00 53.00 15.00 26.00 41.00 37.00 0.00 41.00 0.00 97.00 12.00 0.00 23.00 99.00 0.00 6.00 93.00 72.00 18.00 1.00 89.00 92.00 0.00 32.00 23.00 0.00 0.00 38.00 0.00 84.00 55.00 86.00 97.00 0.00 90.00 14.00 84.00 0.00 0.00
99 0.00 2.00 0.00 35.00 52.00 57.00 82.00 58.00 0.00 97.00 84.00 24.00 70.00 0.00 93.00 9.00 81.00 0.00 38.00 51.00 82.00 64.00 1.00 7.00 73.00 24.00 84.00 41.00 0.00 69.00 49.00 63.00 0.00 57.00 76.00 0.00 52.00 63.00 34.00 97.00 61.00 79.00 0.00 100.00 0.00 91.00 12.00 0.00 3.00 67.00 82.00 0.00 0.00 2.00 9.00 89.00 83.00 47.00 0.00 0.00 55.00 63.00 24.00 82.00 0.00 43.00 1.00 87.00 0.00 45.00 86.00 0.00 28.00 76.00 28.00 20.00 16.00 95.00 76.00 26.00 56.00 0.00 75.00 47.00 51.00 66.00 2.00 0.00 99.00 95.00 37.00 25.00 31.00 82.00 87.00 46.00 0.00 0.00 0.00 0.00
mcp_obj 86
mcp_gap 0
mcp_x 1 1 1 0 0 1 1 1 1 0 1 1 1 1 1 1 1 1 1 1 1 1 1 1 1 1 1 0 1 1 1 0 1 1 1 1 0 1 0 1 1 1 1 1 1 1 1 1 1 1 1 1 1 1 1 1 1 1 0 1 1 1 1 1 1 0 1 0 1 1 1 0 1 1 1 1 0 1 1 1 1 1 1 0 1 1 1 1 0 1 1 1 1 1 1 1 1 1 1 1
