NAME N100_rc_0.7_rGamma_1_dc_0.035_dGamma_0.0005_jeu_100_75_7.txt
NUM_ITEMS 100
SOURCE r_100_75_7
PARAMETERS
r_c 0.7
r_Gamma 1
d_c 0.035
d_Gamma 0.0005

BOUNDS
c_lb 0.00
c_ub 212.78
Gamma_lb 19
Gamma_ub 93
B_i_1_lb 0.00 0.00 0.00 0.00 0.00 0.00 0.00 0.00 0.00 0.00 0.00 0.00 0.00 0.00 0.00 0.00 0.00 0.00 0.00 0.00 0.00 0.00 0.00 0.00 0.00 0.00 0.00 0.00 0.00 0.00 0.00 0.00 0.00 0.00 0.00 0.00 0.00 0.00 0.00 0.00 0.00 0.00 0.00 0.00 0.00 0.00 0.00 0.00 0.00 0.00 0.00 0.00 0.00 0.00 0.00 0.00 0.00 0.00 0.00 0.00 0.00 0.00 0.00 0.00 0.00 0.00 0.00 0.00 0.00 0.00 0.00 0.00 0.00 0.00 0.00 0.00 0.00 0.00 0.00 0.00 0.00 0.00 0.00 0.00 0.00 0.00 0.00 0.00 0.00 0.00 0.00 0.00 0.00 0.00 0.00 0.00 0.00 0.00 0.00 0.00
B_i_1_ub 125.64 129.05 111.59 125.77 126.43 115.43 123.33 116.26 120.96 134.77 147.03 127.13 129.08 118.99 123.69 124.87 118.84 114.23 131.40 144.43 109.95 130.93 124.35 129.25 123.35 124.47 119.37 135.65 124.83 116.64 149.30 140.46 127.03 141.89 134.81 127.35 138.55 130.61 117.20 140.60 125.53 123.10 137.18 141.87 133.05 120.67 130.60 114.51 134.34 123.49 125.83 127.00 112.09 134.26 121.06 135.75 130.87 134.76 137.42 125.33 134.28 104.71 134.15 137.53 149.34 128.12 124.99 132.40 129.92 132.06 132.72 130.59 131.03 125.98 124.21 129.38 119.64 127.51 142.25 118.87 112.48 147.58 133.22 125.33 108.52 138.07 129.67 104.59 139.28 123.20 129.52 113.72 126.80 127.14 132.08 135.70 131.13 110.43 132.89 111.20
B_i_0_lb 0.00 0.00 0.00 0.00 0.00 0.00 0.00 0.00 0.00 0.00 0.00 0.00 0.00 0.00 0.00 0.00 0.00 0.00 0.00 0.00 0.00 0.00 0.00 0.00 0.00 0.00 0.00 0.00 0.00 0.00 0.00 0.00 0.00 0.00 0.00 0.00 0.00 0.00 0.00 0.00 0.00 0.00 0.00 0.00 0.00 0.00 0.00 0.00 0.00 0.00 0.00 0.00 0.00 0.00 0.00 0.00 0.00 0.00 0.00 0.00 0.00 0.00 0.00 0.00 0.00 0.00 0.00 0.00 0.00 0.00 0.00 0.00 0.00 0.00 0.00 0.00 0.00 0.00 0.00 0.00 0.00 0.00 0.00 0.00 0.00 0.00 0.00 0.00 0.00 0.00 0.00 0.00 0.00 0.00 0.00 0.00 0.00 0.00 0.00 0.00
B_i_0_ub 125.71 129.05 112.05 126.51 126.53 116.86 123.96 116.83 121.14 136.25 147.80 127.90 129.71 119.73 124.25 125.57 119.15 114.90 131.64 146.04 110.97 131.03 125.47 129.71 124.30 124.54 120.42 136.98 125.29 117.65 149.86 140.53 127.59 142.56 134.91 127.70 139.25 130.61 117.52 141.75 126.13 124.51 138.02 143.52 133.05 122.01 131.86 115.31 135.81 123.84 126.67 127.57 112.72 135.95 121.20 135.79 131.75 136.72 138.29 125.51 135.01 105.55 134.81 139.39 150.12 129.32 125.94 133.00 130.24 132.73 132.72 132.03 132.29 126.75 125.58 130.68 120.17 128.56 143.48 119.26 113.11 148.87 133.78 125.54 108.66 139.61 130.45 104.98 139.70 123.90 130.29 113.72 126.87 127.74 132.39 136.48 132.29 111.24 133.46 111.49
c_i_1_lb 0.00 2.80 10.50 61.60 44.10 45.50 22.40 1.40 42.00 0.00 54.60 14.00 13.30 0.00 18.20 51.10 39.20 0.00 51.80 32.20 39.90 9.80 67.20 37.80 0.00 1.40 0.00 1.40 12.60 23.80 25.90 58.80 0.00 56.70 63.70 16.10 51.80 3.50 2.80 43.40 60.90 0.00 51.10 63.00 0.00 36.40 0.00 0.00 52.50 13.30 58.10 52.50 0.00 49.70 0.00 0.00 18.20 44.80 0.00 3.50 14.00 2.10 6.30 35.70 0.00 6.30 65.10 69.30 23.80 0.00 55.30 9.80 49.00 56.00 67.90 0.00 35.70 0.00 69.30 36.40 0.00 26.60 28.00 32.90 20.30 38.50 56.00 0.00 46.20 58.80 0.00 51.80 53.20 47.60 18.20 0.00 0.00 3.50 61.60 31.50
c_i_1_ub 125.64 131.85 122.09 187.37 170.53 160.93 145.73 117.66 162.96 134.77 201.63 141.13 142.38 118.99 141.89 175.97 158.04 114.23 183.20 176.63 149.85 140.73 191.55 167.05 123.35 125.87 119.37 137.05 137.43 140.44 175.20 199.26 127.03 198.59 198.51 143.45 190.35 134.11 120.00 184.00 186.43 123.10 188.28 204.87 133.05 157.07 130.60 114.51 186.84 136.79 183.93 179.50 112.09 183.96 121.06 135.75 149.07 179.56 137.42 128.83 148.28 106.81 140.45 173.23 149.34 134.42 190.09 201.70 153.72 132.06 188.02 140.39 180.03 181.98 192.11 129.38 155.34 127.51 211.55 155.27 112.48 174.18 161.22 158.23 128.82 176.57 185.67 104.59 185.48 182.00 129.52 165.52 180.00 174.74 150.28 135.70 131.13 113.93 194.49 142.70
c_i_0_lb 0.00 2.80 10.50 61.60 44.10 45.50 22.40 1.40 42.00 0.00 54.60 14.00 13.30 0.00 18.20 51.10 39.20 0.00 51.80 32.20 39.90 9.80 67.20 37.80 0.00 1.40 0.00 1.40 12.60 23.80 25.90 58.80 0.00 56.70 63.70 16.10 51.80 3.50 2.80 43.40 60.90 0.00 51.10 63.00 0.00 36.40 0.00 0.00 52.50 13.30 58.10 52.50 0.00 49.70 0.00 0.00 18.20 44.80 0.00 3.50 14.00 2.10 6.30 35.70 0.00 6.30 65.10 69.30 23.80 0.00 55.30 9.80 49.00 56.00 67.90 0.00 35.70 0.00 69.30 36.40 0.00 26.60 28.00 32.90 20.30 38.50 56.00 0.00 46.20 58.80 0.00 51.80 53.20 47.60 18.20 0.00 0.00 3.50 61.60 31.50
c_i_0_ub 125.71 131.85 122.55 188.11 170.63 162.36 146.36 118.23 163.14 136.25 202.40 141.90 143.01 119.73 142.45 176.67 158.35 114.90 183.44 178.24 150.87 140.83 192.67 167.51 124.30 125.94 120.42 138.38 137.89 141.45 175.76 199.33 127.59 199.26 198.61 143.80 191.05 134.11 120.32 185.15 187.03 124.51 189.12 206.52 133.05 158.41 131.86 115.31 188.31 137.14 184.77 180.07 112.72 185.65 121.20 135.79 149.95 181.52 138.29 129.01 149.01 107.65 141.11 175.09 150.12 135.62 191.04 202.30 154.04 132.73 188.02 141.83 181.29 182.75 193.48 130.68 155.87 128.56 212.78 155.66 113.11 175.47 161.78 158.44 128.96 178.11 186.45 104.98 185.90 182.70 130.29 165.52 180.07 175.34 150.59 136.48 132.29 114.74 195.06 142.99
c_1_lb 0.00
c_1_ub 211.55
c_0_lb 0.00
c_0_ub 212.78

BOUND_TIMES
k_max_time 0.001424
Gamma_ub_time 0.000616
B_i_1_lb_time 0.006971
B_i_1_ub_time 0.041651
B_i_0_lb_time 0.007137
B_i_0_ub_time 0.040671

DDRO_PARAMETERS
a_0 19
b_0i 1 1 1 1 1 1 1 1 1 1 1 1 1 1 1 1 1 1 1 1 1 1 1 1 1 1 1 1 1 1 1 1 1 1 1 1 1 1 1 1 1 1 1 1 1 1 1 1 1 1 1 1 1 1 1 1 1 1 1 1 1 1 1 1 1 1 1 1 1 1 1 1 1 1 1 1 1 1 1 1 1 1 1 1 0 1 1 0 1 1 1 1 1 1 1 1 1 1 1 1
a_i 0.00 2.80 10.50 61.60 44.10 45.50 22.40 1.40 42.00 0.00 54.60 14.00 13.30 0.00 18.20 51.10 39.20 0.00 51.80 32.20 39.90 9.80 67.20 37.80 0.00 1.40 0.00 1.40 12.60 23.80 25.90 58.80 0.00 56.70 63.70 16.10 51.80 3.50 2.80 43.40 60.90 0.00 51.10 63.00 0.00 36.40 0.00 0.00 52.50 13.30 58.10 52.50 0.00 49.70 0.00 0.00 18.20 44.80 0.00 3.50 14.00 2.10 6.30 35.70 0.00 6.30 65.10 69.30 23.80 0.00 55.30 9.80 49.00 56.00 67.90 0.00 35.70 0.00 69.30 36.40 0.00 26.60 28.00 32.90 20.30 38.50 56.00 0.00 46.20 58.80 0.00 51.80 53.20 47.60 18.20 0.00 0.00 3.50 61.60 31.50
b_ij
0 0.00 1.09 0.00 2.35 0.00 2.49 0.21 2.59 1.54 2.28 0.00 0.46 0.04 3.40 2.59 1.44 3.43 1.75 2.42 0.00 0.00 0.25 0.00 1.37 2.84 0.67 0.00 0.00 3.19 0.00 2.24 2.84 3.12 2.14 1.16 0.00 0.00 0.28 0.00 3.47 0.18 3.26 0.00 2.00 2.77 2.94 0.21 0.00 0.00 0.35 1.51 2.07 2.66 3.08 0.00 0.42 0.00 2.45 2.91 1.40 0.00 0.00 0.00 3.12 1.58 2.98 0.00 0.07 0.00 0.00 2.59 2.38 3.08 3.15 0.77 1.30 0.00 0.81 3.50 0.18 0.18 3.43 0.28 0.00 1.02 0.00 0.00 1.75 0.98 0.00 1.02 1.65 0.00 0.00 0.25 1.33 2.03 2.77 3.43 3.05
1 1.09 0.00 1.19 2.91 1.30 0.42 0.00 2.73 2.42 2.38 2.91 3.33 1.68 2.91 0.14 2.84 0.56 0.00 0.00 1.65 0.00 1.23 1.54 0.00 0.25 0.98 0.42 0.00 0.00 0.00 1.65 0.49 1.30 2.91 1.40 3.50 1.72 0.00 2.84 3.40 1.47 2.98 0.28 1.40 3.50 0.00 0.00 0.00 0.00 2.52 0.00 0.46 0.25 3.26 1.30 0.60 0.00 1.93 0.60 0.25 0.00 0.07 2.07 0.81 1.65 0.00 3.50 1.79 2.52 0.00 1.65 1.96 3.22 3.01 0.00 1.02 0.00 0.00 0.00 3.26 0.04 3.50 3.19 0.00 2.94 1.72 0.07 2.87 0.91 3.15 2.73 2.59 0.95 0.88 1.65 1.40 0.00 1.33 0.00 0.14
2 0.00 1.19 0.00 2.03 0.00 0.18 0.70 2.17 0.63 0.67 1.54 0.00 1.96 1.26 0.00 3.01 0.00 0.28 0.21 3.19 0.28 0.00 2.77 3.40 0.39 2.56 0.00 0.95 0.00 1.54 2.10 1.75 0.14 0.53 1.89 3.50 0.00 1.23 1.09 1.54 0.00 0.00 2.80 1.51 1.09 1.89 0.60 0.74 1.54 2.31 2.63 0.00 1.05 0.98 0.00 0.77 1.96 0.00 2.21 0.67 2.38 1.16 2.45 0.56 0.35 0.81 0.60 1.82 1.89 0.18 2.45 1.82 1.68 2.91 0.56 1.26 0.00 3.05 0.00 1.89 2.91 0.00 0.00 2.28 2.17 0.04 1.09 0.00 3.26 0.07 3.15 0.18 2.24 0.00 0.00 2.56 1.75 0.25 0.32 0.04
3 2.35 2.91 2.03 0.00 0.00 2.03 0.00 1.72 0.25 2.91 0.49 0.07 0.00 2.45 1.54 1.86 3.15 0.00 2.21 3.12 1.61 2.42 1.93 1.09 0.39 0.98 0.00 0.00 1.02 0.74 3.01 2.31 0.32 2.56 0.00 2.70 3.08 0.81 0.00 0.49 2.87 1.16 0.00 1.30 1.37 0.91 3.01 0.81 0.98 2.45 0.00 1.19 1.05 2.10 2.45 1.44 0.42 0.35 1.72 1.12 2.70 0.70 0.00 1.82 0.00 0.25 3.22 0.53 1.37 0.74 3.15 0.18 2.45 3.22 3.36 0.00 0.60 0.11 0.00 1.09 1.68 1.96 3.33 0.00 0.00 2.70 0.00 0.00 0.00 1.89 0.00 2.59 1.02 2.63 1.33 0.00 0.00 2.98 2.17 0.00
4 0.00 1.30 0.00 0.00 0.00 0.11 0.77 1.75 0.88 2.52 2.45 3.50 0.21 2.59 1.72 2.87 2.84 0.00 1.54 2.28 2.10 3.19 2.03 0.00 0.42 0.14 3.01 2.31 0.77 1.02 3.29 3.36 1.44 0.81 0.00 2.21 1.96 1.40 1.65 0.98 0.81 1.54 0.00 3.12 0.81 1.61 2.91 1.75 0.95 2.49 0.00 0.53 0.00 1.40 3.08 2.59 0.18 0.21 1.47 1.82 0.32 0.84 2.70 3.36 0.04 2.84 0.04 1.82 0.00 1.40 3.12 2.70 2.45 1.05 0.81 0.49 0.00 0.18 3.36 1.30 0.98 1.47 0.00 0.00 0.25 2.56 0.18 1.30 0.00 1.75 0.00 2.38 2.66 0.70 2.56 0.00 3.01 0.53 0.00 0.49
5 2.49 0.42 0.18 2.03 0.11 0.00 0.25 1.72 1.40 2.52 2.49 1.75 0.00 2.52 0.74 1.19 0.00 0.95 2.07 3.12 0.70 0.77 0.84 1.75 2.31 0.00 2.66 0.00 0.67 3.50 3.26 0.00 0.88 0.07 0.95 1.65 1.82 3.19 1.61 1.65 0.00 0.91 0.00 1.89 3.50 0.56 0.35 1.30 3.29 3.33 0.00 0.00 2.35 0.32 1.26 2.70 3.40 0.00 2.66 1.09 0.00 3.15 0.98 1.75 2.38 2.45 0.35 0.74 1.51 1.16 0.70 2.28 1.72 2.94 0.00 1.02 0.14 2.28 0.42 1.61 1.33 1.54 1.26 0.67 0.00 3.12 2.10 1.02 0.00 2.07 1.12 0.00 0.00 0.04 0.00 1.37 1.16 0.00 0.00 0.46
6 0.21 0.00 0.70 0.00 0.77 0.25 0.00 2.80 2.73 2.07 2.73 1.82 2.24 1.23 0.35 0.81 0.00 1.02 2.24 0.42 0.00 2.63 0.81 1.96 2.38 0.21 2.94 2.31 0.00 0.00 2.63 0.00 2.91 1.19 2.77 1.75 1.79 2.94 3.43 0.95 3.15 2.35 0.63 1.89 1.72 0.67 2.77 0.00 1.72 2.63 0.00 1.65 2.17 2.52 1.40 1.09 0.00 0.91 0.00 0.00 2.52 0.60 0.35 1.09 2.03 2.35 3.15 2.87 0.49 1.37 0.00 0.91 0.91 0.00 0.00 0.00 0.00 0.49 3.43 1.54 1.26 0.00 0.77 3.12 2.31 2.70 2.35 0.00 2.21 0.07 0.00 0.88 2.38 0.00 1.37 1.86 2.17 0.25 0.88 0.91
7 2.59 2.73 2.17 1.72 1.75 1.72 2.80 0.00 2.21 0.81 2.77 0.00 0.00 0.74 0.00 1.54 0.35 0.00 0.00 0.28 3.08 1.96 1.51 0.53 2.00 1.72 1.09 2.10 0.00 1.47 3.05 1.44 0.00 0.00 0.84 0.00 2.00 0.00 0.07 1.12 1.65 1.96 0.98 0.84 0.00 0.42 0.49 1.40 0.00 2.42 3.01 0.00 2.24 3.40 0.00 0.00 3.08 1.89 2.24 1.40 0.00 0.42 1.65 0.00 3.50 0.18 3.05 3.19 2.63 1.75 1.72 0.91 0.00 3.47 1.37 0.98 3.29 0.00 0.00 0.00 0.00 0.00 0.00 0.00 0.00 0.00 3.19 0.95 0.00 1.96 0.00 1.96 3.50 0.00 1.82 0.39 2.49 0.00 0.00 1.02
8 1.54 2.42 0.63 0.25 0.88 1.40 2.73 2.21 0.00 2.28 2.17 1.61 0.00 0.42 0.00 0.00 0.56 0.00 0.00 1.86 1.82 0.00 1.47 3.40 0.00 0.00 1.82 3.43 0.46 0.00 0.00 1.89 0.63 1.58 3.36 3.36 0.00 3.26 2.52 0.00 0.00 0.00 0.60 1.79 1.93 2.77 3.01 0.07 0.00 0.98 0.00 1.23 0.00 2.52 0.14 0.56 0.00 1.65 1.61 1.40 2.84 0.42 1.26 0.04 3.33 2.07 2.63 0.42 1.54 2.70 1.12 0.84 2.52 1.40 0.00 2.35 1.86 1.12 0.00 0.77 3.40 1.40 0.07 2.84 0.28 2.24 1.37 1.19 2.98 1.65 0.00 0.00 0.00 2.49 1.19 2.70 3.47 0.91 0.39 1.16
9 2.28 2.38 0.67 2.91 2.52 2.52 2.07 0.81 2.28 0.00 1.75 0.07 2.21 0.00 0.00 2.31 3.15 1.65 0.77 2.00 1.68 1.51 0.35 0.00 1.79 1.68 0.11 2.24 0.00 3.01 0.00 0.00 3.08 1.61 1.72 2.38 1.16 2.59 2.77 0.00 1.75 3.47 1.51 2.07 0.00 1.75 0.00 0.28 3.36 0.00 2.59 3.15 0.32 0.70 1.09 2.98 0.00 2.31 1.51 0.00 2.10 3.36 1.05 0.00 0.00 0.63 1.26 0.74 0.53 0.00 2.07 0.32 2.59 0.00 2.49 0.28 1.51 3.40 0.11 1.23 2.49 3.33 2.63 0.00 1.44 2.84 1.72 2.35 2.91 0.00 0.67 1.61 1.05 0.00 0.70 0.49 3.50 2.73 0.60 0.00
10 0.00 2.91 1.54 0.49 2.45 2.49 2.73 2.77 2.17 1.75 0.00 0.74 3.15 0.00 0.00 1.30 0.00 0.00 2.24 2.45 0.70 3.08 3.36 3.47 0.00 0.21 1.12 2.73 0.00 0.00 3.15 0.42 3.47 3.50 1.72 2.28 0.00 1.47 1.09 2.59 0.00 0.00 3.43 0.00 2.84 0.67 0.04 1.51 3.22 3.43 0.00 1.96 0.00 2.03 2.35 3.15 2.07 0.00 2.98 0.07 2.14 0.63 2.14 2.28 0.00 1.05 1.96 0.00 1.05 1.65 0.98 3.19 2.98 3.01 0.00 3.12 1.12 0.56 0.00 0.00 0.25 3.08 2.63 2.24 0.77 3.15 3.36 1.44 1.12 0.11 2.59 0.00 0.00 0.21 0.14 2.98 2.42 3.05 2.49 3.15
11 0.46 3.33 0.00 0.07 3.50 1.75 1.82 0.00 1.61 0.07 0.74 0.00 0.63 3.12 2.17 0.21 3.05 2.63 0.00 0.00 2.73 1.82 1.44 0.77 0.88 3.36 1.93 2.14 0.70 2.38 0.00 0.04 1.82 3.33 1.47 0.77 0.00 0.00 0.00 0.00 1.93 1.16 1.61 3.22 0.98 0.00 0.00 0.00 1.23 0.70 3.43 1.68 0.53 2.98 2.66 0.04 3.22 1.26 1.79 0.00 3.33 2.77 1.02 2.63 0.00 0.00 0.00 0.00 0.00 1.37 0.00 2.17 2.77 0.53 3.43 3.12 0.00 0.00 2.84 1.44 0.60 2.31 0.00 0.35 0.91 0.00 1.09 0.00 2.52 0.18 2.49 2.49 3.47 1.75 3.22 1.65 3.33 0.74 0.77 0.00
12 0.04 1.68 1.96 0.00 0.21 0.00 2.24 0.00 0.00 2.21 3.15 0.63 0.00 2.24 1.40 2.70 0.56 0.00 1.86 1.51 0.00 2.07 2.24 1.09 0.00 0.00 1.16 0.91 2.59 2.98 2.52 3.12 0.00 0.00 1.58 2.91 0.00 0.00 0.56 0.56 0.00 0.74 0.39 2.38 0.00 0.53 0.00 2.38 1.09 0.00 2.91 0.67 0.46 2.70 1.33 2.91 2.49 0.00 2.35 1.47 0.00 1.82 1.68 0.98 2.31 1.86 3.08 3.29 0.88 0.63 1.51 2.28 2.35 0.67 0.00 0.35 0.00 0.14 2.98 2.10 3.22 3.29 0.00 1.02 1.51 2.66 2.66 1.68 2.73 2.24 3.40 1.26 0.00 0.84 3.47 1.79 2.28 3.50 0.00 0.00
13 3.40 2.91 1.26 2.45 2.59 2.52 1.23 0.74 0.42 0.00 0.00 3.12 2.24 0.00 0.95 0.00 0.84 0.74 0.00 0.67 0.98 0.14 1.23 0.88 0.28 3.22 0.28 0.60 2.98 0.60 3.19 0.00 3.12 0.00 0.25 0.00 0.00 0.00 0.18 0.35 1.47 3.29 0.00 3.19 1.54 0.00 2.00 0.00 0.88 0.00 0.00 3.05 2.14 3.15 0.00 2.94 0.00 0.28 0.00 1.96 1.12 0.95 2.35 0.00 2.91 1.96 0.56 0.35 1.23 0.00 1.40 1.72 2.17 1.75 1.44 3.22 0.11 1.68 1.79 2.59 1.12 2.14 2.45 0.49 0.00 0.00 0.00 1.75 0.00 1.61 1.54 0.00 1.37 2.59 3.29 0.00 1.79 2.00 2.87 1.33
14 2.59 0.14 0.00 1.54 1.72 0.74 0.35 0.00 0.00 0.00 0.00 2.17 1.40 0.95 0.00 0.00 0.00 2.49 0.00 0.81 0.04 0.00 3.26 3.12 0.00 0.81 0.00 1.09 2.14 2.84 0.00 3.40 2.98 2.94 0.77 0.35 0.00 2.24 3.15 0.21 1.68 1.54 3.22 0.60 0.00 2.03 1.89 0.46 1.05 0.00 0.18 0.98 2.70 0.95 2.42 0.00 0.39 3.15 1.44 3.05 0.00 0.00 3.47 0.35 2.52 1.68 2.52 2.70 2.56 0.39 0.00 0.00 2.45 0.63 0.00 0.70 1.12 2.45 0.00 1.51 3.43 1.86 3.50 1.58 0.00 2.24 1.96 3.40 2.66 0.00 2.42 0.00 0.00 2.28 1.75 0.00 1.33 1.30 2.56 1.16
15 1.44 2.84 3.01 1.86 2.87 1.19 0.81 1.54 0.00 2.31 1.30 0.21 2.70 0.00 0.00 0.00 0.56 2.94 0.00 0.84 0.00 1.30 3.36 0.00 0.00 0.00 3.40 0.14 0.53 0.00 0.00 1.05 0.00 3.47 1.16 2.03 0.95 0.00 0.00 2.21 2.52 0.00 0.42 0.00 1.65 3.01 2.07 1.65 2.28 1.86 2.80 2.91 0.00 1.72 1.96 1.93 0.00 0.00 2.84 1.79 2.70 1.37 0.14 0.88 1.65 0.35 1.82 2.98 2.91 1.12 1.26 1.33 1.05 1.86 0.63 2.31 3.15 2.66 2.84 0.53 0.00 0.00 1.09 0.00 0.00 3.15 0.21 1.72 0.00 2.17 1.26 0.00 1.47 1.82 0.07 2.84 3.08 0.00 1.65 1.96
16 3.43 0.56 0.00 3.15 2.84 0.00 0.00 0.35 0.56 3.15 0.00 3.05 0.56 0.84 0.00 0.56 0.00 0.00 1.37 2.31 1.26 1.33 0.00 1.09 2.17 0.00 1.82 1.02 0.11 1.61 2.80 1.12 1.86 0.00 1.26 0.25 2.35 0.00 3.26 1.68 0.11 0.00 2.17 0.07 1.72 1.54 0.14 0.00 1.65 1.19 0.00 1.26 0.67 2.07 0.00 0.00 2.94 2.17 3.12 0.00 3.08 0.00 0.95 2.28 1.40 2.73 0.46 2.66 3.01 0.53 2.31 0.74 0.00 0.00 1.68 3.08 1.65 0.00 3.36 0.00 0.42 2.38 2.66 2.87 3.19 2.66 2.38 0.00 0.35 2.24 2.03 0.00 3.26 0.00 0.56 0.00 0.60 0.00 1.96 1.79
17 1.75 0.00 0.28 0.00 0.00 0.95 1.02 0.00 0.00 1.65 0.00 2.63 0.00 0.74 2.49 2.94 0.00 0.00 0.00 0.00 0.70 1.44 1.82 2.94 3.43 1.33 0.00 0.00 2.84 1.47 0.60 2.24 0.60 2.73 2.94 2.56 0.49 0.00 0.00 3.05 0.28 0.00 1.89 3.50 3.50 3.26 2.73 1.23 1.44 0.00 2.73 0.00 0.00 0.00 0.14 2.07 2.14 0.00 0.00 0.00 0.28 2.80 0.00 3.12 2.84 0.00 0.81 0.00 2.87 1.72 0.53 0.77 0.00 2.21 2.80 1.16 0.74 0.00 2.35 0.00 1.05 1.96 2.28 0.67 2.35 2.42 0.28 0.07 0.00 0.00 0.00 0.11 3.22 0.04 2.84 0.14 1.09 0.00 2.17 2.07
18 2.42 0.00 0.21 2.21 1.54 2.07 2.24 0.00 0.00 0.77 2.24 0.00 1.86 0.00 0.00 0.00 1.37 0.00 0.00 3.29 0.88 0.00 0.14 0.00 3.26 2.73 3.29 2.63 0.84 0.00 2.03 2.91 1.16 0.00 3.29 0.60 2.98 2.10 0.00 2.80 0.56 0.91 1.19 2.52 0.00 2.17 2.14 1.51 0.00 2.73 0.00 0.00 3.43 0.00 1.19 2.49 2.84 2.42 2.49 0.00 0.18 2.17 2.21 2.00 0.84 0.00 0.00 1.68 0.81 1.93 1.40 1.79 2.45 1.51 0.00 0.07 1.54 0.70 2.73 0.60 2.63 0.00 0.98 1.44 0.07 3.43 1.12 1.40 0.00 2.21 3.50 3.43 1.09 3.08 1.05 3.40 2.98 0.95 0.00 2.49
19 0.00 1.65 3.19 3.12 2.28 3.12 0.42 0.28 1.86 2.00 2.45 0.00 1.51 0.67 0.81 0.84 2.31 0.00 3.29 0.00 2.42 0.00 0.18 2.77 0.00 2.28 2.66 2.21 1.37 0.00 1.61 1.86 2.21 1.75 2.59 0.21 2.31 3.26 2.63 0.60 0.56 1.40 2.00 0.84 2.56 2.14 2.77 0.14 2.84 0.98 2.80 0.00 0.35 2.10 0.00 2.70 1.26 3.08 3.50 0.00 0.00 2.84 0.18 1.61 3.08 1.65 0.00 0.95 2.66 2.91 0.56 0.35 1.30 3.19 2.00 0.91 2.00 1.68 0.00 0.70 2.31 0.84 1.33 0.00 2.07 3.05 0.00 1.89 3.22 0.00 2.80 3.05 1.05 1.02 2.07 1.93 2.84 0.00 2.56 3.19
20 0.00 0.00 0.28 1.61 2.10 0.70 0.00 3.08 1.82 1.68 0.70 2.73 0.00 0.98 0.04 0.00 1.26 0.70 0.88 2.42 0.00 1.37 2.94 2.77 2.00 0.00 1.65 3.43 0.00 0.88 0.00 1.79 1.75 3.05 0.00 0.00 1.79 0.00 1.05 2.38 0.00 3.43 1.47 3.29 1.89 1.09 2.07 0.00 0.18 0.00 1.58 1.26 1.02 3.19 1.44 0.49 3.01 1.65 0.04 0.00 0.00 2.91 1.51 1.54 0.74 0.00 0.67 3.01 1.02 0.49 3.22 1.96 0.91 1.47 1.54 0.32 1.09 1.02 0.67 3.33 0.00 1.82 2.98 2.52 0.00 0.70 2.80 2.00 0.21 0.00 0.25 0.00 0.00 2.24 0.42 0.81 0.35 1.44 0.00 0.63
21 0.25 1.23 0.00 2.42 3.19 0.77 2.63 1.96 0.00 1.51 3.08 1.82 2.07 0.14 0.00 1.30 1.33 1.44 0.00 0.00 1.37 0.00 1.82 2.80 1.09 1.75 1.72 3.01 0.25 3.36 2.38 0.00 2.52 1.44 2.59 0.00 0.07 2.59 0.70 1.58 2.17 1.68 2.42 0.00 0.84 2.07 0.63 0.63 0.00 0.00 1.02 0.42 0.00 3.15 2.07 3.36 0.00 1.61 2.24 0.00 1.23 2.24 2.42 2.38 2.73 2.52 2.00 0.18 1.23 2.35 3.08 2.45 3.36 0.00 2.52 2.80 3.40 0.00 0.00 2.14 0.00 0.32 2.59 3.36 2.73 1.37 3.33 1.65 1.16 1.23 0.00 0.00 0.88 0.21 0.00 3.22 0.00 1.05 0.00 0.00
22 0.00 1.54 2.77 1.93 2.03 0.84 0.81 1.51 1.47 0.35 3.36 1.44 2.24 1.23 3.26 3.36 0.00 1.82 0.14 0.18 2.94 1.82 0.00 0.84 2.70 0.39 0.00 2.10 2.59 2.56 1.30 0.00 1.09 2.80 2.31 2.91 2.49 3.05 3.43 2.52 0.00 0.32 2.87 1.40 0.11 1.79 2.52 2.21 1.86 1.54 1.40 0.00 0.00 0.84 0.00 0.04 3.36 0.53 1.86 0.77 0.00 0.00 3.08 2.77 0.04 0.67 0.42 1.19 3.50 0.04 0.00 1.72 0.00 2.24 2.91 0.00 0.98 0.74 0.00 0.39 0.00 1.23 0.21 0.00 0.00 0.00 2.42 1.05 0.00 2.38 2.59 2.45 1.82 0.28 1.86 3.26 0.00 0.00 0.91 0.04
23 1.37 0.00 3.40 1.09 0.00 1.75 1.96 0.53 3.40 0.00 3.47 0.77 1.09 0.88 3.12 0.00 1.09 2.94 0.00 2.77 2.77 2.80 0.84 0.00 1.89 3.15 0.60 3.26 1.47 0.11 1.68 1.68 0.00 0.84 0.81 0.00 2.35 2.87 0.88 0.88 1.75 1.12 1.02 0.11 0.42 2.66 0.00 2.59 3.33 0.98 1.58 2.28 0.00 0.00 0.00 2.77 1.02 1.30 2.52 2.91 3.12 2.49 0.00 3.43 0.14 0.18 0.74 1.86 2.21 0.18 1.12 0.00 0.04 1.12 1.33 3.26 2.73 3.22 0.00 0.70 0.00 2.24 0.00 0.00 0.63 3.12 2.98 0.42 1.37 1.82 2.14 0.00 1.72 2.91 3.19 0.00 0.00 0.00 0.39 0.53
24 2.84 0.25 0.39 0.39 0.42 2.31 2.38 2.00 0.00 1.79 0.00 0.88 0.00 0.28 0.00 0.00 2.17 3.43 3.26 0.00 2.00 1.09 2.70 1.89 0.00 2.66 1.16 0.00 0.98 1.47 0.42 2.59 1.40 0.11 2.42 0.95 0.00 0.00 0.00 0.00 2.59 0.00 0.53 2.91 1.96 0.14 1.33 2.77 2.77 1.19 1.05 0.00 0.32 2.63 1.33 0.63 0.00 3.50 0.81 2.59 0.77 0.00 1.26 2.07 1.51 0.00 3.22 3.50 2.45 3.29 0.14 0.00 0.00 0.00 2.17 0.53 3.19 1.68 0.00 0.70 0.00 0.00 2.28 2.00 2.59 0.00 0.32 2.59 2.73 0.00 0.49 0.00 2.49 3.50 0.21 1.89 1.19 1.68 1.09 2.59
25 0.67 0.98 2.56 0.98 0.14 0.00 0.21 1.72 0.00 1.68 0.21 3.36 0.00 3.22 0.81 0.00 0.00 1.33 2.73 2.28 0.00 1.75 0.39 3.15 2.66 0.00 2.28 0.25 0.00 2.07 2.07 2.56 0.39 0.04 0.39 2.49 1.33 0.00 0.25 1.82 2.35 0.00 3.50 3.29 0.70 3.29 0.00 2.07 2.77 0.74 1.65 0.74 0.00 2.49 0.07 0.39 1.72 0.14 0.00 0.00 3.12 1.05 3.33 0.00 0.67 0.74 2.87 0.00 2.87 0.00 2.70 1.19 2.03 1.02 3.36 1.37 1.96 3.40 0.21 2.84 0.88 0.00 0.70 2.66 0.14 1.86 0.00 2.87 1.26 0.00 2.56 0.18 2.45 3.08 2.91 0.00 0.07 0.00 3.15 0.00
26 0.00 0.42 0.00 0.00 3.01 2.66 2.94 1.09 1.82 0.11 1.12 1.93 1.16 0.28 0.00 3.40 1.82 0.00 3.29 2.66 1.65 1.72 0.00 0.60 1.16 2.28 0.00 0.00 0.00 1.19 0.00 2.38 0.46 0.00 0.00 2.66 0.00 1.75 0.00 2.87 1.68 0.00 0.00 2.63 1.89 0.00 1.16 2.42 1.05 1.82 3.05 2.87 1.26 0.00 0.46 2.38 0.95 0.18 0.00 1.40 1.47 1.75 0.35 0.04 2.98 3.36 0.56 2.35 0.56 0.00 1.44 1.16 3.12 1.40 0.00 0.77 0.18 0.00 1.09 2.24 1.37 0.98 0.56 1.40 0.00 2.45 3.15 0.00 2.91 2.87 2.52 0.04 1.05 2.87 0.00 1.96 1.44 1.82 0.00 0.00
27 0.00 0.00 0.95 0.00 2.31 0.00 2.31 2.10 3.43 2.24 2.73 2.14 0.91 0.60 1.09 0.14 1.02 0.00 2.63 2.21 3.43 3.01 2.10 3.26 0.00 0.25 0.00 0.00 1.93 1.93 1.26 0.00 2.94 1.19 3.43 0.25 3.47 1.65 2.63 0.00 0.81 0.84 2.31 0.00 3.19 1.82 0.00 3.29 0.74 2.10 0.81 0.00 0.00 2.24 1.58 0.00 0.00 1.96 0.00 0.53 2.70 0.00 1.96 2.52 0.00 1.58 1.58 2.73 0.00 0.00 3.36 1.44 0.63 1.89 0.67 0.00 3.05 1.51 2.03 0.00 0.00 0.49 3.50 1.79 0.00 1.68 3.50 3.15 3.08 2.84 0.98 0.00 2.80 0.00 2.77 1.09 2.80 1.47 0.00 3.47
28 3.19 0.00 0.00 1.02 0.77 0.67 0.00 0.00 0.46 0.00 0.00 0.70 2.59 2.98 2.14 0.53 0.11 2.84 0.84 1.37 0.00 0.25 2.59 1.47 0.98 0.00 0.00 1.93 0.00 0.63 3.33 2.66 1.72 2.73 0.00 1.02 3.08 2.07 3.33 0.70 1.51 0.25 1.51 3.08 0.81 2.84 1.86 0.00 2.45 0.04 0.00 2.52 0.74 3.36 0.35 3.47 0.00 1.54 0.00 2.98 0.00 0.28 2.66 0.00 2.14 1.89 3.43 0.81 2.45 2.00 0.53 2.94 0.00 0.28 2.28 0.00 0.77 1.51 0.00 0.00 3.08 2.59 0.77 2.52 0.81 0.39 2.59 0.04 0.00 0.00 2.38 1.82 0.18 2.73 0.00 2.17 0.95 3.47 1.02 2.66
29 0.00 0.00 1.54 0.74 1.02 3.50 0.00 1.47 0.00 3.01 0.00 2.38 2.98 0.60 2.84 0.00 1.61 1.47 0.00 0.00 0.88 3.36 2.56 0.11 1.47 2.07 1.19 1.93 0.63 0.00 2.17 2.17 0.84 2.59 0.04 0.00 0.00 3.43 0.07 2.03 0.00 0.84 2.56 0.35 0.18 2.21 0.00 0.00 0.00 0.00 0.88 0.00 2.14 2.91 2.24 2.42 2.84 1.12 0.39 3.26 1.47 2.77 3.01 2.98 1.37 2.28 3.29 0.04 0.04 2.31 2.35 1.44 0.00 0.21 1.23 2.66 1.54 2.70 1.33 0.00 0.81 0.28 1.75 2.00 0.67 0.32 0.00 0.00 2.84 0.00 1.02 0.00 0.11 1.93 1.54 1.16 0.00 2.14 0.00 0.00
30 2.24 1.65 2.10 3.01 3.29 3.26 2.63 3.05 0.00 0.00 3.15 0.00 2.52 3.19 0.00 0.00 2.80 0.60 2.03 1.61 0.00 2.38 1.30 1.68 0.42 2.07 0.00 1.26 3.33 2.17 0.00 3.50 3.08 2.31 2.91 0.00 2.35 0.00 0.00 0.00 3.50 0.00 2.70 0.00 1.75 0.98 1.75 2.24 0.00 2.28 0.00 0.00 0.11 2.38 2.59 1.16 0.07 3.33 2.38 0.81 0.00 0.00 0.00 0.00 3.29 0.00 2.52 3.22 1.40 1.44 3.36 1.37 2.00 0.70 0.00 0.00 0.00 3.08 3.22 0.00 2.91 1.23 0.00 3.19 2.77 2.84 0.56 0.70 1.61 0.00 0.46 2.03 3.50 0.00 2.94 2.63 2.35 0.00 2.98 0.00
31 2.84 0.49 1.75 2.31 3.36 0.00 0.00 1.44 1.89 0.00 0.42 0.04 3.12 0.00 3.40 1.05 1.12 2.24 2.91 1.86 1.79 0.00 0.00 1.68 2.59 2.56 2.38 0.00 2.66 2.17 3.50 0.00 3.36 3.08 0.77 0.74 0.35 0.00 1.75 2.31 0.00 1.26 3.05 2.00 2.77 0.00 0.00 2.17 2.10 1.79 0.70 2.14 3.01 0.00 0.28 0.00 2.28 0.00 0.18 2.35 3.26 0.00 3.33 0.00 2.70 1.75 0.46 0.00 0.32 0.00 2.28 0.00 3.29 0.00 2.84 2.77 2.45 0.00 0.88 1.79 3.43 1.61 2.66 0.98 2.45 1.09 2.73 0.39 1.86 0.60 0.00 1.37 2.45 0.88 2.77 2.17 0.00 0.88 0.21 0.42
32 3.12 1.30 0.14 0.32 1.44 0.88 2.91 0.00 0.63 3.08 3.47 1.82 0.00 3.12 2.98 0.00 1.86 0.60 1.16 2.21 1.75 2.52 1.09 0.00 1.40 0.39 0.46 2.94 1.72 0.84 3.08 3.36 0.00 1.40 2.70 2.94 2.21 2.80 0.00 0.00 1.75 0.35 0.00 0.00 2.66 0.00 3.29 1.61 0.25 0.00 1.75 0.00 3.33 1.19 0.00 1.79 0.25 0.35 0.00 1.44 3.33 0.63 0.84 0.74 1.96 2.80 1.12 3.47 0.74 0.00 0.00 0.63 0.00 1.96 3.05 0.00 0.98 1.79 0.00 1.54 2.80 1.58 1.51 1.82 2.98 0.00 2.03 0.11 0.00 0.00 0.42 2.84 3.19 1.05 0.42 0.00 0.00 1.40 0.00 1.09
33 2.14 2.91 0.53 2.56 0.81 0.07 1.19 0.00 1.58 1.61 3.50 3.33 0.00 0.00 2.94 3.47 0.00 2.73 0.00 1.75 3.05 1.44 2.80 0.84 0.11 0.04 0.00 1.19 2.73 2.59 2.31 3.08 1.40 0.00 0.32 2.94 1.12 1.82 1.58 0.95 2.70 0.39 2.14 2.70 2.84 0.11 3.08 0.00 0.00 1.47 0.00 0.70 2.45 1.09 2.87 2.77 2.42 0.00 2.94 3.26 1.19 0.00 0.00 2.45 3.50 0.00 1.40 0.95 2.17 0.67 2.35 2.77 3.22 2.94 3.33 1.82 1.23 2.10 0.00 1.65 0.00 2.87 3.22 3.19 0.18 1.89 0.00 0.00 0.77 2.77 1.96 0.00 0.00 1.54 0.00 0.60 3.12 1.75 1.37 0.00
34 1.16 1.40 1.89 0.00 0.00 0.95 2.77 0.84 3.36 1.72 1.72 1.47 1.58 0.25 0.77 1.16 1.26 2.94 3.29 2.59 0.00 2.59 2.31 0.81 2.42 0.39 0.00 3.43 0.00 0.04 2.91 0.77 2.70 0.32 0.00 0.11 0.00 3.40 0.00 1.75 0.00 2.38 1.61 1.58 1.26 0.77 3.33 2.42 0.00 0.53 0.00 1.82 0.21 3.19 0.56 0.77 3.12 1.61 1.51 3.01 0.00 0.42 2.94 1.30 3.47 2.35 2.28 0.00 2.28 3.19 1.58 2.80 3.26 1.54 2.66 0.04 1.30 1.58 3.43 3.05 1.68 0.00 1.37 0.35 0.00 1.44 2.56 0.00 2.94 3.50 2.84 0.32 0.60 3.01 0.00 0.00 0.00 0.18 2.21 0.11
35 0.00 3.50 3.50 2.70 2.21 1.65 1.75 0.00 3.36 2.38 2.28 0.77 2.91 0.00 0.35 2.03 0.25 2.56 0.60 0.21 0.00 0.00 2.91 0.00 0.95 2.49 2.66 0.25 1.02 0.00 0.00 0.74 2.94 2.94 0.11 0.00 0.00 1.16 0.32 1.61 2.00 0.74 0.98 0.63 0.00 0.70 1.02 2.45 0.00 0.00 0.14 3.08 1.96 0.25 2.24 3.05 1.33 1.05 2.45 1.58 2.87 1.65 0.42 2.87 2.80 0.00 1.02 0.00 3.29 1.86 1.30 0.00 3.29 0.00 2.56 1.65 0.00 2.63 0.67 1.09 3.29 1.93 0.56 0.32 3.05 3.50 0.88 0.00 0.46 1.54 0.35 2.00 1.26 0.00 0.00 0.00 3.33 0.21 2.80 0.00
36 0.00 1.72 0.00 3.08 1.96 1.82 1.79 2.00 0.00 1.16 0.00 0.00 0.00 0.00 0.00 0.95 2.35 0.49 2.98 2.31 1.79 0.07 2.49 2.35 0.00 1.33 0.00 3.47 3.08 0.00 2.35 0.35 2.21 1.12 0.00 0.00 0.00 2.98 2.80 2.84 3.40 2.10 0.00 0.00 3.36 2.10 1.44 0.00 1.33 3.33 2.38 3.15 3.26 0.49 0.42 3.15 3.19 2.66 3.22 0.00 0.00 0.00 1.54 1.40 2.07 2.10 2.52 1.02 2.10 0.28 1.51 1.54 1.05 2.56 0.00 0.70 2.80 2.42 2.28 1.02 1.44 0.00 1.54 0.00 0.21 0.00 2.66 1.26 2.49 2.42 1.68 0.77 1.40 3.26 0.21 3.29 0.95 0.49 2.98 2.14
37 0.28 0.00 1.23 0.81 1.40 3.19 2.94 0.00 3.26 2.59 1.47 0.00 0.00 0.00 2.24 0.00 0.00 0.00 2.10 3.26 0.00 2.59 3.05 2.87 0.00 0.00 1.75 1.65 2.07 3.43 0.00 0.00 2.80 1.82 3.40 1.16 2.98 0.00 2.59 1.37 0.00 3.12 1.54 0.84 0.00 2.35 0.91 0.00 1.68 2.66 1.12 3.08 0.00 0.67 0.00 0.00 1.16 1.65 0.00 0.18 1.89 0.49 1.09 0.39 3.47 0.60 2.80 3.33 2.38 0.00 0.00 2.52 0.98 3.33 0.00 0.60 2.10 2.31 2.80 2.31 0.81 0.00 0.56 3.26 2.56 3.33 0.04 0.56 2.28 2.77 1.86 0.49 2.31 1.58 0.67 0.00 3.01 1.47 1.93 0.21
38 0.00 2.84 1.09 0.00 1.65 1.61 3.43 0.07 2.52 2.77 1.09 0.00 0.56 0.18 3.15 0.00 3.26 0.00 0.00 2.63 1.05 0.70 3.43 0.88 0.00 0.25 0.00 2.63 3.33 0.07 0.00 1.75 0.00 1.58 0.00 0.32 2.80 2.59 0.00 0.88 3.01 0.42 0.00 2.77 1.44 0.00 1.30 0.35 0.00 3.33 2.77 0.00 0.60 1.72 0.81 0.00 0.00 1.93 2.63 0.00 0.00 0.28 0.39 0.00 0.00 0.00 0.49 2.87 0.21 2.56 3.29 1.72 0.00 3.33 0.88 0.98 2.73 3.22 0.00 1.02 1.51 0.49 1.58 1.82 0.70 1.26 0.00 1.44 2.49 1.61 0.00 1.33 1.79 1.65 0.32 3.33 0.53 0.42 2.07 0.32
39 3.47 3.40 1.54 0.49 0.98 1.65 0.95 1.12 0.00 0.00 2.59 0.00 0.56 0.35 0.21 2.21 1.68 3.05 2.80 0.60 2.38 1.58 2.52 0.88 0.00 1.82 2.87 0.00 0.70 2.03 0.00 2.31 0.00 0.95 1.75 1.61 2.84 1.37 0.88 0.00 1.05 2.98 1.16 1.26 2.24 2.28 2.49 1.93 0.00 3.50 0.88 0.46 0.49 0.00 2.59 0.14 2.73 2.98 2.42 1.65 0.04 0.00 3.29 3.22 2.10 1.23 0.00 3.05 2.00 3.15 2.31 2.07 2.91 0.00 2.91 0.81 3.40 0.00 3.19 1.37 0.00 2.73 0.00 0.00 3.12 0.00 1.75 0.77 2.14 0.00 3.33 1.19 0.00 0.35 0.46 2.00 0.74 0.00 3.47 2.98
40 0.18 1.47 0.00 2.87 0.81 0.00 3.15 1.65 0.00 1.75 0.00 1.93 0.00 1.47 1.68 2.52 0.11 0.28 0.56 0.56 0.00 2.17 0.00 1.75 2.59 2.35 1.68 0.81 1.51 0.00 3.50 0.00 1.75 2.70 0.00 2.00 3.40 0.00 3.01 1.05 0.00 1.72 2.66 0.46 2.21 0.98 0.00 0.00 2.87 1.93 0.00 1.72 2.21 1.16 0.88 3.08 2.14 0.00 2.63 2.87 1.40 0.00 3.43 1.96 0.00 2.66 0.00 1.02 3.50 1.33 0.28 0.00 1.16 2.45 2.73 0.98 0.00 3.12 1.72 0.00 1.19 2.63 1.23 3.36 0.00 1.09 1.40 2.38 1.89 0.00 2.14 0.32 0.00 1.26 0.00 2.35 0.00 2.38 1.16 0.00
41 3.26 2.98 0.00 1.16 1.54 0.91 2.35 1.96 0.00 3.47 0.00 1.16 0.74 3.29 1.54 0.00 0.00 0.00 0.91 1.40 3.43 1.68 0.32 1.12 0.00 0.00 0.00 0.84 0.25 0.84 0.00 1.26 0.35 0.39 2.38 0.74 2.10 3.12 0.42 2.98 1.72 0.00 0.77 0.60 3.26 0.00 1.23 2.52 3.22 0.00 1.65 1.33 1.12 2.56 1.58 3.29 0.84 1.96 0.14 1.19 0.18 2.38 2.03 3.01 0.46 0.00 3.33 1.72 0.11 0.28 2.63 2.07 3.36 0.07 2.84 1.33 0.46 0.00 2.94 1.19 0.00 2.21 0.91 0.00 0.21 2.84 0.04 0.84 3.40 0.70 1.44 3.19 0.35 0.11 2.91 2.00 1.16 0.00 2.21 1.19
42 0.00 0.28 2.80 0.00 0.00 0.00 0.63 0.98 0.60 1.51 3.43 1.61 0.39 0.00 3.22 0.42 2.17 1.89 1.19 2.00 1.47 2.42 2.87 1.02 0.53 3.50 0.00 2.31 1.51 2.56 2.70 3.05 0.00 2.14 1.61 0.98 0.00 1.54 0.00 1.16 2.66 0.77 0.00 1.12 2.73 2.17 3.12 0.00 2.91 0.91 0.84 0.18 3.26 0.25 2.45 3.05 1.33 1.16 0.00 0.00 1.47 3.47 0.00 0.21 2.66 1.72 0.91 0.00 1.58 1.61 0.00 1.37 0.00 2.38 0.00 3.19 3.26 0.53 3.12 2.84 0.00 2.00 2.52 3.47 2.87 2.03 2.35 0.00 3.43 2.42 0.35 1.23 1.33 1.16 1.93 3.05 0.98 0.00 2.63 1.68
43 2.00 1.40 1.51 1.30 3.12 1.89 1.89 0.84 1.79 2.07 0.00 3.22 2.38 3.19 0.60 0.00 0.07 3.50 2.52 0.84 3.29 0.00 1.40 0.11 2.91 3.29 2.63 0.00 3.08 0.35 0.00 2.00 0.00 2.70 1.58 0.63 0.00 0.84 2.77 1.26 0.46 0.60 1.12 0.00 0.91 2.21 2.73 2.42 1.79 0.00 2.21 2.91 3.26 1.23 1.96 1.47 2.87 1.61 3.36 0.70 1.09 0.07 0.18 0.00 0.00 2.59 0.00 0.63 0.67 3.22 1.51 3.22 1.05 1.86 1.86 3.50 2.42 0.39 1.16 2.59 3.40 1.96 0.18 1.93 0.00 1.86 0.00 2.28 3.33 2.24 0.53 2.94 2.42 3.26 0.00 0.00 2.87 0.04 2.98 0.04
44 2.77 3.50 1.09 1.37 0.81 3.50 1.72 0.00 1.93 0.00 2.84 0.98 0.00 1.54 0.00 1.65 1.72 3.50 0.00 2.56 1.89 0.84 0.11 0.42 1.96 0.70 1.89 3.19 0.81 0.18 1.75 2.77 2.66 2.84 1.26 0.00 3.36 0.00 1.44 2.24 2.21 3.26 2.73 0.91 0.00 0.00 3.19 1.86 3.01 0.67 2.98 0.67 0.00 0.00 1.96 0.32 2.94 0.32 0.00 0.04 0.00 0.91 2.45 1.26 2.31 2.77 0.81 0.18 1.75 3.26 0.00 2.94 0.18 0.00 2.28 0.07 0.70 2.38 0.00 0.00 0.25 3.36 0.91 2.10 2.59 2.14 0.53 1.30 2.98 2.59 0.42 2.77 1.68 1.65 0.95 0.00 3.33 0.00 0.39 0.00
45 2.94 0.00 1.89 0.91 1.61 0.56 0.67 0.42 2.77 1.75 0.67 0.00 0.53 0.00 2.03 3.01 1.54 3.26 2.17 2.14 1.09 2.07 1.79 2.66 0.14 3.29 0.00 1.82 2.84 2.21 0.98 0.00 0.00 0.11 0.77 0.70 2.10 2.35 0.00 2.28 0.98 0.00 2.17 2.21 0.00 0.00 1.61 2.17 2.98 0.81 0.00 2.77 2.07 2.70 2.56 0.74 2.24 2.35 0.00 1.75 1.65 1.86 2.73 1.02 0.60 2.07 0.00 2.00 2.94 0.00 3.50 0.00 2.91 1.58 0.46 2.70 0.21 1.72 0.35 1.16 0.00 1.61 0.00 0.00 0.00 1.47 0.00 2.14 0.25 0.46 0.39 0.00 0.00 0.00 1.30 2.91 1.65 0.00 2.00 0.00
46 0.21 0.00 0.60 3.01 2.91 0.35 2.77 0.49 3.01 0.00 0.04 0.00 0.00 2.00 1.89 2.07 0.14 2.73 2.14 2.77 2.07 0.63 2.52 0.00 1.33 0.00 1.16 0.00 1.86 0.00 1.75 0.00 3.29 3.08 3.33 1.02 1.44 0.91 1.30 2.49 0.00 1.23 3.12 2.73 3.19 1.61 0.00 1.93 0.25 2.07 0.56 0.14 1.26 3.05 2.98 0.00 2.77 3.36 0.21 0.70 2.00 0.74 0.00 2.17 0.81 0.00 1.75 2.42 2.24 2.94 0.11 2.03 0.95 2.24 1.89 3.05 0.00 0.21 2.77 1.51 2.35 2.80 0.00 0.00 0.04 1.16 2.84 0.88 2.63 0.63 1.40 2.87 1.40 0.91 1.40 1.40 2.24 1.44 1.79 0.00
47 0.00 0.00 0.74 0.81 1.75 1.30 0.00 1.40 0.07 0.28 1.51 0.00 2.38 0.00 0.46 1.65 0.00 1.23 1.51 0.14 0.00 0.63 2.21 2.59 2.77 2.07 2.42 3.29 0.00 0.00 2.24 2.17 1.61 0.00 2.42 2.45 0.00 0.00 0.35 1.93 0.00 2.52 0.00 2.42 1.86 2.17 1.93 0.00 3.26 0.00 1.33 1.61 0.49 1.89 1.26 0.00 2.38 2.56 0.00 2.45 3.29 1.37 1.82 1.30 0.00 0.00 3.08 0.91 0.49 0.95 0.00 1.54 0.60 0.07 0.00 1.68 2.49 0.00 0.00 0.18 1.89 2.10 1.23 0.14 0.00 0.25 3.50 0.04 3.22 0.00 3.15 0.21 0.60 2.77 0.53 3.36 0.67 0.98 1.75 1.93
48 0.00 0.00 1.54 0.98 0.95 3.29 1.72 0.00 0.00 3.36 3.22 1.23 1.09 0.88 1.05 2.28 1.65 1.44 0.00 2.84 0.18 0.00 1.86 3.33 2.77 2.77 1.05 0.74 2.45 0.00 0.00 2.10 0.25 0.00 0.00 0.00 1.33 1.68 0.00 0.00 2.87 3.22 2.91 1.79 3.01 2.98 0.25 3.26 0.00 3.19 0.70 3.47 0.14 3.36 0.00 0.00 0.35 1.58 0.95 3.43 1.51 0.14 2.87 0.00 2.98 0.77 0.00 3.12 1.19 2.45 0.35 0.32 1.16 1.65 3.19 2.84 0.00 0.35 3.43 1.72 1.44 0.00 0.04 2.77 0.00 2.56 0.00 3.01 3.01 2.38 1.82 0.00 2.31 2.10 0.00 0.07 2.80 3.29 0.60 2.00
49 0.35 2.52 2.31 2.45 2.49 3.33 2.63 2.42 0.98 0.00 3.43 0.70 0.00 0.00 0.00 1.86 1.19 0.00 2.73 0.98 0.00 0.00 1.54 0.98 1.19 0.74 1.82 2.10 0.04 0.00 2.28 1.79 0.00 1.47 0.53 0.00 3.33 2.66 3.33 3.50 1.93 0.00 0.91 0.00 0.67 0.81 2.07 0.00 3.19 0.00 0.00 0.00 0.00 0.00 3.01 2.63 3.05 1.30 1.19 0.00 2.17 0.00 0.60 0.35 3.22 0.28 1.51 0.00 1.05 0.60 1.61 0.11 0.67 0.00 0.53 0.00 3.43 1.02 0.00 1.68 3.01 1.16 1.33 2.17 1.65 0.56 3.08 0.00 0.00 0.00 1.89 0.32 2.14 0.00 3.43 2.21 2.56 0.42 0.00 2.94
50 1.51 0.00 2.63 0.00 0.00 0.00 0.00 3.01 0.00 2.59 0.00 3.43 2.91 0.00 0.18 2.80 0.00 2.73 0.00 2.80 1.58 1.02 1.40 1.58 1.05 1.65 3.05 0.81 0.00 0.88 0.00 0.70 1.75 0.00 0.00 0.14 2.38 1.12 2.77 0.88 0.00 1.65 0.84 2.21 2.98 0.00 0.56 1.33 0.70 0.00 0.00 0.04 1.68 0.25 2.45 2.77 1.51 0.21 2.77 3.29 2.03 2.21 0.56 0.00 0.00 0.00 1.65 3.29 0.00 3.05 1.51 2.80 1.79 3.50 0.00 2.87 2.52 0.00 2.87 1.93 0.95 3.26 0.60 0.00 0.98 3.36 2.42 0.00 3.47 1.79 2.24 1.58 0.00 2.10 3.05 0.91 0.00 0.07 0.00 0.00
51 2.07 0.46 0.00 1.19 0.53 0.00 1.65 0.00 1.23 3.15 1.96 1.68 0.67 3.05 0.98 2.91 1.26 0.00 0.00 0.00 1.26 0.42 0.00 2.28 0.00 0.74 2.87 0.00 2.52 0.00 0.00 2.14 0.00 0.70 1.82 3.08 3.15 3.08 0.00 0.46 1.72 1.33 0.18 2.91 0.67 2.77 0.14 1.61 3.47 0.00 0.04 0.00 0.88 1.72 1.19 0.00 3.01 0.00 1.65 1.75 2.87 0.77 1.61 0.39 0.00 2.17 0.00 2.98 2.73 2.31 1.82 0.00 2.31 0.56 1.37 1.68 2.56 0.00 2.49 2.42 0.63 2.21 0.00 1.23 0.25 1.82 0.46 2.91 3.05 1.51 2.63 0.46 2.03 2.24 0.00 3.12 2.28 2.91 0.00 0.00
52 2.66 0.25 1.05 1.05 0.00 2.35 2.17 2.24 0.00 0.32 0.00 0.53 0.46 2.14 2.70 0.00 0.67 0.00 3.43 0.35 1.02 0.00 0.00 0.00 0.32 0.00 1.26 0.00 0.74 2.14 0.11 3.01 3.33 2.45 0.21 1.96 3.26 0.00 0.60 0.49 2.21 1.12 3.26 3.26 0.00 2.07 1.26 0.49 0.14 0.00 1.68 0.88 0.00 2.80 2.14 0.00 0.00 1.26 0.18 1.82 2.24 0.00 1.19 1.54 0.00 2.17 2.52 0.28 0.00 3.19 3.08 0.32 1.09 3.43 1.61 3.22 1.12 1.51 0.00 2.98 0.00 2.28 0.70 1.79 1.82 1.47 3.29 0.60 0.04 0.74 3.12 0.00 0.00 1.54 0.00 2.21 1.68 0.88 0.00 0.35
53 3.08 3.26 0.98 2.10 1.40 0.32 2.52 3.40 2.52 0.70 2.03 2.98 2.70 3.15 0.95 1.72 2.07 0.00 0.00 2.10 3.19 3.15 0.84 0.00 2.63 2.49 0.00 2.24 3.36 2.91 2.38 0.00 1.19 1.09 3.19 0.25 0.49 0.67 1.72 0.00 1.16 2.56 0.25 1.23 0.00 2.70 3.05 1.89 3.36 0.00 0.25 1.72 2.80 0.00 0.00 1.16 0.00 2.80 0.00 0.00 0.00 0.00 1.09 3.36 1.61 0.49 0.00 0.00 1.40 1.58 0.00 0.14 1.61 0.21 3.40 0.00 1.02 0.00 3.19 1.79 0.07 3.33 0.25 0.25 2.84 1.19 0.63 0.74 3.26 0.00 1.30 0.35 0.00 0.00 2.28 0.00 2.84 2.77 3.12 2.45
54 0.00 1.30 0.00 2.45 3.08 1.26 1.40 0.00 0.14 1.09 2.35 2.66 1.33 0.00 2.42 1.96 0.00 0.14 1.19 0.00 1.44 2.07 0.00 0.00 1.33 0.07 0.46 1.58 0.35 2.24 2.59 0.28 0.00 2.87 0.56 2.24 0.42 0.00 0.81 2.59 0.88 1.58 2.45 1.96 1.96 2.56 2.98 1.26 0.00 3.01 2.45 1.19 2.14 0.00 0.00 0.98 0.00 1.40 1.89 0.32 3.08 0.00 0.88 1.96 1.05 3.29 1.23 0.63 0.00 3.26 2.49 0.00 0.00 0.00 0.00 0.00 2.38 3.19 0.81 1.86 0.00 3.47 1.65 2.10 0.67 0.42 0.67 1.96 1.51 0.00 3.47 0.00 2.98 1.68 0.00 2.00 1.30 1.33 1.02 3.26
55 0.42 0.60 0.77 1.44 2.59 2.70 1.09 0.00 0.56 2.98 3.15 0.04 2.91 2.94 0.00 1.93 0.00 2.07 2.49 2.70 0.49 3.36 0.04 2.77 0.63 0.39 2.38 0.00 3.47 2.42 1.16 0.00 1.79 2.77 0.77 3.05 3.15 0.00 0.00 0.14 3.08 3.29 3.05 1.47 0.32 0.74 0.00 0.00 0.00 2.63 2.77 0.00 0.00 1.16 0.98 0.00 1.33 1.86 1.89 0.21 2.77 0.00 0.00 2.38 1.19 1.02 0.49 1.75 2.21 0.00 0.28 3.22 1.12 0.00 3.26 0.00 0.00 3.12 1.68 0.00 2.38 3.26 0.00 1.93 0.00 0.49 0.00 0.07 2.38 0.74 3.33 3.12 2.66 3.50 0.00 2.73 0.00 0.00 3.19 2.59
56 0.00 0.00 1.96 0.42 0.18 3.40 0.00 3.08 0.00 0.00 2.07 3.22 2.49 0.00 0.39 0.00 2.94 2.14 2.84 1.26 3.01 0.00 3.36 1.02 0.00 1.72 0.95 0.00 0.00 2.84 0.07 2.28 0.25 2.42 3.12 1.33 3.19 1.16 0.00 2.73 2.14 0.84 1.33 2.87 2.94 2.24 2.77 2.38 0.35 3.05 1.51 3.01 0.00 0.00 0.00 1.33 0.00 1.65 2.35 2.42 1.44 0.11 1.93 0.00 2.63 3.36 0.98 1.82 3.36 1.26 0.07 0.00 0.00 0.00 1.75 1.51 0.00 1.33 0.00 0.00 0.00 0.00 0.84 3.29 2.35 0.00 0.00 2.14 0.00 0.70 0.77 2.94 2.31 1.47 2.80 0.00 0.11 1.02 0.00 3.50
57 2.45 1.93 0.00 0.35 0.21 0.00 0.91 1.89 1.65 2.31 0.00 1.26 0.00 0.28 3.15 0.00 2.17 0.00 2.42 3.08 1.65 1.61 0.53 1.30 3.50 0.14 0.18 1.96 1.54 1.12 3.33 0.00 0.35 0.00 1.61 1.05 2.66 1.65 1.93 2.98 0.00 1.96 1.16 1.61 0.32 2.35 3.36 2.56 1.58 1.30 0.21 0.00 1.26 2.80 1.40 1.86 1.65 0.00 3.01 0.00 2.84 2.03 3.15 3.12 1.79 2.24 2.17 2.35 3.50 0.00 2.14 0.67 0.11 0.14 2.14 2.03 0.00 1.51 0.18 2.59 3.19 2.28 1.40 3.08 1.89 1.37 0.84 1.96 2.35 2.17 0.74 1.86 2.38 3.40 2.63 0.11 1.37 1.86 0.74 0.81
58 2.91 0.60 2.21 1.72 1.47 2.66 0.00 2.24 1.61 1.51 2.98 1.79 2.35 0.00 1.44 2.84 3.12 0.00 2.49 3.50 0.04 2.24 1.86 2.52 0.81 0.00 0.00 0.00 0.00 0.39 2.38 0.18 0.00 2.94 1.51 2.45 3.22 0.00 2.63 2.42 2.63 0.14 0.00 3.36 0.00 0.00 0.21 0.00 0.95 1.19 2.77 1.65 0.18 0.00 1.89 1.89 2.35 3.01 0.00 0.91 1.61 0.04 1.40 1.05 3.01 0.88 1.61 2.94 2.42 2.21 0.00 0.81 0.00 0.00 0.98 1.23 2.73 3.36 1.58 2.10 0.00 0.32 0.00 1.05 0.00 1.65 0.00 3.43 0.00 3.40 0.00 2.91 2.00 2.98 0.00 0.00 3.36 2.17 3.29 1.54
59 1.40 0.25 0.67 1.12 1.82 1.09 0.00 1.40 1.40 0.00 0.07 0.00 1.47 1.96 3.05 1.79 0.00 0.00 0.00 0.00 0.00 0.00 0.77 2.91 2.59 0.00 1.40 0.53 2.98 3.26 0.81 2.35 1.44 3.26 3.01 1.58 0.00 0.18 0.00 1.65 2.87 1.19 0.00 0.70 0.04 1.75 0.70 2.45 3.43 0.00 3.29 1.75 1.82 0.00 0.32 0.21 2.42 0.00 0.91 0.00 1.72 3.12 0.00 3.15 2.52 0.81 1.19 1.65 0.00 2.84 2.52 2.45 2.80 2.45 1.09 2.94 0.00 2.80 2.52 1.58 1.89 1.30 2.59 0.42 1.02 0.00 0.98 2.63 0.00 0.21 0.00 1.12 2.38 1.72 2.03 0.67 3.29 0.00 1.79 2.52
60 0.00 0.00 2.38 2.70 0.32 0.00 2.52 0.00 2.84 2.10 2.14 3.33 0.00 1.12 0.00 2.70 3.08 0.28 0.18 0.00 0.00 1.23 0.00 3.12 0.77 3.12 1.47 2.70 0.00 1.47 0.00 3.26 3.33 1.19 0.00 2.87 0.00 1.89 0.00 0.04 1.40 0.18 1.47 1.09 0.00 1.65 2.00 3.29 1.51 2.17 2.03 2.87 2.24 0.00 3.08 2.77 1.44 2.84 1.61 1.72 0.00 0.00 2.94 0.00 1.16 0.00 0.07 2.31 1.09 1.68 1.44 2.63 2.56 1.02 0.00 0.00 2.63 0.42 0.00 0.32 0.63 3.36 1.93 0.98 2.80 0.00 2.94 2.73 0.84 0.32 0.00 3.33 0.00 0.07 2.45 0.18 0.00 1.37 2.94 2.87
61 0.00 0.07 1.16 0.70 0.84 3.15 0.60 0.42 0.42 3.36 0.63 2.77 1.82 0.95 0.00 1.37 0.00 2.80 2.17 2.84 2.91 2.24 0.00 2.49 0.00 1.05 1.75 0.00 0.28 2.77 0.00 0.00 0.63 0.00 0.42 1.65 0.00 0.49 0.28 0.00 0.00 2.38 3.47 0.07 0.91 1.86 0.74 1.37 0.14 0.00 2.21 0.77 0.00 0.00 0.00 0.00 0.11 2.03 0.04 3.12 0.00 0.00 1.40 1.02 1.68 1.02 0.42 0.00 1.19 1.33 1.96 2.59 2.42 2.66 1.93 0.00 0.70 0.00 2.56 0.00 0.88 3.19 0.00 1.72 1.75 0.00 0.00 1.30 2.10 3.12 1.79 2.87 2.07 0.56 0.00 1.05 0.74 1.12 0.39 0.70
62 0.00 2.07 2.45 0.00 2.70 0.98 0.35 1.65 1.26 1.05 2.14 1.02 1.68 2.35 3.47 0.14 0.95 0.00 2.21 0.18 1.51 2.42 3.08 0.00 1.26 3.33 0.35 1.96 2.66 3.01 0.00 3.33 0.84 0.00 2.94 0.42 1.54 1.09 0.39 3.29 3.43 2.03 0.00 0.18 2.45 2.73 0.00 1.82 2.87 0.60 0.56 1.61 1.19 1.09 0.88 0.00 1.93 3.15 1.40 0.00 2.94 1.40 0.00 2.77 2.84 2.35 0.00 0.00 0.00 0.00 2.10 0.00 2.10 1.26 0.00 0.32 2.35 2.77 1.37 1.47 0.81 3.19 2.52 2.87 0.00 3.08 2.45 0.67 1.44 0.70 2.38 2.59 1.47 0.56 2.59 0.00 0.46 0.14 3.05 0.67
63 3.12 0.81 0.56 1.82 3.36 1.75 1.09 0.00 0.04 0.00 2.28 2.63 0.98 0.00 0.35 0.88 2.28 3.12 2.00 1.61 1.54 2.38 2.77 3.43 2.07 0.00 0.04 2.52 0.00 2.98 0.00 0.00 0.74 2.45 1.30 2.87 1.40 0.39 0.00 3.22 1.96 3.01 0.21 0.00 1.26 1.02 2.17 1.30 0.00 0.35 0.00 0.39 1.54 3.36 1.96 2.38 0.00 3.12 1.05 3.15 0.00 1.02 2.77 0.00 0.00 0.18 0.49 0.00 1.54 2.63 0.00 3.43 2.31 0.00 2.07 2.91 1.09 1.26 2.07 2.49 1.44 2.31 2.24 0.00 0.60 2.24 2.63 2.31 2.77 2.63 0.00 2.14 0.00 2.70 1.79 2.77 0.11 3.50 2.98 2.07
64 1.58 1.65 0.35 0.00 0.04 2.38 2.03 3.50 3.33 0.00 0.00 0.00 2.31 2.91 2.52 1.65 1.40 2.84 0.84 3.08 0.74 2.73 0.04 0.14 1.51 0.67 2.98 0.00 2.14 1.37 3.29 2.70 1.96 3.50 3.47 2.80 2.07 3.47 0.00 2.10 0.00 0.46 2.66 0.00 2.31 0.60 0.81 0.00 2.98 3.22 0.00 0.00 0.00 1.61 1.05 1.19 2.63 1.79 3.01 2.52 1.16 1.68 2.84 0.00 0.00 0.46 3.36 3.26 0.35 1.09 2.84 0.95 0.60 0.21 2.35 0.53 0.04 1.72 3.43 1.51 2.49 1.86 0.14 0.00 0.67 0.88 0.91 0.00 3.22 0.00 0.00 3.08 2.42 1.86 1.61 3.26 3.33 0.81 2.17 3.05
65 2.98 0.00 0.81 0.25 2.84 2.45 2.35 0.18 2.07 0.63 1.05 0.00 1.86 1.96 1.68 0.35 2.73 0.00 0.00 1.65 0.00 2.52 0.67 0.18 0.00 0.74 3.36 1.58 1.89 2.28 0.00 1.75 2.80 0.00 2.35 0.00 2.10 0.60 0.00 1.23 2.66 0.00 1.72 2.59 2.77 2.07 0.00 0.00 0.77 0.28 0.00 2.17 2.17 0.49 3.29 1.02 3.36 2.24 0.88 0.81 0.00 1.02 2.35 0.18 0.46 0.00 0.00 1.72 2.10 1.23 3.43 2.87 0.00 0.00 2.98 0.11 3.47 1.05 0.49 1.65 0.00 0.00 0.00 2.24 0.00 1.54 1.51 2.77 3.05 3.15 3.05 1.37 3.01 0.00 1.51 0.00 1.33 2.03 2.84 0.00
66 0.00 3.50 0.60 3.22 0.04 0.35 3.15 3.05 2.63 1.26 1.96 0.00 3.08 0.56 2.52 1.82 0.46 0.81 0.00 0.00 0.67 2.00 0.42 0.74 3.22 2.87 0.56 1.58 3.43 3.29 2.52 0.46 1.12 1.40 2.28 1.02 2.52 2.80 0.49 0.00 0.00 3.33 0.91 0.00 0.81 0.00 1.75 3.08 0.00 1.51 1.65 0.00 2.52 0.00 1.23 0.49 0.98 2.17 1.61 1.19 0.07 0.42 0.00 0.49 3.36 0.00 0.00 3.22 2.91 3.15 0.56 0.53 2.21 0.46 0.00 3.43 1.16 0.00 0.56 0.39 2.14 0.00 0.74 0.00 0.00 2.63 0.00 0.00 0.32 0.00 2.35 0.00 2.21 1.86 3.40 0.00 1.82 2.73 1.05 0.00
67 0.07 1.79 1.82 0.53 1.82 0.74 2.87 3.19 0.42 0.74 0.00 0.00 3.29 0.35 2.70 2.98 2.66 0.00 1.68 0.95 3.01 0.18 1.19 1.86 3.50 0.00 2.35 2.73 0.81 0.04 3.22 0.00 3.47 0.95 0.00 0.00 1.02 3.33 2.87 3.05 1.02 1.72 0.00 0.63 0.18 2.00 2.42 0.91 3.12 0.00 3.29 2.98 0.28 0.00 0.63 1.75 1.82 2.35 2.94 1.65 2.31 0.00 0.00 0.00 3.26 1.72 3.22 0.00 0.00 2.03 0.00 0.00 1.02 0.11 0.60 3.33 0.00 3.36 0.25 0.00 0.00 2.14 0.84 2.87 2.98 1.44 3.15 0.42 0.00 2.45 2.80 2.94 0.00 0.00 1.47 1.58 0.04 1.40 1.44 2.38
68 0.00 2.52 1.89 1.37 0.00 1.51 0.49 2.63 1.54 0.53 1.05 0.00 0.88 1.23 2.56 2.91 3.01 2.87 0.81 2.66 1.02 1.23 3.50 2.21 2.45 2.87 0.56 0.00 2.45 0.04 1.40 0.32 0.74 2.17 2.28 3.29 2.10 2.38 0.21 2.00 3.50 0.11 1.58 0.67 1.75 2.94 2.24 0.49 1.19 1.05 0.00 2.73 0.00 1.40 0.00 2.21 3.36 3.50 2.42 0.00 1.09 1.19 0.00 1.54 0.35 2.10 2.91 0.00 0.00 3.01 0.00 0.00 0.00 0.21 1.89 1.02 0.00 0.00 2.21 3.05 1.16 1.33 3.40 3.26 1.16 1.51 1.05 0.49 0.84 0.88 2.17 0.49 3.19 2.07 0.00 0.67 2.63 0.00 1.09 0.91
69 0.00 0.00 0.18 0.74 1.40 1.16 1.37 1.75 2.70 0.00 1.65 1.37 0.63 0.00 0.39 1.12 0.53 1.72 1.93 2.91 0.49 2.35 0.04 0.18 3.29 0.00 0.00 0.00 2.00 2.31 1.44 0.00 0.00 0.67 3.19 1.86 0.28 0.00 2.56 3.15 1.33 0.28 1.61 3.22 3.26 0.00 2.94 0.95 2.45 0.60 3.05 2.31 3.19 1.58 3.26 0.00 1.26 0.00 2.21 2.84 1.68 1.33 0.00 2.63 1.09 1.23 3.15 2.03 3.01 0.00 3.43 0.60 2.38 0.28 0.95 1.82 0.00 2.70 3.05 0.00 1.40 2.70 2.66 1.23 1.72 0.00 1.68 0.00 1.12 1.75 0.74 0.35 3.36 1.54 3.08 1.61 3.05 1.19 3.05 0.00
70 2.59 1.65 2.45 3.15 3.12 0.70 0.00 1.72 1.12 2.07 0.98 0.00 1.51 1.40 0.00 1.26 2.31 0.53 1.40 0.56 3.22 3.08 0.00 1.12 0.14 2.70 1.44 3.36 0.53 2.35 3.36 2.28 0.00 2.35 1.58 1.30 1.51 0.00 3.29 2.31 0.28 2.63 0.00 1.51 0.00 3.50 0.11 0.00 0.35 1.61 1.51 1.82 3.08 0.00 2.49 0.28 0.07 2.14 0.00 2.52 1.44 1.96 2.10 0.00 2.84 3.43 0.56 0.00 0.00 3.43 0.00 3.36 0.63 0.00 2.91 1.23 0.11 0.00 1.44 2.63 0.84 0.42 1.86 0.00 0.67 0.00 0.88 2.38 0.00 3.50 2.00 0.70 0.00 0.88 2.52 0.00 1.26 0.88 2.73 2.03
71 2.38 1.96 1.82 0.18 2.70 2.28 0.91 0.91 0.84 0.32 3.19 2.17 2.28 1.72 0.00 1.33 0.74 0.77 1.79 0.35 1.96 2.45 1.72 0.00 0.00 1.19 1.16 1.44 2.94 1.44 1.37 0.00 0.63 2.77 2.80 0.00 1.54 2.52 1.72 2.07 0.00 2.07 1.37 3.22 2.94 0.00 2.03 1.54 0.32 0.11 2.80 0.00 0.32 0.14 0.00 3.22 0.00 0.67 0.81 2.45 2.63 2.59 0.00 3.43 0.95 2.87 0.53 0.00 0.00 0.60 3.36 0.00 2.91 2.17 1.40 2.56 1.30 0.21 3.43 0.00 0.70 3.22 0.53 0.00 0.28 0.00 3.01 0.00 3.08 2.42 0.00 1.40 2.59 2.38 0.91 2.45 2.52 0.70 0.00 0.00
72 3.08 3.22 1.68 2.45 2.45 1.72 0.91 0.00 2.52 2.59 2.98 2.77 2.35 2.17 2.45 1.05 0.00 0.00 2.45 1.30 0.91 3.36 0.00 0.04 0.00 2.03 3.12 0.63 0.00 0.00 2.00 3.29 0.00 3.22 3.26 3.29 1.05 0.98 0.00 2.91 1.16 3.36 0.00 1.05 0.18 2.91 0.95 0.60 1.16 0.67 1.79 2.31 1.09 1.61 0.00 1.12 0.00 0.11 0.00 2.80 2.56 2.42 2.10 2.31 0.60 0.00 2.21 1.02 0.00 2.38 0.63 2.91 0.00 0.63 0.91 2.87 1.65 1.93 1.54 1.23 0.00 3.12 1.93 0.28 1.61 0.00 0.00 0.88 0.56 2.17 1.26 0.00 0.00 0.00 3.40 0.00 1.33 2.56 2.03 0.00
73 3.15 3.01 2.91 3.22 1.05 2.94 0.00 3.47 1.40 0.00 3.01 0.53 0.67 1.75 0.63 1.86 0.00 2.21 1.51 3.19 1.47 0.00 2.24 1.12 0.00 1.02 1.40 1.89 0.28 0.21 0.70 0.00 1.96 2.94 1.54 0.00 2.56 3.33 3.33 0.00 2.45 0.07 2.38 1.86 0.00 1.58 2.24 0.07 1.65 0.00 3.50 0.56 3.43 0.21 0.00 0.00 0.00 0.14 0.00 2.45 1.02 2.66 1.26 0.00 0.21 0.00 0.46 0.11 0.21 0.28 0.00 2.17 0.63 0.00 1.33 0.00 0.00 0.00 0.00 3.40 1.86 2.59 3.26 0.00 1.37 2.84 2.94 0.00 0.00 0.00 0.18 3.19 0.98 0.14 2.24 3.33 0.39 0.63 2.77 2.07
74 0.77 0.00 0.56 3.36 0.81 0.00 0.00 1.37 0.00 2.49 0.00 3.43 0.00 1.44 0.00 0.63 1.68 2.80 0.00 2.00 1.54 2.52 2.91 1.33 2.17 3.36 0.00 0.67 2.28 1.23 0.00 2.84 3.05 3.33 2.66 2.56 0.00 0.00 0.88 2.91 2.73 2.84 0.00 1.86 2.28 0.46 1.89 0.00 3.19 0.53 0.00 1.37 1.61 3.40 0.00 3.26 1.75 2.14 0.98 1.09 0.00 1.93 0.00 2.07 2.35 2.98 0.00 0.60 1.89 0.95 2.91 1.40 0.91 1.33 0.00 3.01 0.00 0.60 2.80 1.51 1.75 1.51 2.49 0.00 2.80 0.00 0.00 0.00 0.95 0.70 0.35 0.25 0.00 0.00 2.98 2.73 0.07 1.26 1.19 0.00
75 1.30 1.02 1.26 0.00 0.49 1.02 0.00 0.98 2.35 0.28 3.12 3.12 0.35 3.22 0.70 2.31 3.08 1.16 0.07 0.91 0.32 2.80 0.00 3.26 0.53 1.37 0.77 0.00 0.00 2.66 0.00 2.77 0.00 1.82 0.04 1.65 0.70 0.60 0.98 0.81 0.98 1.33 3.19 3.50 0.07 2.70 3.05 1.68 2.84 0.00 2.87 1.68 3.22 0.00 0.00 0.00 1.51 2.03 1.23 2.94 0.00 0.00 0.32 2.91 0.53 0.11 3.43 3.33 1.02 1.82 1.23 2.56 2.87 0.00 3.01 0.00 0.39 2.56 0.28 3.40 1.96 1.65 0.00 1.89 0.00 3.33 0.00 0.88 1.58 2.03 1.09 2.49 1.82 3.26 0.25 2.87 0.46 0.32 0.00 1.16
76 0.00 0.00 0.00 0.60 0.00 0.14 0.00 3.29 1.86 1.51 1.12 0.00 0.00 0.11 1.12 3.15 1.65 0.74 1.54 2.00 1.09 3.40 0.98 2.73 3.19 1.96 0.18 3.05 0.77 1.54 0.00 2.45 0.98 1.23 1.30 0.00 2.80 2.10 2.73 3.40 0.00 0.46 3.26 2.42 0.70 0.21 0.00 2.49 0.00 3.43 2.52 2.56 1.12 1.02 2.38 0.00 0.00 0.00 2.73 0.00 2.63 0.70 2.35 1.09 0.04 3.47 1.16 0.00 0.00 0.00 0.11 1.30 1.65 0.00 0.00 0.39 0.00 2.28 2.49 1.37 3.50 0.00 0.00 0.00 2.24 1.96 2.14 0.35 3.08 0.84 1.72 0.60 0.00 1.65 0.00 0.98 0.00 1.61 0.04 2.87
77 0.81 0.00 3.05 0.11 0.18 2.28 0.49 0.00 1.12 3.40 0.56 0.00 0.14 1.68 2.45 2.66 0.00 0.00 0.70 1.68 1.02 0.00 0.74 3.22 1.68 3.40 0.00 1.51 1.51 2.70 3.08 0.00 1.79 2.10 1.58 2.63 2.42 2.31 3.22 0.00 3.12 0.00 0.53 0.39 2.38 1.72 0.21 0.00 0.35 1.02 0.00 0.00 1.51 0.00 3.19 3.12 1.33 1.51 3.36 2.80 0.42 0.00 2.77 1.26 1.72 1.05 0.00 3.36 0.00 2.70 0.00 0.21 1.93 0.00 0.60 2.56 2.28 0.00 1.54 0.21 2.87 2.42 2.42 0.91 0.88 3.33 1.51 0.00 2.87 1.79 2.24 0.63 0.35 0.32 0.67 3.26 2.87 0.91 0.00 0.67
78 3.50 0.00 0.00 0.00 3.36 0.42 3.43 0.00 0.00 0.11 0.00 2.84 2.98 1.79 0.00 2.84 3.36 2.35 2.73 0.00 0.67 0.00 0.00 0.00 0.00 0.21 1.09 2.03 0.00 1.33 3.22 0.88 0.00 0.00 3.43 0.67 2.28 2.80 0.00 3.19 1.72 2.94 3.12 1.16 0.00 0.35 2.77 0.00 3.43 0.00 2.87 2.49 0.00 3.19 0.81 1.68 0.00 0.18 1.58 2.52 0.00 2.56 1.37 2.07 3.43 0.49 0.56 0.25 2.21 3.05 1.44 3.43 1.54 0.00 2.80 0.28 2.49 1.54 0.00 2.59 3.22 0.00 0.81 1.68 2.77 3.33 3.47 0.00 2.73 0.42 2.03 0.28 0.77 1.86 2.59 0.00 0.98 0.00 3.40 3.29
79 0.18 3.26 1.89 1.09 1.30 1.61 1.54 0.00 0.77 1.23 0.00 1.44 2.10 2.59 1.51 0.53 0.00 0.00 0.60 0.70 3.33 2.14 0.39 0.70 0.70 2.84 2.24 0.00 0.00 0.00 0.00 1.79 1.54 1.65 3.05 1.09 1.02 2.31 1.02 1.37 0.00 1.19 2.84 2.59 0.00 1.16 1.51 0.18 1.72 1.68 1.93 2.42 2.98 1.79 1.86 0.00 0.00 2.59 2.10 1.58 0.32 0.00 1.47 2.49 1.51 1.65 0.39 0.00 3.05 0.00 2.63 0.00 1.23 3.40 1.51 3.40 1.37 0.21 2.59 0.00 0.00 1.72 0.70 3.08 0.77 0.21 0.00 2.38 0.56 2.73 2.38 0.00 0.00 2.31 0.60 0.00 0.00 2.77 2.07 1.86
80 0.18 0.04 2.91 1.68 0.98 1.33 1.26 0.00 3.40 2.49 0.25 0.60 3.22 1.12 3.43 0.00 0.42 1.05 2.63 2.31 0.00 0.00 0.00 0.00 0.00 0.88 1.37 0.00 3.08 0.81 2.91 3.43 2.80 0.00 1.68 3.29 1.44 0.81 1.51 0.00 1.19 0.00 0.00 3.40 0.25 0.00 2.35 1.89 1.44 3.01 0.95 0.63 0.00 0.07 0.00 2.38 0.00 3.19 0.00 1.89 0.63 0.88 0.81 1.44 2.49 0.00 2.14 0.00 1.16 1.40 0.84 0.70 0.00 1.86 1.75 1.96 3.50 2.87 3.22 0.00 0.00 0.00 0.00 1.19 0.00 0.00 2.59 0.00 1.86 0.81 0.00 0.00 0.95 0.00 0.00 1.33 0.39 2.45 1.12 1.33
81 3.43 3.50 0.00 1.96 1.47 1.54 0.00 0.00 1.40 3.33 3.08 2.31 3.29 2.14 1.86 0.00 2.38 1.96 0.00 0.84 1.82 0.32 1.23 2.24 0.00 0.00 0.98 0.49 2.59 0.28 1.23 1.61 1.58 2.87 0.00 1.93 0.00 0.00 0.49 2.73 2.63 2.21 2.00 1.96 3.36 1.61 2.80 2.10 0.00 1.16 3.26 2.21 2.28 3.33 3.47 3.26 0.00 2.28 0.32 1.30 3.36 3.19 3.19 2.31 1.86 0.00 0.00 2.14 1.33 2.70 0.42 3.22 3.12 2.59 1.51 1.65 0.00 2.42 0.00 1.72 0.00 0.00 3.50 1.75 3.36 2.07 1.37 0.00 0.77 0.00 0.81 1.72 0.00 2.77 0.00 2.94 0.00 1.09 0.46 3.12
82 0.28 3.19 0.00 3.33 0.00 1.26 0.77 0.00 0.07 2.63 2.63 0.00 0.00 2.45 3.50 1.09 2.66 2.28 0.98 1.33 2.98 2.59 0.21 0.00 2.28 0.70 0.56 3.50 0.77 1.75 0.00 2.66 1.51 3.22 1.37 0.56 1.54 0.56 1.58 0.00 1.23 0.91 2.52 0.18 0.91 0.00 0.00 1.23 0.04 1.33 0.60 0.00 0.70 0.25 1.65 0.00 0.84 1.40 0.00 2.59 1.93 0.00 2.52 2.24 0.14 0.00 0.74 0.84 3.40 2.66 1.86 0.53 1.93 3.26 2.49 0.00 0.00 2.42 0.81 0.70 0.00 3.50 0.00 2.87 2.77 2.31 0.00 2.87 3.19 2.10 2.91 0.00 2.84 1.09 2.91 1.51 2.52 2.91 3.05 0.00
83 0.00 0.00 2.28 0.00 0.00 0.67 3.12 0.00 2.84 0.00 2.24 0.35 1.02 0.49 1.58 0.00 2.87 0.67 1.44 0.00 2.52 3.36 0.00 0.00 2.00 2.66 1.40 1.79 2.52 2.00 3.19 0.98 1.82 3.19 0.35 0.32 0.00 3.26 1.82 0.00 3.36 0.00 3.47 1.93 2.10 0.00 0.00 0.14 2.77 2.17 0.00 1.23 1.79 0.25 2.10 1.93 3.29 3.08 1.05 0.42 0.98 1.72 2.87 0.00 0.00 2.24 0.00 2.87 3.26 1.23 0.00 0.00 0.28 0.00 0.00 1.89 0.00 0.91 1.68 3.08 1.19 1.75 2.87 0.00 0.00 0.00 0.00 1.65 0.00 0.00 0.00 2.03 0.00 0.00 3.43 1.09 0.00 2.17 0.00 3.05
84 1.02 2.94 2.17 0.00 0.25 0.00 2.31 0.00 0.28 1.44 0.77 0.91 1.51 0.00 0.00 0.00 3.19 2.35 0.07 2.07 0.00 2.73 0.00 0.63 2.59 0.14 0.00 0.00 0.81 0.67 2.77 2.45 2.98 0.18 0.00 3.05 0.21 2.56 0.70 3.12 0.00 0.21 2.87 0.00 2.59 0.00 0.04 0.00 0.00 1.65 0.98 0.25 1.82 2.84 0.67 0.00 2.35 1.89 0.00 1.02 2.80 1.75 0.00 0.60 0.67 0.00 0.00 2.98 1.16 1.72 0.67 0.28 1.61 1.37 2.80 0.00 2.24 0.88 2.77 0.77 0.00 3.36 2.77 0.00 0.00 0.21 1.16 1.44 0.53 0.56 0.39 1.23 0.84 0.81 2.28 0.00 0.00 0.00 2.77 0.14
85 0.00 1.72 0.04 2.70 2.56 3.12 2.70 0.00 2.24 2.84 3.15 0.00 2.66 0.00 2.24 3.15 2.66 2.42 3.43 3.05 0.70 1.37 0.00 3.12 0.00 1.86 2.45 1.68 0.39 0.32 2.84 1.09 0.00 1.89 1.44 3.50 0.00 3.33 1.26 0.00 1.09 2.84 2.03 1.86 2.14 1.47 1.16 0.25 2.56 0.56 3.36 1.82 1.47 1.19 0.42 0.49 0.00 1.37 1.65 0.00 0.00 0.00 3.08 2.24 0.88 1.54 2.63 1.44 1.51 0.00 0.00 0.00 0.00 2.84 0.00 3.33 1.96 3.33 3.33 0.21 0.00 2.07 2.31 0.00 0.21 0.00 1.58 3.50 1.05 0.00 0.00 1.47 2.28 2.35 0.21 1.37 1.37 0.00 0.04 3.15
86 0.00 0.07 1.09 0.00 0.18 2.10 2.35 3.19 1.37 1.72 3.36 1.09 2.66 0.00 1.96 0.21 2.38 0.28 1.12 0.00 2.80 3.33 2.42 2.98 0.32 0.00 3.15 3.50 2.59 0.00 0.56 2.73 2.03 0.00 2.56 0.88 2.66 0.04 0.00 1.75 1.40 0.04 2.35 0.00 0.53 0.00 2.84 3.50 0.00 3.08 2.42 0.46 3.29 0.63 0.67 0.00 0.00 0.84 0.00 0.98 2.94 0.00 2.45 2.63 0.91 1.51 0.00 3.15 1.05 1.68 0.88 3.01 0.00 2.94 0.00 0.00 2.14 1.51 3.47 0.00 2.59 1.37 0.00 0.00 1.16 1.58 0.00 0.11 3.29 2.10 0.46 0.00 0.49 0.28 0.00 3.50 2.28 0.00 2.63 0.60
87 1.75 2.87 0.00 0.00 1.30 1.02 0.00 0.95 1.19 2.35 1.44 0.00 1.68 1.75 3.40 1.72 0.00 0.07 1.40 1.89 2.00 1.65 1.05 0.42 2.59 2.87 0.00 3.15 0.04 0.00 0.70 0.39 0.11 0.00 0.00 0.00 1.26 0.56 1.44 0.77 2.38 0.84 0.00 2.28 1.30 2.14 0.88 0.04 3.01 0.00 0.00 2.91 0.60 0.74 1.96 0.07 2.14 1.96 3.43 2.63 2.73 1.30 0.67 2.31 0.00 2.77 0.00 0.42 0.49 0.00 2.38 0.00 0.88 0.00 0.00 0.88 0.35 0.00 0.00 2.38 0.00 0.00 2.87 1.65 1.44 3.50 0.11 0.00 1.72 0.00 0.00 0.00 1.30 0.00 2.07 0.00 0.00 0.74 0.95 0.77
88 0.98 0.91 3.26 0.00 0.00 0.00 2.21 0.00 2.98 2.91 1.12 2.52 2.73 0.00 2.66 0.00 0.35 0.00 0.00 3.22 0.21 1.16 0.00 1.37 2.73 1.26 2.91 3.08 0.00 2.84 1.61 1.86 0.00 0.77 2.94 0.46 2.49 2.28 2.49 2.14 1.89 3.40 3.43 3.33 2.98 0.25 2.63 3.22 3.01 0.00 3.47 3.05 0.04 3.26 1.51 2.38 0.00 2.35 0.00 0.00 0.84 2.10 1.44 2.77 3.22 3.05 0.32 0.00 0.84 1.12 0.00 3.08 0.56 0.00 0.95 1.58 3.08 2.87 2.73 0.56 1.86 0.77 3.19 0.00 0.53 1.05 3.29 1.72 0.00 0.98 3.15 0.95 0.46 1.02 2.42 0.98 0.04 0.00 0.53 0.00
89 0.00 3.15 0.07 1.89 1.75 2.07 0.07 1.96 1.65 0.00 0.11 0.18 2.24 1.61 0.00 2.17 2.24 0.00 2.21 0.00 0.00 1.23 2.38 1.82 0.00 0.00 2.87 2.84 0.00 0.00 0.00 0.60 0.00 2.77 3.50 1.54 2.42 2.77 1.61 0.00 0.00 0.70 2.42 2.24 2.59 0.46 0.63 0.00 2.38 0.00 1.79 1.51 0.74 0.00 0.00 0.74 0.70 2.17 3.40 0.21 0.32 3.12 0.70 2.63 0.00 3.15 0.00 2.45 0.88 1.75 3.50 2.42 2.17 0.00 0.70 2.03 0.84 1.79 0.42 2.73 0.81 0.00 2.10 0.00 0.56 0.00 2.10 0.00 0.98 0.00 2.35 1.75 0.25 0.00 2.28 2.49 0.00 3.43 2.91 0.74
90 1.02 2.73 3.15 0.00 0.00 1.12 0.00 0.00 0.00 0.67 2.59 2.49 3.40 1.54 2.42 1.26 2.03 0.00 3.50 2.80 0.25 0.00 2.59 2.14 0.49 2.56 2.52 0.98 2.38 1.02 0.46 0.00 0.42 1.96 2.84 0.35 1.68 1.86 0.00 3.33 2.14 1.44 0.35 0.53 0.42 0.39 1.40 3.15 1.82 1.89 2.24 2.63 3.12 1.30 3.47 3.33 0.77 0.74 0.00 0.00 0.00 1.79 2.38 0.00 0.00 3.05 2.35 2.80 2.17 0.74 2.00 0.00 1.26 0.18 0.35 1.09 1.72 2.24 2.03 2.38 0.00 0.81 2.91 0.00 0.39 0.00 0.46 0.00 3.15 2.35 0.00 1.58 0.35 0.95 0.77 2.63 0.00 1.23 0.00 2.14
91 1.65 2.59 0.18 2.59 2.38 0.00 0.88 1.96 0.00 1.61 0.00 2.49 1.26 0.00 0.00 0.00 0.00 0.11 3.43 3.05 0.00 0.00 2.45 0.00 0.00 0.18 0.04 0.00 1.82 0.00 2.03 1.37 2.84 0.00 0.32 2.00 0.77 0.49 1.33 1.19 0.32 3.19 1.23 2.94 2.77 0.00 2.87 0.21 0.00 0.32 1.58 0.46 0.00 0.35 0.00 3.12 2.94 1.86 2.91 1.12 3.33 2.87 2.59 2.14 3.08 1.37 0.00 2.94 0.49 0.35 0.70 1.40 0.00 3.19 0.25 2.49 0.60 0.63 0.28 0.00 0.00 1.72 0.00 2.03 1.23 1.47 0.00 0.00 0.95 1.75 1.58 0.00 3.08 0.46 2.00 2.17 0.00 0.88 0.00 0.53
92 0.00 0.95 2.24 1.02 2.66 0.00 2.38 3.50 0.00 1.05 0.00 3.47 0.00 1.37 0.00 1.47 3.26 3.22 1.09 1.05 0.00 0.88 1.82 1.72 2.49 2.45 1.05 2.80 0.18 0.11 3.50 2.45 3.19 0.00 0.60 1.26 1.40 2.31 1.79 0.00 0.00 0.35 1.33 2.42 1.68 0.00 1.40 0.60 2.31 2.14 0.00 2.03 0.00 0.00 2.98 2.66 2.31 2.38 2.00 2.38 0.00 2.07 1.47 0.00 2.42 3.01 2.21 0.00 3.19 3.36 0.00 2.59 0.00 0.98 0.00 1.82 0.00 0.35 0.77 0.00 0.95 0.00 2.84 0.00 0.84 2.28 0.49 1.30 0.46 0.25 0.35 3.08 0.00 0.00 2.45 0.18 0.00 3.43 1.54 0.60
93 0.00 0.88 0.00 2.63 0.70 0.04 0.00 0.00 2.49 0.00 0.21 1.75 0.84 2.59 2.28 1.82 0.00 0.04 3.08 1.02 2.24 0.21 0.28 2.91 3.50 3.08 2.87 0.00 2.73 1.93 0.00 0.88 1.05 1.54 3.01 0.00 3.26 1.58 1.65 0.35 1.26 0.11 1.16 3.26 1.65 0.00 0.91 2.77 2.10 0.00 2.10 2.24 1.54 0.00 1.68 3.50 1.47 3.40 2.98 1.72 0.07 0.56 0.56 2.70 1.86 0.00 1.86 0.00 2.07 1.54 0.88 2.38 0.00 0.14 0.00 3.26 1.65 0.32 1.86 2.31 0.00 2.77 1.09 0.00 0.81 2.35 0.28 0.00 1.02 0.00 0.95 0.46 0.00 0.00 1.51 3.26 2.80 1.75 3.22 0.00
94 0.25 1.65 0.00 1.33 2.56 0.00 1.37 1.82 1.19 0.70 0.14 3.22 3.47 3.29 1.75 0.07 0.56 2.84 1.05 2.07 0.42 0.00 1.86 3.19 0.21 2.91 0.00 2.77 0.00 1.54 2.94 2.77 0.42 0.00 0.00 0.00 0.21 0.67 0.32 0.46 0.00 2.91 1.93 0.00 0.95 1.30 1.40 0.53 0.00 3.43 3.05 0.00 0.00 2.28 0.00 0.00 2.80 2.63 0.00 2.03 2.45 0.00 2.59 1.79 1.61 1.51 3.40 1.47 0.00 3.08 2.52 0.91 3.40 2.24 2.98 0.25 0.00 0.67 2.59 0.60 0.00 0.00 2.91 3.43 2.28 0.21 0.00 2.07 2.42 2.28 0.77 2.00 2.45 1.51 0.00 3.29 2.94 0.28 1.89 0.00
95 1.33 1.40 2.56 0.00 0.00 1.37 1.86 0.39 2.70 0.49 2.98 1.65 1.79 0.00 0.00 2.84 0.00 0.14 3.40 1.93 0.81 3.22 3.26 0.00 1.89 0.00 1.96 1.09 2.17 1.16 2.63 2.17 0.00 0.60 0.00 0.00 3.29 0.00 3.33 2.00 2.35 2.00 3.05 0.00 0.00 2.91 1.40 3.36 0.07 2.21 0.91 3.12 2.21 0.00 2.00 2.73 0.00 0.11 0.00 0.67 0.18 1.05 0.00 2.77 3.26 0.00 0.00 1.58 0.67 1.61 0.00 2.45 0.00 3.33 2.73 2.87 0.98 3.26 0.00 0.00 1.33 2.94 1.51 1.09 0.00 1.37 3.50 0.00 0.98 2.49 2.63 2.17 0.18 3.26 3.29 0.00 2.42 2.84 0.00 0.00
96 2.03 0.00 1.75 0.00 3.01 1.16 2.17 2.49 3.47 3.50 2.42 3.33 2.28 1.79 1.33 3.08 0.60 1.09 2.98 2.84 0.35 0.00 0.00 0.00 1.19 0.07 1.44 2.80 0.95 0.00 2.35 0.00 0.00 3.12 0.00 3.33 0.95 3.01 0.53 0.74 0.00 1.16 0.98 2.87 3.33 1.65 2.24 0.67 2.80 2.56 0.00 2.28 1.68 2.84 1.30 0.00 0.11 1.37 3.36 3.29 0.00 0.74 0.46 0.11 3.33 1.33 1.82 0.04 2.63 3.05 1.26 2.52 1.33 0.39 0.07 0.46 0.00 2.87 0.98 0.00 0.39 0.00 2.52 0.00 0.00 1.37 2.28 0.00 0.04 0.00 0.00 0.00 0.00 2.80 2.94 2.42 0.00 3.47 1.37 2.03
97 2.77 1.33 0.25 2.98 0.53 0.00 0.25 0.00 0.91 2.73 3.05 0.74 3.50 2.00 1.30 0.00 0.00 0.00 0.95 0.00 1.44 1.05 0.00 0.00 1.68 0.00 1.82 1.47 3.47 2.14 0.00 0.88 1.40 1.75 0.18 0.21 0.49 1.47 0.42 0.00 2.38 0.00 0.00 0.04 0.00 0.00 1.44 0.98 3.29 0.42 0.07 2.91 0.88 2.77 1.33 0.00 1.02 1.86 2.17 0.00 1.37 1.12 0.14 3.50 0.81 2.03 2.73 1.40 0.00 1.19 0.88 0.70 2.56 0.63 1.26 0.32 1.61 0.91 0.00 2.77 2.45 1.09 2.91 2.17 0.00 0.00 0.00 0.74 0.00 3.43 1.23 0.88 3.43 1.75 0.28 2.84 3.47 0.00 0.11 0.81
98 3.43 0.00 0.32 2.17 0.00 0.00 0.88 0.00 0.39 0.60 2.49 0.77 0.00 2.87 2.56 1.65 1.96 2.17 0.00 2.56 0.00 0.00 0.91 0.39 1.09 3.15 0.00 0.00 1.02 0.00 2.98 0.21 0.00 1.37 2.21 2.80 2.98 1.93 2.07 3.47 1.16 2.21 2.63 2.98 0.39 2.00 1.79 1.75 0.60 0.00 0.00 0.00 0.00 3.12 1.02 3.19 0.00 0.74 3.29 1.79 2.94 0.39 3.05 2.98 2.17 2.84 1.05 1.44 1.09 3.05 2.73 0.00 2.03 2.77 1.19 0.00 0.04 0.00 3.40 2.07 1.12 0.46 3.05 0.00 2.77 0.04 2.63 0.95 0.53 2.91 0.00 0.00 1.54 3.22 1.89 0.00 1.37 0.11 0.00 1.61
99 3.05 0.14 0.04 0.00 0.49 0.46 0.91 1.02 1.16 0.00 3.15 0.00 0.00 1.33 1.16 1.96 1.79 2.07 2.49 3.19 0.63 0.00 0.04 0.53 2.59 0.00 0.00 3.47 2.66 0.00 0.00 0.42 1.09 0.00 0.11 0.00 2.14 0.21 0.32 2.98 0.00 1.19 1.68 0.04 0.00 0.00 0.00 1.93 2.00 2.94 0.00 0.00 0.35 2.45 3.26 2.59 3.50 0.81 1.54 2.52 2.87 0.70 0.67 2.07 3.05 0.00 0.00 2.38 0.91 0.00 2.03 0.00 0.00 2.07 0.00 1.16 2.87 0.67 3.29 1.86 1.33 3.12 0.00 3.05 0.14 3.15 0.60 0.77 0.00 0.74 2.14 0.53 0.60 0.00 0.00 0.00 2.03 0.81 1.61 0.00

ITEMS
nominal_profits 0.00 4.00 15.00 88.00 63.00 65.00 32.00 2.00 60.00 0.00 78.00 20.00 19.00 0.00 26.00 73.00 56.00 0.00 74.00 46.00 57.00 14.00 96.00 54.00 0.00 2.00 0.00 2.00 18.00 34.00 37.00 84.00 0.00 81.00 91.00 23.00 74.00 5.00 4.00 62.00 87.00 0.00 73.00 90.00 0.00 52.00 0.00 0.00 75.00 19.00 83.00 75.00 0.00 71.00 0.00 0.00 26.00 64.00 0.00 5.00 20.00 3.00 9.00 51.00 0.00 9.00 93.00 99.00 34.00 0.00 79.00 14.00 70.00 80.00 97.00 0.00 51.00 0.00 99.00 52.00 0.00 38.00 40.00 47.00 29.00 55.00 80.00 0.00 66.00 84.00 0.00 74.00 76.00 68.00 26.00 0.00 0.00 5.00 88.00 45.00
weights 6 1 24 36 1 40 23 29 8 46 15 37 20 32 30 21 5 37 5 46 32 4 37 16 46 2 44 47 16 41 15 5 21 15 3 17 31 2 25 34 32 49 30 44 1 38 42 30 47 20 30 18 25 50 3 6 40 49 38 8 18 42 19 43 30 50 48 16 9 20 1 50 35 40 44 49 29 37 50 10 15 29 13 36 21 48 29 24 7 44 33 1 9 9 13 23 40 33 35 21
capacity 1498
k_max 74

COMMENTS
original_pairwise_profits
0 0.00 31.00 0.00 67.00 0.00 71.00 6.00 74.00 44.00 65.00 0.00 13.00 1.00 97.00 74.00 41.00 98.00 50.00 69.00 0.00 0.00 7.00 0.00 39.00 81.00 19.00 0.00 0.00 91.00 0.00 64.00 81.00 89.00 61.00 33.00 0.00 0.00 8.00 0.00 99.00 5.00 93.00 0.00 57.00 79.00 84.00 6.00 0.00 0.00 10.00 43.00 59.00 76.00 88.00 0.00 12.00 0.00 70.00 83.00 40.00 0.00 0.00 0.00 89.00 45.00 85.00 0.00 2.00 0.00 0.00 74.00 68.00 88.00 90.00 22.00 37.00 0.00 23.00 100.00 5.00 5.00 98.00 8.00 0.00 29.00 0.00 0.00 50.00 28.00 0.00 29.00 47.00 0.00 0.00 7.00 38.00 58.00 79.00 98.00 87.00
1 31.00 0.00 34.00 83.00 37.00 12.00 0.00 78.00 69.00 68.00 83.00 95.00 48.00 83.00 4.00 81.00 16.00 0.00 0.00 47.00 0.00 35.00 44.00 0.00 7.00 28.00 12.00 0.00 0.00 0.00 47.00 14.00 37.00 83.00 40.00 100.00 49.00 0.00 81.00 97.00 42.00 85.00 8.00 40.00 100.00 0.00 0.00 0.00 0.00 72.00 0.00 13.00 7.00 93.00 37.00 17.00 0.00 55.00 17.00 7.00 0.00 2.00 59.00 23.00 47.00 0.00 100.00 51.00 72.00 0.00 47.00 56.00 92.00 86.00 0.00 29.00 0.00 0.00 0.00 93.00 1.00 100.00 91.00 0.00 84.00 49.00 2.00 82.00 26.00 90.00 78.00 74.00 27.00 25.00 47.00 40.00 0.00 38.00 0.00 4.00
2 0.00 34.00 0.00 58.00 0.00 5.00 20.00 62.00 18.00 19.00 44.00 0.00 56.00 36.00 0.00 86.00 0.00 8.00 6.00 91.00 8.00 0.00 79.00 97.00 11.00 73.00 0.00 27.00 0.00 44.00 60.00 50.00 4.00 15.00 54.00 100.00 0.00 35.00 31.00 44.00 0.00 0.00 80.00 43.00 31.00 54.00 17.00 21.00 44.00 66.00 75.00 0.00 30.00 28.00 0.00 22.00 56.00 0.00 63.00 19.00 68.00 33.00 70.00 16.00 10.00 23.00 17.00 52.00 54.00 5.00 70.00 52.00 48.00 83.00 16.00 36.00 0.00 87.00 0.00 54.00 83.00 0.00 0.00 65.00 62.00 1.00 31.00 0.00 93.00 2.00 90.00 5.00 64.00 0.00 0.00 73.00 50.00 7.00 9.00 1.00
3 67.00 83.00 58.00 0.00 0.00 58.00 0.00 49.00 7.00 83.00 14.00 2.00 0.00 70.00 44.00 53.00 90.00 0.00 63.00 89.00 46.00 69.00 55.00 31.00 11.00 28.00 0.00 0.00 29.00 21.00 86.00 66.00 9.00 73.00 0.00 77.00 88.00 23.00 0.00 14.00 82.00 33.00 0.00 37.00 39.00 26.00 86.00 23.00 28.00 70.00 0.00 34.00 30.00 60.00 70.00 41.00 12.00 10.00 49.00 32.00 77.00 20.00 0.00 52.00 0.00 7.00 92.00 15.00 39.00 21.00 90.00 5.00 70.00 92.00 96.00 0.00 17.00 3.00 0.00 31.00 48.00 56.00 95.00 0.00 0.00 77.00 0.00 0.00 0.00 54.00 0.00 74.00 29.00 75.00 38.00 0.00 0.00 85.00 62.00 0.00
4 0.00 37.00 0.00 0.00 0.00 3.00 22.00 50.00 25.00 72.00 70.00 100.00 6.00 74.00 49.00 82.00 81.00 0.00 44.00 65.00 60.00 91.00 58.00 0.00 12.00 4.00 86.00 66.00 22.00 29.00 94.00 96.00 41.00 23.00 0.00 63.00 56.00 40.00 47.00 28.00 23.00 44.00 0.00 89.00 23.00 46.00 83.00 50.00 27.00 71.00 0.00 15.00 0.00 40.00 88.00 74.00 5.00 6.00 42.00 52.00 9.00 24.00 77.00 96.00 1.00 81.00 1.00 52.00 0.00 40.00 89.00 77.00 70.00 30.00 23.00 14.00 0.00 5.00 96.00 37.00 28.00 42.00 0.00 0.00 7.00 73.00 5.00 37.00 0.00 50.00 0.00 68.00 76.00 20.00 73.00 0.00 86.00 15.00 0.00 14.00
5 71.00 12.00 5.00 58.00 3.00 0.00 7.00 49.00 40.00 72.00 71.00 50.00 0.00 72.00 21.00 34.00 0.00 27.00 59.00 89.00 20.00 22.00 24.00 50.00 66.00 0.00 76.00 0.00 19.00 100.00 93.00 0.00 25.00 2.00 27.00 47.00 52.00 91.00 46.00 47.00 0.00 26.00 0.00 54.00 100.00 16.00 10.00 37.00 94.00 95.00 0.00 0.00 67.00 9.00 36.00 77.00 97.00 0.00 76.00 31.00 0.00 90.00 28.00 50.00 68.00 70.00 10.00 21.00 43.00 33.00 20.00 65.00 49.00 84.00 0.00 29.00 4.00 65.00 12.00 46.00 38.00 44.00 36.00 19.00 0.00 89.00 60.00 29.00 0.00 59.00 32.00 0.00 0.00 1.00 0.00 39.00 33.00 0.00 0.00 13.00
6 6.00 0.00 20.00 0.00 22.00 7.00 0.00 80.00 78.00 59.00 78.00 52.00 64.00 35.00 10.00 23.00 0.00 29.00 64.00 12.00 0.00 75.00 23.00 56.00 68.00 6.00 84.00 66.00 0.00 0.00 75.00 0.00 83.00 34.00 79.00 50.00 51.00 84.00 98.00 27.00 90.00 67.00 18.00 54.00 49.00 19.00 79.00 0.00 49.00 75.00 0.00 47.00 62.00 72.00 40.00 31.00 0.00 26.00 0.00 0.00 72.00 17.00 10.00 31.00 58.00 67.00 90.00 82.00 14.00 39.00 0.00 26.00 26.00 0.00 0.00 0.00 0.00 14.00 98.00 44.00 36.00 0.00 22.00 89.00 66.00 77.00 67.00 0.00 63.00 2.00 0.00 25.00 68.00 0.00 39.00 53.00 62.00 7.00 25.00 26.00
7 74.00 78.00 62.00 49.00 50.00 49.00 80.00 0.00 63.00 23.00 79.00 0.00 0.00 21.00 0.00 44.00 10.00 0.00 0.00 8.00 88.00 56.00 43.00 15.00 57.00 49.00 31.00 60.00 0.00 42.00 87.00 41.00 0.00 0.00 24.00 0.00 57.00 0.00 2.00 32.00 47.00 56.00 28.00 24.00 0.00 12.00 14.00 40.00 0.00 69.00 86.00 0.00 64.00 97.00 0.00 0.00 88.00 54.00 64.00 40.00 0.00 12.00 47.00 0.00 100.00 5.00 87.00 91.00 75.00 50.00 49.00 26.00 0.00 99.00 39.00 28.00 94.00 0.00 0.00 0.00 0.00 0.00 0.00 0.00 0.00 0.00 91.00 27.00 0.00 56.00 0.00 56.00 100.00 0.00 52.00 11.00 71.00 0.00 0.00 29.00
8 44.00 69.00 18.00 7.00 25.00 40.00 78.00 63.00 0.00 65.00 62.00 46.00 0.00 12.00 0.00 0.00 16.00 0.00 0.00 53.00 52.00 0.00 42.00 97.00 0.00 0.00 52.00 98.00 13.00 0.00 0.00 54.00 18.00 45.00 96.00 96.00 0.00 93.00 72.00 0.00 0.00 0.00 17.00 51.00 55.00 79.00 86.00 2.00 0.00 28.00 0.00 35.00 0.00 72.00 4.00 16.00 0.00 47.00 46.00 40.00 81.00 12.00 36.00 1.00 95.00 59.00 75.00 12.00 44.00 77.00 32.00 24.00 72.00 40.00 0.00 67.00 53.00 32.00 0.00 22.00 97.00 40.00 2.00 81.00 8.00 64.00 39.00 34.00 85.00 47.00 0.00 0.00 0.00 71.00 34.00 77.00 99.00 26.00 11.00 33.00
9 65.00 68.00 19.00 83.00 72.00 72.00 59.00 23.00 65.00 0.00 50.00 2.00 63.00 0.00 0.00 66.00 90.00 47.00 22.00 57.00 48.00 43.00 10.00 0.00 51.00 48.00 3.00 64.00 0.00 86.00 0.00 0.00 88.00 46.00 49.00 68.00 33.00 74.00 79.00 0.00 50.00 99.00 43.00 59.00 0.00 50.00 0.00 8.00 96.00 0.00 74.00 90.00 9.00 20.00 31.00 85.00 0.00 66.00 43.00 0.00 60.00 96.00 30.00 0.00 0.00 18.00 36.00 21.00 15.00 0.00 59.00 9.00 74.00 0.00 71.00 8.00 43.00 97.00 3.00 35.00 71.00 95.00 75.00 0.00 41.00 81.00 49.00 67.00 83.00 0.00 19.00 46.00 30.00 0.00 20.00 14.00 100.00 78.00 17.00 0.00
10 0.00 83.00 44.00 14.00 70.00 71.00 78.00 79.00 62.00 50.00 0.00 21.00 90.00 0.00 0.00 37.00 0.00 0.00 64.00 70.00 20.00 88.00 96.00 99.00 0.00 6.00 32.00 78.00 0.00 0.00 90.00 12.00 99.00 100.00 49.00 65.00 0.00 42.00 31.00 74.00 0.00 0.00 98.00 0.00 81.00 19.00 1.00 43.00 92.00 98.00 0.00 56.00 0.00 58.00 67.00 90.00 59.00 0.00 85.00 2.00 61.00 18.00 61.00 65.00 0.00 30.00 56.00 0.00 30.00 47.00 28.00 91.00 85.00 86.00 0.00 89.00 32.00 16.00 0.00 0.00 7.00 88.00 75.00 64.00 22.00 90.00 96.00 41.00 32.00 3.00 74.00 0.00 0.00 6.00 4.00 85.00 69.00 87.00 71.00 90.00
11 13.00 95.00 0.00 2.00 100.00 50.00 52.00 0.00 46.00 2.00 21.00 0.00 18.00 89.00 62.00 6.00 87.00 75.00 0.00 0.00 78.00 52.00 41.00 22.00 25.00 96.00 55.00 61.00 20.00 68.00 0.00 1.00 52.00 95.00 42.00 22.00 0.00 0.00 0.00 0.00 55.00 33.00 46.00 92.00 28.00 0.00 0.00 0.00 35.00 20.00 98.00 48.00 15.00 85.00 76.00 1.00 92.00 36.00 51.00 0.00 95.00 79.00 29.00 75.00 0.00 0.00 0.00 0.00 0.00 39.00 0.00 62.00 79.00 15.00 98.00 89.00 0.00 0.00 81.00 41.00 17.00 66.00 0.00 10.00 26.00 0.00 31.00 0.00 72.00 5.00 71.00 71.00 99.00 50.00 92.00 47.00 95.00 21.00 22.00 0.00
12 1.00 48.00 56.00 0.00 6.00 0.00 64.00 0.00 0.00 63.00 90.00 18.00 0.00 64.00 40.00 77.00 16.00 0.00 53.00 43.00 0.00 59.00 64.00 31.00 0.00 0.00 33.00 26.00 74.00 85.00 72.00 89.00 0.00 0.00 45.00 83.00 0.00 0.00 16.00 16.00 0.00 21.00 11.00 68.00 0.00 15.00 0.00 68.00 31.00 0.00 83.00 19.00 13.00 77.00 38.00 83.00 71.00 0.00 67.00 42.00 0.00 52.00 48.00 28.00 66.00 53.00 88.00 94.00 25.00 18.00 43.00 65.00 67.00 19.00 0.00 10.00 0.00 4.00 85.00 60.00 92.00 94.00 0.00 29.00 43.00 76.00 76.00 48.00 78.00 64.00 97.00 36.00 0.00 24.00 99.00 51.00 65.00 100.00 0.00 0.00
13 97.00 83.00 36.00 70.00 74.00 72.00 35.00 21.00 12.00 0.00 0.00 89.00 64.00 0.00 27.00 0.00 24.00 21.00 0.00 19.00 28.00 4.00 35.00 25.00 8.00 92.00 8.00 17.00 85.00 17.00 91.00 0.00 89.00 0.00 7.00 0.00 0.00 0.00 5.00 10.00 42.00 94.00 0.00 91.00 44.00 0.00 57.00 0.00 25.00 0.00 0.00 87.00 61.00 90.00 0.00 84.00 0.00 8.00 0.00 56.00 32.00 27.00 67.00 0.00 83.00 56.00 16.00 10.00 35.00 0.00 40.00 49.00 62.00 50.00 41.00 92.00 3.00 48.00 51.00 74.00 32.00 61.00 70.00 14.00 0.00 0.00 0.00 50.00 0.00 46.00 44.00 0.00 39.00 74.00 94.00 0.00 51.00 57.00 82.00 38.00
14 74.00 4.00 0.00 44.00 49.00 21.00 10.00 0.00 0.00 0.00 0.00 62.00 40.00 27.00 0.00 0.00 0.00 71.00 0.00 23.00 1.00 0.00 93.00 89.00 0.00 23.00 0.00 31.00 61.00 81.00 0.00 97.00 85.00 84.00 22.00 10.00 0.00 64.00 90.00 6.00 48.00 44.00 92.00 17.00 0.00 58.00 54.00 13.00 30.00 0.00 5.00 28.00 77.00 27.00 69.00 0.00 11.00 90.00 41.00 87.00 0.00 0.00 99.00 10.00 72.00 48.00 72.00 77.00 73.00 11.00 0.00 0.00 70.00 18.00 0.00 20.00 32.00 70.00 0.00 43.00 98.00 53.00 100.00 45.00 0.00 64.00 56.00 97.00 76.00 0.00 69.00 0.00 0.00 65.00 50.00 0.00 38.00 37.00 73.00 33.00
15 41.00 81.00 86.00 53.00 82.00 34.00 23.00 44.00 0.00 66.00 37.00 6.00 77.00 0.00 0.00 0.00 16.00 84.00 0.00 24.00 0.00 37.00 96.00 0.00 0.00 0.00 97.00 4.00 15.00 0.00 0.00 30.00 0.00 99.00 33.00 58.00 27.00 0.00 0.00 63.00 72.00 0.00 12.00 0.00 47.00 86.00 59.00 47.00 65.00 53.00 80.00 83.00 0.00 49.00 56.00 55.00 0.00 0.00 81.00 51.00 77.00 39.00 4.00 25.00 47.00 10.00 52.00 85.00 83.00 32.00 36.00 38.00 30.00 53.00 18.00 66.00 90.00 76.00 81.00 15.00 0.00 0.00 31.00 0.00 0.00 90.00 6.00 49.00 0.00 62.00 36.00 0.00 42.00 52.00 2.00 81.00 88.00 0.00 47.00 56.00
16 98.00 16.00 0.00 90.00 81.00 0.00 0.00 10.00 16.00 90.00 0.00 87.00 16.00 24.00 0.00 16.00 0.00 0.00 39.00 66.00 36.00 38.00 0.00 31.00 62.00 0.00 52.00 29.00 3.00 46.00 80.00 32.00 53.00 0.00 36.00 7.00 67.00 0.00 93.00 48.00 3.00 0.00 62.00 2.00 49.00 44.00 4.00 0.00 47.00 34.00 0.00 36.00 19.00 59.00 0.00 0.00 84.00 62.00 89.00 0.00 88.00 0.00 27.00 65.00 40.00 78.00 13.00 76.00 86.00 15.00 66.00 21.00 0.00 0.00 48.00 88.00 47.00 0.00 96.00 0.00 12.00 68.00 76.00 82.00 91.00 76.00 68.00 0.00 10.00 64.00 58.00 0.00 93.00 0.00 16.00 0.00 17.00 0.00 56.00 51.00
17 50.00 0.00 8.00 0.00 0.00 27.00 29.00 0.00 0.00 47.00 0.00 75.00 0.00 21.00 71.00 84.00 0.00 0.00 0.00 0.00 20.00 41.00 52.00 84.00 98.00 38.00 0.00 0.00 81.00 42.00 17.00 64.00 17.00 78.00 84.00 73.00 14.00 0.00 0.00 87.00 8.00 0.00 54.00 100.00 100.00 93.00 78.00 35.00 41.00 0.00 78.00 0.00 0.00 0.00 4.00 59.00 61.00 0.00 0.00 0.00 8.00 80.00 0.00 89.00 81.00 0.00 23.00 0.00 82.00 49.00 15.00 22.00 0.00 63.00 80.00 33.00 21.00 0.00 67.00 0.00 30.00 56.00 65.00 19.00 67.00 69.00 8.00 2.00 0.00 0.00 0.00 3.00 92.00 1.00 81.00 4.00 31.00 0.00 62.00 59.00
18 69.00 0.00 6.00 63.00 44.00 59.00 64.00 0.00 0.00 22.00 64.00 0.00 53.00 0.00 0.00 0.00 39.00 0.00 0.00 94.00 25.00 0.00 4.00 0.00 93.00 78.00 94.00 75.00 24.00 0.00 58.00 83.00 33.00 0.00 94.00 17.00 85.00 60.00 0.00 80.00 16.00 26.00 34.00 72.00 0.00 62.00 61.00 43.00 0.00 78.00 0.00 0.00 98.00 0.00 34.00 71.00 81.00 69.00 71.00 0.00 5.00 62.00 63.00 57.00 24.00 0.00 0.00 48.00 23.00 55.00 40.00 51.00 70.00 43.00 0.00 2.00 44.00 20.00 78.00 17.00 75.00 0.00 28.00 41.00 2.00 98.00 32.00 40.00 0.00 63.00 100.00 98.00 31.00 88.00 30.00 97.00 85.00 27.00 0.00 71.00
19 0.00 47.00 91.00 89.00 65.00 89.00 12.00 8.00 53.00 57.00 70.00 0.00 43.00 19.00 23.00 24.00 66.00 0.00 94.00 0.00 69.00 0.00 5.00 79.00 0.00 65.00 76.00 63.00 39.00 0.00 46.00 53.00 63.00 50.00 74.00 6.00 66.00 93.00 75.00 17.00 16.00 40.00 57.00 24.00 73.00 61.00 79.00 4.00 81.00 28.00 80.00 0.00 10.00 60.00 0.00 77.00 36.00 88.00 100.00 0.00 0.00 81.00 5.00 46.00 88.00 47.00 0.00 27.00 76.00 83.00 16.00 10.00 37.00 91.00 57.00 26.00 57.00 48.00 0.00 20.00 66.00 24.00 38.00 0.00 59.00 87.00 0.00 54.00 92.00 0.00 80.00 87.00 30.00 29.00 59.00 55.00 81.00 0.00 73.00 91.00
20 0.00 0.00 8.00 46.00 60.00 20.00 0.00 88.00 52.00 48.00 20.00 78.00 0.00 28.00 1.00 0.00 36.00 20.00 25.00 69.00 0.00 39.00 84.00 79.00 57.00 0.00 47.00 98.00 0.00 25.00 0.00 51.00 50.00 87.00 0.00 0.00 51.00 0.00 30.00 68.00 0.00 98.00 42.00 94.00 54.00 31.00 59.00 0.00 5.00 0.00 45.00 36.00 29.00 91.00 41.00 14.00 86.00 47.00 1.00 0.00 0.00 83.00 43.00 44.00 21.00 0.00 19.00 86.00 29.00 14.00 92.00 56.00 26.00 42.00 44.00 9.00 31.00 29.00 19.00 95.00 0.00 52.00 85.00 72.00 0.00 20.00 80.00 57.00 6.00 0.00 7.00 0.00 0.00 64.00 12.00 23.00 10.00 41.00 0.00 18.00
21 7.00 35.00 0.00 69.00 91.00 22.00 75.00 56.00 0.00 43.00 88.00 52.00 59.00 4.00 0.00 37.00 38.00 41.00 0.00 0.00 39.00 0.00 52.00 80.00 31.00 50.00 49.00 86.00 7.00 96.00 68.00 0.00 72.00 41.00 74.00 0.00 2.00 74.00 20.00 45.00 62.00 48.00 69.00 0.00 24.00 59.00 18.00 18.00 0.00 0.00 29.00 12.00 0.00 90.00 59.00 96.00 0.00 46.00 64.00 0.00 35.00 64.00 69.00 68.00 78.00 72.00 57.00 5.00 35.00 67.00 88.00 70.00 96.00 0.00 72.00 80.00 97.00 0.00 0.00 61.00 0.00 9.00 74.00 96.00 78.00 39.00 95.00 47.00 33.00 35.00 0.00 0.00 25.00 6.00 0.00 92.00 0.00 30.00 0.00 0.00
22 0.00 44.00 79.00 55.00 58.00 24.00 23.00 43.00 42.00 10.00 96.00 41.00 64.00 35.00 93.00 96.00 0.00 52.00 4.00 5.00 84.00 52.00 0.00 24.00 77.00 11.00 0.00 60.00 74.00 73.00 37.00 0.00 31.00 80.00 66.00 83.00 71.00 87.00 98.00 72.00 0.00 9.00 82.00 40.00 3.00 51.00 72.00 63.00 53.00 44.00 40.00 0.00 0.00 24.00 0.00 1.00 96.00 15.00 53.00 22.00 0.00 0.00 88.00 79.00 1.00 19.00 12.00 34.00 100.00 1.00 0.00 49.00 0.00 64.00 83.00 0.00 28.00 21.00 0.00 11.00 0.00 35.00 6.00 0.00 0.00 0.00 69.00 30.00 0.00 68.00 74.00 70.00 52.00 8.00 53.00 93.00 0.00 0.00 26.00 1.00
23 39.00 0.00 97.00 31.00 0.00 50.00 56.00 15.00 97.00 0.00 99.00 22.00 31.00 25.00 89.00 0.00 31.00 84.00 0.00 79.00 79.00 80.00 24.00 0.00 54.00 90.00 17.00 93.00 42.00 3.00 48.00 48.00 0.00 24.00 23.00 0.00 67.00 82.00 25.00 25.00 50.00 32.00 29.00 3.00 12.00 76.00 0.00 74.00 95.00 28.00 45.00 65.00 0.00 0.00 0.00 79.00 29.00 37.00 72.00 83.00 89.00 71.00 0.00 98.00 4.00 5.00 21.00 53.00 63.00 5.00 32.00 0.00 1.00 32.00 38.00 93.00 78.00 92.00 0.00 20.00 0.00 64.00 0.00 0.00 18.00 89.00 85.00 12.00 39.00 52.00 61.00 0.00 49.00 83.00 91.00 0.00 0.00 0.00 11.00 15.00
24 81.00 7.00 11.00 11.00 12.00 66.00 68.00 57.00 0.00 51.00 0.00 25.00 0.00 8.00 0.00 0.00 62.00 98.00 93.00 0.00 57.00 31.00 77.00 54.00 0.00 76.00 33.00 0.00 28.00 42.00 12.00 74.00 40.00 3.00 69.00 27.00 0.00 0.00 0.00 0.00 74.00 0.00 15.00 83.00 56.00 4.00 38.00 79.00 79.00 34.00 30.00 0.00 9.00 75.00 38.00 18.00 0.00 100.00 23.00 74.00 22.00 0.00 36.00 59.00 43.00 0.00 92.00 100.00 70.00 94.00 4.00 0.00 0.00 0.00 62.00 15.00 91.00 48.00 0.00 20.00 0.00 0.00 65.00 57.00 74.00 0.00 9.00 74.00 78.00 0.00 14.00 0.00 71.00 100.00 6.00 54.00 34.00 48.00 31.00 74.00
25 19.00 28.00 73.00 28.00 4.00 0.00 6.00 49.00 0.00 48.00 6.00 96.00 0.00 92.00 23.00 0.00 0.00 38.00 78.00 65.00 0.00 50.00 11.00 90.00 76.00 0.00 65.00 7.00 0.00 59.00 59.00 73.00 11.00 1.00 11.00 71.00 38.00 0.00 7.00 52.00 67.00 0.00 100.00 94.00 20.00 94.00 0.00 59.00 79.00 21.00 47.00 21.00 0.00 71.00 2.00 11.00 49.00 4.00 0.00 0.00 89.00 30.00 95.00 0.00 19.00 21.00 82.00 0.00 82.00 0.00 77.00 34.00 58.00 29.00 96.00 39.00 56.00 97.00 6.00 81.00 25.00 0.00 20.00 76.00 4.00 53.00 0.00 82.00 36.00 0.00 73.00 5.00 70.00 88.00 83.00 0.00 2.00 0.00 90.00 0.00
26 0.00 12.00 0.00 0.00 86.00 76.00 84.00 31.00 52.00 3.00 32.00 55.00 33.00 8.00 0.00 97.00 52.00 0.00 94.00 76.00 47.00 49.00 0.00 17.00 33.00 65.00 0.00 0.00 0.00 34.00 0.00 68.00 13.00 0.00 0.00 76.00 0.00 50.00 0.00 82.00 48.00 0.00 0.00 75.00 54.00 0.00 33.00 69.00 30.00 52.00 87.00 82.00 36.00 0.00 13.00 68.00 27.00 5.00 0.00 40.00 42.00 50.00 10.00 1.00 85.00 96.00 16.00 67.00 16.00 0.00 41.00 33.00 89.00 40.00 0.00 22.00 5.00 0.00 31.00 64.00 39.00 28.00 16.00 40.00 0.00 70.00 90.00 0.00 83.00 82.00 72.00 1.00 30.00 82.00 0.00 56.00 41.00 52.00 0.00 0.00
27 0.00 0.00 27.00 0.00 66.00 0.00 66.00 60.00 98.00 64.00 78.00 61.00 26.00 17.00 31.00 4.00 29.00 0.00 75.00 63.00 98.00 86.00 60.00 93.00 0.00 7.00 0.00 0.00 55.00 55.00 36.00 0.00 84.00 34.00 98.00 7.00 99.00 47.00 75.00 0.00 23.00 24.00 66.00 0.00 91.00 52.00 0.00 94.00 21.00 60.00 23.00 0.00 0.00 64.00 45.00 0.00 0.00 56.00 0.00 15.00 77.00 0.00 56.00 72.00 0.00 45.00 45.00 78.00 0.00 0.00 96.00 41.00 18.00 54.00 19.00 0.00 87.00 43.00 58.00 0.00 0.00 14.00 100.00 51.00 0.00 48.00 100.00 90.00 88.00 81.00 28.00 0.00 80.00 0.00 79.00 31.00 80.00 42.00 0.00 99.00
28 91.00 0.00 0.00 29.00 22.00 19.00 0.00 0.00 13.00 0.00 0.00 20.00 74.00 85.00 61.00 15.00 3.00 81.00 24.00 39.00 0.00 7.00 74.00 42.00 28.00 0.00 0.00 55.00 0.00 18.00 95.00 76.00 49.00 78.00 0.00 29.00 88.00 59.00 95.00 20.00 43.00 7.00 43.00 88.00 23.00 81.00 53.00 0.00 70.00 1.00 0.00 72.00 21.00 96.00 10.00 99.00 0.00 44.00 0.00 85.00 0.00 8.00 76.00 0.00 61.00 54.00 98.00 23.00 70.00 57.00 15.00 84.00 0.00 8.00 65.00 0.00 22.00 43.00 0.00 0.00 88.00 74.00 22.00 72.00 23.00 11.00 74.00 1.00 0.00 0.00 68.00 52.00 5.00 78.00 0.00 62.00 27.00 99.00 29.00 76.00
29 0.00 0.00 44.00 21.00 29.00 100.00 0.00 42.00 0.00 86.00 0.00 68.00 85.00 17.00 81.00 0.00 46.00 42.00 0.00 0.00 25.00 96.00 73.00 3.00 42.00 59.00 34.00 55.00 18.00 0.00 62.00 62.00 24.00 74.00 1.00 0.00 0.00 98.00 2.00 58.00 0.00 24.00 73.00 10.00 5.00 63.00 0.00 0.00 0.00 0.00 25.00 0.00 61.00 83.00 64.00 69.00 81.00 32.00 11.00 93.00 42.00 79.00 86.00 85.00 39.00 65.00 94.00 1.00 1.00 66.00 67.00 41.00 0.00 6.00 35.00 76.00 44.00 77.00 38.00 0.00 23.00 8.00 50.00 57.00 19.00 9.00 0.00 0.00 81.00 0.00 29.00 0.00 3.00 55.00 44.00 33.00 0.00 61.00 0.00 0.00
30 64.00 47.00 60.00 86.00 94.00 93.00 75.00 87.00 0.00 0.00 90.00 0.00 72.00 91.00 0.00 0.00 80.00 17.00 58.00 46.00 0.00 68.00 37.00 48.00 12.00 59.00 0.00 36.00 95.00 62.00 0.00 100.00 88.00 66.00 83.00 0.00 67.00 0.00 0.00 0.00 100.00 0.00 77.00 0.00 50.00 28.00 50.00 64.00 0.00 65.00 0.00 0.00 3.00 68.00 74.00 33.00 2.00 95.00 68.00 23.00 0.00 0.00 0.00 0.00 94.00 0.00 72.00 92.00 40.00 41.00 96.00 39.00 57.00 20.00 0.00 0.00 0.00 88.00 92.00 0.00 83.00 35.00 0.00 91.00 79.00 81.00 16.00 20.00 46.00 0.00 13.00 58.00 100.00 0.00 84.00 75.00 67.00 0.00 85.00 0.00
31 81.00 14.00 50.00 66.00 96.00 0.00 0.00 41.00 54.00 0.00 12.00 1.00 89.00 0.00 97.00 30.00 32.00 64.00 83.00 53.00 51.00 0.00 0.00 48.00 74.00 73.00 68.00 0.00 76.00 62.00 100.00 0.00 96.00 88.00 22.00 21.00 10.00 0.00 50.00 66.00 0.00 36.00 87.00 57.00 79.00 0.00 0.00 62.00 60.00 51.00 20.00 61.00 86.00 0.00 8.00 0.00 65.00 0.00 5.00 67.00 93.00 0.00 95.00 0.00 77.00 50.00 13.00 0.00 9.00 0.00 65.00 0.00 94.00 0.00 81.00 79.00 70.00 0.00 25.00 51.00 98.00 46.00 76.00 28.00 70.00 31.00 78.00 11.00 53.00 17.00 0.00 39.00 70.00 25.00 79.00 62.00 0.00 25.00 6.00 12.00
32 89.00 37.00 4.00 9.00 41.00 25.00 83.00 0.00 18.00 88.00 99.00 52.00 0.00 89.00 85.00 0.00 53.00 17.00 33.00 63.00 50.00 72.00 31.00 0.00 40.00 11.00 13.00 84.00 49.00 24.00 88.00 96.00 0.00 40.00 77.00 84.00 63.00 80.00 0.00 0.00 50.00 10.00 0.00 0.00 76.00 0.00 94.00 46.00 7.00 0.00 50.00 0.00 95.00 34.00 0.00 51.00 7.00 10.00 0.00 41.00 95.00 18.00 24.00 21.00 56.00 80.00 32.00 99.00 21.00 0.00 0.00 18.00 0.00 56.00 87.00 0.00 28.00 51.00 0.00 44.00 80.00 45.00 43.00 52.00 85.00 0.00 58.00 3.00 0.00 0.00 12.00 81.00 91.00 30.00 12.00 0.00 0.00 40.00 0.00 31.00
33 61.00 83.00 15.00 73.00 23.00 2.00 34.00 0.00 45.00 46.00 100.00 95.00 0.00 0.00 84.00 99.00 0.00 78.00 0.00 50.00 87.00 41.00 80.00 24.00 3.00 1.00 0.00 34.00 78.00 74.00 66.00 88.00 40.00 0.00 9.00 84.00 32.00 52.00 45.00 27.00 77.00 11.00 61.00 77.00 81.00 3.00 88.00 0.00 0.00 42.00 0.00 20.00 70.00 31.00 82.00 79.00 69.00 0.00 84.00 93.00 34.00 0.00 0.00 70.00 100.00 0.00 40.00 27.00 62.00 19.00 67.00 79.00 92.00 84.00 95.00 52.00 35.00 60.00 0.00 47.00 0.00 82.00 92.00 91.00 5.00 54.00 0.00 0.00 22.00 79.00 56.00 0.00 0.00 44.00 0.00 17.00 89.00 50.00 39.00 0.00
34 33.00 40.00 54.00 0.00 0.00 27.00 79.00 24.00 96.00 49.00 49.00 42.00 45.00 7.00 22.00 33.00 36.00 84.00 94.00 74.00 0.00 74.00 66.00 23.00 69.00 11.00 0.00 98.00 0.00 1.00 83.00 22.00 77.00 9.00 0.00 3.00 0.00 97.00 0.00 50.00 0.00 68.00 46.00 45.00 36.00 22.00 95.00 69.00 0.00 15.00 0.00 52.00 6.00 91.00 16.00 22.00 89.00 46.00 43.00 86.00 0.00 12.00 84.00 37.00 99.00 67.00 65.00 0.00 65.00 91.00 45.00 80.00 93.00 44.00 76.00 1.00 37.00 45.00 98.00 87.00 48.00 0.00 39.00 10.00 0.00 41.00 73.00 0.00 84.00 100.00 81.00 9.00 17.00 86.00 0.00 0.00 0.00 5.00 63.00 3.00
35 0.00 100.00 100.00 77.00 63.00 47.00 50.00 0.00 96.00 68.00 65.00 22.00 83.00 0.00 10.00 58.00 7.00 73.00 17.00 6.00 0.00 0.00 83.00 0.00 27.00 71.00 76.00 7.00 29.00 0.00 0.00 21.00 84.00 84.00 3.00 0.00 0.00 33.00 9.00 46.00 57.00 21.00 28.00 18.00 0.00 20.00 29.00 70.00 0.00 0.00 4.00 88.00 56.00 7.00 64.00 87.00 38.00 30.00 70.00 45.00 82.00 47.00 12.00 82.00 80.00 0.00 29.00 0.00 94.00 53.00 37.00 0.00 94.00 0.00 73.00 47.00 0.00 75.00 19.00 31.00 94.00 55.00 16.00 9.00 87.00 100.00 25.00 0.00 13.00 44.00 10.00 57.00 36.00 0.00 0.00 0.00 95.00 6.00 80.00 0.00
36 0.00 49.00 0.00 88.00 56.00 52.00 51.00 57.00 0.00 33.00 0.00 0.00 0.00 0.00 0.00 27.00 67.00 14.00 85.00 66.00 51.00 2.00 71.00 67.00 0.00 38.00 0.00 99.00 88.00 0.00 67.00 10.00 63.00 32.00 0.00 0.00 0.00 85.00 80.00 81.00 97.00 60.00 0.00 0.00 96.00 60.00 41.00 0.00 38.00 95.00 68.00 90.00 93.00 14.00 12.00 90.00 91.00 76.00 92.00 0.00 0.00 0.00 44.00 40.00 59.00 60.00 72.00 29.00 60.00 8.00 43.00 44.00 30.00 73.00 0.00 20.00 80.00 69.00 65.00 29.00 41.00 0.00 44.00 0.00 6.00 0.00 76.00 36.00 71.00 69.00 48.00 22.00 40.00 93.00 6.00 94.00 27.00 14.00 85.00 61.00
37 8.00 0.00 35.00 23.00 40.00 91.00 84.00 0.00 93.00 74.00 42.00 0.00 0.00 0.00 64.00 0.00 0.00 0.00 60.00 93.00 0.00 74.00 87.00 82.00 0.00 0.00 50.00 47.00 59.00 98.00 0.00 0.00 80.00 52.00 97.00 33.00 85.00 0.00 74.00 39.00 0.00 89.00 44.00 24.00 0.00 67.00 26.00 0.00 48.00 76.00 32.00 88.00 0.00 19.00 0.00 0.00 33.00 47.00 0.00 5.00 54.00 14.00 31.00 11.00 99.00 17.00 80.00 95.00 68.00 0.00 0.00 72.00 28.00 95.00 0.00 17.00 60.00 66.00 80.00 66.00 23.00 0.00 16.00 93.00 73.00 95.00 1.00 16.00 65.00 79.00 53.00 14.00 66.00 45.00 19.00 0.00 86.00 42.00 55.00 6.00
38 0.00 81.00 31.00 0.00 47.00 46.00 98.00 2.00 72.00 79.00 31.00 0.00 16.00 5.00 90.00 0.00 93.00 0.00 0.00 75.00 30.00 20.00 98.00 25.00 0.00 7.00 0.00 75.00 95.00 2.00 0.00 50.00 0.00 45.00 0.00 9.00 80.00 74.00 0.00 25.00 86.00 12.00 0.00 79.00 41.00 0.00 37.00 10.00 0.00 95.00 79.00 0.00 17.00 49.00 23.00 0.00 0.00 55.00 75.00 0.00 0.00 8.00 11.00 0.00 0.00 0.00 14.00 82.00 6.00 73.00 94.00 49.00 0.00 95.00 25.00 28.00 78.00 92.00 0.00 29.00 43.00 14.00 45.00 52.00 20.00 36.00 0.00 41.00 71.00 46.00 0.00 38.00 51.00 47.00 9.00 95.00 15.00 12.00 59.00 9.00
39 99.00 97.00 44.00 14.00 28.00 47.00 27.00 32.00 0.00 0.00 74.00 0.00 16.00 10.00 6.00 63.00 48.00 87.00 80.00 17.00 68.00 45.00 72.00 25.00 0.00 52.00 82.00 0.00 20.00 58.00 0.00 66.00 0.00 27.00 50.00 46.00 81.00 39.00 25.00 0.00 30.00 85.00 33.00 36.00 64.00 65.00 71.00 55.00 0.00 100.00 25.00 13.00 14.00 0.00 74.00 4.00 78.00 85.00 69.00 47.00 1.00 0.00 94.00 92.00 60.00 35.00 0.00 87.00 57.00 90.00 66.00 59.00 83.00 0.00 83.00 23.00 97.00 0.00 91.00 39.00 0.00 78.00 0.00 0.00 89.00 0.00 50.00 22.00 61.00 0.00 95.00 34.00 0.00 10.00 13.00 57.00 21.00 0.00 99.00 85.00
40 5.00 42.00 0.00 82.00 23.00 0.00 90.00 47.00 0.00 50.00 0.00 55.00 0.00 42.00 48.00 72.00 3.00 8.00 16.00 16.00 0.00 62.00 0.00 50.00 74.00 67.00 48.00 23.00 43.00 0.00 100.00 0.00 50.00 77.00 0.00 57.00 97.00 0.00 86.00 30.00 0.00 49.00 76.00 13.00 63.00 28.00 0.00 0.00 82.00 55.00 0.00 49.00 63.00 33.00 25.00 88.00 61.00 0.00 75.00 82.00 40.00 0.00 98.00 56.00 0.00 76.00 0.00 29.00 100.00 38.00 8.00 0.00 33.00 70.00 78.00 28.00 0.00 89.00 49.00 0.00 34.00 75.00 35.00 96.00 0.00 31.00 40.00 68.00 54.00 0.00 61.00 9.00 0.00 36.00 0.00 67.00 0.00 68.00 33.00 0.00
41 93.00 85.00 0.00 33.00 44.00 26.00 67.00 56.00 0.00 99.00 0.00 33.00 21.00 94.00 44.00 0.00 0.00 0.00 26.00 40.00 98.00 48.00 9.00 32.00 0.00 0.00 0.00 24.00 7.00 24.00 0.00 36.00 10.00 11.00 68.00 21.00 60.00 89.00 12.00 85.00 49.00 0.00 22.00 17.00 93.00 0.00 35.00 72.00 92.00 0.00 47.00 38.00 32.00 73.00 45.00 94.00 24.00 56.00 4.00 34.00 5.00 68.00 58.00 86.00 13.00 0.00 95.00 49.00 3.00 8.00 75.00 59.00 96.00 2.00 81.00 38.00 13.00 0.00 84.00 34.00 0.00 63.00 26.00 0.00 6.00 81.00 1.00 24.00 97.00 20.00 41.00 91.00 10.00 3.00 83.00 57.00 33.00 0.00 63.00 34.00
42 0.00 8.00 80.00 0.00 0.00 0.00 18.00 28.00 17.00 43.00 98.00 46.00 11.00 0.00 92.00 12.00 62.00 54.00 34.00 57.00 42.00 69.00 82.00 29.00 15.00 100.00 0.00 66.00 43.00 73.00 77.00 87.00 0.00 61.00 46.00 28.00 0.00 44.00 0.00 33.00 76.00 22.00 0.00 32.00 78.00 62.00 89.00 0.00 83.00 26.00 24.00 5.00 93.00 7.00 70.00 87.00 38.00 33.00 0.00 0.00 42.00 99.00 0.00 6.00 76.00 49.00 26.00 0.00 45.00 46.00 0.00 39.00 0.00 68.00 0.00 91.00 93.00 15.00 89.00 81.00 0.00 57.00 72.00 99.00 82.00 58.00 67.00 0.00 98.00 69.00 10.00 35.00 38.00 33.00 55.00 87.00 28.00 0.00 75.00 48.00
43 57.00 40.00 43.00 37.00 89.00 54.00 54.00 24.00 51.00 59.00 0.00 92.00 68.00 91.00 17.00 0.00 2.00 100.00 72.00 24.00 94.00 0.00 40.00 3.00 83.00 94.00 75.00 0.00 88.00 10.00 0.00 57.00 0.00 77.00 45.00 18.00 0.00 24.00 79.00 36.00 13.00 17.00 32.00 0.00 26.00 63.00 78.00 69.00 51.00 0.00 63.00 83.00 93.00 35.00 56.00 42.00 82.00 46.00 96.00 20.00 31.00 2.00 5.00 0.00 0.00 74.00 0.00 18.00 19.00 92.00 43.00 92.00 30.00 53.00 53.00 100.00 69.00 11.00 33.00 74.00 97.00 56.00 5.00 55.00 0.00 53.00 0.00 65.00 95.00 64.00 15.00 84.00 69.00 93.00 0.00 0.00 82.00 1.00 85.00 1.00
44 79.00 100.00 31.00 39.00 23.00 100.00 49.00 0.00 55.00 0.00 81.00 28.00 0.00 44.00 0.00 47.00 49.00 100.00 0.00 73.00 54.00 24.00 3.00 12.00 56.00 20.00 54.00 91.00 23.00 5.00 50.00 79.00 76.00 81.00 36.00 0.00 96.00 0.00 41.00 64.00 63.00 93.00 78.00 26.00 0.00 0.00 91.00 53.00 86.00 19.00 85.00 19.00 0.00 0.00 56.00 9.00 84.00 9.00 0.00 1.00 0.00 26.00 70.00 36.00 66.00 79.00 23.00 5.00 50.00 93.00 0.00 84.00 5.00 0.00 65.00 2.00 20.00 68.00 0.00 0.00 7.00 96.00 26.00 60.00 74.00 61.00 15.00 37.00 85.00 74.00 12.00 79.00 48.00 47.00 27.00 0.00 95.00 0.00 11.00 0.00
45 84.00 0.00 54.00 26.00 46.00 16.00 19.00 12.00 79.00 50.00 19.00 0.00 15.00 0.00 58.00 86.00 44.00 93.00 62.00 61.00 31.00 59.00 51.00 76.00 4.00 94.00 0.00 52.00 81.00 63.00 28.00 0.00 0.00 3.00 22.00 20.00 60.00 67.00 0.00 65.00 28.00 0.00 62.00 63.00 0.00 0.00 46.00 62.00 85.00 23.00 0.00 79.00 59.00 77.00 73.00 21.00 64.00 67.00 0.00 50.00 47.00 53.00 78.00 29.00 17.00 59.00 0.00 57.00 84.00 0.00 100.00 0.00 83.00 45.00 13.00 77.00 6.00 49.00 10.00 33.00 0.00 46.00 0.00 0.00 0.00 42.00 0.00 61.00 7.00 13.00 11.00 0.00 0.00 0.00 37.00 83.00 47.00 0.00 57.00 0.00
46 6.00 0.00 17.00 86.00 83.00 10.00 79.00 14.00 86.00 0.00 1.00 0.00 0.00 57.00 54.00 59.00 4.00 78.00 61.00 79.00 59.00 18.00 72.00 0.00 38.00 0.00 33.00 0.00 53.00 0.00 50.00 0.00 94.00 88.00 95.00 29.00 41.00 26.00 37.00 71.00 0.00 35.00 89.00 78.00 91.00 46.00 0.00 55.00 7.00 59.00 16.00 4.00 36.00 87.00 85.00 0.00 79.00 96.00 6.00 20.00 57.00 21.00 0.00 62.00 23.00 0.00 50.00 69.00 64.00 84.00 3.00 58.00 27.00 64.00 54.00 87.00 0.00 6.00 79.00 43.00 67.00 80.00 0.00 0.00 1.00 33.00 81.00 25.00 75.00 18.00 40.00 82.00 40.00 26.00 40.00 40.00 64.00 41.00 51.00 0.00
47 0.00 0.00 21.00 23.00 50.00 37.00 0.00 40.00 2.00 8.00 43.00 0.00 68.00 0.00 13.00 47.00 0.00 35.00 43.00 4.00 0.00 18.00 63.00 74.00 79.00 59.00 69.00 94.00 0.00 0.00 64.00 62.00 46.00 0.00 69.00 70.00 0.00 0.00 10.00 55.00 0.00 72.00 0.00 69.00 53.00 62.00 55.00 0.00 93.00 0.00 38.00 46.00 14.00 54.00 36.00 0.00 68.00 73.00 0.00 70.00 94.00 39.00 52.00 37.00 0.00 0.00 88.00 26.00 14.00 27.00 0.00 44.00 17.00 2.00 0.00 48.00 71.00 0.00 0.00 5.00 54.00 60.00 35.00 4.00 0.00 7.00 100.00 1.00 92.00 0.00 90.00 6.00 17.00 79.00 15.00 96.00 19.00 28.00 50.00 55.00
48 0.00 0.00 44.00 28.00 27.00 94.00 49.00 0.00 0.00 96.00 92.00 35.00 31.00 25.00 30.00 65.00 47.00 41.00 0.00 81.00 5.00 0.00 53.00 95.00 79.00 79.00 30.00 21.00 70.00 0.00 0.00 60.00 7.00 0.00 0.00 0.00 38.00 48.00 0.00 0.00 82.00 92.00 83.00 51.00 86.00 85.00 7.00 93.00 0.00 91.00 20.00 99.00 4.00 96.00 0.00 0.00 10.00 45.00 27.00 98.00 43.00 4.00 82.00 0.00 85.00 22.00 0.00 89.00 34.00 70.00 10.00 9.00 33.00 47.00 91.00 81.00 0.00 10.00 98.00 49.00 41.00 0.00 1.00 79.00 0.00 73.00 0.00 86.00 86.00 68.00 52.00 0.00 66.00 60.00 0.00 2.00 80.00 94.00 17.00 57.00
49 10.00 72.00 66.00 70.00 71.00 95.00 75.00 69.00 28.00 0.00 98.00 20.00 0.00 0.00 0.00 53.00 34.00 0.00 78.00 28.00 0.00 0.00 44.00 28.00 34.00 21.00 52.00 60.00 1.00 0.00 65.00 51.00 0.00 42.00 15.00 0.00 95.00 76.00 95.00 100.00 55.00 0.00 26.00 0.00 19.00 23.00 59.00 0.00 91.00 0.00 0.00 0.00 0.00 0.00 86.00 75.00 87.00 37.00 34.00 0.00 62.00 0.00 17.00 10.00 92.00 8.00 43.00 0.00 30.00 17.00 46.00 3.00 19.00 0.00 15.00 0.00 98.00 29.00 0.00 48.00 86.00 33.00 38.00 62.00 47.00 16.00 88.00 0.00 0.00 0.00 54.00 9.00 61.00 0.00 98.00 63.00 73.00 12.00 0.00 84.00
50 43.00 0.00 75.00 0.00 0.00 0.00 0.00 86.00 0.00 74.00 0.00 98.00 83.00 0.00 5.00 80.00 0.00 78.00 0.00 80.00 45.00 29.00 40.00 45.00 30.00 47.00 87.00 23.00 0.00 25.00 0.00 20.00 50.00 0.00 0.00 4.00 68.00 32.00 79.00 25.00 0.00 47.00 24.00 63.00 85.00 0.00 16.00 38.00 20.00 0.00 0.00 1.00 48.00 7.00 70.00 79.00 43.00 6.00 79.00 94.00 58.00 63.00 16.00 0.00 0.00 0.00 47.00 94.00 0.00 87.00 43.00 80.00 51.00 100.00 0.00 82.00 72.00 0.00 82.00 55.00 27.00 93.00 17.00 0.00 28.00 96.00 69.00 0.00 99.00 51.00 64.00 45.00 0.00 60.00 87.00 26.00 0.00 2.00 0.00 0.00
51 59.00 13.00 0.00 34.00 15.00 0.00 47.00 0.00 35.00 90.00 56.00 48.00 19.00 87.00 28.00 83.00 36.00 0.00 0.00 0.00 36.00 12.00 0.00 65.00 0.00 21.00 82.00 0.00 72.00 0.00 0.00 61.00 0.00 20.00 52.00 88.00 90.00 88.00 0.00 13.00 49.00 38.00 5.00 83.00 19.00 79.00 4.00 46.00 99.00 0.00 1.00 0.00 25.00 49.00 34.00 0.00 86.00 0.00 47.00 50.00 82.00 22.00 46.00 11.00 0.00 62.00 0.00 85.00 78.00 66.00 52.00 0.00 66.00 16.00 39.00 48.00 73.00 0.00 71.00 69.00 18.00 63.00 0.00 35.00 7.00 52.00 13.00 83.00 87.00 43.00 75.00 13.00 58.00 64.00 0.00 89.00 65.00 83.00 0.00 0.00
52 76.00 7.00 30.00 30.00 0.00 67.00 62.00 64.00 0.00 9.00 0.00 15.00 13.00 61.00 77.00 0.00 19.00 0.00 98.00 10.00 29.00 0.00 0.00 0.00 9.00 0.00 36.00 0.00 21.00 61.00 3.00 86.00 95.00 70.00 6.00 56.00 93.00 0.00 17.00 14.00 63.00 32.00 93.00 93.00 0.00 59.00 36.00 14.00 4.00 0.00 48.00 25.00 0.00 80.00 61.00 0.00 0.00 36.00 5.00 52.00 64.00 0.00 34.00 44.00 0.00 62.00 72.00 8.00 0.00 91.00 88.00 9.00 31.00 98.00 46.00 92.00 32.00 43.00 0.00 85.00 0.00 65.00 20.00 51.00 52.00 42.00 94.00 17.00 1.00 21.00 89.00 0.00 0.00 44.00 0.00 63.00 48.00 25.00 0.00 10.00
53 88.00 93.00 28.00 60.00 40.00 9.00 72.00 97.00 72.00 20.00 58.00 85.00 77.00 90.00 27.00 49.00 59.00 0.00 0.00 60.00 91.00 90.00 24.00 0.00 75.00 71.00 0.00 64.00 96.00 83.00 68.00 0.00 34.00 31.00 91.00 7.00 14.00 19.00 49.00 0.00 33.00 73.00 7.00 35.00 0.00 77.00 87.00 54.00 96.00 0.00 7.00 49.00 80.00 0.00 0.00 33.00 0.00 80.00 0.00 0.00 0.00 0.00 31.00 96.00 46.00 14.00 0.00 0.00 40.00 45.00 0.00 4.00 46.00 6.00 97.00 0.00 29.00 0.00 91.00 51.00 2.00 95.00 7.00 7.00 81.00 34.00 18.00 21.00 93.00 0.00 37.00 10.00 0.00 0.00 65.00 0.00 81.00 79.00 89.00 70.00
54 0.00 37.00 0.00 70.00 88.00 36.00 40.00 0.00 4.00 31.00 67.00 76.00 38.00 0.00 69.00 56.00 0.00 4.00 34.00 0.00 41.00 59.00 0.00 0.00 38.00 2.00 13.00 45.00 10.00 64.00 74.00 8.00 0.00 82.00 16.00 64.00 12.00 0.00 23.00 74.00 25.00 45.00 70.00 56.00 56.00 73.00 85.00 36.00 0.00 86.00 70.00 34.00 61.00 0.00 0.00 28.00 0.00 40.00 54.00 9.00 88.00 0.00 25.00 56.00 30.00 94.00 35.00 18.00 0.00 93.00 71.00 0.00 0.00 0.00 0.00 0.00 68.00 91.00 23.00 53.00 0.00 99.00 47.00 60.00 19.00 12.00 19.00 56.00 43.00 0.00 99.00 0.00 85.00 48.00 0.00 57.00 37.00 38.00 29.00 93.00
55 12.00 17.00 22.00 41.00 74.00 77.00 31.00 0.00 16.00 85.00 90.00 1.00 83.00 84.00 0.00 55.00 0.00 59.00 71.00 77.00 14.00 96.00 1.00 79.00 18.00 11.00 68.00 0.00 99.00 69.00 33.00 0.00 51.00 79.00 22.00 87.00 90.00 0.00 0.00 4.00 88.00 94.00 87.00 42.00 9.00 21.00 0.00 0.00 0.00 75.00 79.00 0.00 0.00 33.00 28.00 0.00 38.00 53.00 54.00 6.00 79.00 0.00 0.00 68.00 34.00 29.00 14.00 50.00 63.00 0.00 8.00 92.00 32.00 0.00 93.00 0.00 0.00 89.00 48.00 0.00 68.00 93.00 0.00 55.00 0.00 14.00 0.00 2.00 68.00 21.00 95.00 89.00 76.00 100.00 0.00 78.00 0.00 0.00 91.00 74.00
56 0.00 0.00 56.00 12.00 5.00 97.00 0.00 88.00 0.00 0.00 59.00 92.00 71.00 0.00 11.00 0.00 84.00 61.00 81.00 36.00 86.00 0.00 96.00 29.00 0.00 49.00 27.00 0.00 0.00 81.00 2.00 65.00 7.00 69.00 89.00 38.00 91.00 33.00 0.00 78.00 61.00 24.00 38.00 82.00 84.00 64.00 79.00 68.00 10.00 87.00 43.00 86.00 0.00 0.00 0.00 38.00 0.00 47.00 67.00 69.00 41.00 3.00 55.00 0.00 75.00 96.00 28.00 52.00 96.00 36.00 2.00 0.00 0.00 0.00 50.00 43.00 0.00 38.00 0.00 0.00 0.00 0.00 24.00 94.00 67.00 0.00 0.00 61.00 0.00 20.00 22.00 84.00 66.00 42.00 80.00 0.00 3.00 29.00 0.00 100.00
57 70.00 55.00 0.00 10.00 6.00 0.00 26.00 54.00 47.00 66.00 0.00 36.00 0.00 8.00 90.00 0.00 62.00 0.00 69.00 88.00 47.00 46.00 15.00 37.00 100.00 4.00 5.00 56.00 44.00 32.00 95.00 0.00 10.00 0.00 46.00 30.00 76.00 47.00 55.00 85.00 0.00 56.00 33.00 46.00 9.00 67.00 96.00 73.00 45.00 37.00 6.00 0.00 36.00 80.00 40.00 53.00 47.00 0.00 86.00 0.00 81.00 58.00 90.00 89.00 51.00 64.00 62.00 67.00 100.00 0.00 61.00 19.00 3.00 4.00 61.00 58.00 0.00 43.00 5.00 74.00 91.00 65.00 40.00 88.00 54.00 39.00 24.00 56.00 67.00 62.00 21.00 53.00 68.00 97.00 75.00 3.00 39.00 53.00 21.00 23.00
58 83.00 17.00 63.00 49.00 42.00 76.00 0.00 64.00 46.00 43.00 85.00 51.00 67.00 0.00 41.00 81.00 89.00 0.00 71.00 100.00 1.00 64.00 53.00 72.00 23.00 0.00 0.00 0.00 0.00 11.00 68.00 5.00 0.00 84.00 43.00 70.00 92.00 0.00 75.00 69.00 75.00 4.00 0.00 96.00 0.00 0.00 6.00 0.00 27.00 34.00 79.00 47.00 5.00 0.00 54.00 54.00 67.00 86.00 0.00 26.00 46.00 1.00 40.00 30.00 86.00 25.00 46.00 84.00 69.00 63.00 0.00 23.00 0.00 0.00 28.00 35.00 78.00 96.00 45.00 60.00 0.00 9.00 0.00 30.00 0.00 47.00 0.00 98.00 0.00 97.00 0.00 83.00 57.00 85.00 0.00 0.00 96.00 62.00 94.00 44.00
59 40.00 7.00 19.00 32.00 52.00 31.00 0.00 40.00 40.00 0.00 2.00 0.00 42.00 56.00 87.00 51.00 0.00 0.00 0.00 0.00 0.00 0.00 22.00 83.00 74.00 0.00 40.00 15.00 85.00 93.00 23.00 67.00 41.00 93.00 86.00 45.00 0.00 5.00 0.00 47.00 82.00 34.00 0.00 20.00 1.00 50.00 20.00 70.00 98.00 0.00 94.00 50.00 52.00 0.00 9.00 6.00 69.00 0.00 26.00 0.00 49.00 89.00 0.00 90.00 72.00 23.00 34.00 47.00 0.00 81.00 72.00 70.00 80.00 70.00 31.00 84.00 0.00 80.00 72.00 45.00 54.00 37.00 74.00 12.00 29.00 0.00 28.00 75.00 0.00 6.00 0.00 32.00 68.00 49.00 58.00 19.00 94.00 0.00 51.00 72.00
60 0.00 0.00 68.00 77.00 9.00 0.00 72.00 0.00 81.00 60.00 61.00 95.00 0.00 32.00 0.00 77.00 88.00 8.00 5.00 0.00 0.00 35.00 0.00 89.00 22.00 89.00 42.00 77.00 0.00 42.00 0.00 93.00 95.00 34.00 0.00 82.00 0.00 54.00 0.00 1.00 40.00 5.00 42.00 31.00 0.00 47.00 57.00 94.00 43.00 62.00 58.00 82.00 64.00 0.00 88.00 79.00 41.00 81.00 46.00 49.00 0.00 0.00 84.00 0.00 33.00 0.00 2.00 66.00 31.00 48.00 41.00 75.00 73.00 29.00 0.00 0.00 75.00 12.00 0.00 9.00 18.00 96.00 55.00 28.00 80.00 0.00 84.00 78.00 24.00 9.00 0.00 95.00 0.00 2.00 70.00 5.00 0.00 39.00 84.00 82.00
61 0.00 2.00 33.00 20.00 24.00 90.00 17.00 12.00 12.00 96.00 18.00 79.00 52.00 27.00 0.00 39.00 0.00 80.00 62.00 81.00 83.00 64.00 0.00 71.00 0.00 30.00 50.00 0.00 8.00 79.00 0.00 0.00 18.00 0.00 12.00 47.00 0.00 14.00 8.00 0.00 0.00 68.00 99.00 2.00 26.00 53.00 21.00 39.00 4.00 0.00 63.00 22.00 0.00 0.00 0.00 0.00 3.00 58.00 1.00 89.00 0.00 0.00 40.00 29.00 48.00 29.00 12.00 0.00 34.00 38.00 56.00 74.00 69.00 76.00 55.00 0.00 20.00 0.00 73.00 0.00 25.00 91.00 0.00 49.00 50.00 0.00 0.00 37.00 60.00 89.00 51.00 82.00 59.00 16.00 0.00 30.00 21.00 32.00 11.00 20.00
62 0.00 59.00 70.00 0.00 77.00 28.00 10.00 47.00 36.00 30.00 61.00 29.00 48.00 67.00 99.00 4.00 27.00 0.00 63.00 5.00 43.00 69.00 88.00 0.00 36.00 95.00 10.00 56.00 76.00 86.00 0.00 95.00 24.00 0.00 84.00 12.00 44.00 31.00 11.00 94.00 98.00 58.00 0.00 5.00 70.00 78.00 0.00 52.00 82.00 17.00 16.00 46.00 34.00 31.00 25.00 0.00 55.00 90.00 40.00 0.00 84.00 40.00 0.00 79.00 81.00 67.00 0.00 0.00 0.00 0.00 60.00 0.00 60.00 36.00 0.00 9.00 67.00 79.00 39.00 42.00 23.00 91.00 72.00 82.00 0.00 88.00 70.00 19.00 41.00 20.00 68.00 74.00 42.00 16.00 74.00 0.00 13.00 4.00 87.00 19.00
63 89.00 23.00 16.00 52.00 96.00 50.00 31.00 0.00 1.00 0.00 65.00 75.00 28.00 0.00 10.00 25.00 65.00 89.00 57.00 46.00 44.00 68.00 79.00 98.00 59.00 0.00 1.00 72.00 0.00 85.00 0.00 0.00 21.00 70.00 37.00 82.00 40.00 11.00 0.00 92.00 56.00 86.00 6.00 0.00 36.00 29.00 62.00 37.00 0.00 10.00 0.00 11.00 44.00 96.00 56.00 68.00 0.00 89.00 30.00 90.00 0.00 29.00 79.00 0.00 0.00 5.00 14.00 0.00 44.00 75.00 0.00 98.00 66.00 0.00 59.00 83.00 31.00 36.00 59.00 71.00 41.00 66.00 64.00 0.00 17.00 64.00 75.00 66.00 79.00 75.00 0.00 61.00 0.00 77.00 51.00 79.00 3.00 100.00 85.00 59.00
64 45.00 47.00 10.00 0.00 1.00 68.00 58.00 100.00 95.00 0.00 0.00 0.00 66.00 83.00 72.00 47.00 40.00 81.00 24.00 88.00 21.00 78.00 1.00 4.00 43.00 19.00 85.00 0.00 61.00 39.00 94.00 77.00 56.00 100.00 99.00 80.00 59.00 99.00 0.00 60.00 0.00 13.00 76.00 0.00 66.00 17.00 23.00 0.00 85.00 92.00 0.00 0.00 0.00 46.00 30.00 34.00 75.00 51.00 86.00 72.00 33.00 48.00 81.00 0.00 0.00 13.00 96.00 93.00 10.00 31.00 81.00 27.00 17.00 6.00 67.00 15.00 1.00 49.00 98.00 43.00 71.00 53.00 4.00 0.00 19.00 25.00 26.00 0.00 92.00 0.00 0.00 88.00 69.00 53.00 46.00 93.00 95.00 23.00 62.00 87.00
65 85.00 0.00 23.00 7.00 81.00 70.00 67.00 5.00 59.00 18.00 30.00 0.00 53.00 56.00 48.00 10.00 78.00 0.00 0.00 47.00 0.00 72.00 19.00 5.00 0.00 21.00 96.00 45.00 54.00 65.00 0.00 50.00 80.00 0.00 67.00 0.00 60.00 17.00 0.00 35.00 76.00 0.00 49.00 74.00 79.00 59.00 0.00 0.00 22.00 8.00 0.00 62.00 62.00 14.00 94.00 29.00 96.00 64.00 25.00 23.00 0.00 29.00 67.00 5.00 13.00 0.00 0.00 49.00 60.00 35.00 98.00 82.00 0.00 0.00 85.00 3.00 99.00 30.00 14.00 47.00 0.00 0.00 0.00 64.00 0.00 44.00 43.00 79.00 87.00 90.00 87.00 39.00 86.00 0.00 43.00 0.00 38.00 58.00 81.00 0.00
66 0.00 100.00 17.00 92.00 1.00 10.00 90.00 87.00 75.00 36.00 56.00 0.00 88.00 16.00 72.00 52.00 13.00 23.00 0.00 0.00 19.00 57.00 12.00 21.00 92.00 82.00 16.00 45.00 98.00 94.00 72.00 13.00 32.00 40.00 65.00 29.00 72.00 80.00 14.00 0.00 0.00 95.00 26.00 0.00 23.00 0.00 50.00 88.00 0.00 43.00 47.00 0.00 72.00 0.00 35.00 14.00 28.00 62.00 46.00 34.00 2.00 12.00 0.00 14.00 96.00 0.00 0.00 92.00 83.00 90.00 16.00 15.00 63.00 13.00 0.00 98.00 33.00 0.00 16.00 11.00 61.00 0.00 21.00 0.00 0.00 75.00 0.00 0.00 9.00 0.00 67.00 0.00 63.00 53.00 97.00 0.00 52.00 78.00 30.00 0.00
67 2.00 51.00 52.00 15.00 52.00 21.00 82.00 91.00 12.00 21.00 0.00 0.00 94.00 10.00 77.00 85.00 76.00 0.00 48.00 27.00 86.00 5.00 34.00 53.00 100.00 0.00 67.00 78.00 23.00 1.00 92.00 0.00 99.00 27.00 0.00 0.00 29.00 95.00 82.00 87.00 29.00 49.00 0.00 18.00 5.00 57.00 69.00 26.00 89.00 0.00 94.00 85.00 8.00 0.00 18.00 50.00 52.00 67.00 84.00 47.00 66.00 0.00 0.00 0.00 93.00 49.00 92.00 0.00 0.00 58.00 0.00 0.00 29.00 3.00 17.00 95.00 0.00 96.00 7.00 0.00 0.00 61.00 24.00 82.00 85.00 41.00 90.00 12.00 0.00 70.00 80.00 84.00 0.00 0.00 42.00 45.00 1.00 40.00 41.00 68.00
68 0.00 72.00 54.00 39.00 0.00 43.00 14.00 75.00 44.00 15.00 30.00 0.00 25.00 35.00 73.00 83.00 86.00 82.00 23.00 76.00 29.00 35.00 100.00 63.00 70.00 82.00 16.00 0.00 70.00 1.00 40.00 9.00 21.00 62.00 65.00 94.00 60.00 68.00 6.00 57.00 100.00 3.00 45.00 19.00 50.00 84.00 64.00 14.00 34.00 30.00 0.00 78.00 0.00 40.00 0.00 63.00 96.00 100.00 69.00 0.00 31.00 34.00 0.00 44.00 10.00 60.00 83.00 0.00 0.00 86.00 0.00 0.00 0.00 6.00 54.00 29.00 0.00 0.00 63.00 87.00 33.00 38.00 97.00 93.00 33.00 43.00 30.00 14.00 24.00 25.00 62.00 14.00 91.00 59.00 0.00 19.00 75.00 0.00 31.00 26.00
69 0.00 0.00 5.00 21.00 40.00 33.00 39.00 50.00 77.00 0.00 47.00 39.00 18.00 0.00 11.00 32.00 15.00 49.00 55.00 83.00 14.00 67.00 1.00 5.00 94.00 0.00 0.00 0.00 57.00 66.00 41.00 0.00 0.00 19.00 91.00 53.00 8.00 0.00 73.00 90.00 38.00 8.00 46.00 92.00 93.00 0.00 84.00 27.00 70.00 17.00 87.00 66.00 91.00 45.00 93.00 0.00 36.00 0.00 63.00 81.00 48.00 38.00 0.00 75.00 31.00 35.00 90.00 58.00 86.00 0.00 98.00 17.00 68.00 8.00 27.00 52.00 0.00 77.00 87.00 0.00 40.00 77.00 76.00 35.00 49.00 0.00 48.00 0.00 32.00 50.00 21.00 10.00 96.00 44.00 88.00 46.00 87.00 34.00 87.00 0.00
70 74.00 47.00 70.00 90.00 89.00 20.00 0.00 49.00 32.00 59.00 28.00 0.00 43.00 40.00 0.00 36.00 66.00 15.00 40.00 16.00 92.00 88.00 0.00 32.00 4.00 77.00 41.00 96.00 15.00 67.00 96.00 65.00 0.00 67.00 45.00 37.00 43.00 0.00 94.00 66.00 8.00 75.00 0.00 43.00 0.00 100.00 3.00 0.00 10.00 46.00 43.00 52.00 88.00 0.00 71.00 8.00 2.00 61.00 0.00 72.00 41.00 56.00 60.00 0.00 81.00 98.00 16.00 0.00 0.00 98.00 0.00 96.00 18.00 0.00 83.00 35.00 3.00 0.00 41.00 75.00 24.00 12.00 53.00 0.00 19.00 0.00 25.00 68.00 0.00 100.00 57.00 20.00 0.00 25.00 72.00 0.00 36.00 25.00 78.00 58.00
71 68.00 56.00 52.00 5.00 77.00 65.00 26.00 26.00 24.00 9.00 91.00 62.00 65.00 49.00 0.00 38.00 21.00 22.00 51.00 10.00 56.00 70.00 49.00 0.00 0.00 34.00 33.00 41.00 84.00 41.00 39.00 0.00 18.00 79.00 80.00 0.00 44.00 72.00 49.00 59.00 0.00 59.00 39.00 92.00 84.00 0.00 58.00 44.00 9.00 3.00 80.00 0.00 9.00 4.00 0.00 92.00 0.00 19.00 23.00 70.00 75.00 74.00 0.00 98.00 27.00 82.00 15.00 0.00 0.00 17.00 96.00 0.00 83.00 62.00 40.00 73.00 37.00 6.00 98.00 0.00 20.00 92.00 15.00 0.00 8.00 0.00 86.00 0.00 88.00 69.00 0.00 40.00 74.00 68.00 26.00 70.00 72.00 20.00 0.00 0.00
72 88.00 92.00 48.00 70.00 70.00 49.00 26.00 0.00 72.00 74.00 85.00 79.00 67.00 62.00 70.00 30.00 0.00 0.00 70.00 37.00 26.00 96.00 0.00 1.00 0.00 58.00 89.00 18.00 0.00 0.00 57.00 94.00 0.00 92.00 93.00 94.00 30.00 28.00 0.00 83.00 33.00 96.00 0.00 30.00 5.00 83.00 27.00 17.00 33.00 19.00 51.00 66.00 31.00 46.00 0.00 32.00 0.00 3.00 0.00 80.00 73.00 69.00 60.00 66.00 17.00 0.00 63.00 29.00 0.00 68.00 18.00 83.00 0.00 18.00 26.00 82.00 47.00 55.00 44.00 35.00 0.00 89.00 55.00 8.00 46.00 0.00 0.00 25.00 16.00 62.00 36.00 0.00 0.00 0.00 97.00 0.00 38.00 73.00 58.00 0.00
73 90.00 86.00 83.00 92.00 30.00 84.00 0.00 99.00 40.00 0.00 86.00 15.00 19.00 50.00 18.00 53.00 0.00 63.00 43.00 91.00 42.00 0.00 64.00 32.00 0.00 29.00 40.00 54.00 8.00 6.00 20.00 0.00 56.00 84.00 44.00 0.00 73.00 95.00 95.00 0.00 70.00 2.00 68.00 53.00 0.00 45.00 64.00 2.00 47.00 0.00 100.00 16.00 98.00 6.00 0.00 0.00 0.00 4.00 0.00 70.00 29.00 76.00 36.00 0.00 6.00 0.00 13.00 3.00 6.00 8.00 0.00 62.00 18.00 0.00 38.00 0.00 0.00 0.00 0.00 97.00 53.00 74.00 93.00 0.00 39.00 81.00 84.00 0.00 0.00 0.00 5.00 91.00 28.00 4.00 64.00 95.00 11.00 18.00 79.00 59.00
74 22.00 0.00 16.00 96.00 23.00 0.00 0.00 39.00 0.00 71.00 0.00 98.00 0.00 41.00 0.00 18.00 48.00 80.00 0.00 57.00 44.00 72.00 83.00 38.00 62.00 96.00 0.00 19.00 65.00 35.00 0.00 81.00 87.00 95.00 76.00 73.00 0.00 0.00 25.00 83.00 78.00 81.00 0.00 53.00 65.00 13.00 54.00 0.00 91.00 15.00 0.00 39.00 46.00 97.00 0.00 93.00 50.00 61.00 28.00 31.00 0.00 55.00 0.00 59.00 67.00 85.00 0.00 17.00 54.00 27.00 83.00 40.00 26.00 38.00 0.00 86.00 0.00 17.00 80.00 43.00 50.00 43.00 71.00 0.00 80.00 0.00 0.00 0.00 27.00 20.00 10.00 7.00 0.00 0.00 85.00 78.00 2.00 36.00 34.00 0.00
75 37.00 29.00 36.00 0.00 14.00 29.00 0.00 28.00 67.00 8.00 89.00 89.00 10.00 92.00 20.00 66.00 88.00 33.00 2.00 26.00 9.00 80.00 0.00 93.00 15.00 39.00 22.00 0.00 0.00 76.00 0.00 79.00 0.00 52.00 1.00 47.00 20.00 17.00 28.00 23.00 28.00 38.00 91.00 100.00 2.00 77.00 87.00 48.00 81.00 0.00 82.00 48.00 92.00 0.00 0.00 0.00 43.00 58.00 35.00 84.00 0.00 0.00 9.00 83.00 15.00 3.00 98.00 95.00 29.00 52.00 35.00 73.00 82.00 0.00 86.00 0.00 11.00 73.00 8.00 97.00 56.00 47.00 0.00 54.00 0.00 95.00 0.00 25.00 45.00 58.00 31.00 71.00 52.00 93.00 7.00 82.00 13.00 9.00 0.00 33.00
76 0.00 0.00 0.00 17.00 0.00 4.00 0.00 94.00 53.00 43.00 32.00 0.00 0.00 3.00 32.00 90.00 47.00 21.00 44.00 57.00 31.00 97.00 28.00 78.00 91.00 56.00 5.00 87.00 22.00 44.00 0.00 70.00 28.00 35.00 37.00 0.00 80.00 60.00 78.00 97.00 0.00 13.00 93.00 69.00 20.00 6.00 0.00 71.00 0.00 98.00 72.00 73.00 32.00 29.00 68.00 0.00 0.00 0.00 78.00 0.00 75.00 20.00 67.00 31.00 1.00 99.00 33.00 0.00 0.00 0.00 3.00 37.00 47.00 0.00 0.00 11.00 0.00 65.00 71.00 39.00 100.00 0.00 0.00 0.00 64.00 56.00 61.00 10.00 88.00 24.00 49.00 17.00 0.00 47.00 0.00 28.00 0.00 46.00 1.00 82.00
77 23.00 0.00 87.00 3.00 5.00 65.00 14.00 0.00 32.00 97.00 16.00 0.00 4.00 48.00 70.00 76.00 0.00 0.00 20.00 48.00 29.00 0.00 21.00 92.00 48.00 97.00 0.00 43.00 43.00 77.00 88.00 0.00 51.00 60.00 45.00 75.00 69.00 66.00 92.00 0.00 89.00 0.00 15.00 11.00 68.00 49.00 6.00 0.00 10.00 29.00 0.00 0.00 43.00 0.00 91.00 89.00 38.00 43.00 96.00 80.00 12.00 0.00 79.00 36.00 49.00 30.00 0.00 96.00 0.00 77.00 0.00 6.00 55.00 0.00 17.00 73.00 65.00 0.00 44.00 6.00 82.00 69.00 69.00 26.00 25.00 95.00 43.00 0.00 82.00 51.00 64.00 18.00 10.00 9.00 19.00 93.00 82.00 26.00 0.00 19.00
78 100.00 0.00 0.00 0.00 96.00 12.00 98.00 0.00 0.00 3.00 0.00 81.00 85.00 51.00 0.00 81.00 96.00 67.00 78.00 0.00 19.00 0.00 0.00 0.00 0.00 6.00 31.00 58.00 0.00 38.00 92.00 25.00 0.00 0.00 98.00 19.00 65.00 80.00 0.00 91.00 49.00 84.00 89.00 33.00 0.00 10.00 79.00 0.00 98.00 0.00 82.00 71.00 0.00 91.00 23.00 48.00 0.00 5.00 45.00 72.00 0.00 73.00 39.00 59.00 98.00 14.00 16.00 7.00 63.00 87.00 41.00 98.00 44.00 0.00 80.00 8.00 71.00 44.00 0.00 74.00 92.00 0.00 23.00 48.00 79.00 95.00 99.00 0.00 78.00 12.00 58.00 8.00 22.00 53.00 74.00 0.00 28.00 0.00 97.00 94.00
79 5.00 93.00 54.00 31.00 37.00 46.00 44.00 0.00 22.00 35.00 0.00 41.00 60.00 74.00 43.00 15.00 0.00 0.00 17.00 20.00 95.00 61.00 11.00 20.00 20.00 81.00 64.00 0.00 0.00 0.00 0.00 51.00 44.00 47.00 87.00 31.00 29.00 66.00 29.00 39.00 0.00 34.00 81.00 74.00 0.00 33.00 43.00 5.00 49.00 48.00 55.00 69.00 85.00 51.00 53.00 0.00 0.00 74.00 60.00 45.00 9.00 0.00 42.00 71.00 43.00 47.00 11.00 0.00 87.00 0.00 75.00 0.00 35.00 97.00 43.00 97.00 39.00 6.00 74.00 0.00 0.00 49.00 20.00 88.00 22.00 6.00 0.00 68.00 16.00 78.00 68.00 0.00 0.00 66.00 17.00 0.00 0.00 79.00 59.00 53.00
80 5.00 1.00 83.00 48.00 28.00 38.00 36.00 0.00 97.00 71.00 7.00 17.00 92.00 32.00 98.00 0.00 12.00 30.00 75.00 66.00 0.00 0.00 0.00 0.00 0.00 25.00 39.00 0.00 88.00 23.00 83.00 98.00 80.00 0.00 48.00 94.00 41.00 23.00 43.00 0.00 34.00 0.00 0.00 97.00 7.00 0.00 67.00 54.00 41.00 86.00 27.00 18.00 0.00 2.00 0.00 68.00 0.00 91.00 0.00 54.00 18.00 25.00 23.00 41.00 71.00 0.00 61.00 0.00 33.00 40.00 24.00 20.00 0.00 53.00 50.00 56.00 100.00 82.00 92.00 0.00 0.00 0.00 0.00 34.00 0.00 0.00 74.00 0.00 53.00 23.00 0.00 0.00 27.00 0.00 0.00 38.00 11.00 70.00 32.00 38.00
81 98.00 100.00 0.00 56.00 42.00 44.00 0.00 0.00 40.00 95.00 88.00 66.00 94.00 61.00 53.00 0.00 68.00 56.00 0.00 24.00 52.00 9.00 35.00 64.00 0.00 0.00 28.00 14.00 74.00 8.00 35.00 46.00 45.00 82.00 0.00 55.00 0.00 0.00 14.00 78.00 75.00 63.00 57.00 56.00 96.00 46.00 80.00 60.00 0.00 33.00 93.00 63.00 65.00 95.00 99.00 93.00 0.00 65.00 9.00 37.00 96.00 91.00 91.00 66.00 53.00 0.00 0.00 61.00 38.00 77.00 12.00 92.00 89.00 74.00 43.00 47.00 0.00 69.00 0.00 49.00 0.00 0.00 100.00 50.00 96.00 59.00 39.00 0.00 22.00 0.00 23.00 49.00 0.00 79.00 0.00 84.00 0.00 31.00 13.00 89.00
82 8.00 91.00 0.00 95.00 0.00 36.00 22.00 0.00 2.00 75.00 75.00 0.00 0.00 70.00 100.00 31.00 76.00 65.00 28.00 38.00 85.00 74.00 6.00 0.00 65.00 20.00 16.00 100.00 22.00 50.00 0.00 76.00 43.00 92.00 39.00 16.00 44.00 16.00 45.00 0.00 35.00 26.00 72.00 5.00 26.00 0.00 0.00 35.00 1.00 38.00 17.00 0.00 20.00 7.00 47.00 0.00 24.00 40.00 0.00 74.00 55.00 0.00 72.00 64.00 4.00 0.00 21.00 24.00 97.00 76.00 53.00 15.00 55.00 93.00 71.00 0.00 0.00 69.00 23.00 20.00 0.00 100.00 0.00 82.00 79.00 66.00 0.00 82.00 91.00 60.00 83.00 0.00 81.00 31.00 83.00 43.00 72.00 83.00 87.00 0.00
83 0.00 0.00 65.00 0.00 0.00 19.00 89.00 0.00 81.00 0.00 64.00 10.00 29.00 14.00 45.00 0.00 82.00 19.00 41.00 0.00 72.00 96.00 0.00 0.00 57.00 76.00 40.00 51.00 72.00 57.00 91.00 28.00 52.00 91.00 10.00 9.00 0.00 93.00 52.00 0.00 96.00 0.00 99.00 55.00 60.00 0.00 0.00 4.00 79.00 62.00 0.00 35.00 51.00 7.00 60.00 55.00 94.00 88.00 30.00 12.00 28.00 49.00 82.00 0.00 0.00 64.00 0.00 82.00 93.00 35.00 0.00 0.00 8.00 0.00 0.00 54.00 0.00 26.00 48.00 88.00 34.00 50.00 82.00 0.00 0.00 0.00 0.00 47.00 0.00 0.00 0.00 58.00 0.00 0.00 98.00 31.00 0.00 62.00 0.00 87.00
84 29.00 84.00 62.00 0.00 7.00 0.00 66.00 0.00 8.00 41.00 22.00 26.00 43.00 0.00 0.00 0.00 91.00 67.00 2.00 59.00 0.00 78.00 0.00 18.00 74.00 4.00 0.00 0.00 23.00 19.00 79.00 70.00 85.00 5.00 0.00 87.00 6.00 73.00 20.00 89.00 0.00 6.00 82.00 0.00 74.00 0.00 1.00 0.00 0.00 47.00 28.00 7.00 52.00 81.00 19.00 0.00 67.00 54.00 0.00 29.00 80.00 50.00 0.00 17.00 19.00 0.00 0.00 85.00 33.00 49.00 19.00 8.00 46.00 39.00 80.00 0.00 64.00 25.00 79.00 22.00 0.00 96.00 79.00 0.00 0.00 6.00 33.00 41.00 15.00 16.00 11.00 35.00 24.00 23.00 65.00 0.00 0.00 0.00 79.00 4.00
85 0.00 49.00 1.00 77.00 73.00 89.00 77.00 0.00 64.00 81.00 90.00 0.00 76.00 0.00 64.00 90.00 76.00 69.00 98.00 87.00 20.00 39.00 0.00 89.00 0.00 53.00 70.00 48.00 11.00 9.00 81.00 31.00 0.00 54.00 41.00 100.00 0.00 95.00 36.00 0.00 31.00 81.00 58.00 53.00 61.00 42.00 33.00 7.00 73.00 16.00 96.00 52.00 42.00 34.00 12.00 14.00 0.00 39.00 47.00 0.00 0.00 0.00 88.00 64.00 25.00 44.00 75.00 41.00 43.00 0.00 0.00 0.00 0.00 81.00 0.00 95.00 56.00 95.00 95.00 6.00 0.00 59.00 66.00 0.00 6.00 0.00 45.00 100.00 30.00 0.00 0.00 42.00 65.00 67.00 6.00 39.00 39.00 0.00 1.00 90.00
86 0.00 2.00 31.00 0.00 5.00 60.00 67.00 91.00 39.00 49.00 96.00 31.00 76.00 0.00 56.00 6.00 68.00 8.00 32.00 0.00 80.00 95.00 69.00 85.00 9.00 0.00 90.00 100.00 74.00 0.00 16.00 78.00 58.00 0.00 73.00 25.00 76.00 1.00 0.00 50.00 40.00 1.00 67.00 0.00 15.00 0.00 81.00 100.00 0.00 88.00 69.00 13.00 94.00 18.00 19.00 0.00 0.00 24.00 0.00 28.00 84.00 0.00 70.00 75.00 26.00 43.00 0.00 90.00 30.00 48.00 25.00 86.00 0.00 84.00 0.00 0.00 61.00 43.00 99.00 0.00 74.00 39.00 0.00 0.00 33.00 45.00 0.00 3.00 94.00 60.00 13.00 0.00 14.00 8.00 0.00 100.00 65.00 0.00 75.00 17.00
87 50.00 82.00 0.00 0.00 37.00 29.00 0.00 27.00 34.00 67.00 41.00 0.00 48.00 50.00 97.00 49.00 0.00 2.00 40.00 54.00 57.00 47.00 30.00 12.00 74.00 82.00 0.00 90.00 1.00 0.00 20.00 11.00 3.00 0.00 0.00 0.00 36.00 16.00 41.00 22.00 68.00 24.00 0.00 65.00 37.00 61.00 25.00 1.00 86.00 0.00 0.00 83.00 17.00 21.00 56.00 2.00 61.00 56.00 98.00 75.00 78.00 37.00 19.00 66.00 0.00 79.00 0.00 12.00 14.00 0.00 68.00 0.00 25.00 0.00 0.00 25.00 10.00 0.00 0.00 68.00 0.00 0.00 82.00 47.00 41.00 100.00 3.00 0.00 49.00 0.00 0.00 0.00 37.00 0.00 59.00 0.00 0.00 21.00 27.00 22.00
88 28.00 26.00 93.00 0.00 0.00 0.00 63.00 0.00 85.00 83.00 32.00 72.00 78.00 0.00 76.00 0.00 10.00 0.00 0.00 92.00 6.00 33.00 0.00 39.00 78.00 36.00 83.00 88.00 0.00 81.00 46.00 53.00 0.00 22.00 84.00 13.00 71.00 65.00 71.00 61.00 54.00 97.00 98.00 95.00 85.00 7.00 75.00 92.00 86.00 0.00 99.00 87.00 1.00 93.00 43.00 68.00 0.00 67.00 0.00 0.00 24.00 60.00 41.00 79.00 92.00 87.00 9.00 0.00 24.00 32.00 0.00 88.00 16.00 0.00 27.00 45.00 88.00 82.00 78.00 16.00 53.00 22.00 91.00 0.00 15.00 30.00 94.00 49.00 0.00 28.00 90.00 27.00 13.00 29.00 69.00 28.00 1.00 0.00 15.00 0.00
89 0.00 90.00 2.00 54.00 50.00 59.00 2.00 56.00 47.00 0.00 3.00 5.00 64.00 46.00 0.00 62.00 64.00 0.00 63.00 0.00 0.00 35.00 68.00 52.00 0.00 0.00 82.00 81.00 0.00 0.00 0.00 17.00 0.00 79.00 100.00 44.00 69.00 79.00 46.00 0.00 0.00 20.00 69.00 64.00 74.00 13.00 18.00 0.00 68.00 0.00 51.00 43.00 21.00 0.00 0.00 21.00 20.00 62.00 97.00 6.00 9.00 89.00 20.00 75.00 0.00 90.00 0.00 70.00 25.00 50.00 100.00 69.00 62.00 0.00 20.00 58.00 24.00 51.00 12.00 78.00 23.00 0.00 60.00 0.00 16.00 0.00 60.00 0.00 28.00 0.00 67.00 50.00 7.00 0.00 65.00 71.00 0.00 98.00 83.00 21.00
90 29.00 78.00 90.00 0.00 0.00 32.00 0.00 0.00 0.00 19.00 74.00 71.00 97.00 44.00 69.00 36.00 58.00 0.00 100.00 80.00 7.00 0.00 74.00 61.00 14.00 73.00 72.00 28.00 68.00 29.00 13.00 0.00 12.00 56.00 81.00 10.00 48.00 53.00 0.00 95.00 61.00 41.00 10.00 15.00 12.00 11.00 40.00 90.00 52.00 54.00 64.00 75.00 89.00 37.00 99.00 95.00 22.00 21.00 0.00 0.00 0.00 51.00 68.00 0.00 0.00 87.00 67.00 80.00 62.00 21.00 57.00 0.00 36.00 5.00 10.00 31.00 49.00 64.00 58.00 68.00 0.00 23.00 83.00 0.00 11.00 0.00 13.00 0.00 90.00 67.00 0.00 45.00 10.00 27.00 22.00 75.00 0.00 35.00 0.00 61.00
91 47.00 74.00 5.00 74.00 68.00 0.00 25.00 56.00 0.00 46.00 0.00 71.00 36.00 0.00 0.00 0.00 0.00 3.00 98.00 87.00 0.00 0.00 70.00 0.00 0.00 5.00 1.00 0.00 52.00 0.00 58.00 39.00 81.00 0.00 9.00 57.00 22.00 14.00 38.00 34.00 9.00 91.00 35.00 84.00 79.00 0.00 82.00 6.00 0.00 9.00 45.00 13.00 0.00 10.00 0.00 89.00 84.00 53.00 83.00 32.00 95.00 82.00 74.00 61.00 88.00 39.00 0.00 84.00 14.00 10.00 20.00 40.00 0.00 91.00 7.00 71.00 17.00 18.00 8.00 0.00 0.00 49.00 0.00 58.00 35.00 42.00 0.00 0.00 27.00 50.00 45.00 0.00 88.00 13.00 57.00 62.00 0.00 25.00 0.00 15.00
92 0.00 27.00 64.00 29.00 76.00 0.00 68.00 100.00 0.00 30.00 0.00 99.00 0.00 39.00 0.00 42.00 93.00 92.00 31.00 30.00 0.00 25.00 52.00 49.00 71.00 70.00 30.00 80.00 5.00 3.00 100.00 70.00 91.00 0.00 17.00 36.00 40.00 66.00 51.00 0.00 0.00 10.00 38.00 69.00 48.00 0.00 40.00 17.00 66.00 61.00 0.00 58.00 0.00 0.00 85.00 76.00 66.00 68.00 57.00 68.00 0.00 59.00 42.00 0.00 69.00 86.00 63.00 0.00 91.00 96.00 0.00 74.00 0.00 28.00 0.00 52.00 0.00 10.00 22.00 0.00 27.00 0.00 81.00 0.00 24.00 65.00 14.00 37.00 13.00 7.00 10.00 88.00 0.00 0.00 70.00 5.00 0.00 98.00 44.00 17.00
93 0.00 25.00 0.00 75.00 20.00 1.00 0.00 0.00 71.00 0.00 6.00 50.00 24.00 74.00 65.00 52.00 0.00 1.00 88.00 29.00 64.00 6.00 8.00 83.00 100.00 88.00 82.00 0.00 78.00 55.00 0.00 25.00 30.00 44.00 86.00 0.00 93.00 45.00 47.00 10.00 36.00 3.00 33.00 93.00 47.00 0.00 26.00 79.00 60.00 0.00 60.00 64.00 44.00 0.00 48.00 100.00 42.00 97.00 85.00 49.00 2.00 16.00 16.00 77.00 53.00 0.00 53.00 0.00 59.00 44.00 25.00 68.00 0.00 4.00 0.00 93.00 47.00 9.00 53.00 66.00 0.00 79.00 31.00 0.00 23.00 67.00 8.00 0.00 29.00 0.00 27.00 13.00 0.00 0.00 43.00 93.00 80.00 50.00 92.00 0.00
94 7.00 47.00 0.00 38.00 73.00 0.00 39.00 52.00 34.00 20.00 4.00 92.00 99.00 94.00 50.00 2.00 16.00 81.00 30.00 59.00 12.00 0.00 53.00 91.00 6.00 83.00 0.00 79.00 0.00 44.00 84.00 79.00 12.00 0.00 0.00 0.00 6.00 19.00 9.00 13.00 0.00 83.00 55.00 0.00 27.00 37.00 40.00 15.00 0.00 98.00 87.00 0.00 0.00 65.00 0.00 0.00 80.00 75.00 0.00 58.00 70.00 0.00 74.00 51.00 46.00 43.00 97.00 42.00 0.00 88.00 72.00 26.00 97.00 64.00 85.00 7.00 0.00 19.00 74.00 17.00 0.00 0.00 83.00 98.00 65.00 6.00 0.00 59.00 69.00 65.00 22.00 57.00 70.00 43.00 0.00 94.00 84.00 8.00 54.00 0.00
95 38.00 40.00 73.00 0.00 0.00 39.00 53.00 11.00 77.00 14.00 85.00 47.00 51.00 0.00 0.00 81.00 0.00 4.00 97.00 55.00 23.00 92.00 93.00 0.00 54.00 0.00 56.00 31.00 62.00 33.00 75.00 62.00 0.00 17.00 0.00 0.00 94.00 0.00 95.00 57.00 67.00 57.00 87.00 0.00 0.00 83.00 40.00 96.00 2.00 63.00 26.00 89.00 63.00 0.00 57.00 78.00 0.00 3.00 0.00 19.00 5.00 30.00 0.00 79.00 93.00 0.00 0.00 45.00 19.00 46.00 0.00 70.00 0.00 95.00 78.00 82.00 28.00 93.00 0.00 0.00 38.00 84.00 43.00 31.00 0.00 39.00 100.00 0.00 28.00 71.00 75.00 62.00 5.00 93.00 94.00 0.00 69.00 81.00 0.00 0.00
96 58.00 0.00 50.00 0.00 86.00 33.00 62.00 71.00 99.00 100.00 69.00 95.00 65.00 51.00 38.00 88.00 17.00 31.00 85.00 81.00 10.00 0.00 0.00 0.00 34.00 2.00 41.00 80.00 27.00 0.00 67.00 0.00 0.00 89.00 0.00 95.00 27.00 86.00 15.00 21.00 0.00 33.00 28.00 82.00 95.00 47.00 64.00 19.00 80.00 73.00 0.00 65.00 48.00 81.00 37.00 0.00 3.00 39.00 96.00 94.00 0.00 21.00 13.00 3.00 95.00 38.00 52.00 1.00 75.00 87.00 36.00 72.00 38.00 11.00 2.00 13.00 0.00 82.00 28.00 0.00 11.00 0.00 72.00 0.00 0.00 39.00 65.00 0.00 1.00 0.00 0.00 0.00 0.00 80.00 84.00 69.00 0.00 99.00 39.00 58.00
97 79.00 38.00 7.00 85.00 15.00 0.00 7.00 0.00 26.00 78.00 87.00 21.00 100.00 57.00 37.00 0.00 0.00 0.00 27.00 0.00 41.00 30.00 0.00 0.00 48.00 0.00 52.00 42.00 99.00 61.00 0.00 25.00 40.00 50.00 5.00 6.00 14.00 42.00 12.00 0.00 68.00 0.00 0.00 1.00 0.00 0.00 41.00 28.00 94.00 12.00 2.00 83.00 25.00 79.00 38.00 0.00 29.00 53.00 62.00 0.00 39.00 32.00 4.00 100.00 23.00 58.00 78.00 40.00 0.00 34.00 25.00 20.00 73.00 18.00 36.00 9.00 46.00 26.00 0.00 79.00 70.00 31.00 83.00 62.00 0.00 0.00 0.00 21.00 0.00 98.00 35.00 25.00 98.00 50.00 8.00 81.00 99.00 0.00 3.00 23.00
98 98.00 0.00 9.00 62.00 0.00 0.00 25.00 0.00 11.00 17.00 71.00 22.00 0.00 82.00 73.00 47.00 56.00 62.00 0.00 73.00 0.00 0.00 26.00 11.00 31.00 90.00 0.00 0.00 29.00 0.00 85.00 6.00 0.00 39.00 63.00 80.00 85.00 55.00 59.00 99.00 33.00 63.00 75.00 85.00 11.00 57.00 51.00 50.00 17.00 0.00 0.00 0.00 0.00 89.00 29.00 91.00 0.00 21.00 94.00 51.00 84.00 11.00 87.00 85.00 62.00 81.00 30.00 41.00 31.00 87.00 78.00 0.00 58.00 79.00 34.00 0.00 1.00 0.00 97.00 59.00 32.00 13.00 87.00 0.00 79.00 1.00 75.00 27.00 15.00 83.00 0.00 0.00 44.00 92.00 54.00 0.00 39.00 3.00 0.00 46.00
99 87.00 4.00 1.00 0.00 14.00 13.00 26.00 29.00 33.00 0.00 90.00 0.00 0.00 38.00 33.00 56.00 51.00 59.00 71.00 91.00 18.00 0.00 1.00 15.00 74.00 0.00 0.00 99.00 76.00 0.00 0.00 12.00 31.00 0.00 3.00 0.00 61.00 6.00 9.00 85.00 0.00 34.00 48.00 1.00 0.00 0.00 0.00 55.00 57.00 84.00 0.00 0.00 10.00 70.00 93.00 74.00 100.00 23.00 44.00 72.00 82.00 20.00 19.00 59.00 87.00 0.00 0.00 68.00 26.00 0.00 58.00 0.00 0.00 59.00 0.00 33.00 82.00 19.00 94.00 53.00 38.00 89.00 0.00 87.00 4.00 90.00 17.00 22.00 0.00 21.00 61.00 15.00 17.00 0.00 0.00 0.00 58.00 23.00 46.00 0.00
mcp_obj 74
mcp_gap 0
mcp_x 1 1 1 1 1 0 1 1 1 0 1 1 1 1 1 1 1 1 1 0 1 1 1 1 0 1 0 0 1 0 1 1 1 1 1 1 1 1 1 1 1 0 1 0 1 1 0 1 0 1 1 1 1 0 1 1 0 0 1 1 1 0 1 0 1 0 0 1 1 1 1 0 1 0 0 0 1 1 0 1 1 1 1 1 1 0 1 1 1 0 1 1 1 1 1 1 0 1 1 1
