NAME N100_rc_0.7_rGamma_1_dc_0.035_dGamma_0.0005_jeu_100_75_10.txt
NUM_ITEMS 100
SOURCE r_100_75_10
PARAMETERS
r_c 0.7
r_Gamma 1
d_c 0.035
d_Gamma 0.0005

BOUNDS
c_lb 0.00
c_ub 205.83
Gamma_lb 22
Gamma_ub 105
B_i_1_lb 0.00 0.00 0.00 0.00 0.00 0.00 0.00 0.00 0.00 0.00 0.00 0.00 0.00 0.00 0.00 0.00 0.00 0.00 0.00 0.00 0.00 0.00 0.00 0.00 0.00 0.00 0.00 0.00 0.00 0.00 0.00 0.00 0.00 0.00 0.00 0.00 0.00 0.00 0.00 0.00 0.00 0.00 0.00 0.00 0.00 0.00 0.00 0.00 0.00 0.00 0.00 0.00 0.00 0.00 0.00 0.00 0.00 0.00 0.00 0.00 0.00 0.00 0.00 0.00 0.00 0.00 0.00 0.00 0.00 0.00 0.00 0.00 0.00 0.00 0.00 0.00 0.00 0.00 0.00 0.00 0.00 0.00 0.00 0.00 0.00 0.00 0.00 0.00 0.00 0.00 0.00 0.00 0.00 0.00 0.00 0.00 0.00 0.00 0.00 0.00
B_i_1_ub 140.65 133.36 115.98 134.65 125.16 129.89 143.47 142.39 137.85 134.59 137.88 138.36 113.49 121.96 106.97 109.00 145.51 113.27 141.51 150.15 134.21 127.27 137.50 112.46 137.37 112.66 136.42 140.39 139.29 147.97 135.15 137.85 132.25 131.97 129.48 123.80 145.14 138.78 126.94 118.69 117.23 122.39 136.18 135.87 113.98 115.13 109.81 129.45 107.04 131.41 142.46 116.43 133.37 137.22 122.51 141.39 128.54 121.03 125.06 129.09 116.69 135.17 141.32 129.38 96.52 126.78 124.24 135.70 127.57 152.21 136.52 131.28 145.50 142.49 139.23 135.64 136.21 138.61 102.26 122.24 134.91 114.22 145.19 146.79 144.65 141.29 120.24 131.07 126.09 126.04 131.17 105.05 126.04 120.48 101.87 126.66 120.63 135.33 133.07 126.48
B_i_0_lb 0.00 0.00 0.00 0.00 0.00 0.00 0.00 0.00 0.00 0.00 0.00 0.00 0.00 0.00 0.00 0.00 0.00 0.00 0.00 0.00 0.00 0.00 0.00 0.00 0.00 0.00 0.00 0.00 0.00 0.00 0.00 0.00 0.00 0.00 0.00 0.00 0.00 0.00 0.00 0.00 0.00 0.00 0.00 0.00 0.00 0.00 0.00 0.00 0.00 0.00 0.00 0.00 0.00 0.00 0.00 0.00 0.00 0.00 0.00 0.00 0.00 0.00 0.00 0.00 0.00 0.00 0.00 0.00 0.00 0.00 0.00 0.00 0.00 0.00 0.00 0.00 0.00 0.00 0.00 0.00 0.00 0.00 0.00 0.00 0.00 0.00 0.00 0.00 0.00 0.00 0.00 0.00 0.00 0.00 0.00 0.00 0.00 0.00 0.00 0.00
B_i_0_ub 140.94 133.40 115.98 134.69 125.16 129.89 143.47 142.57 137.85 134.77 138.27 138.36 113.64 121.96 107.01 109.00 145.58 113.41 141.51 150.57 134.21 127.27 137.54 112.46 137.69 112.66 136.53 140.39 139.29 148.18 135.15 138.10 132.25 132.11 129.55 124.29 145.28 139.10 126.94 118.69 117.41 122.39 136.47 136.22 113.98 115.13 109.81 129.66 107.04 131.48 142.46 116.50 133.37 137.33 122.55 141.46 128.54 121.17 125.06 129.09 116.69 135.49 141.32 129.45 96.52 126.78 124.59 135.74 127.57 152.32 136.52 131.32 145.89 142.88 139.23 135.64 136.21 138.64 102.26 122.28 134.91 114.22 145.41 147.49 144.69 141.29 120.24 131.07 126.38 126.04 131.17 105.05 126.04 120.48 101.87 126.77 120.63 135.33 133.07 126.59
c_i_1_lb 0.00 0.00 11.90 13.30 26.60 53.90 13.30 0.00 4.20 58.10 21.00 47.60 38.50 63.00 60.20 0.00 0.70 0.00 18.20 42.00 0.00 0.00 5.60 63.70 0.00 62.30 69.30 41.30 0.70 0.00 0.00 53.20 28.00 24.50 38.50 0.00 42.70 0.00 0.70 0.00 11.90 33.60 40.60 31.50 0.00 27.30 3.50 0.00 0.00 9.80 52.50 56.70 22.40 56.00 50.40 11.20 0.00 70.00 36.40 0.00 45.50 29.40 2.10 68.60 65.10 23.10 0.00 53.20 47.60 0.00 36.40 64.40 55.30 47.60 21.00 7.70 0.00 28.00 0.00 60.20 0.00 5.60 0.00 51.80 49.00 10.50 47.60 42.70 32.20 0.00 24.50 49.00 0.00 0.00 18.90 49.70 5.60 9.80 0.70 35.00
c_i_1_ub 140.65 133.36 127.88 147.95 151.76 183.79 156.77 142.39 142.05 192.69 158.88 185.96 151.99 184.96 167.17 109.00 146.21 113.27 159.71 192.15 134.21 127.27 143.10 176.16 137.37 174.96 205.72 181.69 139.99 147.97 135.15 191.05 160.25 156.47 167.98 123.80 187.84 138.78 127.64 118.69 129.13 155.99 176.78 167.37 113.98 142.43 113.31 129.45 107.04 141.21 194.96 173.13 155.77 193.22 172.91 152.59 128.54 191.03 161.46 129.09 162.19 164.57 143.42 197.98 161.62 149.88 124.24 188.90 175.17 152.21 172.92 195.68 200.80 190.09 160.23 143.34 136.21 166.61 102.26 182.44 134.91 119.82 145.19 198.59 193.65 151.79 167.84 173.77 158.29 126.04 155.67 154.05 126.04 120.48 120.77 176.36 126.23 145.13 133.77 161.48
c_i_0_lb 0.00 0.00 11.90 13.30 26.60 53.90 13.30 0.00 4.20 58.10 21.00 47.60 38.50 63.00 60.20 0.00 0.70 0.00 18.20 42.00 0.00 0.00 5.60 63.70 0.00 62.30 69.30 41.30 0.70 0.00 0.00 53.20 28.00 24.50 38.50 0.00 42.70 0.00 0.70 0.00 11.90 33.60 40.60 31.50 0.00 27.30 3.50 0.00 0.00 9.80 52.50 56.70 22.40 56.00 50.40 11.20 0.00 70.00 36.40 0.00 45.50 29.40 2.10 68.60 65.10 23.10 0.00 53.20 47.60 0.00 36.40 64.40 55.30 47.60 21.00 7.70 0.00 28.00 0.00 60.20 0.00 5.60 0.00 51.80 49.00 10.50 47.60 42.70 32.20 0.00 24.50 49.00 0.00 0.00 18.90 49.70 5.60 9.80 0.70 35.00
c_i_0_ub 140.94 133.40 127.88 147.99 151.76 183.79 156.77 142.57 142.05 192.87 159.27 185.96 152.14 184.96 167.21 109.00 146.28 113.41 159.71 192.57 134.21 127.27 143.14 176.16 137.69 174.96 205.83 181.69 139.99 148.18 135.15 191.30 160.25 156.61 168.05 124.29 187.98 139.10 127.64 118.69 129.31 155.99 177.07 167.72 113.98 142.43 113.31 129.66 107.04 141.28 194.96 173.20 155.77 193.33 172.95 152.66 128.54 191.17 161.46 129.09 162.19 164.89 143.42 198.05 161.62 149.88 124.59 188.94 175.17 152.32 172.92 195.72 201.19 190.48 160.23 143.34 136.21 166.64 102.26 182.48 134.91 119.82 145.41 199.29 193.69 151.79 167.84 173.77 158.58 126.04 155.67 154.05 126.04 120.48 120.77 176.47 126.23 145.13 133.77 161.59
c_1_lb 0.00
c_1_ub 205.72
c_0_lb 0.00
c_0_ub 205.83

BOUND_TIMES
k_max_time 0.002552
Gamma_ub_time 0.001426
B_i_1_lb_time 0.006666
B_i_1_ub_time 0.025247
B_i_0_lb_time 0.006981
B_i_0_ub_time 0.019504

DDRO_PARAMETERS
a_0 22
b_0i 1 1 1 1 1 1 1 1 1 1 1 1 1 1 0 0 1 1 1 1 1 1 1 1 1 1 1 1 1 1 1 1 1 1 1 1 1 1 1 1 1 1 1 1 1 1 1 1 0 1 1 1 1 1 1 1 1 1 1 1 1 1 1 1 0 1 1 1 1 1 1 1 1 1 1 1 1 1 0 1 1 1 1 1 1 1 1 1 1 1 1 0 1 1 0 1 1 1 1 1
a_i 0.00 0.00 11.90 13.30 26.60 53.90 13.30 0.00 4.20 58.10 21.00 47.60 38.50 63.00 60.20 0.00 0.70 0.00 18.20 42.00 0.00 0.00 5.60 63.70 0.00 62.30 69.30 41.30 0.70 0.00 0.00 53.20 28.00 24.50 38.50 0.00 42.70 0.00 0.70 0.00 11.90 33.60 40.60 31.50 0.00 27.30 3.50 0.00 0.00 9.80 52.50 56.70 22.40 56.00 50.40 11.20 0.00 70.00 36.40 0.00 45.50 29.40 2.10 68.60 65.10 23.10 0.00 53.20 47.60 0.00 36.40 64.40 55.30 47.60 21.00 7.70 0.00 28.00 0.00 60.20 0.00 5.60 0.00 51.80 49.00 10.50 47.60 42.70 32.20 0.00 24.50 49.00 0.00 0.00 18.90 49.70 5.60 9.80 0.70 35.00
b_ij
0 0.00 1.23 0.53 1.19 1.54 3.01 1.93 1.51 1.30 0.00 0.00 0.00 2.03 2.14 2.77 0.35 2.45 3.43 2.80 0.00 0.00 0.18 1.30 2.00 0.00 0.00 1.96 0.63 1.02 0.00 2.42 2.31 1.37 1.37 0.53 1.05 2.98 0.00 1.93 3.40 0.77 2.00 1.68 0.00 0.00 3.29 1.16 0.56 2.80 2.38 1.05 0.67 0.00 2.70 0.98 2.63 0.00 1.86 1.72 1.82 2.91 0.00 0.00 1.12 2.66 0.53 0.81 2.31 2.38 1.23 2.80 3.05 3.29 0.00 0.00 0.04 3.08 2.94 1.61 3.22 1.23 0.00 1.44 2.49 1.40 0.74 0.00 0.00 1.16 1.30 2.70 3.19 0.00 1.54 2.91 0.18 0.11 3.22 3.19 0.25
1 1.23 0.00 0.00 2.94 3.50 0.00 0.39 0.63 0.28 0.00 1.58 2.84 2.52 1.72 0.49 0.00 0.35 0.00 1.72 1.09 3.47 1.02 2.28 0.00 2.24 2.45 1.12 2.52 1.26 2.77 1.54 2.87 1.72 1.23 0.63 0.39 0.70 0.21 1.58 3.26 1.61 0.00 0.00 0.70 0.53 2.87 2.21 2.84 2.59 2.80 0.00 1.05 2.80 0.00 0.00 0.00 1.33 2.03 0.00 3.29 0.00 2.70 0.14 2.98 0.56 0.00 0.00 3.22 0.35 2.17 1.86 0.91 0.00 0.60 1.19 1.51 0.28 0.81 2.24 3.40 1.37 0.04 1.33 2.70 2.03 2.24 1.61 0.00 1.82 2.10 0.04 1.89 0.63 1.54 0.00 2.73 2.70 0.00 2.52 0.00
2 0.53 0.00 0.00 3.05 2.73 2.80 2.91 0.00 1.05 2.98 0.00 3.40 0.00 2.14 0.00 2.63 0.00 0.00 1.65 1.89 0.00 0.00 0.00 1.96 0.00 3.43 1.19 1.68 0.00 0.14 0.00 0.81 3.08 1.51 2.14 0.91 2.31 3.33 0.53 0.00 1.12 0.77 1.40 1.09 0.21 1.12 0.00 0.56 2.73 0.49 0.00 2.28 3.12 0.00 0.70 2.91 3.40 0.00 0.00 0.70 2.56 0.49 0.28 0.00 0.00 0.53 0.42 0.91 0.00 2.63 0.46 0.63 1.47 2.28 1.05 0.00 0.00 1.23 2.59 1.58 0.00 0.77 0.74 1.82 3.15 1.23 0.11 2.00 2.80 1.05 2.35 0.00 2.14 0.04 2.24 0.00 0.00 1.33 1.72 0.00
3 1.19 2.94 3.05 0.00 2.24 2.14 0.32 1.54 3.01 0.00 0.00 0.00 1.51 0.00 0.00 0.00 2.03 0.14 0.84 2.24 0.00 2.70 0.46 0.14 1.79 2.24 0.14 3.50 2.42 0.00 0.35 0.91 0.00 3.19 3.50 0.77 1.65 1.47 1.65 0.00 0.00 3.22 0.18 2.49 2.21 0.56 1.79 0.04 0.00 1.58 1.89 1.23 1.58 3.47 1.68 3.33 0.00 2.45 2.63 0.00 0.25 1.12 0.00 0.00 0.00 0.39 1.89 2.42 2.66 0.00 0.84 1.26 3.47 0.77 3.22 1.09 0.00 3.47 3.08 1.96 2.03 0.00 2.03 0.28 0.60 2.14 1.44 3.43 0.00 2.70 0.00 1.16 1.37 1.68 0.00 0.25 0.39 3.12 2.38 1.54
4 1.54 3.50 2.73 2.24 0.00 2.21 0.00 0.00 1.72 2.66 0.00 0.32 0.21 1.79 2.24 0.70 1.37 2.87 0.91 0.00 0.00 2.56 0.00 1.44 2.98 0.00 0.00 2.63 1.68 2.21 1.40 2.24 0.46 1.86 1.93 0.00 0.84 0.53 2.10 0.00 2.42 0.00 0.00 0.25 2.70 2.56 1.65 0.88 0.67 0.07 2.38 0.00 2.17 2.45 0.00 1.82 3.47 0.07 1.79 2.94 0.00 0.00 1.75 1.58 2.07 0.91 0.18 2.52 0.00 2.24 1.16 0.00 1.54 0.00 0.18 3.01 2.00 0.00 2.87 0.00 0.11 2.63 0.00 1.02 3.43 3.36 2.49 0.14 0.49 2.80 0.00 2.91 0.00 0.00 0.00 1.40 0.00 0.00 0.91 1.30
5 3.01 0.00 2.80 2.14 2.21 0.00 2.94 1.02 0.39 3.47 1.93 1.96 0.25 0.56 0.00 0.00 0.14 0.00 0.00 2.52 1.54 0.00 0.56 0.28 1.75 0.74 0.84 0.49 2.45 2.42 2.21 3.43 3.50 0.00 1.93 1.47 0.00 3.40 2.35 0.00 0.00 3.15 0.00 0.00 0.98 2.03 0.32 1.12 0.74 1.68 2.91 1.40 2.52 3.43 0.25 2.52 1.02 1.02 2.00 3.50 0.35 0.14 0.77 0.00 0.00 0.00 1.86 1.61 2.24 1.79 3.33 1.75 2.56 1.09 0.46 0.63 1.65 2.63 1.93 0.00 2.17 0.25 2.49 0.00 0.14 2.35 0.00 0.14 0.00 0.00 3.15 0.00 2.91 2.28 0.00 0.46 0.88 1.82 0.77 0.00
6 1.93 0.39 2.91 0.32 0.00 2.94 0.00 0.00 0.11 0.60 0.00 2.52 0.00 0.56 0.00 0.00 1.26 0.84 0.00 3.01 2.38 1.82 2.49 0.42 0.84 0.00 3.19 3.40 1.93 0.00 0.00 0.28 0.00 0.00 1.09 2.63 2.00 3.29 0.00 2.28 1.12 1.05 2.28 3.36 2.84 0.98 0.00 1.86 2.07 1.19 0.00 1.58 1.54 1.33 0.98 2.84 3.22 2.59 2.00 1.96 0.00 2.35 1.61 2.28 0.35 0.74 1.61 1.75 2.07 2.21 0.00 2.63 3.43 2.80 3.50 2.80 3.15 0.53 1.44 3.33 2.07 0.00 3.08 2.00 0.00 0.35 3.01 0.00 2.14 3.36 0.00 0.91 1.26 0.42 1.02 1.72 2.17 0.00 1.16 0.00
7 1.51 0.63 0.00 1.54 0.00 1.02 0.00 0.00 0.35 2.17 1.51 3.29 1.47 0.00 0.00 0.70 2.73 0.95 0.00 2.80 0.07 2.07 2.77 2.03 0.00 0.98 0.74 2.94 0.00 0.00 2.07 0.67 0.00 2.91 1.19 3.12 2.73 0.00 2.63 2.59 1.61 1.89 2.35 2.66 0.00 0.35 2.14 3.29 0.00 2.80 0.00 2.49 1.93 2.59 1.89 1.19 0.00 0.14 1.19 2.80 2.10 3.19 0.00 2.63 0.00 0.00 1.65 1.51 1.51 0.91 0.00 1.47 3.47 3.19 2.49 3.08 2.80 1.82 3.05 1.19 2.10 0.42 1.72 2.21 0.00 0.00 0.00 0.21 0.84 2.17 0.77 0.00 2.59 1.16 2.63 3.36 3.36 0.18 1.09 0.28
8 1.30 0.28 1.05 3.01 1.72 0.39 0.11 0.35 0.00 0.25 0.00 2.10 1.86 1.75 2.52 1.37 1.44 0.42 3.33 3.15 1.75 0.00 0.49 0.00 2.49 0.77 1.02 3.19 2.03 3.33 0.00 0.56 2.21 2.91 3.36 2.84 3.15 2.07 0.00 2.07 1.79 2.35 0.95 2.00 0.00 0.28 0.84 0.00 0.00 1.93 3.05 2.77 0.18 0.00 1.82 0.00 1.26 3.08 1.16 0.00 0.00 3.40 2.63 0.77 0.00 0.00 1.54 1.54 3.43 0.74 3.26 2.07 0.70 2.94 0.98 1.86 1.75 3.05 1.47 3.01 2.94 1.09 0.00 2.07 0.18 0.00 3.36 0.00 0.00 0.46 0.56 0.00 0.00 0.07 3.26 0.00 0.00 0.00 3.15 1.47
9 0.00 0.00 2.98 0.00 2.66 3.47 0.60 2.17 0.25 0.00 0.74 0.00 0.00 0.07 0.28 2.80 0.18 3.40 0.42 0.39 0.00 0.32 1.58 0.00 0.00 0.39 0.00 3.36 3.50 3.47 0.00 1.05 0.67 0.95 0.95 0.00 1.23 0.74 3.22 1.68 2.49 0.74 1.40 1.61 0.00 1.02 1.89 2.24 3.43 0.00 3.33 0.81 3.50 1.40 3.05 1.19 2.42 2.80 0.00 1.05 0.00 1.30 1.61 0.67 0.81 0.35 3.08 0.28 0.00 3.47 2.63 1.54 3.29 3.22 0.81 2.63 0.88 1.89 0.00 2.14 0.42 3.01 2.07 0.00 3.40 0.56 1.89 1.26 0.32 0.49 3.36 0.77 1.30 0.00 0.00 0.63 1.51 2.66 2.91 0.00
10 0.00 1.58 0.00 0.00 0.00 1.93 0.00 1.51 0.00 0.74 0.00 0.00 2.07 3.05 0.74 1.19 1.26 0.95 0.28 0.91 0.00 2.80 1.09 2.56 1.26 3.29 2.52 0.00 1.30 0.00 2.84 0.00 0.00 1.65 0.42 0.49 3.40 1.96 0.00 0.32 0.00 0.39 1.75 0.74 2.35 1.75 1.19 0.95 2.35 0.98 3.08 2.63 0.00 3.36 0.00 3.43 3.19 3.12 0.39 1.54 1.79 1.58 2.31 0.39 2.87 3.19 1.02 1.75 1.09 1.68 0.63 0.67 1.09 0.00 0.00 2.87 2.87 2.84 2.94 2.49 0.00 2.80 0.35 1.16 1.26 2.80 3.08 2.42 3.26 0.00 0.00 3.08 0.00 0.00 0.53 3.33 0.00 1.33 2.73 1.37
11 0.00 2.84 3.40 0.00 0.32 1.96 2.52 3.29 2.10 0.00 0.00 0.00 0.00 0.00 0.00 2.21 2.63 1.05 1.68 2.14 1.82 1.26 2.87 0.18 2.84 0.00 0.39 0.00 0.00 3.19 2.31 3.19 0.56 0.98 0.98 0.00 2.35 0.35 1.40 2.98 0.91 0.07 1.09 0.00 0.14 0.18 2.10 1.05 3.36 1.47 0.95 1.75 0.18 2.38 0.00 3.12 1.02 3.36 1.30 0.49 0.70 2.07 0.81 1.26 3.50 2.31 1.72 0.42 3.19 0.00 0.14 2.77 2.45 0.00 3.12 3.08 0.70 1.47 0.00 1.86 1.89 1.93 0.00 1.30 3.29 3.33 0.95 0.39 2.35 2.00 2.94 1.72 2.80 0.00 1.37 0.32 0.35 0.00 1.54 0.00
12 2.03 2.52 0.00 1.51 0.21 0.25 0.00 1.47 1.86 0.00 2.07 0.00 0.00 1.37 2.70 0.00 0.60 3.29 0.35 0.60 1.09 0.00 0.00 0.00 0.39 0.81 1.79 1.79 1.58 1.65 1.51 0.00 0.98 0.11 0.00 0.00 3.40 2.10 2.10 0.46 1.72 1.75 0.32 1.51 1.96 2.00 2.35 0.88 0.49 3.05 0.25 0.70 1.51 0.00 0.00 1.58 0.21 0.00 0.00 2.80 2.77 0.00 0.11 2.63 0.60 0.00 2.00 1.33 1.93 0.42 2.28 3.36 0.00 1.86 2.45 0.00 0.49 2.87 3.05 0.04 2.42 1.89 0.00 2.14 0.00 0.32 3.50 0.00 1.30 1.12 3.05 0.00 0.00 0.63 2.07 0.95 0.00 0.67 0.04 1.72
13 2.14 1.72 2.14 0.00 1.79 0.56 0.56 0.00 1.75 0.07 3.05 0.00 1.37 0.00 1.75 0.00 1.47 1.19 2.84 0.00 0.00 0.56 3.36 1.26 0.00 0.00 1.23 1.54 0.00 1.79 0.42 0.00 0.07 2.87 0.00 0.00 1.30 0.00 0.88 1.33 3.12 0.00 2.14 2.52 2.84 0.00 0.25 0.00 0.00 2.87 0.00 2.70 1.89 0.00 0.25 0.84 1.05 1.65 3.50 0.00 0.00 1.86 0.46 2.45 2.03 0.00 0.39 3.47 0.67 2.66 2.52 0.18 0.00 1.12 3.47 3.19 0.00 2.45 0.00 0.00 3.47 2.98 0.00 1.79 3.01 0.39 0.42 0.00 0.14 0.56 0.00 3.01 2.59 2.10 2.03 1.89 0.00 1.93 1.23 2.87
14 2.77 0.49 0.00 0.00 2.24 0.00 0.00 0.00 2.52 0.28 0.74 0.00 2.70 1.75 0.00 0.00 1.75 0.07 0.56 1.44 0.00 2.91 1.75 0.00 1.86 0.00 0.46 3.01 0.46 0.00 3.12 2.52 3.19 0.00 0.77 0.53 1.75 2.59 0.00 1.86 0.91 0.77 1.33 2.70 1.54 0.00 0.28 0.53 0.25 3.22 0.18 0.42 0.67 0.00 2.45 0.00 0.00 1.58 3.22 1.93 0.00 0.39 0.14 1.19 0.18 0.42 1.54 0.00 2.49 0.39 3.12 3.33 0.84 0.00 3.33 0.95 0.00 0.00 0.49 2.17 2.14 0.00 0.00 0.21 1.09 0.14 0.00 3.26 0.04 2.14 0.46 1.58 2.56 0.00 0.00 1.47 1.30 0.39 0.63 2.56
15 0.35 0.00 2.63 0.00 0.70 0.00 0.00 0.70 1.37 2.80 1.19 2.21 0.00 0.00 0.00 0.00 2.24 0.00 0.53 0.00 2.24 1.37 1.37 2.59 0.00 0.00 0.00 1.44 1.47 0.00 0.00 3.26 0.00 0.35 0.00 1.47 1.54 0.60 0.32 0.07 0.00 2.21 1.65 2.52 2.07 1.30 0.00 0.46 0.00 0.00 1.02 2.28 2.84 0.07 0.00 0.53 1.33 2.21 1.54 0.28 0.95 2.73 1.05 1.68 0.35 3.40 0.00 3.05 0.42 1.54 1.09 0.91 0.28 2.70 0.00 0.00 3.15 1.54 0.00 2.49 0.00 0.25 1.79 2.17 1.79 1.09 2.84 2.98 0.00 1.79 0.35 1.44 2.59 3.33 1.44 1.72 0.00 0.77 0.00 0.21
16 2.45 0.35 0.00 2.03 1.37 0.14 1.26 2.73 1.44 0.18 1.26 2.63 0.60 1.47 1.75 2.24 0.00 1.75 2.31 0.00 2.77 2.24 1.65 0.00 0.00 0.00 1.26 0.00 2.10 2.98 2.21 1.26 2.14 1.68 0.07 0.46 0.00 1.44 2.84 3.26 1.02 1.23 2.59 1.58 0.00 3.26 0.00 2.56 2.63 0.53 0.98 3.22 0.11 1.26 1.30 0.00 2.84 0.53 1.89 1.37 2.17 3.12 0.63 1.26 0.00 1.19 0.18 2.66 1.19 2.03 2.03 2.42 0.00 3.08 2.31 1.65 0.00 3.08 0.00 1.61 1.58 0.00 0.67 1.09 0.00 2.87 0.00 2.07 2.17 2.28 2.17 1.44 0.00 0.00 3.08 3.40 2.42 2.56 2.49 1.82
17 3.43 0.00 0.00 0.14 2.87 0.00 0.84 0.95 0.42 3.40 0.95 1.05 3.29 1.19 0.07 0.00 1.75 0.00 2.14 0.42 0.00 0.00 0.00 3.33 0.84 1.44 1.65 0.00 0.00 0.67 1.58 1.79 0.00 0.00 0.77 0.49 1.51 0.35 0.00 0.74 2.07 2.52 1.40 0.00 3.40 2.52 3.26 1.86 1.09 0.00 0.11 2.87 0.25 0.88 3.08 1.51 1.79 2.56 1.23 3.29 0.00 2.80 0.00 0.00 0.00 3.33 0.00 0.00 0.53 0.56 3.36 0.00 1.96 1.02 3.29 1.02 0.74 0.67 0.88 0.35 2.56 1.54 0.00 2.35 0.67 0.84 1.86 0.00 0.56 0.77 0.00 0.00 0.49 0.00 0.00 1.54 2.17 0.91 0.81 2.07
18 2.80 1.72 1.65 0.84 0.91 0.00 0.00 0.00 3.33 0.42 0.28 1.68 0.35 2.84 0.56 0.53 2.31 2.14 0.00 0.00 2.59 0.00 0.00 3.05 3.43 0.39 1.93 0.00 2.77 1.26 1.26 0.00 2.49 2.10 0.00 2.52 3.08 2.73 0.49 2.87 1.40 0.00 2.07 2.73 2.80 2.73 0.00 2.28 1.86 0.11 0.14 0.00 1.58 2.21 3.33 3.05 2.14 0.00 2.87 3.50 0.00 2.03 0.67 2.80 0.00 0.74 2.80 2.91 0.00 3.26 0.00 3.50 0.00 1.16 0.18 0.00 2.66 0.53 2.94 0.00 2.00 0.00 0.00 3.15 3.26 0.00 0.39 2.24 1.33 0.00 3.22 0.00 3.19 0.00 0.81 2.70 0.81 0.00 0.95 1.16
19 0.00 1.09 1.89 2.24 0.00 2.52 3.01 2.80 3.15 0.39 0.91 2.14 0.60 0.00 1.44 0.00 0.00 0.42 0.00 0.00 0.00 2.70 0.28 0.88 2.24 0.77 1.16 0.00 3.29 3.12 0.81 0.00 3.05 3.01 1.05 0.00 3.22 0.88 2.45 0.00 3.50 0.00 3.36 0.95 0.00 0.63 1.96 1.05 0.88 1.89 1.79 1.44 0.00 2.31 3.12 0.67 3.19 0.25 1.96 1.12 3.36 1.58 2.42 2.21 0.42 1.47 0.04 3.15 1.44 0.74 2.94 3.43 2.07 0.00 0.00 3.33 0.00 0.00 0.21 1.12 0.00 0.00 3.19 1.86 3.50 2.80 0.00 2.56 2.73 1.89 2.49 2.84 3.40 3.08 0.77 0.00 0.00 2.77 2.35 3.33
20 0.00 3.47 0.00 0.00 0.00 1.54 2.38 0.07 1.75 0.00 0.00 1.82 1.09 0.00 0.00 2.24 2.77 0.00 2.59 0.00 0.00 0.53 1.37 0.00 0.00 3.08 0.00 2.70 2.42 0.39 1.72 1.26 0.35 3.15 0.00 2.52 1.75 2.14 3.12 0.77 0.77 0.00 1.93 1.40 1.68 1.79 0.32 0.00 1.65 2.98 2.94 0.74 0.00 0.00 0.00 0.00 3.19 0.00 1.37 0.00 2.07 3.47 2.80 0.60 0.70 0.00 0.32 0.35 2.21 2.66 0.00 0.42 0.14 0.00 2.84 2.66 1.54 2.00 3.40 1.19 3.12 2.10 1.47 3.29 0.35 2.42 2.80 2.35 1.12 1.68 3.47 1.40 2.94 2.45 1.96 0.07 0.00 1.65 0.00 2.45
21 0.18 1.02 0.00 2.70 2.56 0.00 1.82 2.07 0.00 0.32 2.80 1.26 0.00 0.56 2.91 1.37 2.24 0.00 0.00 2.70 0.53 0.00 0.53 0.25 3.26 0.53 3.43 1.30 3.47 1.33 1.12 0.95 0.88 0.00 0.07 1.51 3.12 0.07 0.56 1.68 0.00 0.00 0.00 0.00 1.54 2.52 1.61 0.46 0.00 1.12 1.40 0.00 0.39 0.00 2.03 2.45 0.00 0.00 0.63 2.84 0.00 1.89 0.98 0.21 0.00 0.00 0.88 3.50 0.00 0.00 2.45 2.03 1.96 1.51 0.28 2.91 0.49 3.15 2.03 0.00 0.91 2.00 3.12 3.22 1.72 1.37 2.21 3.12 3.22 1.02 3.01 0.56 2.14 0.00 1.75 3.08 0.53 1.68 1.23 1.02
22 1.30 2.28 0.00 0.46 0.00 0.56 2.49 2.77 0.49 1.58 1.09 2.87 0.00 3.36 1.75 1.37 1.65 0.00 0.00 0.28 1.37 0.53 0.00 0.63 0.00 0.81 2.10 1.75 1.16 0.00 1.54 0.00 2.70 2.77 1.96 0.00 0.95 0.77 1.89 1.93 0.00 0.00 2.63 3.47 0.28 2.35 3.33 0.00 0.00 2.24 2.17 0.25 3.01 2.38 3.40 0.00 2.80 0.60 2.80 1.61 1.58 0.63 2.73 1.40 0.84 0.00 0.00 3.05 0.49 1.82 3.08 0.32 2.84 2.17 0.00 2.63 0.95 0.91 2.00 2.80 3.15 0.00 3.08 1.30 2.66 0.00 1.16 2.10 0.95 0.91 0.91 0.46 0.91 0.00 0.21 1.16 3.12 2.35 2.35 0.04
23 2.00 0.00 1.96 0.14 1.44 0.28 0.42 2.03 0.00 0.00 2.56 0.18 0.00 1.26 0.00 2.59 0.00 3.33 3.05 0.88 0.00 0.25 0.63 0.00 2.59 2.73 1.44 0.00 0.00 2.28 2.80 0.74 0.00 0.00 2.73 2.45 2.84 1.82 2.10 2.73 3.43 0.14 2.17 1.12 0.00 0.00 0.25 0.00 0.00 0.32 2.24 0.00 2.52 0.56 0.00 3.19 0.00 0.35 0.25 0.00 0.00 0.00 1.33 2.94 1.61 1.58 1.72 0.00 2.66 2.77 2.24 0.00 0.00 0.28 1.12 0.00 0.00 3.19 0.14 0.77 0.00 2.80 3.05 0.81 1.44 3.12 1.44 0.00 1.44 1.89 0.00 0.00 1.44 0.00 0.00 0.56 0.00 2.21 2.63 0.49
24 0.00 2.24 0.00 1.79 2.98 1.75 0.84 0.00 2.49 0.00 1.26 2.84 0.39 0.00 1.86 0.00 0.00 0.84 3.43 2.24 0.00 3.26 0.00 2.59 0.00 2.66 2.28 3.22 2.59 0.91 0.00 2.73 0.32 0.00 0.00 0.74 1.19 2.73 0.46 0.14 0.81 2.10 2.03 2.14 0.00 3.47 0.32 2.70 1.47 2.07 2.38 0.35 2.98 1.23 0.00 2.52 3.01 0.53 1.86 3.47 2.28 2.31 0.91 0.00 0.21 2.63 0.39 1.44 1.75 2.70 2.21 2.73 3.19 0.46 1.12 0.00 0.70 0.46 1.58 0.77 1.19 0.00 3.15 0.00 0.00 1.79 3.29 3.50 0.91 0.04 0.00 3.19 0.00 0.98 1.47 1.19 0.00 0.00 3.29 0.25
25 0.00 2.45 3.43 2.24 0.00 0.74 0.00 0.98 0.77 0.39 3.29 0.00 0.81 0.00 0.00 0.00 0.00 1.44 0.39 0.77 3.08 0.53 0.81 2.73 2.66 0.00 1.72 0.56 3.22 2.00 0.00 0.00 3.05 2.70 2.31 0.67 0.00 2.24 3.43 0.00 0.53 0.00 0.60 0.39 0.21 0.00 0.91 2.42 0.00 2.70 2.17 3.19 1.02 2.24 2.84 1.79 0.00 0.91 0.00 0.00 3.22 0.00 1.96 0.18 0.00 0.00 0.56 0.00 2.84 1.30 2.24 1.89 0.00 0.00 0.00 1.93 0.00 0.56 0.00 0.67 1.54 1.72 2.98 1.61 1.54 0.00 0.00 1.16 0.74 2.63 0.00 1.86 2.52 0.56 0.00 2.91 0.04 2.17 0.00 0.00
26 1.96 1.12 1.19 0.14 0.00 0.84 3.19 0.74 1.02 0.00 2.52 0.39 1.79 1.23 0.46 0.00 1.26 1.65 1.93 1.16 0.00 3.43 2.10 1.44 2.28 1.72 0.00 0.00 1.37 1.79 2.10 1.19 1.16 0.11 3.08 0.98 0.91 0.00 1.93 3.50 2.45 2.80 3.40 0.00 1.19 0.00 1.09 1.54 0.00 0.04 2.38 1.93 0.00 2.00 0.00 3.43 0.77 0.00 0.00 1.93 0.84 2.94 2.73 2.31 2.17 1.02 0.49 1.72 1.61 1.96 2.45 3.19 2.59 0.77 3.43 0.00 0.28 3.50 1.16 2.00 2.49 0.95 0.00 2.28 0.81 0.00 1.96 0.00 0.00 2.03 2.52 0.11 1.82 0.53 0.00 3.50 3.36 0.00 1.16 0.00
27 0.63 2.52 1.68 3.50 2.63 0.49 3.40 2.94 3.19 3.36 0.00 0.00 1.79 1.54 3.01 1.44 0.00 0.00 0.00 0.00 2.70 1.30 1.75 0.00 3.22 0.56 0.00 0.00 2.87 1.79 0.00 0.00 3.36 0.00 1.02 0.00 3.26 0.00 0.00 0.56 0.00 3.19 0.00 0.00 3.19 1.75 0.91 0.00 0.00 1.65 2.59 1.26 1.44 1.12 2.10 1.33 1.86 0.00 2.38 3.47 0.60 2.91 1.12 3.05 2.87 2.80 0.00 0.00 0.00 0.42 0.00 1.61 2.42 0.84 3.40 0.00 2.52 2.52 0.00 0.00 0.00 2.28 2.42 2.91 2.17 2.91 0.49 0.00 2.73 0.42 0.00 1.86 0.00 0.00 0.00 0.88 2.73 3.36 2.63 2.77
28 1.02 1.26 0.00 2.42 1.68 2.45 1.93 0.00 2.03 3.50 1.30 0.00 1.58 0.00 0.46 1.47 2.10 0.00 2.77 3.29 2.42 3.47 1.16 0.00 2.59 3.22 1.37 2.87 0.00 0.00 2.42 0.00 3.01 0.00 0.84 2.66 2.03 0.00 1.47 2.63 0.77 2.77 3.50 3.19 3.12 0.00 0.81 3.12 0.00 1.89 0.00 0.00 0.11 0.00 0.00 0.00 2.49 1.23 1.23 2.21 2.91 1.89 0.21 1.89 1.68 3.33 0.00 2.70 0.00 0.00 1.33 3.19 0.00 0.49 0.60 0.46 0.49 0.00 0.21 0.00 2.87 0.32 3.29 0.00 2.35 2.38 2.91 2.52 1.58 1.75 2.42 2.70 0.00 0.14 0.00 0.88 1.09 0.18 1.44 1.23
29 0.00 2.77 0.14 0.00 2.21 2.42 0.00 0.00 3.33 3.47 0.00 3.19 1.65 1.79 0.00 0.00 2.98 0.67 1.26 3.12 0.39 1.33 0.00 2.28 0.91 2.00 1.79 1.79 0.00 0.00 0.39 3.26 0.07 2.17 0.00 0.00 3.50 3.40 2.14 1.02 1.33 2.70 0.60 1.54 0.00 1.82 1.16 0.00 2.73 0.32 3.33 0.00 3.22 1.26 0.32 1.82 2.28 0.25 2.98 0.91 1.16 2.42 3.43 2.66 1.65 0.60 2.98 2.94 1.86 0.00 0.00 0.35 2.10 1.68 3.19 0.81 0.00 1.12 3.36 1.33 1.54 2.84 2.00 3.01 3.19 0.00 1.86 2.91 0.00 0.00 0.00 2.14 2.73 1.37 0.00 0.00 0.32 3.12 0.00 3.50
30 2.42 1.54 0.00 0.35 1.40 2.21 0.00 2.07 0.00 0.00 2.84 2.31 1.51 0.42 3.12 0.00 2.21 1.58 1.26 0.81 1.72 1.12 1.54 2.80 0.00 0.00 2.10 0.00 2.42 0.39 0.00 2.07 3.15 1.37 0.77 0.00 0.00 3.47 1.93 0.00 1.82 0.00 0.00 1.05 0.67 1.96 3.05 2.14 1.05 0.00 0.00 2.17 0.00 0.81 2.87 1.72 0.07 3.26 2.35 1.09 3.33 0.00 0.88 2.87 3.19 3.36 1.30 2.14 0.14 2.94 3.01 1.54 0.98 1.09 2.87 0.00 3.40 1.26 0.00 1.26 1.86 0.00 1.51 0.00 2.14 2.73 2.00 2.49 0.00 0.00 0.28 0.00 0.35 1.05 0.14 0.67 3.22 1.89 0.04 2.28
31 2.31 2.87 0.81 0.91 2.24 3.43 0.28 0.67 0.56 1.05 0.00 3.19 0.00 0.00 2.52 3.26 1.26 1.79 0.00 0.00 1.26 0.95 0.00 0.74 2.73 0.00 1.19 0.00 0.00 3.26 2.07 0.00 0.74 2.98 0.88 3.08 0.07 3.12 0.00 0.00 0.46 2.45 0.39 0.14 0.91 0.14 2.59 0.00 0.49 3.08 2.87 2.35 0.00 3.01 1.12 2.91 3.01 0.39 3.01 0.00 1.19 2.84 3.40 0.39 2.24 2.91 0.00 0.00 0.00 2.14 2.00 0.00 2.77 0.42 0.00 3.15 0.46 1.05 2.77 0.49 2.00 1.12 2.14 2.63 0.21 2.07 2.24 0.00 2.07 2.14 0.91 0.00 0.00 2.03 0.91 1.96 0.00 3.50 3.15 1.61
32 1.37 1.72 3.08 0.00 0.46 3.50 0.00 0.00 2.21 0.67 0.00 0.56 0.98 0.07 3.19 0.00 2.14 0.00 2.49 3.05 0.35 0.88 2.70 0.00 0.32 3.05 1.16 3.36 3.01 0.07 3.15 0.74 0.00 0.11 0.98 1.75 1.58 0.98 1.12 0.00 0.53 0.00 1.58 0.60 0.00 0.25 0.00 0.00 2.70 0.53 3.05 2.10 0.00 0.67 2.24 0.39 2.59 1.72 3.50 0.00 2.10 1.72 0.00 0.00 2.31 1.75 3.05 0.21 1.47 1.96 0.56 0.00 1.44 2.07 2.94 3.08 2.98 3.47 0.00 2.73 0.00 3.33 3.15 1.89 3.15 0.00 0.32 0.00 1.09 0.00 3.29 0.00 0.00 0.00 0.21 1.26 2.00 1.58 2.17 1.72
33 1.37 1.23 1.51 3.19 1.86 0.00 0.00 2.91 2.91 0.95 1.65 0.98 0.11 2.87 0.00 0.35 1.68 0.00 2.10 3.01 3.15 0.00 2.77 0.00 0.00 2.70 0.11 0.00 0.00 2.17 1.37 2.98 0.11 0.00 0.60 1.02 3.36 0.00 1.44 1.12 1.65 1.40 1.44 1.30 0.28 0.00 2.94 1.51 0.25 2.00 0.70 0.00 2.66 1.72 1.23 3.19 2.70 0.49 0.14 3.29 0.63 0.49 0.77 0.18 1.37 2.59 0.84 1.44 1.96 3.12 0.56 2.77 2.70 0.00 0.11 0.00 0.70 0.70 0.00 1.16 0.88 0.04 1.40 2.17 0.00 3.40 0.53 0.00 1.09 2.14 3.43 1.54 2.84 0.32 0.00 0.00 2.84 2.07 3.05 2.03
34 0.53 0.63 2.14 3.50 1.93 1.93 1.09 1.19 3.36 0.95 0.42 0.98 0.00 0.00 0.77 0.00 0.07 0.77 0.00 1.05 0.00 0.07 1.96 2.73 0.00 2.31 3.08 1.02 0.84 0.00 0.77 0.88 0.98 0.60 0.00 2.00 0.25 0.00 2.66 0.00 1.51 2.14 2.77 0.95 1.54 1.86 0.00 0.67 1.75 3.29 3.43 2.31 3.43 0.00 0.63 2.10 2.35 0.49 0.07 0.42 1.54 1.44 3.36 0.00 0.11 1.51 2.98 2.63 0.00 3.12 3.19 1.26 3.40 0.00 2.59 2.38 2.98 2.70 0.60 0.00 2.94 0.11 2.21 2.70 1.51 0.32 0.00 0.63 0.53 2.38 0.25 0.00 0.00 2.73 0.14 1.02 0.28 0.00 0.00 2.91
35 1.05 0.39 0.91 0.77 0.00 1.47 2.63 3.12 2.84 0.00 0.49 0.00 0.00 0.00 0.53 1.47 0.46 0.49 2.52 0.00 2.52 1.51 0.00 2.45 0.74 0.67 0.98 0.00 2.66 0.00 0.00 3.08 1.75 1.02 2.00 0.00 2.21 2.59 2.45 1.61 2.98 0.98 2.03 1.82 1.89 0.74 1.68 0.42 2.10 0.00 2.98 1.58 2.21 0.11 0.00 3.12 0.00 0.91 1.19 1.72 0.74 3.22 3.40 2.77 0.00 1.44 0.00 1.37 0.00 2.21 0.00 0.70 2.14 0.88 1.30 0.00 0.74 0.00 1.75 0.00 0.67 0.81 1.75 2.24 1.54 3.01 3.50 0.42 0.74 1.05 1.65 0.00 1.72 1.79 0.39 2.52 0.00 1.33 2.00 0.00
36 2.98 0.70 2.31 1.65 0.84 0.00 2.00 2.73 3.15 1.23 3.40 2.35 3.40 1.30 1.75 1.54 0.00 1.51 3.08 3.22 1.75 3.12 0.95 2.84 1.19 0.00 0.91 3.26 2.03 3.50 0.00 0.07 1.58 3.36 0.25 2.21 0.00 0.14 2.03 3.19 2.98 0.00 2.59 0.00 0.00 0.00 0.74 0.42 1.02 0.91 0.74 1.26 0.00 1.12 0.91 0.14 2.52 2.42 0.00 2.49 1.37 0.00 3.36 0.91 0.00 0.00 3.50 3.15 0.00 3.43 0.00 1.65 0.81 2.63 3.15 0.00 3.12 0.00 0.00 3.12 1.37 2.38 2.07 1.72 0.84 3.40 0.00 0.00 1.89 1.68 0.63 0.00 0.42 3.29 0.00 0.42 0.00 2.10 0.63 0.67
37 0.00 0.21 3.33 1.47 0.53 3.40 3.29 0.00 2.07 0.74 1.96 0.35 2.10 0.00 2.59 0.60 1.44 0.35 2.73 0.88 2.14 0.07 0.77 1.82 2.73 2.24 0.00 0.00 0.00 3.40 3.47 3.12 0.98 0.00 0.00 2.59 0.14 0.00 0.28 3.08 0.00 0.88 3.36 2.21 0.56 0.04 3.36 2.24 3.47 0.00 2.21 0.28 1.33 1.75 0.81 1.02 0.77 0.00 3.01 0.81 2.35 0.81 2.24 0.53 3.05 1.12 3.22 1.09 1.47 1.86 0.18 0.00 2.03 2.98 2.00 0.00 3.33 1.79 0.00 0.00 2.14 0.95 1.02 3.22 0.60 0.00 2.00 0.00 0.00 2.59 1.61 0.00 2.94 2.42 1.96 0.81 2.87 0.00 1.19 0.11
38 1.93 1.58 0.53 1.65 2.10 2.35 0.00 2.63 0.00 3.22 0.00 1.40 2.10 0.88 0.00 0.32 2.84 0.00 0.49 2.45 3.12 0.56 1.89 2.10 0.46 3.43 1.93 0.00 1.47 2.14 1.93 0.00 1.12 1.44 2.66 2.45 2.03 0.28 0.00 1.96 1.89 0.00 3.26 2.17 3.08 0.56 0.11 1.61 0.00 0.00 0.00 1.30 0.00 3.36 0.00 0.00 0.00 0.63 1.05 0.00 3.36 0.63 0.00 0.00 0.35 1.26 0.25 2.56 0.95 0.00 0.00 0.42 2.77 3.19 3.47 2.70 3.43 2.14 2.24 0.00 0.00 0.00 0.91 3.26 1.58 1.82 1.26 1.30 0.18 0.00 0.00 0.39 2.00 3.01 0.00 1.23 1.61 0.95 1.37 0.00
39 3.40 3.26 0.00 0.00 0.00 0.00 2.28 2.59 2.07 1.68 0.32 2.98 0.46 1.33 1.86 0.07 3.26 0.74 2.87 0.00 0.77 1.68 1.93 2.73 0.14 0.00 3.50 0.56 2.63 1.02 0.00 0.00 0.00 1.12 0.00 1.61 3.19 3.08 1.96 0.00 3.40 0.00 2.49 0.00 0.00 0.00 1.75 3.26 0.00 0.00 0.00 0.21 0.00 0.00 3.05 0.00 2.35 1.23 0.39 0.42 0.07 1.79 0.00 0.63 0.04 0.14 0.70 2.07 2.21 0.00 2.00 0.11 0.00 0.91 0.00 0.84 2.70 0.00 1.23 0.00 2.56 0.00 0.00 3.26 2.80 2.63 0.00 3.22 0.00 1.19 1.89 0.53 1.47 2.38 0.35 0.00 2.49 1.54 2.77 0.53
40 0.77 1.61 1.12 0.00 2.42 0.00 1.12 1.61 1.79 2.49 0.00 0.91 1.72 3.12 0.91 0.00 1.02 2.07 1.40 3.50 0.77 0.00 0.00 3.43 0.81 0.53 2.45 0.00 0.77 1.33 1.82 0.46 0.53 1.65 1.51 2.98 2.98 0.00 1.89 3.40 0.00 2.03 2.70 0.00 0.00 3.47 0.39 0.35 1.79 1.30 0.00 0.11 0.84 1.02 0.00 0.81 2.73 0.25 1.72 1.12 0.00 0.00 2.03 0.81 0.00 0.35 1.02 0.98 1.16 0.00 0.49 0.67 0.18 2.87 0.00 2.45 2.52 0.46 1.79 0.56 0.00 0.00 1.75 2.49 0.84 0.00 0.00 2.35 0.00 3.19 0.00 0.00 0.00 0.39 3.36 2.56 3.15 2.14 1.44 0.00
41 2.00 0.00 0.77 3.22 0.00 3.15 1.05 1.89 2.35 0.74 0.39 0.07 1.75 0.00 0.77 2.21 1.23 2.52 0.00 0.00 0.00 0.00 0.00 0.14 2.10 0.00 2.80 3.19 2.77 2.70 0.00 2.45 0.00 1.40 2.14 0.98 0.00 0.88 0.00 0.00 2.03 0.00 0.00 0.00 0.00 0.98 0.00 2.42 0.00 0.00 1.33 2.31 0.00 3.12 0.46 1.96 3.22 0.95 0.00 1.02 2.42 0.49 1.23 0.00 0.11 0.00 0.00 3.40 1.09 3.08 0.70 1.09 2.03 1.61 1.33 2.77 0.00 2.70 2.24 0.00 0.00 0.00 2.52 0.14 2.77 2.28 2.84 2.17 0.00 0.18 1.93 2.84 0.98 2.94 2.49 2.42 2.14 0.00 0.00 2.00
42 1.68 0.00 1.40 0.18 0.00 0.00 2.28 2.35 0.95 1.40 1.75 1.09 0.32 2.14 1.33 1.65 2.59 1.40 2.07 3.36 1.93 0.00 2.63 2.17 2.03 0.60 3.40 0.00 3.50 0.60 0.00 0.39 1.58 1.44 2.77 2.03 2.59 3.36 3.26 2.49 2.70 0.00 0.00 2.49 0.00 2.07 0.00 0.00 0.00 1.79 1.47 0.00 2.35 0.00 0.60 3.15 0.00 1.23 1.72 0.39 0.25 2.52 0.04 2.73 0.00 0.00 2.45 1.19 0.00 3.40 0.63 2.03 2.91 2.70 0.84 3.47 3.50 1.93 0.39 1.05 1.51 0.00 0.46 2.66 2.80 0.00 3.33 2.87 0.63 1.19 0.91 0.00 0.70 0.60 0.11 0.32 0.00 1.09 0.00 1.09
43 0.00 0.70 1.09 2.49 0.25 0.00 3.36 2.66 2.00 1.61 0.74 0.00 1.51 2.52 2.70 2.52 1.58 0.00 2.73 0.95 1.40 0.00 3.47 1.12 2.14 0.39 0.00 0.00 3.19 1.54 1.05 0.14 0.60 1.30 0.95 1.82 0.00 2.21 2.17 0.00 0.00 0.00 2.49 0.00 0.00 2.21 0.00 1.02 1.51 3.01 1.16 1.82 1.82 1.23 0.98 2.73 2.49 0.63 0.39 1.86 0.35 1.26 0.00 0.53 1.54 1.30 3.05 0.35 0.00 1.93 0.00 0.70 1.23 0.00 3.43 2.98 0.00 0.00 2.03 2.84 0.25 0.32 1.05 1.44 1.19 0.00 1.47 3.50 3.15 1.30 3.19 3.47 3.15 0.67 0.00 3.22 0.00 3.05 2.35 2.07
44 0.00 0.53 0.21 2.21 2.70 0.98 2.84 0.00 0.00 0.00 2.35 0.14 1.96 2.84 1.54 2.07 0.00 3.40 2.80 0.00 1.68 1.54 0.28 0.00 0.00 0.21 1.19 3.19 3.12 0.00 0.67 0.91 0.00 0.28 1.54 1.89 0.00 0.56 3.08 0.00 0.00 0.00 0.00 0.00 0.00 0.84 0.00 1.58 0.00 0.53 1.65 1.47 0.00 0.00 3.05 0.00 0.04 0.88 2.17 3.15 0.49 3.33 0.00 0.49 2.38 0.46 0.84 0.04 0.00 1.82 0.00 3.12 1.44 2.73 2.63 2.84 0.00 2.49 2.63 3.47 0.00 0.00 2.87 1.23 0.00 0.00 1.23 2.17 0.00 0.00 2.66 3.22 0.00 2.31 0.00 0.00 1.72 3.12 0.00 0.18
45 3.29 2.87 1.12 0.56 2.56 2.03 0.98 0.35 0.28 1.02 1.75 0.18 2.00 0.00 0.00 1.30 3.26 2.52 2.73 0.63 1.79 2.52 2.35 0.00 3.47 0.00 0.00 1.75 0.00 1.82 1.96 0.14 0.25 0.00 1.86 0.74 0.00 0.04 0.56 0.00 3.47 0.98 2.07 2.21 0.84 0.00 0.04 0.00 0.00 2.42 2.42 0.84 0.25 0.00 0.00 0.39 3.33 1.89 0.00 0.18 0.00 2.00 2.24 0.00 0.00 1.47 1.12 0.00 2.73 0.00 3.26 2.24 2.66 1.02 0.00 0.00 1.54 0.00 0.00 0.53 0.35 2.42 0.00 3.22 0.32 0.00 0.11 1.79 2.98 0.00 0.32 0.88 2.84 1.30 0.74 0.70 0.00 3.50 0.00 2.84
46 1.16 2.21 0.00 1.79 1.65 0.32 0.00 2.14 0.84 1.89 1.19 2.10 2.35 0.25 0.28 0.00 0.00 3.26 0.00 1.96 0.32 1.61 3.33 0.25 0.32 0.91 1.09 0.91 0.81 1.16 3.05 2.59 0.00 2.94 0.00 1.68 0.74 3.36 0.11 1.75 0.39 0.00 0.00 0.00 0.00 0.04 0.00 2.63 2.42 2.24 2.84 1.12 2.38 0.00 0.91 0.00 0.60 0.00 3.01 1.89 0.00 0.32 0.07 0.07 0.00 3.50 0.00 0.00 2.28 0.00 2.56 0.14 0.98 0.00 1.16 3.22 0.00 1.96 0.00 0.14 2.28 2.59 2.63 0.81 0.74 0.00 0.25 0.00 0.00 0.28 3.22 0.00 0.39 3.50 0.60 1.96 0.00 0.35 0.25 2.77
47 0.56 2.84 0.56 0.04 0.88 1.12 1.86 3.29 0.00 2.24 0.95 1.05 0.88 0.00 0.53 0.46 2.56 1.86 2.28 1.05 0.00 0.46 0.00 0.00 2.70 2.42 1.54 0.00 3.12 0.00 2.14 0.00 0.00 1.51 0.67 0.42 0.42 2.24 1.61 3.26 0.35 2.42 0.00 1.02 1.58 0.00 2.63 0.00 1.30 0.00 3.36 3.22 0.00 0.00 0.00 0.74 0.18 0.00 1.30 0.98 1.26 1.33 3.33 1.58 2.63 0.84 0.70 0.77 3.43 1.82 0.98 3.33 2.73 3.08 1.16 0.00 3.08 0.00 2.52 0.07 1.54 3.47 3.19 0.28 3.33 1.58 0.00 2.10 1.75 1.23 2.63 0.00 2.24 0.00 0.00 0.00 0.00 2.70 2.49 0.00
48 2.80 2.59 2.73 0.00 0.67 0.74 2.07 0.00 0.00 3.43 2.35 3.36 0.49 0.00 0.25 0.00 2.63 1.09 1.86 0.88 1.65 0.00 0.00 0.00 1.47 0.00 0.00 0.00 0.00 2.73 1.05 0.49 2.70 0.25 1.75 2.10 1.02 3.47 0.00 0.00 1.79 0.00 0.00 1.51 0.00 0.00 2.42 1.30 0.00 2.94 3.12 1.37 0.00 0.81 2.14 0.00 2.10 0.00 0.74 0.04 0.00 2.49 0.00 1.40 0.00 0.00 1.40 0.00 0.00 1.44 2.45 0.88 0.81 1.26 0.28 0.00 3.50 2.80 0.00 0.00 3.47 0.25 0.00 0.00 0.35 0.00 0.00 1.44 0.67 1.09 0.00 0.74 2.80 0.84 1.54 0.00 3.05 3.12 0.00 2.07
49 2.38 2.80 0.49 1.58 0.07 1.68 1.19 2.80 1.93 0.00 0.98 1.47 3.05 2.87 3.22 0.00 0.53 0.00 0.11 1.89 2.98 1.12 2.24 0.32 2.07 2.70 0.04 1.65 1.89 0.32 0.00 3.08 0.53 2.00 3.29 0.00 0.91 0.00 0.00 0.00 1.30 0.00 1.79 3.01 0.53 2.42 2.24 0.00 2.94 0.00 0.00 0.28 1.09 1.09 0.00 3.19 0.39 1.16 2.17 0.00 0.00 3.22 3.05 1.86 0.88 0.84 0.56 1.72 1.40 0.49 0.00 2.10 1.68 3.15 0.00 0.00 1.93 0.11 0.00 3.29 2.66 0.00 0.00 2.24 2.80 0.00 3.22 1.12 2.17 2.35 0.91 2.03 0.60 1.44 2.38 1.89 0.25 0.32 1.72 0.18
50 1.05 0.00 0.00 1.89 2.38 2.91 0.00 0.00 3.05 3.33 3.08 0.95 0.25 0.00 0.18 1.02 0.98 0.11 0.14 1.79 2.94 1.40 2.17 2.24 2.38 2.17 2.38 2.59 0.00 3.33 0.00 2.87 3.05 0.70 3.43 2.98 0.74 2.21 0.00 0.00 0.00 1.33 1.47 1.16 1.65 2.42 2.84 3.36 3.12 0.00 0.00 0.00 2.42 0.00 0.00 1.23 1.82 3.29 1.79 2.10 0.00 0.00 2.94 1.23 0.04 2.17 1.51 3.40 0.00 0.00 2.66 2.73 2.35 1.44 1.68 0.77 1.37 0.81 0.67 0.56 2.45 3.36 0.00 2.21 1.86 0.25 0.00 0.42 0.25 3.33 0.00 0.00 2.21 0.88 2.14 3.08 3.15 0.14 0.00 0.00
51 0.67 1.05 2.28 1.23 0.00 1.40 1.58 2.49 2.77 0.81 2.63 1.75 0.70 2.70 0.42 2.28 3.22 2.87 0.00 1.44 0.74 0.00 0.25 0.00 0.35 3.19 1.93 1.26 0.00 0.00 2.17 2.35 2.10 0.00 2.31 1.58 1.26 0.28 1.30 0.21 0.11 2.31 0.00 1.82 1.47 0.84 1.12 3.22 1.37 0.28 0.00 0.00 2.70 3.19 0.56 0.25 0.39 2.63 0.53 0.00 0.11 1.79 0.14 0.95 0.00 2.70 2.77 1.72 2.59 3.22 0.00 1.37 0.39 0.42 0.98 0.00 2.31 0.67 0.00 2.17 0.00 0.35 2.80 1.05 0.00 0.00 0.56 0.07 2.28 0.00 0.04 0.25 0.00 0.49 0.00 0.81 2.00 0.84 1.65 2.94
52 0.00 2.80 3.12 1.58 2.17 2.52 1.54 1.93 0.18 3.50 0.00 0.18 1.51 1.89 0.67 2.84 0.11 0.25 1.58 0.00 0.00 0.39 3.01 2.52 2.98 1.02 0.00 1.44 0.11 3.22 0.00 0.00 0.00 2.66 3.43 2.21 0.00 1.33 0.00 0.00 0.84 0.00 2.35 1.82 0.00 0.25 2.38 0.00 0.00 1.09 2.42 2.70 0.00 2.49 0.39 0.00 0.35 2.35 0.00 1.47 1.16 0.18 3.19 2.91 1.58 3.05 0.00 3.22 1.33 2.24 0.00 0.00 0.77 1.79 2.63 0.63 2.63 2.21 3.12 0.00 3.47 2.63 2.70 1.12 0.00 0.95 2.49 0.84 0.00 1.75 0.00 0.60 1.12 2.59 1.79 0.00 0.39 2.35 0.18 2.17
53 2.70 0.00 0.00 3.47 2.45 3.43 1.33 2.59 0.00 1.40 3.36 2.38 0.00 0.00 0.00 0.07 1.26 0.88 2.21 2.31 0.00 0.00 2.38 0.56 1.23 2.24 2.00 1.12 0.00 1.26 0.81 3.01 0.67 1.72 0.00 0.11 1.12 1.75 3.36 0.00 1.02 3.12 0.00 1.23 0.00 0.00 0.00 0.00 0.81 1.09 0.00 3.19 2.49 0.00 2.49 2.28 0.00 2.66 2.63 1.93 0.00 2.03 2.17 3.05 0.04 2.42 3.43 0.35 2.87 2.94 2.21 0.00 2.10 1.82 1.86 1.23 0.53 2.03 1.26 1.54 2.63 1.26 0.00 1.19 2.94 2.17 1.58 3.40 1.47 1.12 3.40 0.00 0.46 1.09 1.05 0.00 0.00 0.14 1.54 0.00
54 0.98 0.00 0.70 1.68 0.00 0.25 0.98 1.89 1.82 3.05 0.00 0.00 0.00 0.25 2.45 0.00 1.30 3.08 3.33 3.12 0.00 2.03 3.40 0.00 0.00 2.84 0.00 2.10 0.00 0.32 2.87 1.12 2.24 1.23 0.63 0.00 0.91 0.81 0.00 3.05 0.00 0.46 0.60 0.98 3.05 0.00 0.91 0.00 2.14 0.00 0.00 0.56 0.39 2.49 0.00 2.24 0.00 0.42 0.00 1.75 1.02 0.21 1.65 1.09 2.87 1.96 1.33 1.05 3.40 2.10 1.09 0.00 2.98 0.84 0.70 2.21 0.00 2.77 1.16 2.24 1.23 0.14 2.10 1.40 1.23 1.19 0.00 2.91 0.00 3.47 1.33 2.00 1.05 0.42 0.00 0.84 0.00 3.36 3.22 2.31
55 2.63 0.00 2.91 3.33 1.82 2.52 2.84 1.19 0.00 1.19 3.43 3.12 1.58 0.84 0.00 0.53 0.00 1.51 3.05 0.67 0.00 2.45 0.00 3.19 2.52 1.79 3.43 1.33 0.00 1.82 1.72 2.91 0.39 3.19 2.10 3.12 0.14 1.02 0.00 0.00 0.81 1.96 3.15 2.73 0.00 0.39 0.00 0.74 0.00 3.19 1.23 0.25 0.00 2.28 2.24 0.00 0.00 0.07 0.00 1.23 3.43 0.00 2.00 0.00 0.25 0.00 2.21 0.00 2.00 1.12 3.29 0.00 0.25 2.45 0.00 3.47 1.09 3.08 0.49 0.00 0.00 0.00 2.31 3.15 0.35 0.00 0.00 2.73 1.93 3.47 1.37 2.28 0.88 1.86 2.31 3.33 2.45 0.77 2.59 0.00
56 0.00 1.33 3.40 0.00 3.47 1.02 3.22 0.00 1.26 2.42 3.19 1.02 0.21 1.05 0.00 1.33 2.84 1.79 2.14 3.19 3.19 0.00 2.80 0.00 3.01 0.00 0.77 1.86 2.49 2.28 0.07 3.01 2.59 2.70 2.35 0.00 2.52 0.77 0.00 2.35 2.73 3.22 0.00 2.49 0.04 3.33 0.60 0.18 2.10 0.39 1.82 0.39 0.35 0.00 0.00 0.00 0.00 1.09 2.80 2.03 1.40 0.53 0.39 1.68 0.49 0.95 0.46 0.11 0.42 0.00 1.02 0.67 1.58 3.08 0.04 3.40 0.81 0.00 0.00 0.35 0.00 0.21 0.18 1.44 1.96 0.88 0.00 0.00 2.63 2.84 2.31 0.25 2.42 2.07 2.56 0.00 0.25 1.79 0.21 0.00
57 1.86 2.03 0.00 2.45 0.07 1.02 2.59 0.14 3.08 2.80 3.12 3.36 0.00 1.65 1.58 2.21 0.53 2.56 0.00 0.25 0.00 0.00 0.60 0.35 0.53 0.91 0.00 0.00 1.23 0.25 3.26 0.39 1.72 0.49 0.49 0.91 2.42 0.00 0.63 1.23 0.25 0.95 1.23 0.63 0.88 1.89 0.00 0.00 0.00 1.16 3.29 2.63 2.35 2.66 0.42 0.07 1.09 0.00 0.00 0.00 2.45 0.88 3.22 0.49 1.44 0.00 0.00 1.26 2.10 0.00 1.33 0.00 0.32 0.74 3.50 0.00 3.12 0.00 0.00 0.49 0.98 1.79 3.19 2.94 1.02 3.19 2.28 2.45 2.63 3.05 2.49 0.00 0.49 0.00 1.09 0.60 0.00 2.63 1.54 1.33
58 1.72 0.00 0.00 2.63 1.79 2.00 2.00 1.19 1.16 0.00 0.39 1.30 0.00 3.50 3.22 1.54 1.89 1.23 2.87 1.96 1.37 0.63 2.80 0.25 1.86 0.00 0.00 2.38 1.23 2.98 2.35 3.01 3.50 0.14 0.07 1.19 0.00 3.01 1.05 0.39 1.72 0.00 1.72 0.39 2.17 0.00 3.01 1.30 0.74 2.17 1.79 0.53 0.00 2.63 0.00 0.00 2.80 0.00 0.00 0.84 0.00 0.35 1.65 0.00 0.00 2.98 0.63 1.86 0.00 2.03 0.00 0.39 2.10 2.14 0.56 3.47 3.33 1.19 1.47 0.21 0.00 1.75 0.00 1.51 1.54 2.10 0.00 1.16 3.47 0.00 0.00 0.74 1.26 3.40 0.84 2.52 0.00 0.00 0.00 0.00
59 1.82 3.29 0.70 0.00 2.94 3.50 1.96 2.80 0.00 1.05 1.54 0.49 2.80 0.00 1.93 0.28 1.37 3.29 3.50 1.12 0.00 2.84 1.61 0.00 3.47 0.00 1.93 3.47 2.21 0.91 1.09 0.00 0.00 3.29 0.42 1.72 2.49 0.81 0.00 0.42 1.12 1.02 0.39 1.86 3.15 0.18 1.89 0.98 0.04 0.00 2.10 0.00 1.47 1.93 1.75 1.23 2.03 0.00 0.84 0.00 3.50 0.00 2.31 1.30 1.68 0.00 2.84 1.05 0.00 2.73 0.00 1.12 0.00 0.00 0.00 0.00 2.03 1.23 0.00 3.15 1.51 1.51 0.00 0.00 0.77 1.79 2.49 0.70 3.19 3.50 0.00 0.53 0.18 0.56 3.08 0.00 0.46 2.07 0.00 0.77
60 2.91 0.00 2.56 0.25 0.00 0.35 0.00 2.10 0.00 0.00 1.79 0.70 2.77 0.00 0.00 0.95 2.17 0.00 0.00 3.36 2.07 0.00 1.58 0.00 2.28 3.22 0.84 0.60 2.91 1.16 3.33 1.19 2.10 0.63 1.54 0.74 1.37 2.35 3.36 0.07 0.00 2.42 0.25 0.35 0.49 0.00 0.00 1.26 0.00 0.00 0.00 0.11 1.16 0.00 1.02 3.43 1.40 2.45 0.00 3.50 0.00 1.44 1.51 3.12 0.46 2.98 1.40 0.00 3.33 0.14 0.00 2.07 2.49 2.59 1.54 2.21 0.60 0.21 0.00 0.56 3.36 1.75 0.00 1.33 0.00 0.74 2.70 1.19 2.70 0.00 1.54 0.00 0.00 2.17 0.00 0.00 1.26 0.56 0.95 0.70
61 0.00 2.70 0.49 1.12 0.00 0.14 2.35 3.19 3.40 1.30 1.58 2.07 0.00 1.86 0.39 2.73 3.12 2.80 2.03 1.58 3.47 1.89 0.63 0.00 2.31 0.00 2.94 2.91 1.89 2.42 0.00 2.84 1.72 0.49 1.44 3.22 0.00 0.81 0.63 1.79 0.00 0.49 2.52 1.26 3.33 2.00 0.32 1.33 2.49 3.22 0.00 1.79 0.18 2.03 0.21 0.00 0.53 0.88 0.35 0.00 1.44 0.00 2.03 1.23 0.00 1.79 0.84 0.63 1.26 1.44 0.00 0.00 0.53 0.04 1.30 0.91 2.28 0.53 0.00 2.66 1.79 1.09 0.70 0.00 3.26 0.00 1.02 0.00 3.36 3.40 0.42 1.51 0.00 1.89 3.26 2.91 1.68 0.63 0.00 2.52
62 0.00 0.14 0.28 0.00 1.75 0.77 1.61 0.00 2.63 1.61 2.31 0.81 0.11 0.46 0.14 1.05 0.63 0.00 0.67 2.42 2.80 0.98 2.73 1.33 0.91 1.96 2.73 1.12 0.21 3.43 0.88 3.40 0.00 0.77 3.36 3.40 3.36 2.24 0.00 0.00 2.03 1.23 0.04 0.00 0.00 2.24 0.07 3.33 0.00 3.05 2.94 0.14 3.19 2.17 1.65 2.00 0.39 3.22 1.65 2.31 1.51 2.03 0.00 0.00 3.40 2.03 1.82 0.04 3.29 0.00 0.14 1.82 1.19 3.43 0.81 0.00 0.00 0.00 0.00 1.86 2.17 0.98 3.01 0.00 3.15 2.98 3.15 1.23 0.49 0.00 3.29 0.00 0.14 3.29 3.50 0.00 0.70 0.00 2.70 2.56
63 1.12 2.98 0.00 0.00 1.58 0.00 2.28 2.63 0.77 0.67 0.39 1.26 2.63 2.45 1.19 1.68 1.26 0.00 2.80 2.21 0.60 0.21 1.40 2.94 0.00 0.18 2.31 3.05 1.89 2.66 2.87 0.39 0.00 0.18 0.00 2.77 0.91 0.53 0.00 0.63 0.81 0.00 2.73 0.53 0.49 0.00 0.07 1.58 1.40 1.86 1.23 0.95 2.91 3.05 1.09 0.00 1.68 0.49 0.00 1.30 3.12 1.23 0.00 0.00 1.02 2.84 0.07 0.00 0.25 3.33 3.47 0.00 0.00 3.19 3.29 0.00 1.40 3.22 0.70 0.00 1.12 3.05 2.38 0.53 2.45 0.07 0.00 0.00 2.73 1.75 2.10 3.15 0.42 1.37 0.88 1.09 1.05 0.00 2.07 2.59
64 2.66 0.56 0.00 0.00 2.07 0.00 0.35 0.00 0.00 0.81 2.87 3.50 0.60 2.03 0.18 0.35 0.00 0.00 0.00 0.42 0.70 0.00 0.84 1.61 0.21 0.00 2.17 2.87 1.68 1.65 3.19 2.24 2.31 1.37 0.11 0.00 0.00 3.05 0.35 0.04 0.00 0.11 0.00 1.54 2.38 0.00 0.00 2.63 0.00 0.88 0.04 0.00 1.58 0.04 2.87 0.25 0.49 1.44 0.00 1.68 0.46 0.00 3.40 1.02 0.00 0.81 0.63 3.05 0.88 0.00 3.40 0.04 2.66 2.80 0.00 0.00 0.00 1.33 0.00 1.68 0.00 0.00 2.73 0.04 0.00 1.65 0.00 3.05 1.37 1.82 0.00 0.28 0.00 3.50 0.35 0.11 1.72 0.00 1.02 0.00
65 0.53 0.00 0.53 0.39 0.91 0.00 0.74 0.00 0.00 0.35 3.19 2.31 0.00 0.00 0.42 3.40 1.19 3.33 0.74 1.47 0.00 0.00 0.00 1.58 2.63 0.00 1.02 2.80 3.33 0.60 3.36 2.91 1.75 2.59 1.51 1.44 0.00 1.12 1.26 0.14 0.35 0.00 0.00 1.30 0.46 1.47 3.50 0.84 0.00 0.84 2.17 2.70 3.05 2.42 1.96 0.00 0.95 0.00 2.98 0.00 2.98 1.79 2.03 2.84 0.81 0.00 0.39 2.91 0.98 1.75 3.33 3.29 0.00 0.00 2.49 2.73 0.35 0.00 0.60 2.24 3.50 0.00 1.16 0.00 1.44 3.19 1.89 3.12 1.54 0.84 0.00 0.00 2.77 0.00 0.00 1.05 0.35 1.89 0.00 0.00
66 0.81 0.00 0.42 1.89 0.18 1.86 1.61 1.65 1.54 3.08 1.02 1.72 2.00 0.39 1.54 0.00 0.18 0.00 2.80 0.04 0.32 0.88 0.00 1.72 0.39 0.56 0.49 0.00 0.00 2.98 1.30 0.00 3.05 0.84 2.98 0.00 3.50 3.22 0.25 0.70 1.02 0.00 2.45 3.05 0.84 1.12 0.00 0.70 1.40 0.56 1.51 2.77 0.00 3.43 1.33 2.21 0.46 0.00 0.63 2.84 1.40 0.84 1.82 0.07 0.63 0.39 0.00 0.00 0.91 2.56 3.40 2.07 2.24 0.00 0.35 0.00 1.23 2.07 0.35 2.38 1.19 2.77 1.05 3.33 1.93 2.56 1.58 0.00 0.42 0.00 0.00 1.37 0.56 1.89 0.00 3.12 2.70 0.00 3.36 1.93
67 2.31 3.22 0.91 2.42 2.52 1.61 1.75 1.51 1.54 0.28 1.75 0.42 1.33 3.47 0.00 3.05 2.66 0.00 2.91 3.15 0.35 3.50 3.05 0.00 1.44 0.00 1.72 0.00 2.70 2.94 2.14 0.00 0.21 1.44 2.63 1.37 3.15 1.09 2.56 2.07 0.98 3.40 1.19 0.35 0.04 0.00 0.00 0.77 0.00 1.72 3.40 1.72 3.22 0.35 1.05 0.00 0.11 1.26 1.86 1.05 0.00 0.63 0.04 0.00 3.05 2.91 0.00 0.00 0.32 2.59 0.00 1.68 1.47 1.72 1.30 2.84 0.00 0.00 0.00 0.00 0.56 0.00 1.58 3.29 2.84 1.19 0.67 0.00 1.05 0.77 3.43 1.02 1.05 1.09 0.74 1.30 0.00 2.17 1.82 1.02
68 2.38 0.35 0.00 2.66 0.00 2.24 2.07 1.51 3.43 0.00 1.09 3.19 1.93 0.67 2.49 0.42 1.19 0.53 0.00 1.44 2.21 0.00 0.49 2.66 1.75 2.84 1.61 0.00 0.00 1.86 0.14 0.00 1.47 1.96 0.00 0.00 0.00 1.47 0.95 2.21 1.16 1.09 0.00 0.00 0.00 2.73 2.28 3.43 0.00 1.40 0.00 2.59 1.33 2.87 3.40 2.00 0.42 2.10 0.00 0.00 3.33 1.26 3.29 0.25 0.88 0.98 0.91 0.32 0.00 3.47 0.00 0.00 0.00 2.91 2.84 0.00 0.00 0.98 1.40 0.25 3.12 3.15 2.35 0.00 2.66 0.00 0.84 1.51 0.00 0.67 0.00 0.84 2.07 2.03 1.65 2.80 0.00 2.10 2.70 0.00
69 1.23 2.17 2.63 0.00 2.24 1.79 2.21 0.91 0.74 3.47 1.68 0.00 0.42 2.66 0.39 1.54 2.03 0.56 3.26 0.74 2.66 0.00 1.82 2.77 2.70 1.30 1.96 0.42 0.00 0.00 2.94 2.14 1.96 3.12 3.12 2.21 3.43 1.86 0.00 0.00 0.00 3.08 3.40 1.93 1.82 0.00 0.00 1.82 1.44 0.49 0.00 3.22 2.24 2.94 2.10 1.12 0.00 0.00 2.03 2.73 0.14 1.44 0.00 3.33 0.00 1.75 2.56 2.59 3.47 0.00 2.66 1.30 1.02 1.05 2.80 2.91 3.33 2.17 0.00 0.00 0.00 0.00 3.15 2.73 0.91 0.25 0.00 1.37 3.50 0.00 1.61 0.00 2.84 0.00 1.30 2.21 2.94 0.00 1.58 0.53
70 2.80 1.86 0.46 0.84 1.16 3.33 0.00 0.00 3.26 2.63 0.63 0.14 2.28 2.52 3.12 1.09 2.03 3.36 0.00 2.94 0.00 2.45 3.08 2.24 2.21 2.24 2.45 0.00 1.33 0.00 3.01 2.00 0.56 0.56 3.19 0.00 0.00 0.18 0.00 2.00 0.49 0.70 0.63 0.00 0.00 3.26 2.56 0.98 2.45 0.00 2.66 0.00 0.00 2.21 1.09 3.29 1.02 1.33 0.00 0.00 0.00 0.00 0.14 3.47 3.40 3.33 3.40 0.00 0.00 2.66 0.00 2.94 0.63 0.00 0.00 3.47 2.17 0.00 1.26 1.61 0.42 0.14 3.05 2.56 3.15 2.03 0.04 1.61 0.18 2.84 0.00 1.09 0.77 0.00 0.00 1.65 0.00 0.70 0.91 2.28
71 3.05 0.91 0.63 1.26 0.00 1.75 2.63 1.47 2.07 1.54 0.67 2.77 3.36 0.18 3.33 0.91 2.42 0.00 3.50 3.43 0.42 2.03 0.32 0.00 2.73 1.89 3.19 1.61 3.19 0.35 1.54 0.00 0.00 2.77 1.26 0.70 1.65 0.00 0.42 0.11 0.67 1.09 2.03 0.70 3.12 2.24 0.14 3.33 0.88 2.10 2.73 1.37 0.00 0.00 0.00 0.00 0.67 0.00 0.39 1.12 2.07 0.00 1.82 0.00 0.04 3.29 2.07 1.68 0.00 1.30 2.94 0.00 1.19 3.12 0.84 0.00 0.56 0.00 0.00 0.00 0.98 3.26 0.04 2.03 0.00 2.17 1.12 1.51 0.11 0.74 3.08 2.87 2.35 0.21 0.46 0.95 2.59 0.00 0.00 3.33
72 3.29 0.00 1.47 3.47 1.54 2.56 3.43 3.47 0.70 3.29 1.09 2.45 0.00 0.00 0.84 0.28 0.00 1.96 0.00 2.07 0.14 1.96 2.84 0.00 3.19 0.00 2.59 2.42 0.00 2.10 0.98 2.77 1.44 2.70 3.40 2.14 0.81 2.03 2.77 0.00 0.18 2.03 2.91 1.23 1.44 2.66 0.98 2.73 0.81 1.68 2.35 0.39 0.77 2.10 2.98 0.25 1.58 0.32 2.10 0.00 2.49 0.53 1.19 0.00 2.66 0.00 2.24 1.47 0.00 1.02 0.63 1.19 0.00 0.00 1.93 3.26 0.28 0.35 1.40 0.00 2.77 1.65 3.43 2.59 2.63 0.00 2.45 2.87 0.84 0.00 0.67 0.00 0.00 3.12 0.00 0.00 1.02 2.14 0.28 3.29
73 0.00 0.60 2.28 0.77 0.00 1.09 2.80 3.19 2.94 3.22 0.00 0.00 1.86 1.12 0.00 2.70 3.08 1.02 1.16 0.00 0.00 1.51 2.17 0.28 0.46 0.00 0.77 0.84 0.49 1.68 1.09 0.42 2.07 0.00 0.00 0.88 2.63 2.98 3.19 0.91 2.87 1.61 2.70 0.00 2.73 1.02 0.00 3.08 1.26 3.15 1.44 0.42 1.79 1.82 0.84 2.45 3.08 0.74 2.14 0.00 2.59 0.04 3.43 3.19 2.80 0.00 0.00 1.72 2.91 1.05 0.00 3.12 0.00 0.00 0.00 0.00 0.95 1.61 3.12 0.74 2.38 2.49 0.46 2.45 0.00 3.12 1.16 1.19 1.37 2.45 1.68 1.19 2.24 2.38 0.46 1.47 2.70 0.00 3.01 0.35
74 0.00 1.19 1.05 3.22 0.18 0.46 3.50 2.49 0.98 0.81 0.00 3.12 2.45 3.47 3.33 0.00 2.31 3.29 0.18 0.00 2.84 0.28 0.00 1.12 1.12 0.00 3.43 3.40 0.60 3.19 2.87 0.00 2.94 0.11 2.59 1.30 3.15 2.00 3.47 0.00 0.00 1.33 0.84 3.43 2.63 0.00 1.16 1.16 0.28 0.00 1.68 0.98 2.63 1.86 0.70 0.00 0.04 3.50 0.56 0.00 1.54 1.30 0.81 3.29 0.00 2.49 0.35 1.30 2.84 2.80 0.00 0.84 1.93 0.00 0.00 2.63 0.00 3.01 0.00 1.82 1.09 0.91 2.73 0.00 2.56 0.00 0.00 0.00 1.72 0.00 0.00 0.00 0.00 0.00 2.87 0.70 3.47 2.84 1.44 2.73
75 0.04 1.51 0.00 1.09 3.01 0.63 2.80 3.08 1.86 2.63 2.87 3.08 0.00 3.19 0.95 0.00 1.65 1.02 0.00 3.33 2.66 2.91 2.63 0.00 0.00 1.93 0.00 0.00 0.46 0.81 0.00 3.15 3.08 0.00 2.38 0.00 0.00 0.00 2.70 0.84 2.45 2.77 3.47 2.98 2.84 0.00 3.22 0.00 0.00 0.00 0.77 0.00 0.63 1.23 2.21 3.47 3.40 0.00 3.47 0.00 2.21 0.91 0.00 0.00 0.00 2.73 0.00 2.84 0.00 2.91 3.47 0.00 3.26 0.00 2.63 0.00 0.14 0.98 0.67 2.59 0.00 0.53 2.91 0.00 1.26 0.00 0.00 1.51 0.07 1.96 0.74 1.96 2.03 0.00 1.23 1.82 0.00 3.47 0.00 1.61
76 3.08 0.28 0.00 0.00 2.00 1.65 3.15 2.80 1.75 0.88 2.87 0.70 0.49 0.00 0.00 3.15 0.00 0.74 2.66 0.00 1.54 0.49 0.95 0.00 0.70 0.00 0.28 2.52 0.49 0.00 3.40 0.46 2.98 0.70 2.98 0.74 3.12 3.33 3.43 2.70 2.52 0.00 3.50 0.00 0.00 1.54 0.00 3.08 3.50 1.93 1.37 2.31 2.63 0.53 0.00 1.09 0.81 3.12 3.33 2.03 0.60 2.28 0.00 1.40 0.00 0.35 1.23 0.00 0.00 3.33 2.17 0.56 0.28 0.95 0.00 0.14 0.00 1.40 3.43 1.26 0.56 0.00 1.79 1.30 0.00 1.19 0.00 1.61 1.68 2.45 1.75 2.28 0.14 0.74 1.26 3.40 1.86 1.89 0.11 3.05
77 2.94 0.81 1.23 3.47 0.00 2.63 0.53 1.82 3.05 1.89 2.84 1.47 2.87 2.45 0.00 1.54 3.08 0.67 0.53 0.00 2.00 3.15 0.91 3.19 0.46 0.56 3.50 2.52 0.00 1.12 1.26 1.05 3.47 0.70 2.70 0.00 0.00 1.79 2.14 0.00 0.46 2.70 1.93 0.00 2.49 0.00 1.96 0.00 2.80 0.11 0.81 0.67 2.21 2.03 2.77 3.08 0.00 0.00 1.19 1.23 0.21 0.53 0.00 3.22 1.33 0.00 2.07 0.00 0.98 2.17 0.00 0.00 0.35 1.61 3.01 0.98 1.40 0.00 1.05 0.39 0.70 0.95 3.19 2.42 0.00 2.28 0.49 0.00 0.00 0.00 2.31 1.89 1.86 0.81 3.05 2.21 3.12 1.05 3.01 0.00
78 1.61 2.24 2.59 3.08 2.87 1.93 1.44 3.05 1.47 0.00 2.94 0.00 3.05 0.00 0.49 0.00 0.00 0.88 2.94 0.21 3.40 2.03 2.00 0.14 1.58 0.00 1.16 0.00 0.21 3.36 0.00 2.77 0.00 0.00 0.60 1.75 0.00 0.00 2.24 1.23 1.79 2.24 0.39 2.03 2.63 0.00 0.00 2.52 0.00 0.00 0.67 0.00 3.12 1.26 1.16 0.49 0.00 0.00 1.47 0.00 0.00 0.00 0.00 0.70 0.00 0.60 0.35 0.00 1.40 0.00 1.26 0.00 1.40 3.12 0.00 0.67 3.43 1.05 0.00 0.46 0.00 0.53 0.00 1.89 0.00 1.86 0.00 2.24 2.17 1.72 0.28 0.00 0.00 0.00 2.38 0.46 0.00 0.00 0.77 0.49
79 3.22 3.40 1.58 1.96 0.00 0.00 3.33 1.19 3.01 2.14 2.49 1.86 0.04 0.00 2.17 2.49 1.61 0.35 0.00 1.12 1.19 0.00 2.80 0.77 0.77 0.67 2.00 0.00 0.00 1.33 1.26 0.49 2.73 1.16 0.00 0.00 3.12 0.00 0.00 0.00 0.56 0.00 1.05 2.84 3.47 0.53 0.14 0.07 0.00 3.29 0.56 2.17 0.00 1.54 2.24 0.00 0.35 0.49 0.21 3.15 0.56 2.66 1.86 0.00 1.68 2.24 2.38 0.00 0.25 0.00 1.61 0.00 0.00 0.74 1.82 2.59 1.26 0.39 0.46 0.00 0.88 1.75 1.79 0.00 1.86 0.00 1.12 0.07 0.00 1.51 2.31 2.52 1.61 0.63 0.70 1.44 2.21 2.94 2.24 3.29
80 1.23 1.37 0.00 2.03 0.11 2.17 2.07 2.10 2.94 0.42 0.00 1.89 2.42 3.47 2.14 0.00 1.58 2.56 2.00 0.00 3.12 0.91 3.15 0.00 1.19 1.54 2.49 0.00 2.87 1.54 1.86 2.00 0.00 0.88 2.94 0.67 1.37 2.14 0.00 2.56 0.00 0.00 1.51 0.25 0.00 0.35 2.28 1.54 3.47 2.66 2.45 0.00 3.47 2.63 1.23 0.00 0.00 0.98 0.00 1.51 3.36 1.79 2.17 1.12 0.00 3.50 1.19 0.56 3.12 0.00 0.42 0.98 2.77 2.38 1.09 0.00 0.56 0.70 0.00 0.88 0.00 1.54 2.35 0.60 0.00 1.05 1.93 0.00 1.12 0.77 0.00 0.00 0.88 2.07 0.00 2.31 1.79 2.66 3.08 0.11
81 0.00 0.04 0.77 0.00 2.63 0.25 0.00 0.42 1.09 3.01 2.80 1.93 1.89 2.98 0.00 0.25 0.00 1.54 0.00 0.00 2.10 2.00 0.00 2.80 0.00 1.72 0.95 2.28 0.32 2.84 0.00 1.12 3.33 0.04 0.11 0.81 2.38 0.95 0.00 0.00 0.00 0.00 0.00 0.32 0.00 2.42 2.59 3.47 0.25 0.00 3.36 0.35 2.63 1.26 0.14 0.00 0.21 1.79 1.75 1.51 1.75 1.09 0.98 3.05 0.00 0.00 2.77 0.00 3.15 0.00 0.14 3.26 1.65 2.49 0.91 0.53 0.00 0.95 0.53 1.75 1.54 0.00 0.00 2.07 2.42 1.68 0.00 0.49 0.00 0.00 0.70 1.96 0.00 1.61 1.75 2.21 2.38 3.12 0.00 1.89
82 1.44 1.33 0.74 2.03 0.00 2.49 3.08 1.72 0.00 2.07 0.35 0.00 0.00 0.00 0.00 1.79 0.67 0.00 0.00 3.19 1.47 3.12 3.08 3.05 3.15 2.98 0.00 2.42 3.29 2.00 1.51 2.14 3.15 1.40 2.21 1.75 2.07 1.02 0.91 0.00 1.75 2.52 0.46 1.05 2.87 0.00 2.63 3.19 0.00 0.00 0.00 2.80 2.70 0.00 2.10 2.31 0.18 3.19 0.00 0.00 0.00 0.70 3.01 2.38 2.73 1.16 1.05 1.58 2.35 3.15 3.05 0.04 3.43 0.46 2.73 2.91 1.79 3.19 0.00 1.79 2.35 0.00 0.00 2.49 1.47 2.87 0.49 0.00 1.47 0.63 0.00 1.02 0.70 0.42 0.25 0.00 0.56 1.61 2.21 0.00
83 2.49 2.70 1.82 0.28 1.02 0.00 2.00 2.21 2.07 0.00 1.16 1.30 2.14 1.79 0.21 2.17 1.09 2.35 3.15 1.86 3.29 3.22 1.30 0.81 0.00 1.61 2.28 2.91 0.00 3.01 0.00 2.63 1.89 2.17 2.70 2.24 1.72 3.22 3.26 3.26 2.49 0.14 2.66 1.44 1.23 3.22 0.81 0.28 0.00 2.24 2.21 1.05 1.12 1.19 1.40 3.15 1.44 2.94 1.51 0.00 1.33 0.00 0.00 0.53 0.04 0.00 3.33 3.29 0.00 2.73 2.56 2.03 2.59 2.45 0.00 0.00 1.30 2.42 1.89 0.00 0.60 2.07 2.49 0.00 0.00 2.14 1.93 0.77 2.38 0.11 0.70 0.00 0.21 0.91 0.00 0.07 0.00 1.23 0.00 2.56
84 1.40 2.03 3.15 0.60 3.43 0.14 0.00 0.00 0.18 3.40 1.26 3.29 0.00 3.01 1.09 1.79 0.00 0.67 3.26 3.50 0.35 1.72 2.66 1.44 0.00 1.54 0.81 2.17 2.35 3.19 2.14 0.21 3.15 0.00 1.51 1.54 0.84 0.60 1.58 2.80 0.84 2.77 2.80 1.19 0.00 0.32 0.74 3.33 0.35 2.80 1.86 0.00 0.00 2.94 1.23 0.35 1.96 1.02 1.54 0.77 0.00 3.26 3.15 2.45 0.00 1.44 1.93 2.84 2.66 0.91 3.15 0.00 2.63 0.00 2.56 1.26 0.00 0.00 0.00 1.86 0.00 2.42 1.47 0.00 0.00 1.61 0.00 1.96 0.18 0.11 3.50 2.03 1.61 2.80 2.84 1.05 2.94 0.00 0.60 0.11
85 0.74 2.24 1.23 2.14 3.36 2.35 0.35 0.00 0.00 0.56 2.80 3.33 0.32 0.39 0.14 1.09 2.87 0.84 0.00 2.80 2.42 1.37 0.00 3.12 1.79 0.00 0.00 2.91 2.38 0.00 2.73 2.07 0.00 3.40 0.32 3.01 3.40 0.00 1.82 2.63 0.00 2.28 0.00 0.00 0.00 0.00 0.00 1.58 0.00 0.00 0.25 0.00 0.95 2.17 1.19 0.00 0.88 3.19 2.10 1.79 0.74 0.00 2.98 0.07 1.65 3.19 2.56 1.19 0.00 0.25 2.03 2.17 0.00 3.12 0.00 0.00 1.19 2.28 1.86 0.00 1.05 1.68 2.87 2.14 1.61 0.00 1.12 2.91 1.72 0.00 1.09 2.35 3.36 3.22 1.16 2.77 0.00 2.94 3.50 3.22
86 0.00 1.61 0.11 1.44 2.49 0.00 3.01 0.00 3.36 1.89 3.08 0.95 3.50 0.42 0.00 2.84 0.00 1.86 0.39 0.00 2.80 2.21 1.16 1.44 3.29 0.00 1.96 0.49 2.91 1.86 2.00 2.24 0.32 0.53 0.00 3.50 0.00 2.00 1.26 0.00 0.00 2.84 3.33 1.47 1.23 0.11 0.25 0.00 0.00 3.22 0.00 0.56 2.49 1.58 0.00 0.00 0.00 2.28 0.00 2.49 2.70 1.02 3.15 0.00 0.00 1.89 1.58 0.67 0.84 0.00 0.04 1.12 2.45 1.16 0.00 0.00 0.00 0.49 0.00 1.12 1.93 0.00 0.49 1.93 0.00 1.12 0.00 0.32 0.95 0.67 0.00 0.00 1.61 3.01 2.84 1.05 3.40 3.15 0.00 0.77
87 0.00 0.00 2.00 3.43 0.14 0.14 0.00 0.21 0.00 1.26 2.42 0.39 0.00 0.00 3.26 2.98 2.07 0.00 2.24 2.56 2.35 3.12 2.10 0.00 3.50 1.16 0.00 0.00 2.52 2.91 2.49 0.00 0.00 0.00 0.63 0.42 0.00 0.00 1.30 3.22 2.35 2.17 2.87 3.50 2.17 1.79 0.00 2.10 1.44 1.12 0.42 0.07 0.84 3.40 2.91 2.73 0.00 2.45 1.16 0.70 1.19 0.00 1.23 0.00 3.05 3.12 0.00 0.00 1.51 1.37 1.61 1.51 2.87 1.19 0.00 1.51 1.61 0.00 2.24 0.07 0.00 0.49 0.00 0.77 1.96 2.91 0.32 0.00 1.51 3.43 1.16 1.05 1.37 1.30 2.07 0.28 0.00 0.00 2.59 2.77
88 1.16 1.82 2.80 0.00 0.49 0.00 2.14 0.84 0.00 0.32 3.26 2.35 1.30 0.14 0.04 0.00 2.17 0.56 1.33 2.73 1.12 3.22 0.95 1.44 0.91 0.74 0.00 2.73 1.58 0.00 0.00 2.07 1.09 1.09 0.53 0.74 1.89 0.00 0.18 0.00 0.00 0.00 0.63 3.15 0.00 2.98 0.00 1.75 0.67 2.17 0.25 2.28 0.00 1.47 0.00 1.93 2.63 2.63 3.47 3.19 2.70 3.36 0.49 2.73 1.37 1.54 0.42 1.05 0.00 3.50 0.18 0.11 0.84 1.37 1.72 0.07 1.68 0.00 2.17 0.00 1.12 0.00 1.47 2.38 0.18 1.72 0.95 1.51 0.00 0.00 2.00 1.79 2.91 2.49 0.00 1.44 3.33 0.00 3.05 2.10
89 1.30 2.10 1.05 2.70 2.80 0.00 3.36 2.17 0.46 0.49 0.00 2.00 1.12 0.56 2.14 1.79 2.28 0.77 0.00 1.89 1.68 1.02 0.91 1.89 0.04 2.63 2.03 0.42 1.75 0.00 0.00 2.14 0.00 2.14 2.38 1.05 1.68 2.59 0.00 1.19 3.19 0.18 1.19 1.30 0.00 0.00 0.28 1.23 1.09 2.35 3.33 0.00 1.75 1.12 3.47 3.47 2.84 3.05 0.00 3.50 0.00 3.40 0.00 1.75 1.82 0.84 0.00 0.77 0.67 0.00 2.84 0.74 0.00 2.45 0.00 1.96 2.45 0.00 1.72 1.51 0.77 0.00 0.63 0.11 0.11 0.00 0.67 3.43 0.00 0.00 2.59 1.09 3.01 0.95 0.00 0.39 0.53 0.00 1.02 0.00
90 2.70 0.04 2.35 0.00 0.00 3.15 0.00 0.77 0.56 3.36 0.00 2.94 3.05 0.00 0.46 0.35 2.17 0.00 3.22 2.49 3.47 3.01 0.91 0.00 0.00 0.00 2.52 0.00 2.42 0.00 0.28 0.91 3.29 3.43 0.25 1.65 0.63 1.61 0.00 1.89 0.00 1.93 0.91 3.19 2.66 0.32 3.22 2.63 0.00 0.91 0.00 0.04 0.00 3.40 1.33 1.37 2.31 2.49 0.00 0.00 1.54 0.42 3.29 2.10 0.00 0.00 0.00 3.43 0.00 1.61 0.00 3.08 0.67 1.68 0.00 0.74 1.75 2.31 0.28 2.31 0.00 0.70 0.00 0.70 3.50 1.09 0.00 1.16 2.00 2.59 0.00 2.38 1.96 0.00 0.00 2.42 2.14 3.01 0.84 0.88
91 3.19 1.89 0.00 1.16 2.91 0.00 0.91 0.00 0.00 0.77 3.08 1.72 0.00 3.01 1.58 1.44 1.44 0.00 0.00 2.84 1.40 0.56 0.46 0.00 3.19 1.86 0.11 1.86 2.70 2.14 0.00 0.00 0.00 1.54 0.00 0.00 0.00 0.00 0.39 0.53 0.00 2.84 0.00 3.47 3.22 0.88 0.00 0.00 0.74 2.03 0.00 0.25 0.60 0.00 2.00 2.28 0.25 0.00 0.74 0.53 0.00 1.51 0.00 3.15 0.28 0.00 1.37 1.02 0.84 0.00 1.09 2.87 0.00 1.19 0.00 1.96 2.28 1.89 0.00 2.52 0.00 1.96 1.02 0.00 2.03 2.35 0.00 1.05 1.79 1.09 2.38 0.00 0.49 0.77 0.00 1.05 0.42 1.09 0.00 3.08
92 0.00 0.63 2.14 1.37 0.00 2.91 1.26 2.59 0.00 1.30 0.00 2.80 0.00 2.59 2.56 2.59 0.00 0.49 3.19 3.40 2.94 2.14 0.91 1.44 0.00 2.52 1.82 0.00 0.00 2.73 0.35 0.00 0.00 2.84 0.00 1.72 0.42 2.94 2.00 1.47 0.00 0.98 0.70 3.15 0.00 2.84 0.39 2.24 2.80 0.60 2.21 0.00 1.12 0.46 1.05 0.88 2.42 0.49 1.26 0.18 0.00 0.00 0.14 0.42 0.00 2.77 0.56 1.05 2.07 2.84 0.77 2.35 0.00 2.24 0.00 2.03 0.14 1.86 0.00 1.61 0.88 0.00 0.70 0.21 1.61 3.36 1.61 1.37 2.91 3.01 1.96 0.49 0.00 2.94 0.84 0.88 0.63 1.96 0.00 0.00
93 1.54 1.54 0.04 1.68 0.00 2.28 0.42 1.16 0.07 0.00 0.00 0.00 0.63 2.10 0.00 3.33 0.00 0.00 0.00 3.08 2.45 0.00 0.00 0.00 0.98 0.56 0.53 0.00 0.14 1.37 1.05 2.03 0.00 0.32 2.73 1.79 3.29 2.42 3.01 2.38 0.39 2.94 0.60 0.67 2.31 1.30 3.50 0.00 0.84 1.44 0.88 0.49 2.59 1.09 0.42 1.86 2.07 0.00 3.40 0.56 2.17 1.89 3.29 1.37 3.50 0.00 1.89 1.09 2.03 0.00 0.00 0.21 3.12 2.38 0.00 0.00 0.74 0.81 0.00 0.63 2.07 1.61 0.42 0.91 2.80 3.22 3.01 1.30 2.49 0.95 0.00 0.77 2.94 0.00 0.00 0.00 1.09 1.05 0.00 0.46
94 2.91 0.00 2.24 0.00 0.00 0.00 1.02 2.63 3.26 0.00 0.53 1.37 2.07 2.03 0.00 1.44 3.08 0.00 0.81 0.77 1.96 1.75 0.21 0.00 1.47 0.00 0.00 0.00 0.00 0.00 0.14 0.91 0.21 0.00 0.14 0.39 0.00 1.96 0.00 0.35 3.36 2.49 0.11 0.00 0.00 0.74 0.60 0.00 1.54 2.38 2.14 0.00 1.79 1.05 0.00 2.31 2.56 1.09 0.84 3.08 0.00 3.26 3.50 0.88 0.35 0.00 0.00 0.74 1.65 1.30 0.00 0.46 0.00 0.46 2.87 1.23 1.26 3.05 2.38 0.70 0.00 1.75 0.25 0.00 2.84 1.16 2.84 2.07 0.00 0.00 0.00 0.00 0.84 0.00 0.00 0.00 3.50 0.49 0.00 2.31
95 0.18 2.73 0.00 0.25 1.40 0.46 1.72 3.36 0.00 0.63 3.33 0.32 0.95 1.89 1.47 1.72 3.40 1.54 2.70 0.00 0.07 3.08 1.16 0.56 1.19 2.91 3.50 0.88 0.88 0.00 0.67 1.96 1.26 0.00 1.02 2.52 0.42 0.81 1.23 0.00 2.56 2.42 0.32 3.22 0.00 0.70 1.96 0.00 0.00 1.89 3.08 0.81 0.00 0.00 0.84 3.33 0.00 0.60 2.52 0.00 0.00 2.91 0.00 1.09 0.11 1.05 3.12 1.30 2.80 2.21 1.65 0.95 0.00 1.47 0.70 1.82 3.40 2.21 0.46 1.44 2.31 2.21 0.00 0.07 1.05 2.77 1.05 0.28 1.44 0.39 2.42 1.05 0.88 0.00 0.00 0.00 2.73 0.00 3.08 0.00
96 0.11 2.70 0.00 0.39 0.00 0.88 2.17 3.36 0.00 1.51 0.00 0.35 0.00 0.00 1.30 0.00 2.42 2.17 0.81 0.00 0.00 0.53 3.12 0.00 0.00 0.04 3.36 2.73 1.09 0.32 3.22 0.00 2.00 2.84 0.28 0.00 0.00 2.87 1.61 2.49 3.15 2.14 0.00 0.00 1.72 0.00 0.00 0.00 3.05 0.25 3.15 2.00 0.39 0.00 0.00 2.45 0.25 0.00 0.00 0.46 1.26 1.68 0.70 1.05 1.72 0.35 2.70 0.00 0.00 2.94 0.00 2.59 1.02 2.70 3.47 0.00 1.86 3.12 0.00 2.21 1.79 2.38 0.56 0.00 2.94 0.00 3.40 0.00 3.33 0.53 2.14 0.42 0.63 1.09 3.50 2.73 0.00 0.00 0.25 1.89
97 3.22 0.00 1.33 3.12 0.00 1.82 0.00 0.18 0.00 2.66 1.33 0.00 0.67 1.93 0.39 0.77 2.56 0.91 0.00 2.77 1.65 1.68 2.35 2.21 0.00 2.17 0.00 3.36 0.18 3.12 1.89 3.50 1.58 2.07 0.00 1.33 2.10 0.00 0.95 1.54 2.14 0.00 1.09 3.05 3.12 3.50 0.35 2.70 3.12 0.32 0.14 0.84 2.35 0.14 3.36 0.77 1.79 2.63 0.00 2.07 0.56 0.63 0.00 0.00 0.00 1.89 0.00 2.17 2.10 0.00 0.70 0.00 2.14 0.00 2.84 3.47 1.89 1.05 0.00 2.94 2.66 3.12 1.61 1.23 0.00 2.94 3.15 0.00 0.00 0.00 3.01 1.09 1.96 1.05 0.49 0.00 0.00 0.00 0.00 1.82
98 3.19 2.52 1.72 2.38 0.91 0.77 1.16 1.09 3.15 2.91 2.73 1.54 0.04 1.23 0.63 0.00 2.49 0.81 0.95 2.35 0.00 1.23 2.35 2.63 3.29 0.00 1.16 2.63 1.44 0.00 0.04 3.15 2.17 3.05 0.00 2.00 0.63 1.19 1.37 2.77 1.44 0.00 0.00 2.35 0.00 0.00 0.25 2.49 0.00 1.72 0.00 1.65 0.18 1.54 3.22 2.59 0.21 1.54 0.00 0.00 0.95 0.00 2.70 2.07 1.02 0.00 3.36 1.82 2.70 1.58 0.91 0.00 0.28 3.01 1.44 0.00 0.11 3.01 0.77 2.24 3.08 0.00 2.21 0.00 0.60 3.50 0.00 2.59 3.05 1.02 0.84 0.00 0.00 0.00 0.00 3.08 0.25 0.00 0.00 2.07
99 0.25 0.00 0.00 1.54 1.30 0.00 0.00 0.28 1.47 0.00 1.37 0.00 1.72 2.87 2.56 0.21 1.82 2.07 1.16 3.33 2.45 1.02 0.04 0.49 0.25 0.00 0.00 2.77 1.23 3.50 2.28 1.61 1.72 2.03 2.91 0.00 0.67 0.11 0.00 0.53 0.00 2.00 1.09 2.07 0.18 2.84 2.77 0.00 2.07 0.18 0.00 2.94 2.17 0.00 2.31 0.00 0.00 1.33 0.00 0.77 0.70 2.52 2.56 2.59 0.00 0.00 1.93 1.02 0.00 0.53 2.28 3.33 3.29 0.35 2.73 1.61 3.05 0.00 0.49 3.29 0.11 1.89 0.00 2.56 0.11 3.22 0.77 2.77 2.10 0.00 0.88 3.08 0.00 0.46 2.31 0.00 1.89 1.82 2.07 0.00

ITEMS
nominal_profits 0.00 0.00 17.00 19.00 38.00 77.00 19.00 0.00 6.00 83.00 30.00 68.00 55.00 90.00 86.00 0.00 1.00 0.00 26.00 60.00 0.00 0.00 8.00 91.00 0.00 89.00 99.00 59.00 1.00 0.00 0.00 76.00 40.00 35.00 55.00 0.00 61.00 0.00 1.00 0.00 17.00 48.00 58.00 45.00 0.00 39.00 5.00 0.00 0.00 14.00 75.00 81.00 32.00 80.00 72.00 16.00 0.00 100.00 52.00 0.00 65.00 42.00 3.00 98.00 93.00 33.00 0.00 76.00 68.00 0.00 52.00 92.00 79.00 68.00 30.00 11.00 0.00 40.00 0.00 86.00 0.00 8.00 0.00 74.00 70.00 15.00 68.00 61.00 46.00 0.00 35.00 70.00 0.00 0.00 27.00 71.00 8.00 14.00 1.00 50.00
weights 17 29 23 32 9 16 17 45 27 21 37 3 45 7 22 31 17 41 33 26 11 10 12 47 46 35 8 33 3 46 6 32 32 32 18 36 39 49 26 37 47 20 46 20 35 23 33 23 43 9 2 21 6 31 4 36 3 37 35 26 18 29 27 19 46 46 38 41 43 11 39 4 45 46 1 17 9 5 45 20 32 3 11 48 16 23 7 26 34 4 48 4 5 24 3 47 10 46 16 33
capacity 1918
k_max 86

COMMENTS
original_pairwise_profits
0 0.00 35.00 15.00 34.00 44.00 86.00 55.00 43.00 37.00 0.00 0.00 0.00 58.00 61.00 79.00 10.00 70.00 98.00 80.00 0.00 0.00 5.00 37.00 57.00 0.00 0.00 56.00 18.00 29.00 0.00 69.00 66.00 39.00 39.00 15.00 30.00 85.00 0.00 55.00 97.00 22.00 57.00 48.00 0.00 0.00 94.00 33.00 16.00 80.00 68.00 30.00 19.00 0.00 77.00 28.00 75.00 0.00 53.00 49.00 52.00 83.00 0.00 0.00 32.00 76.00 15.00 23.00 66.00 68.00 35.00 80.00 87.00 94.00 0.00 0.00 1.00 88.00 84.00 46.00 92.00 35.00 0.00 41.00 71.00 40.00 21.00 0.00 0.00 33.00 37.00 77.00 91.00 0.00 44.00 83.00 5.00 3.00 92.00 91.00 7.00
1 35.00 0.00 0.00 84.00 100.00 0.00 11.00 18.00 8.00 0.00 45.00 81.00 72.00 49.00 14.00 0.00 10.00 0.00 49.00 31.00 99.00 29.00 65.00 0.00 64.00 70.00 32.00 72.00 36.00 79.00 44.00 82.00 49.00 35.00 18.00 11.00 20.00 6.00 45.00 93.00 46.00 0.00 0.00 20.00 15.00 82.00 63.00 81.00 74.00 80.00 0.00 30.00 80.00 0.00 0.00 0.00 38.00 58.00 0.00 94.00 0.00 77.00 4.00 85.00 16.00 0.00 0.00 92.00 10.00 62.00 53.00 26.00 0.00 17.00 34.00 43.00 8.00 23.00 64.00 97.00 39.00 1.00 38.00 77.00 58.00 64.00 46.00 0.00 52.00 60.00 1.00 54.00 18.00 44.00 0.00 78.00 77.00 0.00 72.00 0.00
2 15.00 0.00 0.00 87.00 78.00 80.00 83.00 0.00 30.00 85.00 0.00 97.00 0.00 61.00 0.00 75.00 0.00 0.00 47.00 54.00 0.00 0.00 0.00 56.00 0.00 98.00 34.00 48.00 0.00 4.00 0.00 23.00 88.00 43.00 61.00 26.00 66.00 95.00 15.00 0.00 32.00 22.00 40.00 31.00 6.00 32.00 0.00 16.00 78.00 14.00 0.00 65.00 89.00 0.00 20.00 83.00 97.00 0.00 0.00 20.00 73.00 14.00 8.00 0.00 0.00 15.00 12.00 26.00 0.00 75.00 13.00 18.00 42.00 65.00 30.00 0.00 0.00 35.00 74.00 45.00 0.00 22.00 21.00 52.00 90.00 35.00 3.00 57.00 80.00 30.00 67.00 0.00 61.00 1.00 64.00 0.00 0.00 38.00 49.00 0.00
3 34.00 84.00 87.00 0.00 64.00 61.00 9.00 44.00 86.00 0.00 0.00 0.00 43.00 0.00 0.00 0.00 58.00 4.00 24.00 64.00 0.00 77.00 13.00 4.00 51.00 64.00 4.00 100.00 69.00 0.00 10.00 26.00 0.00 91.00 100.00 22.00 47.00 42.00 47.00 0.00 0.00 92.00 5.00 71.00 63.00 16.00 51.00 1.00 0.00 45.00 54.00 35.00 45.00 99.00 48.00 95.00 0.00 70.00 75.00 0.00 7.00 32.00 0.00 0.00 0.00 11.00 54.00 69.00 76.00 0.00 24.00 36.00 99.00 22.00 92.00 31.00 0.00 99.00 88.00 56.00 58.00 0.00 58.00 8.00 17.00 61.00 41.00 98.00 0.00 77.00 0.00 33.00 39.00 48.00 0.00 7.00 11.00 89.00 68.00 44.00
4 44.00 100.00 78.00 64.00 0.00 63.00 0.00 0.00 49.00 76.00 0.00 9.00 6.00 51.00 64.00 20.00 39.00 82.00 26.00 0.00 0.00 73.00 0.00 41.00 85.00 0.00 0.00 75.00 48.00 63.00 40.00 64.00 13.00 53.00 55.00 0.00 24.00 15.00 60.00 0.00 69.00 0.00 0.00 7.00 77.00 73.00 47.00 25.00 19.00 2.00 68.00 0.00 62.00 70.00 0.00 52.00 99.00 2.00 51.00 84.00 0.00 0.00 50.00 45.00 59.00 26.00 5.00 72.00 0.00 64.00 33.00 0.00 44.00 0.00 5.00 86.00 57.00 0.00 82.00 0.00 3.00 75.00 0.00 29.00 98.00 96.00 71.00 4.00 14.00 80.00 0.00 83.00 0.00 0.00 0.00 40.00 0.00 0.00 26.00 37.00
5 86.00 0.00 80.00 61.00 63.00 0.00 84.00 29.00 11.00 99.00 55.00 56.00 7.00 16.00 0.00 0.00 4.00 0.00 0.00 72.00 44.00 0.00 16.00 8.00 50.00 21.00 24.00 14.00 70.00 69.00 63.00 98.00 100.00 0.00 55.00 42.00 0.00 97.00 67.00 0.00 0.00 90.00 0.00 0.00 28.00 58.00 9.00 32.00 21.00 48.00 83.00 40.00 72.00 98.00 7.00 72.00 29.00 29.00 57.00 100.00 10.00 4.00 22.00 0.00 0.00 0.00 53.00 46.00 64.00 51.00 95.00 50.00 73.00 31.00 13.00 18.00 47.00 75.00 55.00 0.00 62.00 7.00 71.00 0.00 4.00 67.00 0.00 4.00 0.00 0.00 90.00 0.00 83.00 65.00 0.00 13.00 25.00 52.00 22.00 0.00
6 55.00 11.00 83.00 9.00 0.00 84.00 0.00 0.00 3.00 17.00 0.00 72.00 0.00 16.00 0.00 0.00 36.00 24.00 0.00 86.00 68.00 52.00 71.00 12.00 24.00 0.00 91.00 97.00 55.00 0.00 0.00 8.00 0.00 0.00 31.00 75.00 57.00 94.00 0.00 65.00 32.00 30.00 65.00 96.00 81.00 28.00 0.00 53.00 59.00 34.00 0.00 45.00 44.00 38.00 28.00 81.00 92.00 74.00 57.00 56.00 0.00 67.00 46.00 65.00 10.00 21.00 46.00 50.00 59.00 63.00 0.00 75.00 98.00 80.00 100.00 80.00 90.00 15.00 41.00 95.00 59.00 0.00 88.00 57.00 0.00 10.00 86.00 0.00 61.00 96.00 0.00 26.00 36.00 12.00 29.00 49.00 62.00 0.00 33.00 0.00
7 43.00 18.00 0.00 44.00 0.00 29.00 0.00 0.00 10.00 62.00 43.00 94.00 42.00 0.00 0.00 20.00 78.00 27.00 0.00 80.00 2.00 59.00 79.00 58.00 0.00 28.00 21.00 84.00 0.00 0.00 59.00 19.00 0.00 83.00 34.00 89.00 78.00 0.00 75.00 74.00 46.00 54.00 67.00 76.00 0.00 10.00 61.00 94.00 0.00 80.00 0.00 71.00 55.00 74.00 54.00 34.00 0.00 4.00 34.00 80.00 60.00 91.00 0.00 75.00 0.00 0.00 47.00 43.00 43.00 26.00 0.00 42.00 99.00 91.00 71.00 88.00 80.00 52.00 87.00 34.00 60.00 12.00 49.00 63.00 0.00 0.00 0.00 6.00 24.00 62.00 22.00 0.00 74.00 33.00 75.00 96.00 96.00 5.00 31.00 8.00
8 37.00 8.00 30.00 86.00 49.00 11.00 3.00 10.00 0.00 7.00 0.00 60.00 53.00 50.00 72.00 39.00 41.00 12.00 95.00 90.00 50.00 0.00 14.00 0.00 71.00 22.00 29.00 91.00 58.00 95.00 0.00 16.00 63.00 83.00 96.00 81.00 90.00 59.00 0.00 59.00 51.00 67.00 27.00 57.00 0.00 8.00 24.00 0.00 0.00 55.00 87.00 79.00 5.00 0.00 52.00 0.00 36.00 88.00 33.00 0.00 0.00 97.00 75.00 22.00 0.00 0.00 44.00 44.00 98.00 21.00 93.00 59.00 20.00 84.00 28.00 53.00 50.00 87.00 42.00 86.00 84.00 31.00 0.00 59.00 5.00 0.00 96.00 0.00 0.00 13.00 16.00 0.00 0.00 2.00 93.00 0.00 0.00 0.00 90.00 42.00
9 0.00 0.00 85.00 0.00 76.00 99.00 17.00 62.00 7.00 0.00 21.00 0.00 0.00 2.00 8.00 80.00 5.00 97.00 12.00 11.00 0.00 9.00 45.00 0.00 0.00 11.00 0.00 96.00 100.00 99.00 0.00 30.00 19.00 27.00 27.00 0.00 35.00 21.00 92.00 48.00 71.00 21.00 40.00 46.00 0.00 29.00 54.00 64.00 98.00 0.00 95.00 23.00 100.00 40.00 87.00 34.00 69.00 80.00 0.00 30.00 0.00 37.00 46.00 19.00 23.00 10.00 88.00 8.00 0.00 99.00 75.00 44.00 94.00 92.00 23.00 75.00 25.00 54.00 0.00 61.00 12.00 86.00 59.00 0.00 97.00 16.00 54.00 36.00 9.00 14.00 96.00 22.00 37.00 0.00 0.00 18.00 43.00 76.00 83.00 0.00
10 0.00 45.00 0.00 0.00 0.00 55.00 0.00 43.00 0.00 21.00 0.00 0.00 59.00 87.00 21.00 34.00 36.00 27.00 8.00 26.00 0.00 80.00 31.00 73.00 36.00 94.00 72.00 0.00 37.00 0.00 81.00 0.00 0.00 47.00 12.00 14.00 97.00 56.00 0.00 9.00 0.00 11.00 50.00 21.00 67.00 50.00 34.00 27.00 67.00 28.00 88.00 75.00 0.00 96.00 0.00 98.00 91.00 89.00 11.00 44.00 51.00 45.00 66.00 11.00 82.00 91.00 29.00 50.00 31.00 48.00 18.00 19.00 31.00 0.00 0.00 82.00 82.00 81.00 84.00 71.00 0.00 80.00 10.00 33.00 36.00 80.00 88.00 69.00 93.00 0.00 0.00 88.00 0.00 0.00 15.00 95.00 0.00 38.00 78.00 39.00
11 0.00 81.00 97.00 0.00 9.00 56.00 72.00 94.00 60.00 0.00 0.00 0.00 0.00 0.00 0.00 63.00 75.00 30.00 48.00 61.00 52.00 36.00 82.00 5.00 81.00 0.00 11.00 0.00 0.00 91.00 66.00 91.00 16.00 28.00 28.00 0.00 67.00 10.00 40.00 85.00 26.00 2.00 31.00 0.00 4.00 5.00 60.00 30.00 96.00 42.00 27.00 50.00 5.00 68.00 0.00 89.00 29.00 96.00 37.00 14.00 20.00 59.00 23.00 36.00 100.00 66.00 49.00 12.00 91.00 0.00 4.00 79.00 70.00 0.00 89.00 88.00 20.00 42.00 0.00 53.00 54.00 55.00 0.00 37.00 94.00 95.00 27.00 11.00 67.00 57.00 84.00 49.00 80.00 0.00 39.00 9.00 10.00 0.00 44.00 0.00
12 58.00 72.00 0.00 43.00 6.00 7.00 0.00 42.00 53.00 0.00 59.00 0.00 0.00 39.00 77.00 0.00 17.00 94.00 10.00 17.00 31.00 0.00 0.00 0.00 11.00 23.00 51.00 51.00 45.00 47.00 43.00 0.00 28.00 3.00 0.00 0.00 97.00 60.00 60.00 13.00 49.00 50.00 9.00 43.00 56.00 57.00 67.00 25.00 14.00 87.00 7.00 20.00 43.00 0.00 0.00 45.00 6.00 0.00 0.00 80.00 79.00 0.00 3.00 75.00 17.00 0.00 57.00 38.00 55.00 12.00 65.00 96.00 0.00 53.00 70.00 0.00 14.00 82.00 87.00 1.00 69.00 54.00 0.00 61.00 0.00 9.00 100.00 0.00 37.00 32.00 87.00 0.00 0.00 18.00 59.00 27.00 0.00 19.00 1.00 49.00
13 61.00 49.00 61.00 0.00 51.00 16.00 16.00 0.00 50.00 2.00 87.00 0.00 39.00 0.00 50.00 0.00 42.00 34.00 81.00 0.00 0.00 16.00 96.00 36.00 0.00 0.00 35.00 44.00 0.00 51.00 12.00 0.00 2.00 82.00 0.00 0.00 37.00 0.00 25.00 38.00 89.00 0.00 61.00 72.00 81.00 0.00 7.00 0.00 0.00 82.00 0.00 77.00 54.00 0.00 7.00 24.00 30.00 47.00 100.00 0.00 0.00 53.00 13.00 70.00 58.00 0.00 11.00 99.00 19.00 76.00 72.00 5.00 0.00 32.00 99.00 91.00 0.00 70.00 0.00 0.00 99.00 85.00 0.00 51.00 86.00 11.00 12.00 0.00 4.00 16.00 0.00 86.00 74.00 60.00 58.00 54.00 0.00 55.00 35.00 82.00
14 79.00 14.00 0.00 0.00 64.00 0.00 0.00 0.00 72.00 8.00 21.00 0.00 77.00 50.00 0.00 0.00 50.00 2.00 16.00 41.00 0.00 83.00 50.00 0.00 53.00 0.00 13.00 86.00 13.00 0.00 89.00 72.00 91.00 0.00 22.00 15.00 50.00 74.00 0.00 53.00 26.00 22.00 38.00 77.00 44.00 0.00 8.00 15.00 7.00 92.00 5.00 12.00 19.00 0.00 70.00 0.00 0.00 45.00 92.00 55.00 0.00 11.00 4.00 34.00 5.00 12.00 44.00 0.00 71.00 11.00 89.00 95.00 24.00 0.00 95.00 27.00 0.00 0.00 14.00 62.00 61.00 0.00 0.00 6.00 31.00 4.00 0.00 93.00 1.00 61.00 13.00 45.00 73.00 0.00 0.00 42.00 37.00 11.00 18.00 73.00
15 10.00 0.00 75.00 0.00 20.00 0.00 0.00 20.00 39.00 80.00 34.00 63.00 0.00 0.00 0.00 0.00 64.00 0.00 15.00 0.00 64.00 39.00 39.00 74.00 0.00 0.00 0.00 41.00 42.00 0.00 0.00 93.00 0.00 10.00 0.00 42.00 44.00 17.00 9.00 2.00 0.00 63.00 47.00 72.00 59.00 37.00 0.00 13.00 0.00 0.00 29.00 65.00 81.00 2.00 0.00 15.00 38.00 63.00 44.00 8.00 27.00 78.00 30.00 48.00 10.00 97.00 0.00 87.00 12.00 44.00 31.00 26.00 8.00 77.00 0.00 0.00 90.00 44.00 0.00 71.00 0.00 7.00 51.00 62.00 51.00 31.00 81.00 85.00 0.00 51.00 10.00 41.00 74.00 95.00 41.00 49.00 0.00 22.00 0.00 6.00
16 70.00 10.00 0.00 58.00 39.00 4.00 36.00 78.00 41.00 5.00 36.00 75.00 17.00 42.00 50.00 64.00 0.00 50.00 66.00 0.00 79.00 64.00 47.00 0.00 0.00 0.00 36.00 0.00 60.00 85.00 63.00 36.00 61.00 48.00 2.00 13.00 0.00 41.00 81.00 93.00 29.00 35.00 74.00 45.00 0.00 93.00 0.00 73.00 75.00 15.00 28.00 92.00 3.00 36.00 37.00 0.00 81.00 15.00 54.00 39.00 62.00 89.00 18.00 36.00 0.00 34.00 5.00 76.00 34.00 58.00 58.00 69.00 0.00 88.00 66.00 47.00 0.00 88.00 0.00 46.00 45.00 0.00 19.00 31.00 0.00 82.00 0.00 59.00 62.00 65.00 62.00 41.00 0.00 0.00 88.00 97.00 69.00 73.00 71.00 52.00
17 98.00 0.00 0.00 4.00 82.00 0.00 24.00 27.00 12.00 97.00 27.00 30.00 94.00 34.00 2.00 0.00 50.00 0.00 61.00 12.00 0.00 0.00 0.00 95.00 24.00 41.00 47.00 0.00 0.00 19.00 45.00 51.00 0.00 0.00 22.00 14.00 43.00 10.00 0.00 21.00 59.00 72.00 40.00 0.00 97.00 72.00 93.00 53.00 31.00 0.00 3.00 82.00 7.00 25.00 88.00 43.00 51.00 73.00 35.00 94.00 0.00 80.00 0.00 0.00 0.00 95.00 0.00 0.00 15.00 16.00 96.00 0.00 56.00 29.00 94.00 29.00 21.00 19.00 25.00 10.00 73.00 44.00 0.00 67.00 19.00 24.00 53.00 0.00 16.00 22.00 0.00 0.00 14.00 0.00 0.00 44.00 62.00 26.00 23.00 59.00
18 80.00 49.00 47.00 24.00 26.00 0.00 0.00 0.00 95.00 12.00 8.00 48.00 10.00 81.00 16.00 15.00 66.00 61.00 0.00 0.00 74.00 0.00 0.00 87.00 98.00 11.00 55.00 0.00 79.00 36.00 36.00 0.00 71.00 60.00 0.00 72.00 88.00 78.00 14.00 82.00 40.00 0.00 59.00 78.00 80.00 78.00 0.00 65.00 53.00 3.00 4.00 0.00 45.00 63.00 95.00 87.00 61.00 0.00 82.00 100.00 0.00 58.00 19.00 80.00 0.00 21.00 80.00 83.00 0.00 93.00 0.00 100.00 0.00 33.00 5.00 0.00 76.00 15.00 84.00 0.00 57.00 0.00 0.00 90.00 93.00 0.00 11.00 64.00 38.00 0.00 92.00 0.00 91.00 0.00 23.00 77.00 23.00 0.00 27.00 33.00
19 0.00 31.00 54.00 64.00 0.00 72.00 86.00 80.00 90.00 11.00 26.00 61.00 17.00 0.00 41.00 0.00 0.00 12.00 0.00 0.00 0.00 77.00 8.00 25.00 64.00 22.00 33.00 0.00 94.00 89.00 23.00 0.00 87.00 86.00 30.00 0.00 92.00 25.00 70.00 0.00 100.00 0.00 96.00 27.00 0.00 18.00 56.00 30.00 25.00 54.00 51.00 41.00 0.00 66.00 89.00 19.00 91.00 7.00 56.00 32.00 96.00 45.00 69.00 63.00 12.00 42.00 1.00 90.00 41.00 21.00 84.00 98.00 59.00 0.00 0.00 95.00 0.00 0.00 6.00 32.00 0.00 0.00 91.00 53.00 100.00 80.00 0.00 73.00 78.00 54.00 71.00 81.00 97.00 88.00 22.00 0.00 0.00 79.00 67.00 95.00
20 0.00 99.00 0.00 0.00 0.00 44.00 68.00 2.00 50.00 0.00 0.00 52.00 31.00 0.00 0.00 64.00 79.00 0.00 74.00 0.00 0.00 15.00 39.00 0.00 0.00 88.00 0.00 77.00 69.00 11.00 49.00 36.00 10.00 90.00 0.00 72.00 50.00 61.00 89.00 22.00 22.00 0.00 55.00 40.00 48.00 51.00 9.00 0.00 47.00 85.00 84.00 21.00 0.00 0.00 0.00 0.00 91.00 0.00 39.00 0.00 59.00 99.00 80.00 17.00 20.00 0.00 9.00 10.00 63.00 76.00 0.00 12.00 4.00 0.00 81.00 76.00 44.00 57.00 97.00 34.00 89.00 60.00 42.00 94.00 10.00 69.00 80.00 67.00 32.00 48.00 99.00 40.00 84.00 70.00 56.00 2.00 0.00 47.00 0.00 70.00
21 5.00 29.00 0.00 77.00 73.00 0.00 52.00 59.00 0.00 9.00 80.00 36.00 0.00 16.00 83.00 39.00 64.00 0.00 0.00 77.00 15.00 0.00 15.00 7.00 93.00 15.00 98.00 37.00 99.00 38.00 32.00 27.00 25.00 0.00 2.00 43.00 89.00 2.00 16.00 48.00 0.00 0.00 0.00 0.00 44.00 72.00 46.00 13.00 0.00 32.00 40.00 0.00 11.00 0.00 58.00 70.00 0.00 0.00 18.00 81.00 0.00 54.00 28.00 6.00 0.00 0.00 25.00 100.00 0.00 0.00 70.00 58.00 56.00 43.00 8.00 83.00 14.00 90.00 58.00 0.00 26.00 57.00 89.00 92.00 49.00 39.00 63.00 89.00 92.00 29.00 86.00 16.00 61.00 0.00 50.00 88.00 15.00 48.00 35.00 29.00
22 37.00 65.00 0.00 13.00 0.00 16.00 71.00 79.00 14.00 45.00 31.00 82.00 0.00 96.00 50.00 39.00 47.00 0.00 0.00 8.00 39.00 15.00 0.00 18.00 0.00 23.00 60.00 50.00 33.00 0.00 44.00 0.00 77.00 79.00 56.00 0.00 27.00 22.00 54.00 55.00 0.00 0.00 75.00 99.00 8.00 67.00 95.00 0.00 0.00 64.00 62.00 7.00 86.00 68.00 97.00 0.00 80.00 17.00 80.00 46.00 45.00 18.00 78.00 40.00 24.00 0.00 0.00 87.00 14.00 52.00 88.00 9.00 81.00 62.00 0.00 75.00 27.00 26.00 57.00 80.00 90.00 0.00 88.00 37.00 76.00 0.00 33.00 60.00 27.00 26.00 26.00 13.00 26.00 0.00 6.00 33.00 89.00 67.00 67.00 1.00
23 57.00 0.00 56.00 4.00 41.00 8.00 12.00 58.00 0.00 0.00 73.00 5.00 0.00 36.00 0.00 74.00 0.00 95.00 87.00 25.00 0.00 7.00 18.00 0.00 74.00 78.00 41.00 0.00 0.00 65.00 80.00 21.00 0.00 0.00 78.00 70.00 81.00 52.00 60.00 78.00 98.00 4.00 62.00 32.00 0.00 0.00 7.00 0.00 0.00 9.00 64.00 0.00 72.00 16.00 0.00 91.00 0.00 10.00 7.00 0.00 0.00 0.00 38.00 84.00 46.00 45.00 49.00 0.00 76.00 79.00 64.00 0.00 0.00 8.00 32.00 0.00 0.00 91.00 4.00 22.00 0.00 80.00 87.00 23.00 41.00 89.00 41.00 0.00 41.00 54.00 0.00 0.00 41.00 0.00 0.00 16.00 0.00 63.00 75.00 14.00
24 0.00 64.00 0.00 51.00 85.00 50.00 24.00 0.00 71.00 0.00 36.00 81.00 11.00 0.00 53.00 0.00 0.00 24.00 98.00 64.00 0.00 93.00 0.00 74.00 0.00 76.00 65.00 92.00 74.00 26.00 0.00 78.00 9.00 0.00 0.00 21.00 34.00 78.00 13.00 4.00 23.00 60.00 58.00 61.00 0.00 99.00 9.00 77.00 42.00 59.00 68.00 10.00 85.00 35.00 0.00 72.00 86.00 15.00 53.00 99.00 65.00 66.00 26.00 0.00 6.00 75.00 11.00 41.00 50.00 77.00 63.00 78.00 91.00 13.00 32.00 0.00 20.00 13.00 45.00 22.00 34.00 0.00 90.00 0.00 0.00 51.00 94.00 100.00 26.00 1.00 0.00 91.00 0.00 28.00 42.00 34.00 0.00 0.00 94.00 7.00
25 0.00 70.00 98.00 64.00 0.00 21.00 0.00 28.00 22.00 11.00 94.00 0.00 23.00 0.00 0.00 0.00 0.00 41.00 11.00 22.00 88.00 15.00 23.00 78.00 76.00 0.00 49.00 16.00 92.00 57.00 0.00 0.00 87.00 77.00 66.00 19.00 0.00 64.00 98.00 0.00 15.00 0.00 17.00 11.00 6.00 0.00 26.00 69.00 0.00 77.00 62.00 91.00 29.00 64.00 81.00 51.00 0.00 26.00 0.00 0.00 92.00 0.00 56.00 5.00 0.00 0.00 16.00 0.00 81.00 37.00 64.00 54.00 0.00 0.00 0.00 55.00 0.00 16.00 0.00 19.00 44.00 49.00 85.00 46.00 44.00 0.00 0.00 33.00 21.00 75.00 0.00 53.00 72.00 16.00 0.00 83.00 1.00 62.00 0.00 0.00
26 56.00 32.00 34.00 4.00 0.00 24.00 91.00 21.00 29.00 0.00 72.00 11.00 51.00 35.00 13.00 0.00 36.00 47.00 55.00 33.00 0.00 98.00 60.00 41.00 65.00 49.00 0.00 0.00 39.00 51.00 60.00 34.00 33.00 3.00 88.00 28.00 26.00 0.00 55.00 100.00 70.00 80.00 97.00 0.00 34.00 0.00 31.00 44.00 0.00 1.00 68.00 55.00 0.00 57.00 0.00 98.00 22.00 0.00 0.00 55.00 24.00 84.00 78.00 66.00 62.00 29.00 14.00 49.00 46.00 56.00 70.00 91.00 74.00 22.00 98.00 0.00 8.00 100.00 33.00 57.00 71.00 27.00 0.00 65.00 23.00 0.00 56.00 0.00 0.00 58.00 72.00 3.00 52.00 15.00 0.00 100.00 96.00 0.00 33.00 0.00
27 18.00 72.00 48.00 100.00 75.00 14.00 97.00 84.00 91.00 96.00 0.00 0.00 51.00 44.00 86.00 41.00 0.00 0.00 0.00 0.00 77.00 37.00 50.00 0.00 92.00 16.00 0.00 0.00 82.00 51.00 0.00 0.00 96.00 0.00 29.00 0.00 93.00 0.00 0.00 16.00 0.00 91.00 0.00 0.00 91.00 50.00 26.00 0.00 0.00 47.00 74.00 36.00 41.00 32.00 60.00 38.00 53.00 0.00 68.00 99.00 17.00 83.00 32.00 87.00 82.00 80.00 0.00 0.00 0.00 12.00 0.00 46.00 69.00 24.00 97.00 0.00 72.00 72.00 0.00 0.00 0.00 65.00 69.00 83.00 62.00 83.00 14.00 0.00 78.00 12.00 0.00 53.00 0.00 0.00 0.00 25.00 78.00 96.00 75.00 79.00
28 29.00 36.00 0.00 69.00 48.00 70.00 55.00 0.00 58.00 100.00 37.00 0.00 45.00 0.00 13.00 42.00 60.00 0.00 79.00 94.00 69.00 99.00 33.00 0.00 74.00 92.00 39.00 82.00 0.00 0.00 69.00 0.00 86.00 0.00 24.00 76.00 58.00 0.00 42.00 75.00 22.00 79.00 100.00 91.00 89.00 0.00 23.00 89.00 0.00 54.00 0.00 0.00 3.00 0.00 0.00 0.00 71.00 35.00 35.00 63.00 83.00 54.00 6.00 54.00 48.00 95.00 0.00 77.00 0.00 0.00 38.00 91.00 0.00 14.00 17.00 13.00 14.00 0.00 6.00 0.00 82.00 9.00 94.00 0.00 67.00 68.00 83.00 72.00 45.00 50.00 69.00 77.00 0.00 4.00 0.00 25.00 31.00 5.00 41.00 35.00
29 0.00 79.00 4.00 0.00 63.00 69.00 0.00 0.00 95.00 99.00 0.00 91.00 47.00 51.00 0.00 0.00 85.00 19.00 36.00 89.00 11.00 38.00 0.00 65.00 26.00 57.00 51.00 51.00 0.00 0.00 11.00 93.00 2.00 62.00 0.00 0.00 100.00 97.00 61.00 29.00 38.00 77.00 17.00 44.00 0.00 52.00 33.00 0.00 78.00 9.00 95.00 0.00 92.00 36.00 9.00 52.00 65.00 7.00 85.00 26.00 33.00 69.00 98.00 76.00 47.00 17.00 85.00 84.00 53.00 0.00 0.00 10.00 60.00 48.00 91.00 23.00 0.00 32.00 96.00 38.00 44.00 81.00 57.00 86.00 91.00 0.00 53.00 83.00 0.00 0.00 0.00 61.00 78.00 39.00 0.00 0.00 9.00 89.00 0.00 100.00
30 69.00 44.00 0.00 10.00 40.00 63.00 0.00 59.00 0.00 0.00 81.00 66.00 43.00 12.00 89.00 0.00 63.00 45.00 36.00 23.00 49.00 32.00 44.00 80.00 0.00 0.00 60.00 0.00 69.00 11.00 0.00 59.00 90.00 39.00 22.00 0.00 0.00 99.00 55.00 0.00 52.00 0.00 0.00 30.00 19.00 56.00 87.00 61.00 30.00 0.00 0.00 62.00 0.00 23.00 82.00 49.00 2.00 93.00 67.00 31.00 95.00 0.00 25.00 82.00 91.00 96.00 37.00 61.00 4.00 84.00 86.00 44.00 28.00 31.00 82.00 0.00 97.00 36.00 0.00 36.00 53.00 0.00 43.00 0.00 61.00 78.00 57.00 71.00 0.00 0.00 8.00 0.00 10.00 30.00 4.00 19.00 92.00 54.00 1.00 65.00
31 66.00 82.00 23.00 26.00 64.00 98.00 8.00 19.00 16.00 30.00 0.00 91.00 0.00 0.00 72.00 93.00 36.00 51.00 0.00 0.00 36.00 27.00 0.00 21.00 78.00 0.00 34.00 0.00 0.00 93.00 59.00 0.00 21.00 85.00 25.00 88.00 2.00 89.00 0.00 0.00 13.00 70.00 11.00 4.00 26.00 4.00 74.00 0.00 14.00 88.00 82.00 67.00 0.00 86.00 32.00 83.00 86.00 11.00 86.00 0.00 34.00 81.00 97.00 11.00 64.00 83.00 0.00 0.00 0.00 61.00 57.00 0.00 79.00 12.00 0.00 90.00 13.00 30.00 79.00 14.00 57.00 32.00 61.00 75.00 6.00 59.00 64.00 0.00 59.00 61.00 26.00 0.00 0.00 58.00 26.00 56.00 0.00 100.00 90.00 46.00
32 39.00 49.00 88.00 0.00 13.00 100.00 0.00 0.00 63.00 19.00 0.00 16.00 28.00 2.00 91.00 0.00 61.00 0.00 71.00 87.00 10.00 25.00 77.00 0.00 9.00 87.00 33.00 96.00 86.00 2.00 90.00 21.00 0.00 3.00 28.00 50.00 45.00 28.00 32.00 0.00 15.00 0.00 45.00 17.00 0.00 7.00 0.00 0.00 77.00 15.00 87.00 60.00 0.00 19.00 64.00 11.00 74.00 49.00 100.00 0.00 60.00 49.00 0.00 0.00 66.00 50.00 87.00 6.00 42.00 56.00 16.00 0.00 41.00 59.00 84.00 88.00 85.00 99.00 0.00 78.00 0.00 95.00 90.00 54.00 90.00 0.00 9.00 0.00 31.00 0.00 94.00 0.00 0.00 0.00 6.00 36.00 57.00 45.00 62.00 49.00
33 39.00 35.00 43.00 91.00 53.00 0.00 0.00 83.00 83.00 27.00 47.00 28.00 3.00 82.00 0.00 10.00 48.00 0.00 60.00 86.00 90.00 0.00 79.00 0.00 0.00 77.00 3.00 0.00 0.00 62.00 39.00 85.00 3.00 0.00 17.00 29.00 96.00 0.00 41.00 32.00 47.00 40.00 41.00 37.00 8.00 0.00 84.00 43.00 7.00 57.00 20.00 0.00 76.00 49.00 35.00 91.00 77.00 14.00 4.00 94.00 18.00 14.00 22.00 5.00 39.00 74.00 24.00 41.00 56.00 89.00 16.00 79.00 77.00 0.00 3.00 0.00 20.00 20.00 0.00 33.00 25.00 1.00 40.00 62.00 0.00 97.00 15.00 0.00 31.00 61.00 98.00 44.00 81.00 9.00 0.00 0.00 81.00 59.00 87.00 58.00
34 15.00 18.00 61.00 100.00 55.00 55.00 31.00 34.00 96.00 27.00 12.00 28.00 0.00 0.00 22.00 0.00 2.00 22.00 0.00 30.00 0.00 2.00 56.00 78.00 0.00 66.00 88.00 29.00 24.00 0.00 22.00 25.00 28.00 17.00 0.00 57.00 7.00 0.00 76.00 0.00 43.00 61.00 79.00 27.00 44.00 53.00 0.00 19.00 50.00 94.00 98.00 66.00 98.00 0.00 18.00 60.00 67.00 14.00 2.00 12.00 44.00 41.00 96.00 0.00 3.00 43.00 85.00 75.00 0.00 89.00 91.00 36.00 97.00 0.00 74.00 68.00 85.00 77.00 17.00 0.00 84.00 3.00 63.00 77.00 43.00 9.00 0.00 18.00 15.00 68.00 7.00 0.00 0.00 78.00 4.00 29.00 8.00 0.00 0.00 83.00
35 30.00 11.00 26.00 22.00 0.00 42.00 75.00 89.00 81.00 0.00 14.00 0.00 0.00 0.00 15.00 42.00 13.00 14.00 72.00 0.00 72.00 43.00 0.00 70.00 21.00 19.00 28.00 0.00 76.00 0.00 0.00 88.00 50.00 29.00 57.00 0.00 63.00 74.00 70.00 46.00 85.00 28.00 58.00 52.00 54.00 21.00 48.00 12.00 60.00 0.00 85.00 45.00 63.00 3.00 0.00 89.00 0.00 26.00 34.00 49.00 21.00 92.00 97.00 79.00 0.00 41.00 0.00 39.00 0.00 63.00 0.00 20.00 61.00 25.00 37.00 0.00 21.00 0.00 50.00 0.00 19.00 23.00 50.00 64.00 44.00 86.00 100.00 12.00 21.00 30.00 47.00 0.00 49.00 51.00 11.00 72.00 0.00 38.00 57.00 0.00
36 85.00 20.00 66.00 47.00 24.00 0.00 57.00 78.00 90.00 35.00 97.00 67.00 97.00 37.00 50.00 44.00 0.00 43.00 88.00 92.00 50.00 89.00 27.00 81.00 34.00 0.00 26.00 93.00 58.00 100.00 0.00 2.00 45.00 96.00 7.00 63.00 0.00 4.00 58.00 91.00 85.00 0.00 74.00 0.00 0.00 0.00 21.00 12.00 29.00 26.00 21.00 36.00 0.00 32.00 26.00 4.00 72.00 69.00 0.00 71.00 39.00 0.00 96.00 26.00 0.00 0.00 100.00 90.00 0.00 98.00 0.00 47.00 23.00 75.00 90.00 0.00 89.00 0.00 0.00 89.00 39.00 68.00 59.00 49.00 24.00 97.00 0.00 0.00 54.00 48.00 18.00 0.00 12.00 94.00 0.00 12.00 0.00 60.00 18.00 19.00
37 0.00 6.00 95.00 42.00 15.00 97.00 94.00 0.00 59.00 21.00 56.00 10.00 60.00 0.00 74.00 17.00 41.00 10.00 78.00 25.00 61.00 2.00 22.00 52.00 78.00 64.00 0.00 0.00 0.00 97.00 99.00 89.00 28.00 0.00 0.00 74.00 4.00 0.00 8.00 88.00 0.00 25.00 96.00 63.00 16.00 1.00 96.00 64.00 99.00 0.00 63.00 8.00 38.00 50.00 23.00 29.00 22.00 0.00 86.00 23.00 67.00 23.00 64.00 15.00 87.00 32.00 92.00 31.00 42.00 53.00 5.00 0.00 58.00 85.00 57.00 0.00 95.00 51.00 0.00 0.00 61.00 27.00 29.00 92.00 17.00 0.00 57.00 0.00 0.00 74.00 46.00 0.00 84.00 69.00 56.00 23.00 82.00 0.00 34.00 3.00
38 55.00 45.00 15.00 47.00 60.00 67.00 0.00 75.00 0.00 92.00 0.00 40.00 60.00 25.00 0.00 9.00 81.00 0.00 14.00 70.00 89.00 16.00 54.00 60.00 13.00 98.00 55.00 0.00 42.00 61.00 55.00 0.00 32.00 41.00 76.00 70.00 58.00 8.00 0.00 56.00 54.00 0.00 93.00 62.00 88.00 16.00 3.00 46.00 0.00 0.00 0.00 37.00 0.00 96.00 0.00 0.00 0.00 18.00 30.00 0.00 96.00 18.00 0.00 0.00 10.00 36.00 7.00 73.00 27.00 0.00 0.00 12.00 79.00 91.00 99.00 77.00 98.00 61.00 64.00 0.00 0.00 0.00 26.00 93.00 45.00 52.00 36.00 37.00 5.00 0.00 0.00 11.00 57.00 86.00 0.00 35.00 46.00 27.00 39.00 0.00
39 97.00 93.00 0.00 0.00 0.00 0.00 65.00 74.00 59.00 48.00 9.00 85.00 13.00 38.00 53.00 2.00 93.00 21.00 82.00 0.00 22.00 48.00 55.00 78.00 4.00 0.00 100.00 16.00 75.00 29.00 0.00 0.00 0.00 32.00 0.00 46.00 91.00 88.00 56.00 0.00 97.00 0.00 71.00 0.00 0.00 0.00 50.00 93.00 0.00 0.00 0.00 6.00 0.00 0.00 87.00 0.00 67.00 35.00 11.00 12.00 2.00 51.00 0.00 18.00 1.00 4.00 20.00 59.00 63.00 0.00 57.00 3.00 0.00 26.00 0.00 24.00 77.00 0.00 35.00 0.00 73.00 0.00 0.00 93.00 80.00 75.00 0.00 92.00 0.00 34.00 54.00 15.00 42.00 68.00 10.00 0.00 71.00 44.00 79.00 15.00
40 22.00 46.00 32.00 0.00 69.00 0.00 32.00 46.00 51.00 71.00 0.00 26.00 49.00 89.00 26.00 0.00 29.00 59.00 40.00 100.00 22.00 0.00 0.00 98.00 23.00 15.00 70.00 0.00 22.00 38.00 52.00 13.00 15.00 47.00 43.00 85.00 85.00 0.00 54.00 97.00 0.00 58.00 77.00 0.00 0.00 99.00 11.00 10.00 51.00 37.00 0.00 3.00 24.00 29.00 0.00 23.00 78.00 7.00 49.00 32.00 0.00 0.00 58.00 23.00 0.00 10.00 29.00 28.00 33.00 0.00 14.00 19.00 5.00 82.00 0.00 70.00 72.00 13.00 51.00 16.00 0.00 0.00 50.00 71.00 24.00 0.00 0.00 67.00 0.00 91.00 0.00 0.00 0.00 11.00 96.00 73.00 90.00 61.00 41.00 0.00
41 57.00 0.00 22.00 92.00 0.00 90.00 30.00 54.00 67.00 21.00 11.00 2.00 50.00 0.00 22.00 63.00 35.00 72.00 0.00 0.00 0.00 0.00 0.00 4.00 60.00 0.00 80.00 91.00 79.00 77.00 0.00 70.00 0.00 40.00 61.00 28.00 0.00 25.00 0.00 0.00 58.00 0.00 0.00 0.00 0.00 28.00 0.00 69.00 0.00 0.00 38.00 66.00 0.00 89.00 13.00 56.00 92.00 27.00 0.00 29.00 69.00 14.00 35.00 0.00 3.00 0.00 0.00 97.00 31.00 88.00 20.00 31.00 58.00 46.00 38.00 79.00 0.00 77.00 64.00 0.00 0.00 0.00 72.00 4.00 79.00 65.00 81.00 62.00 0.00 5.00 55.00 81.00 28.00 84.00 71.00 69.00 61.00 0.00 0.00 57.00
42 48.00 0.00 40.00 5.00 0.00 0.00 65.00 67.00 27.00 40.00 50.00 31.00 9.00 61.00 38.00 47.00 74.00 40.00 59.00 96.00 55.00 0.00 75.00 62.00 58.00 17.00 97.00 0.00 100.00 17.00 0.00 11.00 45.00 41.00 79.00 58.00 74.00 96.00 93.00 71.00 77.00 0.00 0.00 71.00 0.00 59.00 0.00 0.00 0.00 51.00 42.00 0.00 67.00 0.00 17.00 90.00 0.00 35.00 49.00 11.00 7.00 72.00 1.00 78.00 0.00 0.00 70.00 34.00 0.00 97.00 18.00 58.00 83.00 77.00 24.00 99.00 100.00 55.00 11.00 30.00 43.00 0.00 13.00 76.00 80.00 0.00 95.00 82.00 18.00 34.00 26.00 0.00 20.00 17.00 3.00 9.00 0.00 31.00 0.00 31.00
43 0.00 20.00 31.00 71.00 7.00 0.00 96.00 76.00 57.00 46.00 21.00 0.00 43.00 72.00 77.00 72.00 45.00 0.00 78.00 27.00 40.00 0.00 99.00 32.00 61.00 11.00 0.00 0.00 91.00 44.00 30.00 4.00 17.00 37.00 27.00 52.00 0.00 63.00 62.00 0.00 0.00 0.00 71.00 0.00 0.00 63.00 0.00 29.00 43.00 86.00 33.00 52.00 52.00 35.00 28.00 78.00 71.00 18.00 11.00 53.00 10.00 36.00 0.00 15.00 44.00 37.00 87.00 10.00 0.00 55.00 0.00 20.00 35.00 0.00 98.00 85.00 0.00 0.00 58.00 81.00 7.00 9.00 30.00 41.00 34.00 0.00 42.00 100.00 90.00 37.00 91.00 99.00 90.00 19.00 0.00 92.00 0.00 87.00 67.00 59.00
44 0.00 15.00 6.00 63.00 77.00 28.00 81.00 0.00 0.00 0.00 67.00 4.00 56.00 81.00 44.00 59.00 0.00 97.00 80.00 0.00 48.00 44.00 8.00 0.00 0.00 6.00 34.00 91.00 89.00 0.00 19.00 26.00 0.00 8.00 44.00 54.00 0.00 16.00 88.00 0.00 0.00 0.00 0.00 0.00 0.00 24.00 0.00 45.00 0.00 15.00 47.00 42.00 0.00 0.00 87.00 0.00 1.00 25.00 62.00 90.00 14.00 95.00 0.00 14.00 68.00 13.00 24.00 1.00 0.00 52.00 0.00 89.00 41.00 78.00 75.00 81.00 0.00 71.00 75.00 99.00 0.00 0.00 82.00 35.00 0.00 0.00 35.00 62.00 0.00 0.00 76.00 92.00 0.00 66.00 0.00 0.00 49.00 89.00 0.00 5.00
45 94.00 82.00 32.00 16.00 73.00 58.00 28.00 10.00 8.00 29.00 50.00 5.00 57.00 0.00 0.00 37.00 93.00 72.00 78.00 18.00 51.00 72.00 67.00 0.00 99.00 0.00 0.00 50.00 0.00 52.00 56.00 4.00 7.00 0.00 53.00 21.00 0.00 1.00 16.00 0.00 99.00 28.00 59.00 63.00 24.00 0.00 1.00 0.00 0.00 69.00 69.00 24.00 7.00 0.00 0.00 11.00 95.00 54.00 0.00 5.00 0.00 57.00 64.00 0.00 0.00 42.00 32.00 0.00 78.00 0.00 93.00 64.00 76.00 29.00 0.00 0.00 44.00 0.00 0.00 15.00 10.00 69.00 0.00 92.00 9.00 0.00 3.00 51.00 85.00 0.00 9.00 25.00 81.00 37.00 21.00 20.00 0.00 100.00 0.00 81.00
46 33.00 63.00 0.00 51.00 47.00 9.00 0.00 61.00 24.00 54.00 34.00 60.00 67.00 7.00 8.00 0.00 0.00 93.00 0.00 56.00 9.00 46.00 95.00 7.00 9.00 26.00 31.00 26.00 23.00 33.00 87.00 74.00 0.00 84.00 0.00 48.00 21.00 96.00 3.00 50.00 11.00 0.00 0.00 0.00 0.00 1.00 0.00 75.00 69.00 64.00 81.00 32.00 68.00 0.00 26.00 0.00 17.00 0.00 86.00 54.00 0.00 9.00 2.00 2.00 0.00 100.00 0.00 0.00 65.00 0.00 73.00 4.00 28.00 0.00 33.00 92.00 0.00 56.00 0.00 4.00 65.00 74.00 75.00 23.00 21.00 0.00 7.00 0.00 0.00 8.00 92.00 0.00 11.00 100.00 17.00 56.00 0.00 10.00 7.00 79.00
47 16.00 81.00 16.00 1.00 25.00 32.00 53.00 94.00 0.00 64.00 27.00 30.00 25.00 0.00 15.00 13.00 73.00 53.00 65.00 30.00 0.00 13.00 0.00 0.00 77.00 69.00 44.00 0.00 89.00 0.00 61.00 0.00 0.00 43.00 19.00 12.00 12.00 64.00 46.00 93.00 10.00 69.00 0.00 29.00 45.00 0.00 75.00 0.00 37.00 0.00 96.00 92.00 0.00 0.00 0.00 21.00 5.00 0.00 37.00 28.00 36.00 38.00 95.00 45.00 75.00 24.00 20.00 22.00 98.00 52.00 28.00 95.00 78.00 88.00 33.00 0.00 88.00 0.00 72.00 2.00 44.00 99.00 91.00 8.00 95.00 45.00 0.00 60.00 50.00 35.00 75.00 0.00 64.00 0.00 0.00 0.00 0.00 77.00 71.00 0.00
48 80.00 74.00 78.00 0.00 19.00 21.00 59.00 0.00 0.00 98.00 67.00 96.00 14.00 0.00 7.00 0.00 75.00 31.00 53.00 25.00 47.00 0.00 0.00 0.00 42.00 0.00 0.00 0.00 0.00 78.00 30.00 14.00 77.00 7.00 50.00 60.00 29.00 99.00 0.00 0.00 51.00 0.00 0.00 43.00 0.00 0.00 69.00 37.00 0.00 84.00 89.00 39.00 0.00 23.00 61.00 0.00 60.00 0.00 21.00 1.00 0.00 71.00 0.00 40.00 0.00 0.00 40.00 0.00 0.00 41.00 70.00 25.00 23.00 36.00 8.00 0.00 100.00 80.00 0.00 0.00 99.00 7.00 0.00 0.00 10.00 0.00 0.00 41.00 19.00 31.00 0.00 21.00 80.00 24.00 44.00 0.00 87.00 89.00 0.00 59.00
49 68.00 80.00 14.00 45.00 2.00 48.00 34.00 80.00 55.00 0.00 28.00 42.00 87.00 82.00 92.00 0.00 15.00 0.00 3.00 54.00 85.00 32.00 64.00 9.00 59.00 77.00 1.00 47.00 54.00 9.00 0.00 88.00 15.00 57.00 94.00 0.00 26.00 0.00 0.00 0.00 37.00 0.00 51.00 86.00 15.00 69.00 64.00 0.00 84.00 0.00 0.00 8.00 31.00 31.00 0.00 91.00 11.00 33.00 62.00 0.00 0.00 92.00 87.00 53.00 25.00 24.00 16.00 49.00 40.00 14.00 0.00 60.00 48.00 90.00 0.00 0.00 55.00 3.00 0.00 94.00 76.00 0.00 0.00 64.00 80.00 0.00 92.00 32.00 62.00 67.00 26.00 58.00 17.00 41.00 68.00 54.00 7.00 9.00 49.00 5.00
50 30.00 0.00 0.00 54.00 68.00 83.00 0.00 0.00 87.00 95.00 88.00 27.00 7.00 0.00 5.00 29.00 28.00 3.00 4.00 51.00 84.00 40.00 62.00 64.00 68.00 62.00 68.00 74.00 0.00 95.00 0.00 82.00 87.00 20.00 98.00 85.00 21.00 63.00 0.00 0.00 0.00 38.00 42.00 33.00 47.00 69.00 81.00 96.00 89.00 0.00 0.00 0.00 69.00 0.00 0.00 35.00 52.00 94.00 51.00 60.00 0.00 0.00 84.00 35.00 1.00 62.00 43.00 97.00 0.00 0.00 76.00 78.00 67.00 41.00 48.00 22.00 39.00 23.00 19.00 16.00 70.00 96.00 0.00 63.00 53.00 7.00 0.00 12.00 7.00 95.00 0.00 0.00 63.00 25.00 61.00 88.00 90.00 4.00 0.00 0.00
51 19.00 30.00 65.00 35.00 0.00 40.00 45.00 71.00 79.00 23.00 75.00 50.00 20.00 77.00 12.00 65.00 92.00 82.00 0.00 41.00 21.00 0.00 7.00 0.00 10.00 91.00 55.00 36.00 0.00 0.00 62.00 67.00 60.00 0.00 66.00 45.00 36.00 8.00 37.00 6.00 3.00 66.00 0.00 52.00 42.00 24.00 32.00 92.00 39.00 8.00 0.00 0.00 77.00 91.00 16.00 7.00 11.00 75.00 15.00 0.00 3.00 51.00 4.00 27.00 0.00 77.00 79.00 49.00 74.00 92.00 0.00 39.00 11.00 12.00 28.00 0.00 66.00 19.00 0.00 62.00 0.00 10.00 80.00 30.00 0.00 0.00 16.00 2.00 65.00 0.00 1.00 7.00 0.00 14.00 0.00 23.00 57.00 24.00 47.00 84.00
52 0.00 80.00 89.00 45.00 62.00 72.00 44.00 55.00 5.00 100.00 0.00 5.00 43.00 54.00 19.00 81.00 3.00 7.00 45.00 0.00 0.00 11.00 86.00 72.00 85.00 29.00 0.00 41.00 3.00 92.00 0.00 0.00 0.00 76.00 98.00 63.00 0.00 38.00 0.00 0.00 24.00 0.00 67.00 52.00 0.00 7.00 68.00 0.00 0.00 31.00 69.00 77.00 0.00 71.00 11.00 0.00 10.00 67.00 0.00 42.00 33.00 5.00 91.00 83.00 45.00 87.00 0.00 92.00 38.00 64.00 0.00 0.00 22.00 51.00 75.00 18.00 75.00 63.00 89.00 0.00 99.00 75.00 77.00 32.00 0.00 27.00 71.00 24.00 0.00 50.00 0.00 17.00 32.00 74.00 51.00 0.00 11.00 67.00 5.00 62.00
53 77.00 0.00 0.00 99.00 70.00 98.00 38.00 74.00 0.00 40.00 96.00 68.00 0.00 0.00 0.00 2.00 36.00 25.00 63.00 66.00 0.00 0.00 68.00 16.00 35.00 64.00 57.00 32.00 0.00 36.00 23.00 86.00 19.00 49.00 0.00 3.00 32.00 50.00 96.00 0.00 29.00 89.00 0.00 35.00 0.00 0.00 0.00 0.00 23.00 31.00 0.00 91.00 71.00 0.00 71.00 65.00 0.00 76.00 75.00 55.00 0.00 58.00 62.00 87.00 1.00 69.00 98.00 10.00 82.00 84.00 63.00 0.00 60.00 52.00 53.00 35.00 15.00 58.00 36.00 44.00 75.00 36.00 0.00 34.00 84.00 62.00 45.00 97.00 42.00 32.00 97.00 0.00 13.00 31.00 30.00 0.00 0.00 4.00 44.00 0.00
54 28.00 0.00 20.00 48.00 0.00 7.00 28.00 54.00 52.00 87.00 0.00 0.00 0.00 7.00 70.00 0.00 37.00 88.00 95.00 89.00 0.00 58.00 97.00 0.00 0.00 81.00 0.00 60.00 0.00 9.00 82.00 32.00 64.00 35.00 18.00 0.00 26.00 23.00 0.00 87.00 0.00 13.00 17.00 28.00 87.00 0.00 26.00 0.00 61.00 0.00 0.00 16.00 11.00 71.00 0.00 64.00 0.00 12.00 0.00 50.00 29.00 6.00 47.00 31.00 82.00 56.00 38.00 30.00 97.00 60.00 31.00 0.00 85.00 24.00 20.00 63.00 0.00 79.00 33.00 64.00 35.00 4.00 60.00 40.00 35.00 34.00 0.00 83.00 0.00 99.00 38.00 57.00 30.00 12.00 0.00 24.00 0.00 96.00 92.00 66.00
55 75.00 0.00 83.00 95.00 52.00 72.00 81.00 34.00 0.00 34.00 98.00 89.00 45.00 24.00 0.00 15.00 0.00 43.00 87.00 19.00 0.00 70.00 0.00 91.00 72.00 51.00 98.00 38.00 0.00 52.00 49.00 83.00 11.00 91.00 60.00 89.00 4.00 29.00 0.00 0.00 23.00 56.00 90.00 78.00 0.00 11.00 0.00 21.00 0.00 91.00 35.00 7.00 0.00 65.00 64.00 0.00 0.00 2.00 0.00 35.00 98.00 0.00 57.00 0.00 7.00 0.00 63.00 0.00 57.00 32.00 94.00 0.00 7.00 70.00 0.00 99.00 31.00 88.00 14.00 0.00 0.00 0.00 66.00 90.00 10.00 0.00 0.00 78.00 55.00 99.00 39.00 65.00 25.00 53.00 66.00 95.00 70.00 22.00 74.00 0.00
56 0.00 38.00 97.00 0.00 99.00 29.00 92.00 0.00 36.00 69.00 91.00 29.00 6.00 30.00 0.00 38.00 81.00 51.00 61.00 91.00 91.00 0.00 80.00 0.00 86.00 0.00 22.00 53.00 71.00 65.00 2.00 86.00 74.00 77.00 67.00 0.00 72.00 22.00 0.00 67.00 78.00 92.00 0.00 71.00 1.00 95.00 17.00 5.00 60.00 11.00 52.00 11.00 10.00 0.00 0.00 0.00 0.00 31.00 80.00 58.00 40.00 15.00 11.00 48.00 14.00 27.00 13.00 3.00 12.00 0.00 29.00 19.00 45.00 88.00 1.00 97.00 23.00 0.00 0.00 10.00 0.00 6.00 5.00 41.00 56.00 25.00 0.00 0.00 75.00 81.00 66.00 7.00 69.00 59.00 73.00 0.00 7.00 51.00 6.00 0.00
57 53.00 58.00 0.00 70.00 2.00 29.00 74.00 4.00 88.00 80.00 89.00 96.00 0.00 47.00 45.00 63.00 15.00 73.00 0.00 7.00 0.00 0.00 17.00 10.00 15.00 26.00 0.00 0.00 35.00 7.00 93.00 11.00 49.00 14.00 14.00 26.00 69.00 0.00 18.00 35.00 7.00 27.00 35.00 18.00 25.00 54.00 0.00 0.00 0.00 33.00 94.00 75.00 67.00 76.00 12.00 2.00 31.00 0.00 0.00 0.00 70.00 25.00 92.00 14.00 41.00 0.00 0.00 36.00 60.00 0.00 38.00 0.00 9.00 21.00 100.00 0.00 89.00 0.00 0.00 14.00 28.00 51.00 91.00 84.00 29.00 91.00 65.00 70.00 75.00 87.00 71.00 0.00 14.00 0.00 31.00 17.00 0.00 75.00 44.00 38.00
58 49.00 0.00 0.00 75.00 51.00 57.00 57.00 34.00 33.00 0.00 11.00 37.00 0.00 100.00 92.00 44.00 54.00 35.00 82.00 56.00 39.00 18.00 80.00 7.00 53.00 0.00 0.00 68.00 35.00 85.00 67.00 86.00 100.00 4.00 2.00 34.00 0.00 86.00 30.00 11.00 49.00 0.00 49.00 11.00 62.00 0.00 86.00 37.00 21.00 62.00 51.00 15.00 0.00 75.00 0.00 0.00 80.00 0.00 0.00 24.00 0.00 10.00 47.00 0.00 0.00 85.00 18.00 53.00 0.00 58.00 0.00 11.00 60.00 61.00 16.00 99.00 95.00 34.00 42.00 6.00 0.00 50.00 0.00 43.00 44.00 60.00 0.00 33.00 99.00 0.00 0.00 21.00 36.00 97.00 24.00 72.00 0.00 0.00 0.00 0.00
59 52.00 94.00 20.00 0.00 84.00 100.00 56.00 80.00 0.00 30.00 44.00 14.00 80.00 0.00 55.00 8.00 39.00 94.00 100.00 32.00 0.00 81.00 46.00 0.00 99.00 0.00 55.00 99.00 63.00 26.00 31.00 0.00 0.00 94.00 12.00 49.00 71.00 23.00 0.00 12.00 32.00 29.00 11.00 53.00 90.00 5.00 54.00 28.00 1.00 0.00 60.00 0.00 42.00 55.00 50.00 35.00 58.00 0.00 24.00 0.00 100.00 0.00 66.00 37.00 48.00 0.00 81.00 30.00 0.00 78.00 0.00 32.00 0.00 0.00 0.00 0.00 58.00 35.00 0.00 90.00 43.00 43.00 0.00 0.00 22.00 51.00 71.00 20.00 91.00 100.00 0.00 15.00 5.00 16.00 88.00 0.00 13.00 59.00 0.00 22.00
60 83.00 0.00 73.00 7.00 0.00 10.00 0.00 60.00 0.00 0.00 51.00 20.00 79.00 0.00 0.00 27.00 62.00 0.00 0.00 96.00 59.00 0.00 45.00 0.00 65.00 92.00 24.00 17.00 83.00 33.00 95.00 34.00 60.00 18.00 44.00 21.00 39.00 67.00 96.00 2.00 0.00 69.00 7.00 10.00 14.00 0.00 0.00 36.00 0.00 0.00 0.00 3.00 33.00 0.00 29.00 98.00 40.00 70.00 0.00 100.00 0.00 41.00 43.00 89.00 13.00 85.00 40.00 0.00 95.00 4.00 0.00 59.00 71.00 74.00 44.00 63.00 17.00 6.00 0.00 16.00 96.00 50.00 0.00 38.00 0.00 21.00 77.00 34.00 77.00 0.00 44.00 0.00 0.00 62.00 0.00 0.00 36.00 16.00 27.00 20.00
61 0.00 77.00 14.00 32.00 0.00 4.00 67.00 91.00 97.00 37.00 45.00 59.00 0.00 53.00 11.00 78.00 89.00 80.00 58.00 45.00 99.00 54.00 18.00 0.00 66.00 0.00 84.00 83.00 54.00 69.00 0.00 81.00 49.00 14.00 41.00 92.00 0.00 23.00 18.00 51.00 0.00 14.00 72.00 36.00 95.00 57.00 9.00 38.00 71.00 92.00 0.00 51.00 5.00 58.00 6.00 0.00 15.00 25.00 10.00 0.00 41.00 0.00 58.00 35.00 0.00 51.00 24.00 18.00 36.00 41.00 0.00 0.00 15.00 1.00 37.00 26.00 65.00 15.00 0.00 76.00 51.00 31.00 20.00 0.00 93.00 0.00 29.00 0.00 96.00 97.00 12.00 43.00 0.00 54.00 93.00 83.00 48.00 18.00 0.00 72.00
62 0.00 4.00 8.00 0.00 50.00 22.00 46.00 0.00 75.00 46.00 66.00 23.00 3.00 13.00 4.00 30.00 18.00 0.00 19.00 69.00 80.00 28.00 78.00 38.00 26.00 56.00 78.00 32.00 6.00 98.00 25.00 97.00 0.00 22.00 96.00 97.00 96.00 64.00 0.00 0.00 58.00 35.00 1.00 0.00 0.00 64.00 2.00 95.00 0.00 87.00 84.00 4.00 91.00 62.00 47.00 57.00 11.00 92.00 47.00 66.00 43.00 58.00 0.00 0.00 97.00 58.00 52.00 1.00 94.00 0.00 4.00 52.00 34.00 98.00 23.00 0.00 0.00 0.00 0.00 53.00 62.00 28.00 86.00 0.00 90.00 85.00 90.00 35.00 14.00 0.00 94.00 0.00 4.00 94.00 100.00 0.00 20.00 0.00 77.00 73.00
63 32.00 85.00 0.00 0.00 45.00 0.00 65.00 75.00 22.00 19.00 11.00 36.00 75.00 70.00 34.00 48.00 36.00 0.00 80.00 63.00 17.00 6.00 40.00 84.00 0.00 5.00 66.00 87.00 54.00 76.00 82.00 11.00 0.00 5.00 0.00 79.00 26.00 15.00 0.00 18.00 23.00 0.00 78.00 15.00 14.00 0.00 2.00 45.00 40.00 53.00 35.00 27.00 83.00 87.00 31.00 0.00 48.00 14.00 0.00 37.00 89.00 35.00 0.00 0.00 29.00 81.00 2.00 0.00 7.00 95.00 99.00 0.00 0.00 91.00 94.00 0.00 40.00 92.00 20.00 0.00 32.00 87.00 68.00 15.00 70.00 2.00 0.00 0.00 78.00 50.00 60.00 90.00 12.00 39.00 25.00 31.00 30.00 0.00 59.00 74.00
64 76.00 16.00 0.00 0.00 59.00 0.00 10.00 0.00 0.00 23.00 82.00 100.00 17.00 58.00 5.00 10.00 0.00 0.00 0.00 12.00 20.00 0.00 24.00 46.00 6.00 0.00 62.00 82.00 48.00 47.00 91.00 64.00 66.00 39.00 3.00 0.00 0.00 87.00 10.00 1.00 0.00 3.00 0.00 44.00 68.00 0.00 0.00 75.00 0.00 25.00 1.00 0.00 45.00 1.00 82.00 7.00 14.00 41.00 0.00 48.00 13.00 0.00 97.00 29.00 0.00 23.00 18.00 87.00 25.00 0.00 97.00 1.00 76.00 80.00 0.00 0.00 0.00 38.00 0.00 48.00 0.00 0.00 78.00 1.00 0.00 47.00 0.00 87.00 39.00 52.00 0.00 8.00 0.00 100.00 10.00 3.00 49.00 0.00 29.00 0.00
65 15.00 0.00 15.00 11.00 26.00 0.00 21.00 0.00 0.00 10.00 91.00 66.00 0.00 0.00 12.00 97.00 34.00 95.00 21.00 42.00 0.00 0.00 0.00 45.00 75.00 0.00 29.00 80.00 95.00 17.00 96.00 83.00 50.00 74.00 43.00 41.00 0.00 32.00 36.00 4.00 10.00 0.00 0.00 37.00 13.00 42.00 100.00 24.00 0.00 24.00 62.00 77.00 87.00 69.00 56.00 0.00 27.00 0.00 85.00 0.00 85.00 51.00 58.00 81.00 23.00 0.00 11.00 83.00 28.00 50.00 95.00 94.00 0.00 0.00 71.00 78.00 10.00 0.00 17.00 64.00 100.00 0.00 33.00 0.00 41.00 91.00 54.00 89.00 44.00 24.00 0.00 0.00 79.00 0.00 0.00 30.00 10.00 54.00 0.00 0.00
66 23.00 0.00 12.00 54.00 5.00 53.00 46.00 47.00 44.00 88.00 29.00 49.00 57.00 11.00 44.00 0.00 5.00 0.00 80.00 1.00 9.00 25.00 0.00 49.00 11.00 16.00 14.00 0.00 0.00 85.00 37.00 0.00 87.00 24.00 85.00 0.00 100.00 92.00 7.00 20.00 29.00 0.00 70.00 87.00 24.00 32.00 0.00 20.00 40.00 16.00 43.00 79.00 0.00 98.00 38.00 63.00 13.00 0.00 18.00 81.00 40.00 24.00 52.00 2.00 18.00 11.00 0.00 0.00 26.00 73.00 97.00 59.00 64.00 0.00 10.00 0.00 35.00 59.00 10.00 68.00 34.00 79.00 30.00 95.00 55.00 73.00 45.00 0.00 12.00 0.00 0.00 39.00 16.00 54.00 0.00 89.00 77.00 0.00 96.00 55.00
67 66.00 92.00 26.00 69.00 72.00 46.00 50.00 43.00 44.00 8.00 50.00 12.00 38.00 99.00 0.00 87.00 76.00 0.00 83.00 90.00 10.00 100.00 87.00 0.00 41.00 0.00 49.00 0.00 77.00 84.00 61.00 0.00 6.00 41.00 75.00 39.00 90.00 31.00 73.00 59.00 28.00 97.00 34.00 10.00 1.00 0.00 0.00 22.00 0.00 49.00 97.00 49.00 92.00 10.00 30.00 0.00 3.00 36.00 53.00 30.00 0.00 18.00 1.00 0.00 87.00 83.00 0.00 0.00 9.00 74.00 0.00 48.00 42.00 49.00 37.00 81.00 0.00 0.00 0.00 0.00 16.00 0.00 45.00 94.00 81.00 34.00 19.00 0.00 30.00 22.00 98.00 29.00 30.00 31.00 21.00 37.00 0.00 62.00 52.00 29.00
68 68.00 10.00 0.00 76.00 0.00 64.00 59.00 43.00 98.00 0.00 31.00 91.00 55.00 19.00 71.00 12.00 34.00 15.00 0.00 41.00 63.00 0.00 14.00 76.00 50.00 81.00 46.00 0.00 0.00 53.00 4.00 0.00 42.00 56.00 0.00 0.00 0.00 42.00 27.00 63.00 33.00 31.00 0.00 0.00 0.00 78.00 65.00 98.00 0.00 40.00 0.00 74.00 38.00 82.00 97.00 57.00 12.00 60.00 0.00 0.00 95.00 36.00 94.00 7.00 25.00 28.00 26.00 9.00 0.00 99.00 0.00 0.00 0.00 83.00 81.00 0.00 0.00 28.00 40.00 7.00 89.00 90.00 67.00 0.00 76.00 0.00 24.00 43.00 0.00 19.00 0.00 24.00 59.00 58.00 47.00 80.00 0.00 60.00 77.00 0.00
69 35.00 62.00 75.00 0.00 64.00 51.00 63.00 26.00 21.00 99.00 48.00 0.00 12.00 76.00 11.00 44.00 58.00 16.00 93.00 21.00 76.00 0.00 52.00 79.00 77.00 37.00 56.00 12.00 0.00 0.00 84.00 61.00 56.00 89.00 89.00 63.00 98.00 53.00 0.00 0.00 0.00 88.00 97.00 55.00 52.00 0.00 0.00 52.00 41.00 14.00 0.00 92.00 64.00 84.00 60.00 32.00 0.00 0.00 58.00 78.00 4.00 41.00 0.00 95.00 0.00 50.00 73.00 74.00 99.00 0.00 76.00 37.00 29.00 30.00 80.00 83.00 95.00 62.00 0.00 0.00 0.00 0.00 90.00 78.00 26.00 7.00 0.00 39.00 100.00 0.00 46.00 0.00 81.00 0.00 37.00 63.00 84.00 0.00 45.00 15.00
70 80.00 53.00 13.00 24.00 33.00 95.00 0.00 0.00 93.00 75.00 18.00 4.00 65.00 72.00 89.00 31.00 58.00 96.00 0.00 84.00 0.00 70.00 88.00 64.00 63.00 64.00 70.00 0.00 38.00 0.00 86.00 57.00 16.00 16.00 91.00 0.00 0.00 5.00 0.00 57.00 14.00 20.00 18.00 0.00 0.00 93.00 73.00 28.00 70.00 0.00 76.00 0.00 0.00 63.00 31.00 94.00 29.00 38.00 0.00 0.00 0.00 0.00 4.00 99.00 97.00 95.00 97.00 0.00 0.00 76.00 0.00 84.00 18.00 0.00 0.00 99.00 62.00 0.00 36.00 46.00 12.00 4.00 87.00 73.00 90.00 58.00 1.00 46.00 5.00 81.00 0.00 31.00 22.00 0.00 0.00 47.00 0.00 20.00 26.00 65.00
71 87.00 26.00 18.00 36.00 0.00 50.00 75.00 42.00 59.00 44.00 19.00 79.00 96.00 5.00 95.00 26.00 69.00 0.00 100.00 98.00 12.00 58.00 9.00 0.00 78.00 54.00 91.00 46.00 91.00 10.00 44.00 0.00 0.00 79.00 36.00 20.00 47.00 0.00 12.00 3.00 19.00 31.00 58.00 20.00 89.00 64.00 4.00 95.00 25.00 60.00 78.00 39.00 0.00 0.00 0.00 0.00 19.00 0.00 11.00 32.00 59.00 0.00 52.00 0.00 1.00 94.00 59.00 48.00 0.00 37.00 84.00 0.00 34.00 89.00 24.00 0.00 16.00 0.00 0.00 0.00 28.00 93.00 1.00 58.00 0.00 62.00 32.00 43.00 3.00 21.00 88.00 82.00 67.00 6.00 13.00 27.00 74.00 0.00 0.00 95.00
72 94.00 0.00 42.00 99.00 44.00 73.00 98.00 99.00 20.00 94.00 31.00 70.00 0.00 0.00 24.00 8.00 0.00 56.00 0.00 59.00 4.00 56.00 81.00 0.00 91.00 0.00 74.00 69.00 0.00 60.00 28.00 79.00 41.00 77.00 97.00 61.00 23.00 58.00 79.00 0.00 5.00 58.00 83.00 35.00 41.00 76.00 28.00 78.00 23.00 48.00 67.00 11.00 22.00 60.00 85.00 7.00 45.00 9.00 60.00 0.00 71.00 15.00 34.00 0.00 76.00 0.00 64.00 42.00 0.00 29.00 18.00 34.00 0.00 0.00 55.00 93.00 8.00 10.00 40.00 0.00 79.00 47.00 98.00 74.00 75.00 0.00 70.00 82.00 24.00 0.00 19.00 0.00 0.00 89.00 0.00 0.00 29.00 61.00 8.00 94.00
73 0.00 17.00 65.00 22.00 0.00 31.00 80.00 91.00 84.00 92.00 0.00 0.00 53.00 32.00 0.00 77.00 88.00 29.00 33.00 0.00 0.00 43.00 62.00 8.00 13.00 0.00 22.00 24.00 14.00 48.00 31.00 12.00 59.00 0.00 0.00 25.00 75.00 85.00 91.00 26.00 82.00 46.00 77.00 0.00 78.00 29.00 0.00 88.00 36.00 90.00 41.00 12.00 51.00 52.00 24.00 70.00 88.00 21.00 61.00 0.00 74.00 1.00 98.00 91.00 80.00 0.00 0.00 49.00 83.00 30.00 0.00 89.00 0.00 0.00 0.00 0.00 27.00 46.00 89.00 21.00 68.00 71.00 13.00 70.00 0.00 89.00 33.00 34.00 39.00 70.00 48.00 34.00 64.00 68.00 13.00 42.00 77.00 0.00 86.00 10.00
74 0.00 34.00 30.00 92.00 5.00 13.00 100.00 71.00 28.00 23.00 0.00 89.00 70.00 99.00 95.00 0.00 66.00 94.00 5.00 0.00 81.00 8.00 0.00 32.00 32.00 0.00 98.00 97.00 17.00 91.00 82.00 0.00 84.00 3.00 74.00 37.00 90.00 57.00 99.00 0.00 0.00 38.00 24.00 98.00 75.00 0.00 33.00 33.00 8.00 0.00 48.00 28.00 75.00 53.00 20.00 0.00 1.00 100.00 16.00 0.00 44.00 37.00 23.00 94.00 0.00 71.00 10.00 37.00 81.00 80.00 0.00 24.00 55.00 0.00 0.00 75.00 0.00 86.00 0.00 52.00 31.00 26.00 78.00 0.00 73.00 0.00 0.00 0.00 49.00 0.00 0.00 0.00 0.00 0.00 82.00 20.00 99.00 81.00 41.00 78.00
75 1.00 43.00 0.00 31.00 86.00 18.00 80.00 88.00 53.00 75.00 82.00 88.00 0.00 91.00 27.00 0.00 47.00 29.00 0.00 95.00 76.00 83.00 75.00 0.00 0.00 55.00 0.00 0.00 13.00 23.00 0.00 90.00 88.00 0.00 68.00 0.00 0.00 0.00 77.00 24.00 70.00 79.00 99.00 85.00 81.00 0.00 92.00 0.00 0.00 0.00 22.00 0.00 18.00 35.00 63.00 99.00 97.00 0.00 99.00 0.00 63.00 26.00 0.00 0.00 0.00 78.00 0.00 81.00 0.00 83.00 99.00 0.00 93.00 0.00 75.00 0.00 4.00 28.00 19.00 74.00 0.00 15.00 83.00 0.00 36.00 0.00 0.00 43.00 2.00 56.00 21.00 56.00 58.00 0.00 35.00 52.00 0.00 99.00 0.00 46.00
76 88.00 8.00 0.00 0.00 57.00 47.00 90.00 80.00 50.00 25.00 82.00 20.00 14.00 0.00 0.00 90.00 0.00 21.00 76.00 0.00 44.00 14.00 27.00 0.00 20.00 0.00 8.00 72.00 14.00 0.00 97.00 13.00 85.00 20.00 85.00 21.00 89.00 95.00 98.00 77.00 72.00 0.00 100.00 0.00 0.00 44.00 0.00 88.00 100.00 55.00 39.00 66.00 75.00 15.00 0.00 31.00 23.00 89.00 95.00 58.00 17.00 65.00 0.00 40.00 0.00 10.00 35.00 0.00 0.00 95.00 62.00 16.00 8.00 27.00 0.00 4.00 0.00 40.00 98.00 36.00 16.00 0.00 51.00 37.00 0.00 34.00 0.00 46.00 48.00 70.00 50.00 65.00 4.00 21.00 36.00 97.00 53.00 54.00 3.00 87.00
77 84.00 23.00 35.00 99.00 0.00 75.00 15.00 52.00 87.00 54.00 81.00 42.00 82.00 70.00 0.00 44.00 88.00 19.00 15.00 0.00 57.00 90.00 26.00 91.00 13.00 16.00 100.00 72.00 0.00 32.00 36.00 30.00 99.00 20.00 77.00 0.00 0.00 51.00 61.00 0.00 13.00 77.00 55.00 0.00 71.00 0.00 56.00 0.00 80.00 3.00 23.00 19.00 63.00 58.00 79.00 88.00 0.00 0.00 34.00 35.00 6.00 15.00 0.00 92.00 38.00 0.00 59.00 0.00 28.00 62.00 0.00 0.00 10.00 46.00 86.00 28.00 40.00 0.00 30.00 11.00 20.00 27.00 91.00 69.00 0.00 65.00 14.00 0.00 0.00 0.00 66.00 54.00 53.00 23.00 87.00 63.00 89.00 30.00 86.00 0.00
78 46.00 64.00 74.00 88.00 82.00 55.00 41.00 87.00 42.00 0.00 84.00 0.00 87.00 0.00 14.00 0.00 0.00 25.00 84.00 6.00 97.00 58.00 57.00 4.00 45.00 0.00 33.00 0.00 6.00 96.00 0.00 79.00 0.00 0.00 17.00 50.00 0.00 0.00 64.00 35.00 51.00 64.00 11.00 58.00 75.00 0.00 0.00 72.00 0.00 0.00 19.00 0.00 89.00 36.00 33.00 14.00 0.00 0.00 42.00 0.00 0.00 0.00 0.00 20.00 0.00 17.00 10.00 0.00 40.00 0.00 36.00 0.00 40.00 89.00 0.00 19.00 98.00 30.00 0.00 13.00 0.00 15.00 0.00 54.00 0.00 53.00 0.00 64.00 62.00 49.00 8.00 0.00 0.00 0.00 68.00 13.00 0.00 0.00 22.00 14.00
79 92.00 97.00 45.00 56.00 0.00 0.00 95.00 34.00 86.00 61.00 71.00 53.00 1.00 0.00 62.00 71.00 46.00 10.00 0.00 32.00 34.00 0.00 80.00 22.00 22.00 19.00 57.00 0.00 0.00 38.00 36.00 14.00 78.00 33.00 0.00 0.00 89.00 0.00 0.00 0.00 16.00 0.00 30.00 81.00 99.00 15.00 4.00 2.00 0.00 94.00 16.00 62.00 0.00 44.00 64.00 0.00 10.00 14.00 6.00 90.00 16.00 76.00 53.00 0.00 48.00 64.00 68.00 0.00 7.00 0.00 46.00 0.00 0.00 21.00 52.00 74.00 36.00 11.00 13.00 0.00 25.00 50.00 51.00 0.00 53.00 0.00 32.00 2.00 0.00 43.00 66.00 72.00 46.00 18.00 20.00 41.00 63.00 84.00 64.00 94.00
80 35.00 39.00 0.00 58.00 3.00 62.00 59.00 60.00 84.00 12.00 0.00 54.00 69.00 99.00 61.00 0.00 45.00 73.00 57.00 0.00 89.00 26.00 90.00 0.00 34.00 44.00 71.00 0.00 82.00 44.00 53.00 57.00 0.00 25.00 84.00 19.00 39.00 61.00 0.00 73.00 0.00 0.00 43.00 7.00 0.00 10.00 65.00 44.00 99.00 76.00 70.00 0.00 99.00 75.00 35.00 0.00 0.00 28.00 0.00 43.00 96.00 51.00 62.00 32.00 0.00 100.00 34.00 16.00 89.00 0.00 12.00 28.00 79.00 68.00 31.00 0.00 16.00 20.00 0.00 25.00 0.00 44.00 67.00 17.00 0.00 30.00 55.00 0.00 32.00 22.00 0.00 0.00 25.00 59.00 0.00 66.00 51.00 76.00 88.00 3.00
81 0.00 1.00 22.00 0.00 75.00 7.00 0.00 12.00 31.00 86.00 80.00 55.00 54.00 85.00 0.00 7.00 0.00 44.00 0.00 0.00 60.00 57.00 0.00 80.00 0.00 49.00 27.00 65.00 9.00 81.00 0.00 32.00 95.00 1.00 3.00 23.00 68.00 27.00 0.00 0.00 0.00 0.00 0.00 9.00 0.00 69.00 74.00 99.00 7.00 0.00 96.00 10.00 75.00 36.00 4.00 0.00 6.00 51.00 50.00 43.00 50.00 31.00 28.00 87.00 0.00 0.00 79.00 0.00 90.00 0.00 4.00 93.00 47.00 71.00 26.00 15.00 0.00 27.00 15.00 50.00 44.00 0.00 0.00 59.00 69.00 48.00 0.00 14.00 0.00 0.00 20.00 56.00 0.00 46.00 50.00 63.00 68.00 89.00 0.00 54.00
82 41.00 38.00 21.00 58.00 0.00 71.00 88.00 49.00 0.00 59.00 10.00 0.00 0.00 0.00 0.00 51.00 19.00 0.00 0.00 91.00 42.00 89.00 88.00 87.00 90.00 85.00 0.00 69.00 94.00 57.00 43.00 61.00 90.00 40.00 63.00 50.00 59.00 29.00 26.00 0.00 50.00 72.00 13.00 30.00 82.00 0.00 75.00 91.00 0.00 0.00 0.00 80.00 77.00 0.00 60.00 66.00 5.00 91.00 0.00 0.00 0.00 20.00 86.00 68.00 78.00 33.00 30.00 45.00 67.00 90.00 87.00 1.00 98.00 13.00 78.00 83.00 51.00 91.00 0.00 51.00 67.00 0.00 0.00 71.00 42.00 82.00 14.00 0.00 42.00 18.00 0.00 29.00 20.00 12.00 7.00 0.00 16.00 46.00 63.00 0.00
83 71.00 77.00 52.00 8.00 29.00 0.00 57.00 63.00 59.00 0.00 33.00 37.00 61.00 51.00 6.00 62.00 31.00 67.00 90.00 53.00 94.00 92.00 37.00 23.00 0.00 46.00 65.00 83.00 0.00 86.00 0.00 75.00 54.00 62.00 77.00 64.00 49.00 92.00 93.00 93.00 71.00 4.00 76.00 41.00 35.00 92.00 23.00 8.00 0.00 64.00 63.00 30.00 32.00 34.00 40.00 90.00 41.00 84.00 43.00 0.00 38.00 0.00 0.00 15.00 1.00 0.00 95.00 94.00 0.00 78.00 73.00 58.00 74.00 70.00 0.00 0.00 37.00 69.00 54.00 0.00 17.00 59.00 71.00 0.00 0.00 61.00 55.00 22.00 68.00 3.00 20.00 0.00 6.00 26.00 0.00 2.00 0.00 35.00 0.00 73.00
84 40.00 58.00 90.00 17.00 98.00 4.00 0.00 0.00 5.00 97.00 36.00 94.00 0.00 86.00 31.00 51.00 0.00 19.00 93.00 100.00 10.00 49.00 76.00 41.00 0.00 44.00 23.00 62.00 67.00 91.00 61.00 6.00 90.00 0.00 43.00 44.00 24.00 17.00 45.00 80.00 24.00 79.00 80.00 34.00 0.00 9.00 21.00 95.00 10.00 80.00 53.00 0.00 0.00 84.00 35.00 10.00 56.00 29.00 44.00 22.00 0.00 93.00 90.00 70.00 0.00 41.00 55.00 81.00 76.00 26.00 90.00 0.00 75.00 0.00 73.00 36.00 0.00 0.00 0.00 53.00 0.00 69.00 42.00 0.00 0.00 46.00 0.00 56.00 5.00 3.00 100.00 58.00 46.00 80.00 81.00 30.00 84.00 0.00 17.00 3.00
85 21.00 64.00 35.00 61.00 96.00 67.00 10.00 0.00 0.00 16.00 80.00 95.00 9.00 11.00 4.00 31.00 82.00 24.00 0.00 80.00 69.00 39.00 0.00 89.00 51.00 0.00 0.00 83.00 68.00 0.00 78.00 59.00 0.00 97.00 9.00 86.00 97.00 0.00 52.00 75.00 0.00 65.00 0.00 0.00 0.00 0.00 0.00 45.00 0.00 0.00 7.00 0.00 27.00 62.00 34.00 0.00 25.00 91.00 60.00 51.00 21.00 0.00 85.00 2.00 47.00 91.00 73.00 34.00 0.00 7.00 58.00 62.00 0.00 89.00 0.00 0.00 34.00 65.00 53.00 0.00 30.00 48.00 82.00 61.00 46.00 0.00 32.00 83.00 49.00 0.00 31.00 67.00 96.00 92.00 33.00 79.00 0.00 84.00 100.00 92.00
86 0.00 46.00 3.00 41.00 71.00 0.00 86.00 0.00 96.00 54.00 88.00 27.00 100.00 12.00 0.00 81.00 0.00 53.00 11.00 0.00 80.00 63.00 33.00 41.00 94.00 0.00 56.00 14.00 83.00 53.00 57.00 64.00 9.00 15.00 0.00 100.00 0.00 57.00 36.00 0.00 0.00 81.00 95.00 42.00 35.00 3.00 7.00 0.00 0.00 92.00 0.00 16.00 71.00 45.00 0.00 0.00 0.00 65.00 0.00 71.00 77.00 29.00 90.00 0.00 0.00 54.00 45.00 19.00 24.00 0.00 1.00 32.00 70.00 33.00 0.00 0.00 0.00 14.00 0.00 32.00 55.00 0.00 14.00 55.00 0.00 32.00 0.00 9.00 27.00 19.00 0.00 0.00 46.00 86.00 81.00 30.00 97.00 90.00 0.00 22.00
87 0.00 0.00 57.00 98.00 4.00 4.00 0.00 6.00 0.00 36.00 69.00 11.00 0.00 0.00 93.00 85.00 59.00 0.00 64.00 73.00 67.00 89.00 60.00 0.00 100.00 33.00 0.00 0.00 72.00 83.00 71.00 0.00 0.00 0.00 18.00 12.00 0.00 0.00 37.00 92.00 67.00 62.00 82.00 100.00 62.00 51.00 0.00 60.00 41.00 32.00 12.00 2.00 24.00 97.00 83.00 78.00 0.00 70.00 33.00 20.00 34.00 0.00 35.00 0.00 87.00 89.00 0.00 0.00 43.00 39.00 46.00 43.00 82.00 34.00 0.00 43.00 46.00 0.00 64.00 2.00 0.00 14.00 0.00 22.00 56.00 83.00 9.00 0.00 43.00 98.00 33.00 30.00 39.00 37.00 59.00 8.00 0.00 0.00 74.00 79.00
88 33.00 52.00 80.00 0.00 14.00 0.00 61.00 24.00 0.00 9.00 93.00 67.00 37.00 4.00 1.00 0.00 62.00 16.00 38.00 78.00 32.00 92.00 27.00 41.00 26.00 21.00 0.00 78.00 45.00 0.00 0.00 59.00 31.00 31.00 15.00 21.00 54.00 0.00 5.00 0.00 0.00 0.00 18.00 90.00 0.00 85.00 0.00 50.00 19.00 62.00 7.00 65.00 0.00 42.00 0.00 55.00 75.00 75.00 99.00 91.00 77.00 96.00 14.00 78.00 39.00 44.00 12.00 30.00 0.00 100.00 5.00 3.00 24.00 39.00 49.00 2.00 48.00 0.00 62.00 0.00 32.00 0.00 42.00 68.00 5.00 49.00 27.00 43.00 0.00 0.00 57.00 51.00 83.00 71.00 0.00 41.00 95.00 0.00 87.00 60.00
89 37.00 60.00 30.00 77.00 80.00 0.00 96.00 62.00 13.00 14.00 0.00 57.00 32.00 16.00 61.00 51.00 65.00 22.00 0.00 54.00 48.00 29.00 26.00 54.00 1.00 75.00 58.00 12.00 50.00 0.00 0.00 61.00 0.00 61.00 68.00 30.00 48.00 74.00 0.00 34.00 91.00 5.00 34.00 37.00 0.00 0.00 8.00 35.00 31.00 67.00 95.00 0.00 50.00 32.00 99.00 99.00 81.00 87.00 0.00 100.00 0.00 97.00 0.00 50.00 52.00 24.00 0.00 22.00 19.00 0.00 81.00 21.00 0.00 70.00 0.00 56.00 70.00 0.00 49.00 43.00 22.00 0.00 18.00 3.00 3.00 0.00 19.00 98.00 0.00 0.00 74.00 31.00 86.00 27.00 0.00 11.00 15.00 0.00 29.00 0.00
90 77.00 1.00 67.00 0.00 0.00 90.00 0.00 22.00 16.00 96.00 0.00 84.00 87.00 0.00 13.00 10.00 62.00 0.00 92.00 71.00 99.00 86.00 26.00 0.00 0.00 0.00 72.00 0.00 69.00 0.00 8.00 26.00 94.00 98.00 7.00 47.00 18.00 46.00 0.00 54.00 0.00 55.00 26.00 91.00 76.00 9.00 92.00 75.00 0.00 26.00 0.00 1.00 0.00 97.00 38.00 39.00 66.00 71.00 0.00 0.00 44.00 12.00 94.00 60.00 0.00 0.00 0.00 98.00 0.00 46.00 0.00 88.00 19.00 48.00 0.00 21.00 50.00 66.00 8.00 66.00 0.00 20.00 0.00 20.00 100.00 31.00 0.00 33.00 57.00 74.00 0.00 68.00 56.00 0.00 0.00 69.00 61.00 86.00 24.00 25.00
91 91.00 54.00 0.00 33.00 83.00 0.00 26.00 0.00 0.00 22.00 88.00 49.00 0.00 86.00 45.00 41.00 41.00 0.00 0.00 81.00 40.00 16.00 13.00 0.00 91.00 53.00 3.00 53.00 77.00 61.00 0.00 0.00 0.00 44.00 0.00 0.00 0.00 0.00 11.00 15.00 0.00 81.00 0.00 99.00 92.00 25.00 0.00 0.00 21.00 58.00 0.00 7.00 17.00 0.00 57.00 65.00 7.00 0.00 21.00 15.00 0.00 43.00 0.00 90.00 8.00 0.00 39.00 29.00 24.00 0.00 31.00 82.00 0.00 34.00 0.00 56.00 65.00 54.00 0.00 72.00 0.00 56.00 29.00 0.00 58.00 67.00 0.00 30.00 51.00 31.00 68.00 0.00 14.00 22.00 0.00 30.00 12.00 31.00 0.00 88.00
92 0.00 18.00 61.00 39.00 0.00 83.00 36.00 74.00 0.00 37.00 0.00 80.00 0.00 74.00 73.00 74.00 0.00 14.00 91.00 97.00 84.00 61.00 26.00 41.00 0.00 72.00 52.00 0.00 0.00 78.00 10.00 0.00 0.00 81.00 0.00 49.00 12.00 84.00 57.00 42.00 0.00 28.00 20.00 90.00 0.00 81.00 11.00 64.00 80.00 17.00 63.00 0.00 32.00 13.00 30.00 25.00 69.00 14.00 36.00 5.00 0.00 0.00 4.00 12.00 0.00 79.00 16.00 30.00 59.00 81.00 22.00 67.00 0.00 64.00 0.00 58.00 4.00 53.00 0.00 46.00 25.00 0.00 20.00 6.00 46.00 96.00 46.00 39.00 83.00 86.00 56.00 14.00 0.00 84.00 24.00 25.00 18.00 56.00 0.00 0.00
93 44.00 44.00 1.00 48.00 0.00 65.00 12.00 33.00 2.00 0.00 0.00 0.00 18.00 60.00 0.00 95.00 0.00 0.00 0.00 88.00 70.00 0.00 0.00 0.00 28.00 16.00 15.00 0.00 4.00 39.00 30.00 58.00 0.00 9.00 78.00 51.00 94.00 69.00 86.00 68.00 11.00 84.00 17.00 19.00 66.00 37.00 100.00 0.00 24.00 41.00 25.00 14.00 74.00 31.00 12.00 53.00 59.00 0.00 97.00 16.00 62.00 54.00 94.00 39.00 100.00 0.00 54.00 31.00 58.00 0.00 0.00 6.00 89.00 68.00 0.00 0.00 21.00 23.00 0.00 18.00 59.00 46.00 12.00 26.00 80.00 92.00 86.00 37.00 71.00 27.00 0.00 22.00 84.00 0.00 0.00 0.00 31.00 30.00 0.00 13.00
94 83.00 0.00 64.00 0.00 0.00 0.00 29.00 75.00 93.00 0.00 15.00 39.00 59.00 58.00 0.00 41.00 88.00 0.00 23.00 22.00 56.00 50.00 6.00 0.00 42.00 0.00 0.00 0.00 0.00 0.00 4.00 26.00 6.00 0.00 4.00 11.00 0.00 56.00 0.00 10.00 96.00 71.00 3.00 0.00 0.00 21.00 17.00 0.00 44.00 68.00 61.00 0.00 51.00 30.00 0.00 66.00 73.00 31.00 24.00 88.00 0.00 93.00 100.00 25.00 10.00 0.00 0.00 21.00 47.00 37.00 0.00 13.00 0.00 13.00 82.00 35.00 36.00 87.00 68.00 20.00 0.00 50.00 7.00 0.00 81.00 33.00 81.00 59.00 0.00 0.00 0.00 0.00 24.00 0.00 0.00 0.00 100.00 14.00 0.00 66.00
95 5.00 78.00 0.00 7.00 40.00 13.00 49.00 96.00 0.00 18.00 95.00 9.00 27.00 54.00 42.00 49.00 97.00 44.00 77.00 0.00 2.00 88.00 33.00 16.00 34.00 83.00 100.00 25.00 25.00 0.00 19.00 56.00 36.00 0.00 29.00 72.00 12.00 23.00 35.00 0.00 73.00 69.00 9.00 92.00 0.00 20.00 56.00 0.00 0.00 54.00 88.00 23.00 0.00 0.00 24.00 95.00 0.00 17.00 72.00 0.00 0.00 83.00 0.00 31.00 3.00 30.00 89.00 37.00 80.00 63.00 47.00 27.00 0.00 42.00 20.00 52.00 97.00 63.00 13.00 41.00 66.00 63.00 0.00 2.00 30.00 79.00 30.00 8.00 41.00 11.00 69.00 30.00 25.00 0.00 0.00 0.00 78.00 0.00 88.00 0.00
96 3.00 77.00 0.00 11.00 0.00 25.00 62.00 96.00 0.00 43.00 0.00 10.00 0.00 0.00 37.00 0.00 69.00 62.00 23.00 0.00 0.00 15.00 89.00 0.00 0.00 1.00 96.00 78.00 31.00 9.00 92.00 0.00 57.00 81.00 8.00 0.00 0.00 82.00 46.00 71.00 90.00 61.00 0.00 0.00 49.00 0.00 0.00 0.00 87.00 7.00 90.00 57.00 11.00 0.00 0.00 70.00 7.00 0.00 0.00 13.00 36.00 48.00 20.00 30.00 49.00 10.00 77.00 0.00 0.00 84.00 0.00 74.00 29.00 77.00 99.00 0.00 53.00 89.00 0.00 63.00 51.00 68.00 16.00 0.00 84.00 0.00 97.00 0.00 95.00 15.00 61.00 12.00 18.00 31.00 100.00 78.00 0.00 0.00 7.00 54.00
97 92.00 0.00 38.00 89.00 0.00 52.00 0.00 5.00 0.00 76.00 38.00 0.00 19.00 55.00 11.00 22.00 73.00 26.00 0.00 79.00 47.00 48.00 67.00 63.00 0.00 62.00 0.00 96.00 5.00 89.00 54.00 100.00 45.00 59.00 0.00 38.00 60.00 0.00 27.00 44.00 61.00 0.00 31.00 87.00 89.00 100.00 10.00 77.00 89.00 9.00 4.00 24.00 67.00 4.00 96.00 22.00 51.00 75.00 0.00 59.00 16.00 18.00 0.00 0.00 0.00 54.00 0.00 62.00 60.00 0.00 20.00 0.00 61.00 0.00 81.00 99.00 54.00 30.00 0.00 84.00 76.00 89.00 46.00 35.00 0.00 84.00 90.00 0.00 0.00 0.00 86.00 31.00 56.00 30.00 14.00 0.00 0.00 0.00 0.00 52.00
98 91.00 72.00 49.00 68.00 26.00 22.00 33.00 31.00 90.00 83.00 78.00 44.00 1.00 35.00 18.00 0.00 71.00 23.00 27.00 67.00 0.00 35.00 67.00 75.00 94.00 0.00 33.00 75.00 41.00 0.00 1.00 90.00 62.00 87.00 0.00 57.00 18.00 34.00 39.00 79.00 41.00 0.00 0.00 67.00 0.00 0.00 7.00 71.00 0.00 49.00 0.00 47.00 5.00 44.00 92.00 74.00 6.00 44.00 0.00 0.00 27.00 0.00 77.00 59.00 29.00 0.00 96.00 52.00 77.00 45.00 26.00 0.00 8.00 86.00 41.00 0.00 3.00 86.00 22.00 64.00 88.00 0.00 63.00 0.00 17.00 100.00 0.00 74.00 87.00 29.00 24.00 0.00 0.00 0.00 0.00 88.00 7.00 0.00 0.00 59.00
99 7.00 0.00 0.00 44.00 37.00 0.00 0.00 8.00 42.00 0.00 39.00 0.00 49.00 82.00 73.00 6.00 52.00 59.00 33.00 95.00 70.00 29.00 1.00 14.00 7.00 0.00 0.00 79.00 35.00 100.00 65.00 46.00 49.00 58.00 83.00 0.00 19.00 3.00 0.00 15.00 0.00 57.00 31.00 59.00 5.00 81.00 79.00 0.00 59.00 5.00 0.00 84.00 62.00 0.00 66.00 0.00 0.00 38.00 0.00 22.00 20.00 72.00 73.00 74.00 0.00 0.00 55.00 29.00 0.00 15.00 65.00 95.00 94.00 10.00 78.00 46.00 87.00 0.00 14.00 94.00 3.00 54.00 0.00 73.00 3.00 92.00 22.00 79.00 60.00 0.00 25.00 88.00 0.00 13.00 66.00 0.00 54.00 52.00 59.00 0.00
mcp_obj 86
mcp_gap 0
mcp_x 1 1 1 1 1 1 1 1 1 1 1 1 0 1 1 1 1 1 1 1 1 1 1 0 0 1 1 1 1 0 1 1 1 1 1 1 1 0 1 1 0 1 0 1 1 1 1 1 1 1 1 1 1 1 1 1 1 1 1 1 1 1 1 1 0 0 1 1 1 1 1 1 1 0 1 1 1 1 1 1 1 1 1 0 1 1 1 1 1 1 0 1 1 1 1 0 1 0 1 1
