NAME N100_rc_0.7_rGamma_1_dc_0.035_dGamma_0.0005_jeu_100_50_7.txt
NUM_ITEMS 100
SOURCE r_100_50_7
PARAMETERS
r_c 0.7
r_Gamma 1
d_c 0.035
d_Gamma 0.0005

BOUNDS
c_lb 0.00
c_ub 176.68
Gamma_lb 16
Gamma_ub 20
B_i_1_lb 0.00 0.00 0.00 0.00 0.00 0.00 0.00 0.00 0.00 0.00 0.00 0.00 0.00 0.00 0.00 0.00 0.00 0.00 0.00 0.00 0.00 0.00 0.00 0.00 0.00 0.00 0.00 0.00 0.00 0.00 0.00 0.00 0.00 0.00 0.00 0.00 0.00 0.00 0.00 0.00 0.00 0.00 0.00 0.00 0.00 0.00 0.00 0.00 0.00 0.00 0.00 0.00 0.00 0.00 0.00 0.00 0.00 0.00 0.00 0.00 0.00 0.00 0.00 0.00 0.00 0.00 0.00 0.00 0.00 0.00 0.00 0.00 0.00 0.00 0.00 0.00 0.00 0.00 0.00 0.00 0.00 0.00 0.00 0.00 0.00 0.00 0.00 0.00 0.00 0.00 0.00 0.00 0.00 0.00 0.00 0.00 0.00 0.00 0.00 0.00
B_i_1_ub 66.21 89.52 80.90 83.92 87.35 73.99 72.91 84.48 82.19 67.20 89.38 63.16 83.53 80.01 83.35 79.84 84.90 79.74 79.01 77.20 86.80 92.66 91.57 86.50 81.41 86.70 99.80 88.72 81.17 77.86 76.20 69.47 93.28 82.37 79.14 97.86 73.17 86.61 81.69 84.65 74.44 88.34 96.06 84.13 83.46 80.19 81.06 75.75 77.29 102.40 85.27 82.68 67.89 85.65 95.93 101.24 89.57 75.01 82.24 99.27 86.37 88.88 102.01 98.00 83.67 113.26 80.74 89.82 81.76 85.45 79.85 89.75 64.89 89.41 82.21 101.63 98.20 73.34 84.49 105.11 87.63 98.61 76.22 93.08 70.32 94.41 93.60 76.23 71.50 87.47 83.08 81.28 89.53 74.80 94.99 85.97 88.39 76.28 80.08 89.82
B_i_0_lb 0.00 0.00 0.00 0.00 0.00 0.00 0.00 0.00 0.00 0.00 0.00 0.00 0.00 0.00 0.00 0.00 0.00 0.00 0.00 0.00 0.00 0.00 0.00 0.00 0.00 0.00 0.00 0.00 0.00 0.00 0.00 0.00 0.00 0.00 0.00 0.00 0.00 0.00 0.00 0.00 0.00 0.00 0.00 0.00 0.00 0.00 0.00 0.00 0.00 0.00 0.00 0.00 0.00 0.00 0.00 0.00 0.00 0.00 0.00 0.00 0.00 0.00 0.00 0.00 0.00 0.00 0.00 0.00 0.00 0.00 0.00 0.00 0.00 0.00 0.00 0.00 0.00 0.00 0.00 0.00 0.00 0.00 0.00 0.00 0.00 0.00 0.00 0.00 0.00 0.00 0.00 0.00 0.00 0.00 0.00 0.00 0.00 0.00 0.00 0.00
B_i_0_ub 66.21 89.91 81.18 85.74 88.12 74.06 73.71 85.39 82.54 67.20 90.78 63.16 83.60 80.74 83.56 80.34 85.32 79.81 79.85 78.28 87.40 93.33 91.75 87.90 81.76 87.51 100.64 89.25 81.88 78.00 77.15 70.87 93.69 82.55 79.74 99.01 73.63 86.61 82.28 84.65 74.93 89.46 97.68 84.34 84.55 80.79 82.04 75.86 78.07 103.14 85.73 82.79 67.89 86.38 96.60 102.72 89.64 75.11 82.63 99.76 87.81 89.80 102.46 98.60 83.67 113.61 81.82 89.99 82.11 86.19 79.96 90.21 64.89 89.51 82.70 102.05 99.18 73.62 85.16 106.68 87.84 99.88 76.64 94.94 70.60 94.76 94.65 76.59 71.50 88.38 83.99 82.26 90.23 74.80 96.46 85.97 88.39 77.09 80.50 91.16
c_i_1_lb 0.00 5.60 0.00 23.10 16.10 0.00 11.90 23.10 15.40 63.70 0.00 0.00 49.00 0.00 0.00 36.40 39.90 58.80 58.80 41.30 61.60 26.60 0.00 29.40 16.80 0.00 0.00 0.00 0.00 18.90 21.70 46.90 0.00 32.20 0.00 0.00 0.00 23.10 46.20 0.00 19.60 0.00 53.20 0.00 65.80 53.90 59.50 0.00 0.00 49.70 23.80 0.00 23.10 23.80 69.30 11.20 0.00 0.00 39.90 0.00 56.70 0.00 0.00 22.40 5.60 51.10 0.00 61.60 60.90 63.70 30.80 0.00 56.70 0.00 51.10 16.10 0.00 0.00 0.00 70.00 0.00 32.20 0.00 0.00 63.00 56.00 0.00 65.80 30.80 0.00 66.50 2.10 23.80 0.00 63.70 25.90 0.00 21.00 22.40 19.60
c_i_1_ub 66.21 95.12 80.90 107.02 103.45 73.99 84.81 107.58 97.59 130.90 89.38 63.16 132.53 80.01 83.35 116.24 124.80 138.54 137.81 118.50 148.40 119.26 91.57 115.90 98.21 86.70 99.80 88.72 81.17 96.76 97.90 116.37 93.28 114.57 79.14 97.86 73.17 109.71 127.89 84.65 94.04 88.34 149.26 84.13 149.26 134.09 140.56 75.75 77.29 152.10 109.07 82.68 90.99 109.45 165.23 112.44 89.57 75.01 122.14 99.27 143.07 88.88 102.01 120.40 89.27 164.36 80.74 151.42 142.66 149.15 110.65 89.75 121.59 89.41 133.31 117.73 98.20 73.34 84.49 175.11 87.63 130.81 76.22 93.08 133.32 150.41 93.60 142.03 102.30 87.47 149.58 83.38 113.33 74.80 158.69 111.87 88.39 97.28 102.48 109.42
c_i_0_lb 0.00 5.60 0.00 23.10 16.10 0.00 11.90 23.10 15.40 63.70 0.00 0.00 49.00 0.00 0.00 36.40 39.90 58.80 58.80 41.30 61.60 26.60 0.00 29.40 16.80 0.00 0.00 0.00 0.00 18.90 21.70 46.90 0.00 32.20 0.00 0.00 0.00 23.10 46.20 0.00 19.60 0.00 53.20 0.00 65.80 53.90 59.50 0.00 0.00 49.70 23.80 0.00 23.10 23.80 69.30 11.20 0.00 0.00 39.90 0.00 56.70 0.00 0.00 22.40 5.60 51.10 0.00 61.60 60.90 63.70 30.80 0.00 56.70 0.00 51.10 16.10 0.00 0.00 0.00 70.00 0.00 32.20 0.00 0.00 63.00 56.00 0.00 65.80 30.80 0.00 66.50 2.10 23.80 0.00 63.70 25.90 0.00 21.00 22.40 19.60
c_i_0_ub 66.21 95.51 81.18 108.84 104.22 74.06 85.61 108.49 97.94 130.90 90.78 63.16 132.60 80.74 83.56 116.74 125.22 138.61 138.65 119.58 149.00 119.93 91.75 117.30 98.56 87.51 100.64 89.25 81.88 96.90 98.85 117.77 93.69 114.75 79.74 99.01 73.63 109.71 128.48 84.65 94.53 89.46 150.88 84.34 150.35 134.69 141.54 75.86 78.07 152.84 109.53 82.79 90.99 110.18 165.90 113.92 89.64 75.11 122.53 99.76 144.51 89.80 102.46 121.00 89.27 164.71 81.82 151.59 143.01 149.89 110.76 90.21 121.59 89.51 133.80 118.15 99.18 73.62 85.16 176.68 87.84 132.08 76.64 94.94 133.60 150.76 94.65 142.39 102.30 88.38 150.49 84.36 114.03 74.80 160.16 111.87 88.39 98.09 102.90 110.76
c_1_lb 0.00
c_1_ub 175.11
c_0_lb 0.00
c_0_ub 176.68

BOUND_TIMES
k_max_time 0.001423
Gamma_ub_time 0.000098
B_i_1_lb_time 0.007913
B_i_1_ub_time 0.031145
B_i_0_lb_time 0.007531
B_i_0_ub_time 0.029823

DDRO_PARAMETERS
a_0 16
b_0i 0 0 0 0 0 0 0 0 0 0 0 0 0 0 0 0 0 0 0 0 0 0 0 0 0 0 0 0 0 0 0 0 0 0 0 0 0 0 0 0 0 0 0 0 0 0 0 0 0 0 0 0 0 0 0 1 0 0 0 0 0 0 1 0 0 1 0 0 0 0 0 0 0 0 0 0 0 0 0 1 0 0 0 0 0 0 0 0 0 0 0 0 0 0 0 0 0 0 0 0
a_i 0.00 5.60 0.00 23.10 16.10 0.00 11.90 23.10 15.40 63.70 0.00 0.00 49.00 0.00 0.00 36.40 39.90 58.80 58.80 41.30 61.60 26.60 0.00 29.40 16.80 0.00 0.00 0.00 0.00 18.90 21.70 46.90 0.00 32.20 0.00 0.00 0.00 23.10 46.20 0.00 19.60 0.00 53.20 0.00 65.80 53.90 59.50 0.00 0.00 49.70 23.80 0.00 23.10 23.80 69.30 11.20 0.00 0.00 39.90 0.00 56.70 0.00 0.00 22.40 5.60 51.10 0.00 61.60 60.90 63.70 30.80 0.00 56.70 0.00 51.10 16.10 0.00 0.00 0.00 70.00 0.00 32.20 0.00 0.00 63.00 56.00 0.00 65.80 30.80 0.00 66.50 2.10 23.80 0.00 63.70 25.90 0.00 21.00 22.40 19.60
b_ij
0 0.00 1.09 0.00 0.00 3.43 2.49 0.21 2.59 0.00 0.00 0.00 0.00 0.00 0.46 0.00 1.02 2.91 0.00 1.44 0.00 0.00 1.75 2.42 0.00 0.00 0.25 0.00 1.37 0.00 0.00 0.67 0.00 0.00 0.00 0.00 0.00 0.00 0.00 2.84 0.00 0.00 2.14 0.00 0.00 0.00 0.00 0.28 0.00 0.00 0.18 1.12 0.00 0.00 0.00 0.00 0.00 0.00 0.00 0.07 0.35 0.00 0.35 0.00 0.00 2.07 0.00 0.00 3.08 0.00 0.42 0.00 2.45 0.00 0.00 0.00 1.33 0.00 0.00 3.12 1.58 2.98 0.00 0.07 0.00 0.00 2.59 2.38 3.08 3.15 0.77 0.00 0.00 0.00 0.81 3.50 0.00 3.40 0.00 0.00 0.00
1 1.09 0.00 0.00 1.02 0.00 0.00 1.75 0.98 0.00 1.02 0.00 0.00 0.00 0.00 0.00 0.00 1.33 2.03 2.77 0.00 3.08 1.33 0.21 1.75 0.00 0.00 2.03 3.26 2.73 2.42 2.38 0.00 3.50 3.29 0.00 2.91 0.14 2.84 0.56 0.00 0.00 1.65 0.00 1.23 0.00 1.96 0.25 0.00 0.98 0.00 0.00 0.00 0.00 0.00 0.95 3.08 2.73 0.32 0.00 3.50 1.72 0.00 2.84 3.40 0.00 2.45 0.42 0.74 0.00 3.50 0.00 0.00 0.00 0.00 2.52 0.00 0.00 2.17 0.00 3.26 1.30 0.60 0.00 0.00 0.00 0.60 0.25 0.00 0.07 2.07 0.00 2.03 0.88 0.00 1.58 0.00 2.52 0.00 0.00 1.02
2 0.00 0.00 0.00 0.00 0.74 0.00 0.00 1.02 0.00 0.00 0.00 3.26 0.04 3.50 3.19 0.00 0.00 0.00 0.00 1.58 0.00 2.87 0.91 3.15 2.73 2.59 0.95 0.88 1.65 1.40 0.00 1.33 0.00 0.14 0.53 2.03 0.00 0.18 0.70 2.17 0.63 0.67 1.54 0.00 1.96 0.00 0.00 0.00 3.01 0.00 0.28 0.21 3.19 0.00 3.01 0.00 0.32 0.32 0.00 2.56 0.00 0.95 0.00 0.00 0.00 2.10 1.75 0.14 0.00 3.50 0.00 3.50 0.00 1.23 1.09 1.54 0.00 0.00 0.00 1.79 0.00 1.09 0.00 0.00 0.60 0.74 1.54 2.31 0.00 2.00 1.05 0.98 0.00 0.77 1.96 0.00 2.21 0.00 0.00 2.38
3 0.00 1.02 0.00 0.00 2.45 0.56 0.35 0.81 0.60 1.82 1.89 0.00 2.80 0.00 1.82 0.00 0.00 0.00 0.00 0.00 0.00 1.26 0.00 3.05 0.00 1.89 2.91 0.00 0.00 2.28 2.17 0.04 1.09 0.00 0.00 0.07 0.70 0.00 0.18 2.24 0.00 0.00 0.00 0.00 1.75 0.00 1.37 0.00 0.04 3.08 0.00 2.03 0.00 1.72 0.25 2.91 0.00 0.63 0.00 0.00 0.00 2.42 0.60 0.00 3.15 0.00 2.21 3.12 1.61 0.00 0.00 0.00 0.00 1.09 0.00 2.59 1.68 0.00 0.00 2.42 0.00 3.01 0.00 1.86 3.01 0.00 0.00 2.70 0.00 1.58 1.68 0.49 2.87 0.00 0.00 0.00 1.30 1.37 0.91 3.01
4 3.43 0.00 0.74 2.45 0.00 0.00 0.04 0.00 0.00 1.19 1.05 0.00 0.00 0.00 0.00 0.00 3.29 0.67 0.00 0.00 3.26 2.24 2.42 3.01 0.00 0.98 0.25 3.22 0.00 0.00 1.37 0.74 0.00 1.26 2.31 0.25 0.00 0.00 0.00 0.00 0.60 0.11 0.00 1.09 1.68 1.96 3.33 0.00 0.00 2.70 0.00 0.00 0.00 1.89 0.00 2.59 1.02 2.63 1.33 0.00 0.00 2.98 0.00 0.00 0.00 2.21 0.11 0.77 1.75 0.88 2.52 0.00 1.09 1.96 0.00 2.59 1.72 2.87 0.00 0.00 0.00 1.54 0.00 1.09 0.42 1.16 0.00 0.00 0.42 0.14 3.01 2.31 0.00 0.00 1.02 0.00 2.77 2.07 0.46 0.00
5 2.49 0.00 0.00 0.56 0.00 0.00 0.00 0.00 0.00 1.68 0.00 1.65 0.00 1.09 0.00 1.54 0.00 3.12 0.00 0.00 1.61 2.91 1.75 0.00 0.53 0.00 0.00 0.53 0.00 0.00 1.65 0.00 2.59 0.00 0.70 1.58 2.66 0.00 0.32 0.84 2.70 3.36 0.00 2.98 0.00 0.00 0.91 0.00 0.00 0.00 1.12 2.63 0.00 0.00 0.00 0.00 0.18 0.25 2.42 0.18 0.00 0.00 0.00 0.00 0.98 1.47 0.00 0.00 0.25 2.56 0.00 0.46 2.31 1.75 0.00 0.00 0.49 0.07 2.70 1.89 0.00 0.98 0.00 0.00 0.00 0.00 0.00 3.05 0.00 0.00 0.74 0.00 0.00 0.00 2.49 1.75 0.00 2.52 0.00 2.38
6 0.21 1.75 0.00 0.35 0.04 0.00 0.00 0.95 0.00 1.93 2.31 0.18 1.05 0.00 0.00 0.00 2.31 0.00 0.00 1.12 0.00 0.00 0.00 0.98 0.00 0.00 0.88 0.00 0.00 0.95 0.00 0.00 0.00 0.00 3.19 1.61 1.65 0.00 0.91 0.00 0.00 0.77 0.46 0.00 0.35 1.30 3.29 3.33 0.00 0.00 2.35 0.32 1.26 0.00 2.03 0.98 0.00 2.00 0.00 0.00 3.15 0.00 2.70 0.00 2.38 0.00 1.23 0.00 0.74 1.51 1.16 0.00 0.53 2.98 0.00 2.94 0.00 1.02 0.00 1.79 1.26 0.35 2.94 1.12 0.00 1.26 0.67 0.00 3.12 2.10 0.00 0.00 0.00 2.07 0.00 0.11 0.00 0.04 0.00 1.37
7 2.59 0.98 1.02 0.81 0.00 0.00 0.95 0.00 0.00 0.00 0.00 0.00 0.00 0.00 2.80 2.73 2.07 2.73 0.00 1.61 0.00 1.23 0.35 0.00 0.00 0.00 1.02 2.24 0.42 0.00 2.63 0.00 0.00 1.96 2.38 0.21 0.00 3.29 0.00 0.00 0.00 2.63 0.00 2.91 1.19 0.00 0.00 0.00 2.49 0.00 2.94 3.43 0.95 0.00 0.00 2.35 0.63 1.89 0.00 1.51 0.67 0.00 0.00 1.72 2.63 0.00 1.65 2.17 2.52 1.40 1.09 0.00 0.91 0.00 0.00 2.52 0.60 0.35 0.00 0.35 0.00 2.35 3.15 2.87 0.49 0.00 0.88 0.91 0.91 0.00 0.00 0.00 0.00 0.00 0.63 0.00 0.00 0.00 0.00 1.72
8 0.00 0.00 0.00 0.60 0.00 0.00 0.00 0.00 0.00 3.12 2.31 0.00 1.75 0.00 0.00 2.21 0.07 0.00 0.00 2.38 0.00 0.00 1.37 0.00 0.00 2.17 0.25 0.88 0.00 0.25 0.00 0.00 0.00 0.81 2.77 0.00 0.00 0.74 0.00 1.54 0.00 0.00 0.00 0.00 0.28 3.08 1.96 1.51 0.00 0.00 2.00 0.00 0.00 1.09 2.10 0.00 1.47 3.05 1.44 0.00 0.00 0.84 0.00 2.00 0.00 0.07 1.12 1.65 1.96 0.98 0.84 0.00 0.00 1.12 2.59 2.28 2.42 0.00 0.67 2.24 3.40 0.00 0.00 3.08 0.00 3.36 0.00 1.40 0.00 0.42 0.00 0.00 0.00 3.50 0.00 0.67 0.00 3.19 2.63 0.00
9 0.00 1.02 0.00 1.82 1.19 1.68 1.93 0.00 3.12 0.00 0.84 2.21 3.47 0.00 0.00 0.98 3.29 0.00 0.00 0.00 0.00 0.00 0.00 0.00 0.00 0.00 3.19 0.00 0.00 0.00 1.96 0.00 1.96 3.50 0.00 1.82 0.39 0.00 0.32 0.00 1.02 2.10 0.00 0.00 0.00 0.00 0.00 0.00 0.00 0.42 0.00 0.00 0.56 0.00 0.00 0.00 2.80 0.35 0.00 0.00 0.00 1.30 0.00 1.82 0.00 0.00 0.46 0.00 0.00 1.89 0.63 1.58 0.00 0.00 3.36 0.00 0.00 0.84 2.10 0.00 0.00 0.60 0.00 0.00 0.00 2.87 3.36 0.00 0.00 2.98 0.00 0.00 0.00 1.23 0.00 0.00 0.00 0.14 0.56 0.00
10 0.00 0.00 0.00 1.89 1.05 0.00 2.31 0.00 2.31 0.84 0.00 0.00 0.00 2.42 3.43 0.00 0.42 0.00 3.05 0.00 3.33 0.00 0.00 0.00 2.87 0.95 0.00 2.70 1.12 0.84 2.52 1.40 0.00 2.35 1.86 0.00 0.00 0.00 0.77 3.40 1.40 0.07 2.84 0.28 0.00 0.00 0.00 0.00 1.19 2.98 1.65 0.00 0.00 0.00 2.49 1.19 2.70 3.47 0.91 0.39 1.16 0.00 1.75 0.00 0.00 0.00 0.00 0.00 0.00 2.31 0.00 2.63 0.00 0.77 0.00 1.65 0.00 1.51 0.00 3.29 0.00 3.19 0.00 0.11 2.24 0.00 0.00 2.80 0.00 3.08 0.00 0.00 1.72 0.00 0.00 1.16 2.59 0.00 0.00 0.00
11 0.00 0.00 3.26 0.00 0.00 1.65 0.18 0.00 0.00 2.21 0.00 0.00 1.37 0.77 0.00 0.00 0.00 0.00 1.75 0.00 0.00 0.00 0.00 0.00 0.00 0.00 0.00 0.00 2.94 0.00 0.70 1.09 0.00 0.00 0.00 2.31 0.00 2.24 0.00 3.36 0.00 1.05 0.00 0.00 0.63 1.26 0.00 0.00 0.00 0.00 0.00 0.00 0.00 0.00 3.43 0.00 0.00 2.49 0.00 0.00 1.51 3.40 0.11 1.23 2.49 0.00 1.51 1.93 0.00 0.00 2.84 1.72 0.00 0.42 1.47 0.00 0.00 1.61 1.05 0.00 0.00 1.19 0.00 0.00 0.00 0.00 1.72 0.00 0.00 2.73 0.00 0.00 0.00 0.00 0.00 0.00 1.30 0.00 0.00 2.24
12 0.00 0.00 0.04 2.80 0.00 0.00 1.05 0.00 1.75 3.47 0.00 1.37 0.00 0.00 0.00 3.08 0.00 3.33 0.00 0.00 0.00 2.45 0.00 0.00 1.68 0.00 3.15 0.42 0.00 0.28 1.93 1.79 1.23 1.47 0.00 2.35 0.00 0.00 0.00 3.43 0.00 0.00 0.00 0.67 0.00 0.00 0.00 0.00 3.22 3.43 0.00 1.96 0.00 2.03 2.35 0.00 0.74 1.72 0.00 0.04 0.00 0.00 0.00 0.00 0.00 2.14 2.28 0.00 0.00 0.07 0.53 1.05 0.00 0.00 0.00 0.00 3.19 2.98 3.01 0.00 0.00 0.00 1.12 0.56 0.00 0.00 0.25 0.00 0.00 0.00 0.00 2.24 0.77 3.15 3.36 0.00 0.00 1.12 0.11 2.59
13 0.46 0.00 3.50 0.00 0.00 1.09 0.00 0.00 0.00 0.00 2.42 0.77 0.00 0.00 0.00 0.21 0.00 0.00 0.00 1.72 0.32 0.00 0.00 0.84 0.00 0.00 2.38 1.82 1.12 0.00 0.00 3.08 2.98 0.00 0.00 0.00 2.73 0.00 0.00 1.44 0.77 0.00 2.84 0.00 1.93 2.14 0.00 0.00 2.38 0.00 0.00 0.00 0.00 2.17 1.61 2.03 3.12 0.00 0.00 0.00 0.00 0.00 1.16 0.00 0.00 0.00 0.00 0.00 3.26 0.00 0.00 1.23 0.00 0.00 3.43 1.68 0.00 0.00 2.98 2.66 0.04 3.22 1.26 1.79 0.00 0.00 0.00 2.77 1.02 2.63 0.00 0.00 0.00 0.00 0.00 1.37 0.00 2.17 2.77 0.00
14 0.00 0.00 3.19 1.82 0.00 0.00 0.00 2.80 0.00 0.00 3.43 0.00 0.00 0.00 0.00 0.00 1.44 0.00 0.00 0.00 0.00 0.00 0.00 0.00 0.60 0.00 0.95 0.35 0.91 0.00 0.00 0.77 2.52 0.18 2.49 2.49 0.00 0.00 1.75 3.22 1.65 0.00 3.01 3.40 1.79 0.00 1.09 0.00 0.00 0.00 2.70 0.00 0.56 1.86 0.00 2.10 0.00 2.87 0.00 1.09 0.00 0.00 0.00 1.33 2.45 1.16 0.14 0.95 0.00 0.00 0.00 1.58 2.91 0.00 0.00 0.56 0.56 0.00 0.00 0.14 3.40 0.00 0.00 0.53 0.00 2.38 0.00 3.33 2.91 0.67 0.00 0.35 1.40 2.73 0.00 2.49 0.00 2.35 0.00 2.63
15 1.02 0.00 0.00 0.00 0.00 1.54 0.00 2.73 2.21 0.98 0.00 0.00 3.08 0.21 0.00 0.00 0.00 0.00 0.98 0.00 3.36 1.37 0.11 0.00 0.88 0.63 1.51 0.00 0.00 2.35 0.67 0.00 0.35 0.00 0.00 2.24 3.19 0.00 3.22 0.00 2.70 1.02 1.51 0.00 3.26 0.00 1.68 0.00 0.00 2.24 0.00 0.35 0.00 0.00 0.00 0.00 3.47 0.00 0.11 1.82 3.12 0.00 0.00 0.95 0.00 0.84 0.00 0.00 0.00 0.67 0.00 3.01 0.00 1.23 0.00 0.00 0.28 0.00 0.00 0.28 0.60 2.98 0.60 3.19 0.00 3.12 0.00 0.25 0.00 0.00 0.00 0.00 3.26 0.00 1.47 0.00 1.75 3.19 1.54 0.00
16 2.91 1.33 0.00 0.00 3.29 0.00 2.31 2.07 0.07 3.29 0.42 0.00 0.00 0.00 1.44 0.00 0.00 0.00 0.00 0.00 0.00 0.00 3.05 0.00 0.00 3.15 0.00 2.94 0.00 0.28 0.00 1.96 1.12 0.95 2.35 0.00 2.91 1.96 0.56 0.35 1.23 0.00 0.00 0.04 0.00 0.00 0.00 1.75 0.00 2.70 0.00 0.11 1.68 1.79 2.59 0.00 0.28 0.00 2.45 0.49 0.00 0.00 0.00 0.00 0.00 0.00 1.61 0.00 0.14 0.00 0.00 2.59 3.29 0.00 1.79 2.00 0.00 0.91 3.08 0.00 0.00 0.00 2.49 0.00 0.81 0.04 0.00 0.00 0.56 0.00 0.00 0.00 0.00 0.00 1.09 2.14 2.84 0.00 3.40 2.98
17 0.00 2.03 0.00 0.00 0.67 3.12 0.00 2.73 0.00 0.00 0.00 0.00 3.33 0.00 0.00 0.00 0.00 0.00 0.77 0.00 2.87 0.00 1.82 0.00 0.21 1.68 1.54 0.00 2.98 0.00 0.00 2.03 1.89 0.00 1.93 0.00 0.00 0.00 1.19 0.35 0.07 0.00 2.42 0.00 0.00 1.54 2.28 0.25 1.16 0.00 0.00 3.22 0.00 0.00 0.00 0.00 0.00 0.00 0.00 0.00 1.72 0.00 0.39 0.00 0.00 2.45 0.63 0.00 0.70 0.00 1.16 2.52 1.51 3.43 1.86 3.50 0.00 0.00 0.00 0.00 2.45 0.00 3.40 2.66 0.00 0.00 0.00 0.00 0.00 0.00 0.00 1.75 0.00 0.00 2.14 3.15 2.07 0.49 0.00 0.56
18 1.44 2.77 0.00 0.00 0.00 0.00 0.00 0.00 0.00 0.00 3.05 1.75 0.00 0.00 0.00 0.98 0.00 0.77 0.00 0.00 0.84 0.00 0.00 3.05 0.00 0.00 0.00 0.00 3.40 0.14 0.53 0.00 0.00 1.05 0.00 3.47 0.00 0.32 0.84 0.00 0.00 0.00 0.00 0.53 3.01 0.42 0.00 1.65 0.00 0.11 3.36 0.00 2.28 0.00 0.00 2.80 2.91 0.00 1.72 1.96 1.93 0.00 0.00 2.84 0.00 2.77 0.00 1.37 0.00 0.00 0.88 1.65 0.00 0.00 0.00 0.00 2.98 0.00 0.95 0.11 0.00 0.00 0.00 1.05 1.86 0.63 0.00 0.00 3.15 0.00 3.43 3.12 2.73 0.00 1.09 0.00 0.00 0.00 0.88 2.17
19 0.00 0.00 1.58 0.00 0.00 0.00 1.12 1.61 2.38 0.00 0.00 0.00 0.00 1.72 0.00 0.00 0.00 0.00 0.00 0.00 2.17 1.26 0.00 1.47 1.82 0.07 2.84 3.08 0.00 0.00 0.95 0.00 1.96 0.00 1.37 2.31 1.26 0.00 0.00 0.00 1.09 2.17 0.00 1.82 1.02 0.11 1.61 2.80 1.12 0.00 0.00 0.00 1.26 0.25 2.35 0.00 3.26 0.00 0.00 0.11 0.00 2.17 0.00 0.00 0.00 0.98 0.00 0.14 0.00 0.00 0.35 2.98 0.00 2.31 0.00 2.07 0.00 0.00 0.00 0.00 2.17 0.00 2.35 3.08 0.00 0.95 2.28 1.40 2.73 0.00 2.10 0.00 3.01 0.53 2.31 0.00 0.00 0.00 0.00 1.68
20 0.00 3.08 0.00 0.00 3.26 1.61 0.00 0.00 0.00 0.00 3.33 0.00 0.00 0.32 0.00 3.36 0.00 2.87 0.84 2.17 0.00 1.65 0.00 3.36 0.00 0.42 2.38 2.66 0.00 0.60 0.00 0.00 0.00 2.38 0.00 0.35 2.24 2.03 0.00 0.00 0.00 0.00 0.56 0.00 0.60 0.00 0.00 0.88 2.07 0.00 0.00 0.70 0.00 1.68 2.42 0.00 3.43 1.33 0.00 0.00 2.84 1.47 0.60 2.24 0.60 2.73 2.94 0.00 0.00 0.49 0.00 0.00 0.00 0.00 0.00 0.00 0.00 0.00 0.98 0.00 3.50 3.26 2.73 1.23 1.44 0.00 2.73 0.00 0.00 0.00 0.14 2.07 0.00 2.03 0.00 0.00 0.28 2.80 0.00 0.00
21 1.75 1.33 2.87 1.26 2.24 2.91 0.00 1.23 0.00 0.00 0.00 0.00 2.45 0.00 0.00 1.37 0.00 0.00 0.00 1.26 1.65 0.00 3.36 0.81 0.00 2.87 1.72 0.00 0.04 0.00 0.00 2.21 2.80 1.16 0.74 0.00 0.00 0.00 0.00 1.05 0.00 3.47 0.00 0.00 3.43 0.00 2.42 0.28 0.00 2.52 0.00 0.00 0.00 2.24 0.00 0.04 0.00 1.79 0.00 1.09 0.00 0.00 1.51 2.70 0.00 3.29 0.00 0.00 0.00 0.00 0.49 3.26 2.73 0.00 1.19 2.59 0.67 0.00 0.00 2.91 0.00 0.00 0.00 3.29 0.60 2.98 2.10 0.00 2.80 0.56 0.91 1.19 0.00 3.15 2.17 0.00 1.26 0.00 0.00 0.00
22 2.42 0.21 0.91 0.00 2.42 1.75 0.00 0.35 1.37 0.00 0.00 0.00 0.00 0.00 0.00 0.11 3.05 1.82 0.00 0.00 0.00 3.36 0.00 0.00 0.00 3.43 0.00 1.19 0.00 0.00 0.00 1.16 0.11 1.51 0.00 2.24 0.00 2.21 2.00 0.84 0.00 0.00 0.00 0.00 0.81 0.00 0.56 0.00 1.79 2.45 1.51 0.00 0.07 1.54 0.00 0.00 0.00 1.72 0.60 0.07 0.98 1.44 0.07 3.43 1.12 1.40 0.00 2.21 3.50 0.00 0.00 1.09 0.00 0.46 0.00 3.40 2.98 0.00 1.40 0.00 0.00 1.61 0.00 3.22 0.18 2.77 0.00 0.00 0.74 2.42 1.47 3.26 1.61 1.86 2.21 1.75 2.59 0.21 0.00 2.94
23 0.00 1.75 3.15 3.05 3.01 0.00 0.98 0.00 0.00 0.00 0.00 0.00 0.00 0.84 0.00 0.00 0.00 0.00 3.05 1.47 3.36 0.81 0.00 0.00 1.12 2.31 0.18 0.00 2.00 0.84 0.00 2.24 0.00 0.00 0.00 0.14 2.84 0.98 2.80 0.00 0.00 1.58 3.08 2.70 1.26 3.08 3.50 0.00 0.00 0.00 3.26 0.49 0.00 0.00 0.00 0.00 0.00 0.00 0.95 2.66 0.00 2.66 0.00 0.00 0.00 1.30 3.19 0.00 0.00 0.00 3.05 1.12 0.39 0.00 1.12 0.18 0.42 1.54 2.07 3.05 0.00 1.89 0.00 1.86 2.80 3.05 0.00 1.40 0.00 2.07 0.00 0.28 0.00 0.00 2.56 0.00 0.07 0.00 1.37 0.00
24 0.00 0.00 2.73 0.00 0.00 0.53 0.00 0.00 0.00 0.00 2.87 0.00 1.68 0.00 0.60 0.88 0.00 0.21 0.00 1.82 0.00 0.00 0.00 1.12 0.00 0.00 2.00 0.00 1.65 0.00 0.77 0.88 0.00 1.79 1.75 3.05 0.00 0.00 1.79 0.00 1.05 2.38 0.00 3.43 0.00 2.77 0.00 1.89 1.09 2.07 0.00 0.00 0.00 0.00 0.00 2.63 2.91 0.00 3.19 0.00 1.23 0.00 3.01 1.65 0.00 1.79 0.00 0.00 0.00 1.51 1.54 0.74 0.00 0.00 2.73 0.00 1.02 0.00 0.00 3.22 1.96 0.00 0.00 1.47 1.54 0.00 0.28 3.43 1.86 0.00 0.00 0.00 0.00 1.82 2.98 2.52 0.00 0.70 0.00 0.56
25 0.25 0.00 2.59 1.89 0.98 0.00 0.00 0.00 2.17 0.00 0.95 0.00 0.00 0.00 0.00 0.63 3.15 1.68 0.00 0.07 0.42 2.87 3.43 2.31 0.00 0.00 0.21 0.00 0.25 0.00 0.00 2.24 0.00 1.75 0.60 0.00 0.00 0.00 0.00 0.00 1.75 1.12 0.00 2.80 1.09 0.00 0.42 0.00 3.01 0.25 3.36 0.00 1.40 0.00 0.00 1.44 2.59 0.00 0.07 2.59 0.70 1.58 2.17 0.00 0.18 0.00 0.00 0.84 2.07 0.63 0.63 0.00 0.00 1.02 0.00 0.98 3.15 2.07 0.00 1.68 1.61 2.24 0.00 1.23 0.00 2.87 0.00 2.38 2.73 0.00 0.63 0.00 0.18 0.00 0.00 2.35 3.08 2.45 3.36 0.00
26 0.00 2.03 0.95 2.91 0.25 0.00 0.88 1.02 0.25 3.19 0.00 0.00 3.15 2.38 0.95 1.51 0.00 1.54 0.00 2.84 2.38 1.72 0.00 0.18 2.00 0.21 0.00 1.30 2.73 2.07 0.00 2.14 0.00 0.32 2.59 3.36 2.73 1.37 3.33 0.00 0.00 0.00 0.00 1.23 0.00 0.00 0.88 0.21 0.00 3.22 0.00 0.00 0.00 0.00 0.00 0.00 0.00 0.84 2.70 0.00 0.00 0.00 2.10 2.59 2.56 0.00 3.01 1.09 2.80 0.00 1.68 1.02 0.00 3.05 3.43 2.52 0.00 0.00 0.00 2.87 1.40 0.11 0.00 2.91 2.80 0.53 1.61 0.00 1.40 0.00 0.00 0.84 0.00 0.00 0.81 1.19 0.11 0.11 0.00 0.00
27 1.37 3.26 0.88 0.00 3.22 0.53 0.00 2.24 0.88 0.00 2.70 0.00 0.42 1.82 0.35 0.00 2.94 0.00 0.00 3.08 2.66 0.00 1.19 0.00 0.00 0.00 1.30 0.00 0.00 1.37 0.60 0.00 0.67 0.00 2.28 0.00 0.00 3.43 3.36 1.72 0.00 2.24 0.00 0.00 0.00 0.98 0.00 3.43 0.39 0.00 1.23 0.21 0.00 0.00 0.00 2.42 1.05 0.00 0.00 2.14 0.67 0.00 1.82 0.28 1.86 3.26 0.00 0.00 0.00 2.42 2.73 0.00 1.89 3.15 0.60 3.26 0.00 1.40 0.00 0.00 0.00 1.68 0.00 0.84 0.81 0.00 2.35 0.00 0.70 2.45 0.00 1.75 1.12 1.02 0.11 0.42 0.00 0.88 0.00 0.00
28 0.00 2.73 1.65 0.00 0.00 0.00 0.00 0.42 0.00 0.00 1.12 2.94 0.00 1.12 0.91 0.00 0.00 2.98 3.40 0.00 0.00 0.04 0.00 2.00 1.65 0.25 2.73 0.00 0.00 0.00 0.98 1.58 2.28 0.00 0.00 0.00 2.77 0.00 0.84 0.00 2.52 2.91 3.12 2.49 0.00 3.43 0.14 0.18 0.74 1.86 0.00 0.18 0.00 1.12 0.00 0.04 0.00 0.81 2.21 2.91 2.94 0.00 0.00 0.70 0.00 2.24 0.00 0.00 0.63 0.00 1.58 1.58 0.25 0.00 1.82 0.00 0.00 0.00 1.72 2.91 3.19 0.00 0.00 0.00 0.00 0.00 0.53 0.00 0.00 1.37 1.44 0.98 0.00 0.00 0.42 2.59 1.40 0.11 0.00 0.00
29 0.00 2.42 1.40 2.28 0.00 0.00 0.95 0.00 0.25 0.00 0.84 0.00 0.28 0.00 0.00 2.35 0.28 0.00 0.14 0.00 0.60 0.00 0.00 0.84 0.00 0.00 2.07 1.37 0.00 0.00 0.00 0.00 0.00 0.00 2.59 0.00 0.00 1.51 0.00 1.96 0.14 1.33 2.77 2.77 1.19 1.05 0.00 0.32 2.63 0.00 0.00 0.63 0.00 0.00 1.47 1.47 1.37 3.01 1.26 2.07 1.51 0.00 3.22 3.50 2.45 0.00 0.00 0.14 0.00 0.00 0.00 2.17 0.53 3.19 0.00 2.94 0.70 0.00 0.00 2.28 0.00 2.59 0.00 0.00 0.00 0.00 2.59 0.00 0.00 0.00 0.49 0.00 2.49 0.00 0.49 0.00 1.89 1.19 0.00 0.00
30 0.67 2.38 0.00 2.17 1.37 1.65 0.00 2.63 0.00 1.96 2.52 0.70 1.93 0.00 0.00 0.67 0.00 0.00 0.53 0.95 0.00 0.00 0.00 0.00 0.77 0.00 0.00 0.60 0.98 0.00 0.00 2.59 0.00 0.00 2.28 0.00 0.00 0.00 2.07 0.00 0.00 2.56 0.39 0.04 0.39 2.49 1.33 0.00 0.00 0.49 0.00 0.00 3.43 3.50 3.29 0.70 3.29 0.00 2.07 0.00 0.00 0.74 1.65 0.74 0.00 2.49 0.07 0.00 0.00 1.72 0.14 0.00 0.00 3.12 0.00 0.00 3.33 0.00 0.67 0.74 0.00 0.00 0.00 2.87 0.00 0.00 2.21 0.00 0.00 0.00 1.02 0.00 0.00 0.00 2.21 0.00 0.00 0.95 1.75 2.28
31 0.00 0.00 1.33 0.04 0.74 0.00 0.00 0.00 0.00 0.00 1.40 1.09 1.79 3.08 0.77 0.00 1.96 2.03 0.00 0.00 0.00 2.21 1.16 2.24 0.88 2.24 2.14 0.00 1.58 0.00 2.59 0.00 0.70 0.00 0.00 0.14 1.86 0.00 2.87 0.00 1.68 0.00 0.00 0.18 2.45 3.08 0.00 0.00 0.00 0.07 0.00 0.00 0.00 0.00 0.00 0.00 0.00 1.19 0.00 2.38 0.00 0.00 0.00 0.00 0.00 1.54 1.75 0.00 0.00 0.00 0.00 1.89 0.00 2.63 1.89 0.00 1.16 0.00 0.00 1.05 1.82 0.00 0.49 3.50 0.00 0.00 0.00 0.00 2.38 0.95 0.00 0.00 0.00 1.40 1.47 0.00 0.00 0.00 1.51 0.04
32 0.00 3.50 0.00 1.09 0.00 2.59 0.00 0.00 0.00 1.96 0.00 0.00 1.23 2.98 2.52 0.35 1.12 1.89 0.00 1.96 0.00 2.80 0.11 0.00 0.00 0.00 0.00 0.67 2.28 0.00 0.00 0.70 0.00 0.00 0.00 0.00 0.00 2.35 0.00 2.70 1.44 0.00 0.00 3.12 0.00 0.00 0.00 0.00 0.00 0.18 0.00 1.09 2.24 1.37 0.98 0.00 2.70 0.00 0.00 2.45 3.15 0.00 2.91 2.87 2.52 0.00 1.19 1.75 2.45 1.96 1.44 1.82 0.00 0.00 0.07 1.93 1.93 1.26 0.00 2.94 1.19 3.43 0.00 0.00 0.00 0.00 1.65 0.00 0.04 0.00 0.53 0.00 0.00 0.46 3.19 1.82 0.00 3.29 0.74 0.00
33 0.00 3.29 0.14 0.00 1.26 0.00 0.00 1.96 0.81 3.50 2.35 0.00 1.47 0.00 0.18 0.00 0.95 0.00 1.05 0.00 2.38 1.16 1.51 0.00 1.79 1.75 0.32 0.00 0.00 0.00 0.00 0.00 0.00 0.00 0.00 0.00 0.00 0.00 2.80 0.00 0.00 0.00 1.96 0.00 0.53 2.70 0.00 1.96 2.52 0.00 1.58 0.00 1.40 0.32 0.00 3.36 0.00 0.88 0.00 1.89 0.00 2.91 3.05 1.51 0.00 2.10 0.00 0.49 0.00 3.47 0.00 0.00 1.68 0.00 3.36 3.22 1.05 0.00 0.98 0.00 0.00 0.00 0.00 2.77 0.00 2.56 0.00 0.00 0.00 0.00 3.47 0.63 0.63 3.33 0.00 0.00 1.72 0.00 0.77 1.02
34 0.00 0.00 0.53 0.00 2.31 0.70 3.19 2.38 2.77 0.00 1.86 0.00 0.00 0.00 2.49 0.00 2.35 1.93 0.00 1.37 0.00 0.74 0.00 0.00 1.75 0.60 2.59 2.28 0.00 2.59 2.28 0.00 0.00 0.00 0.00 0.00 2.07 3.33 0.70 0.00 1.54 0.00 1.51 3.08 0.81 2.84 1.86 0.00 0.00 0.00 0.04 0.00 0.00 0.00 0.74 0.00 0.00 0.35 0.00 1.05 0.00 0.00 0.00 0.00 0.00 0.00 0.28 2.66 0.00 0.00 0.00 1.89 0.00 0.00 0.00 0.00 2.45 2.00 0.00 0.00 0.00 0.00 0.00 0.00 0.00 2.28 0.00 0.77 1.51 0.00 0.00 3.08 2.59 0.00 0.00 2.52 0.81 0.00 0.00 2.59
35 0.00 2.91 2.03 0.07 0.25 1.58 1.61 0.21 0.00 1.82 0.00 2.31 2.35 0.00 2.49 2.24 0.00 0.00 3.47 2.31 0.35 0.00 2.24 0.14 3.05 0.00 3.36 0.00 0.00 0.00 0.00 0.14 0.00 0.00 0.00 0.00 2.03 0.00 0.00 1.89 0.00 0.18 2.73 0.00 2.17 0.00 0.00 3.47 1.02 2.66 1.19 2.17 0.00 0.60 0.00 0.00 0.00 0.00 0.00 0.00 0.00 0.00 2.31 0.00 0.00 0.88 0.84 2.56 0.35 0.00 2.28 2.98 0.00 0.00 0.00 0.88 0.00 2.14 2.91 2.24 0.00 2.94 1.40 2.77 2.52 1.44 0.00 0.00 0.00 3.01 2.98 0.00 0.00 2.28 3.29 0.04 0.04 2.31 0.00 0.00
36 0.00 0.14 0.00 0.70 0.00 2.66 1.65 0.00 0.00 0.39 0.00 0.00 0.00 2.73 0.00 3.19 2.91 0.00 0.00 1.26 2.24 0.00 0.00 2.84 0.00 0.00 2.73 0.00 2.77 0.00 0.00 1.86 0.00 0.00 2.07 2.03 0.00 0.00 0.00 0.21 1.23 0.00 1.51 0.00 2.70 1.33 0.00 0.81 0.00 0.00 0.00 0.00 0.00 0.00 0.67 0.32 0.00 0.00 2.84 0.00 1.02 0.00 0.00 0.28 0.00 1.54 0.00 3.47 2.14 0.00 0.00 0.00 0.00 3.50 3.08 2.31 2.91 0.00 2.35 0.00 0.00 0.00 0.00 0.00 0.00 2.70 0.00 1.75 0.98 1.75 2.24 0.00 0.00 0.00 0.00 0.00 0.00 0.53 0.35 0.00
37 0.00 2.84 0.18 0.00 0.00 0.00 0.00 3.29 0.74 0.00 0.00 2.24 0.00 0.00 0.00 0.00 1.96 0.00 0.32 0.00 2.03 0.00 2.21 0.98 0.00 0.00 1.37 3.43 0.00 1.51 0.00 0.00 2.35 0.00 3.33 0.00 0.00 0.00 0.07 0.00 2.10 2.49 0.00 0.00 0.00 0.00 0.00 3.29 0.00 2.52 3.22 0.00 0.81 0.00 3.36 1.37 0.00 0.00 0.00 0.00 0.00 0.00 0.00 3.08 3.22 0.00 0.00 0.00 1.23 0.00 3.19 0.00 2.42 1.93 0.11 0.00 1.61 0.00 0.46 2.03 3.50 0.00 0.00 2.17 3.12 2.31 2.98 0.00 0.00 0.00 0.00 0.00 3.08 0.77 0.00 0.00 0.00 0.00 0.00 1.75
38 2.84 0.56 0.70 0.18 0.00 0.32 0.91 0.00 0.00 0.32 0.77 0.00 0.00 0.00 1.75 3.22 0.56 1.19 0.84 0.00 0.00 0.00 2.00 2.80 1.79 0.00 3.33 3.36 0.84 0.00 2.07 2.87 0.00 2.80 0.70 0.00 0.00 0.07 0.00 0.00 1.26 3.05 2.00 0.00 0.00 0.00 0.00 0.00 0.95 0.00 0.00 2.87 0.00 2.14 3.01 0.00 0.00 0.42 0.00 0.00 0.00 0.00 0.67 3.05 0.00 0.00 3.33 0.00 2.70 0.00 0.00 0.00 0.00 0.00 0.32 0.00 2.28 0.00 0.00 0.00 0.00 2.84 2.77 2.45 0.00 0.88 0.00 0.84 0.00 1.61 2.66 0.98 2.45 1.09 2.73 0.39 0.00 0.00 0.60 0.00
39 0.00 0.00 2.17 2.24 0.00 0.84 0.00 0.00 1.54 0.00 3.40 3.36 3.43 1.44 3.22 0.00 0.35 0.35 0.00 0.00 0.00 1.05 0.84 0.00 0.00 0.00 0.00 1.72 0.00 1.96 0.00 0.00 2.70 0.00 0.00 1.89 0.21 0.00 0.00 0.00 1.30 1.33 0.00 2.77 2.17 0.00 0.00 2.98 0.25 2.87 0.00 3.26 0.00 0.00 0.00 0.00 0.00 0.00 2.00 0.00 0.00 0.00 0.00 0.60 0.00 2.66 0.00 3.29 1.61 0.25 0.00 1.75 0.00 3.33 1.19 0.00 1.79 0.25 0.35 0.00 1.44 3.33 0.00 0.00 0.84 0.74 0.00 0.00 2.80 1.12 0.00 0.00 0.74 0.00 0.00 0.63 0.00 1.96 3.05 0.00
40 0.00 0.00 0.63 0.00 0.60 2.70 0.00 0.00 0.00 1.02 1.40 0.00 0.00 0.77 1.65 2.70 1.23 0.07 0.00 1.09 0.00 0.00 0.00 0.00 1.05 1.75 0.00 0.00 2.52 0.14 0.00 1.68 1.44 0.00 1.54 0.00 1.23 2.10 1.26 1.30 0.00 1.79 0.00 1.54 0.00 1.44 0.00 0.00 0.00 0.00 0.00 0.00 0.00 0.00 0.00 2.17 1.51 0.00 0.42 2.84 0.00 0.00 1.05 0.42 0.00 0.00 0.00 0.00 0.00 1.09 2.84 0.00 0.00 2.94 0.00 0.63 0.00 0.00 0.00 0.95 0.00 2.87 1.05 0.00 0.00 3.36 0.00 0.11 3.08 0.00 0.00 1.47 0.00 0.00 0.00 2.45 1.09 2.87 2.77 2.42
41 2.14 1.65 0.67 0.00 0.11 3.36 0.77 2.63 0.00 2.10 0.07 1.05 0.00 0.00 0.00 1.02 0.00 0.00 0.00 2.17 0.00 3.47 0.00 1.58 2.38 1.12 0.00 2.24 2.91 1.33 2.56 0.00 0.00 0.00 0.00 0.18 0.00 2.49 3.05 1.33 1.79 0.00 2.94 3.26 1.19 0.00 0.00 2.45 0.00 0.00 0.00 1.40 0.95 2.17 0.00 1.68 0.25 0.00 0.00 0.00 2.94 3.33 1.82 1.23 2.10 0.00 0.00 0.00 0.00 0.00 0.77 0.00 3.19 0.18 0.00 2.28 0.00 0.77 0.00 0.53 2.31 0.00 1.54 0.00 0.60 3.12 1.75 1.37 0.00 0.00 3.15 0.00 0.00 0.00 0.00 0.00 0.00 0.00 0.00 0.00
42 0.00 0.00 1.54 0.00 0.00 0.00 0.46 0.00 0.00 0.00 2.84 0.00 0.00 2.84 3.01 1.51 0.00 2.42 0.00 0.00 0.56 0.00 0.00 3.08 0.00 0.00 0.00 0.00 3.12 2.77 0.39 0.00 0.00 1.96 1.51 2.73 1.51 0.00 2.00 0.00 0.00 2.94 0.00 0.91 2.42 0.00 0.77 0.00 0.00 0.00 0.14 0.53 0.00 0.00 0.00 0.21 3.19 0.00 2.84 0.60 2.56 0.00 1.51 3.01 0.00 0.42 2.94 0.00 0.00 3.47 2.35 2.28 0.00 2.28 3.19 1.58 2.80 3.26 0.00 0.00 2.66 0.04 1.30 0.00 0.00 3.43 3.05 1.68 0.00 1.37 0.35 0.00 1.44 0.00 0.00 0.00 0.00 2.73 2.63 0.00
43 0.00 1.23 0.00 0.00 1.09 2.98 0.00 2.91 0.00 0.00 0.28 0.00 0.67 0.00 3.40 0.00 0.04 0.00 0.53 1.82 0.00 0.00 0.00 2.70 3.43 2.80 1.23 0.00 2.49 2.77 0.04 0.18 3.12 0.00 3.08 0.00 0.00 0.00 0.00 2.77 1.54 3.26 0.91 0.00 0.00 0.60 0.00 0.00 0.00 0.00 0.00 0.18 0.00 0.21 0.00 0.81 0.00 0.00 2.94 1.86 0.00 2.00 0.00 2.63 2.03 2.14 0.00 2.28 2.42 2.49 0.00 0.00 0.00 0.00 0.56 2.00 0.00 2.24 0.00 0.00 0.00 0.04 0.00 2.45 1.58 0.00 0.00 1.65 0.00 0.49 0.00 0.00 0.00 0.00 0.00 0.74 3.29 0.00 0.18 3.22
44 0.00 0.00 1.96 1.75 1.68 0.00 0.35 1.19 0.28 0.00 0.00 0.63 0.00 1.93 1.79 3.26 0.00 0.00 3.01 1.02 0.60 3.43 0.81 1.26 0.00 1.09 0.00 0.00 0.00 1.19 0.39 2.45 0.00 0.53 0.81 2.17 2.70 0.00 0.00 2.17 0.00 1.19 2.42 0.00 0.00 0.00 2.56 0.00 0.00 0.00 0.00 0.00 0.00 1.19 1.23 0.81 0.00 0.56 0.00 0.00 0.00 0.00 3.50 0.88 0.00 0.46 1.54 0.35 2.00 0.00 3.05 0.00 0.00 0.00 0.00 0.00 2.94 0.00 0.00 2.59 0.00 0.00 2.80 2.84 0.00 3.26 0.00 0.00 0.00 3.36 0.00 2.14 1.05 0.00 2.45 0.70 1.37 0.53 3.40 1.93
45 0.00 1.96 0.00 0.00 1.96 0.00 1.30 0.00 3.08 0.00 0.00 1.26 0.00 2.14 0.00 0.00 0.00 1.54 0.42 0.11 0.00 0.00 0.00 3.08 2.77 0.00 0.00 0.98 3.43 1.05 2.49 3.08 0.00 2.70 2.84 0.00 1.33 0.00 0.00 0.00 1.44 0.00 0.00 0.60 0.00 0.00 0.00 0.00 2.87 1.12 2.98 0.00 0.00 0.00 0.00 1.40 0.00 0.00 0.00 2.77 2.45 0.00 2.10 0.00 0.21 0.00 1.54 1.05 2.56 0.00 0.00 0.56 1.96 0.00 0.00 0.00 0.00 1.30 3.29 0.00 0.00 0.00 0.21 0.00 0.00 1.68 0.00 2.49 0.00 0.00 0.00 0.91 3.12 0.00 3.26 0.00 0.98 0.00 0.95 0.49
46 0.28 0.25 0.00 1.37 3.33 0.91 3.29 0.00 1.96 0.00 0.00 0.00 0.00 0.00 1.09 1.68 0.00 2.28 0.00 1.61 0.00 2.42 0.56 3.50 0.00 0.42 0.88 0.00 0.14 0.00 1.33 0.00 0.00 0.00 1.86 0.00 0.00 0.00 0.00 0.00 0.00 0.00 0.77 0.00 2.56 0.00 0.00 2.14 0.00 0.00 2.59 1.37 0.00 0.00 0.00 1.54 0.84 0.00 0.00 2.52 0.00 0.00 1.68 2.66 0.00 1.86 1.68 0.00 1.96 0.00 0.00 0.00 1.65 0.00 0.00 0.00 0.00 0.98 2.84 1.96 0.00 0.00 0.00 0.60 2.80 3.33 2.38 0.00 0.00 2.52 0.98 0.00 3.19 0.00 1.40 0.00 2.31 2.80 2.31 0.00
47 0.00 0.00 0.00 0.00 0.00 0.00 3.33 0.00 1.51 0.00 0.00 0.00 0.00 0.00 0.00 0.00 1.75 0.25 1.65 2.80 0.88 0.28 0.00 0.00 1.89 0.00 0.21 3.43 0.18 0.32 0.00 0.00 0.00 1.96 0.00 3.47 0.81 3.29 0.00 2.98 0.00 2.45 0.00 0.00 0.00 0.00 2.14 0.00 0.00 0.00 1.40 3.29 0.00 3.33 0.00 2.87 0.00 2.28 2.77 1.86 0.00 0.11 2.21 1.26 0.00 0.00 3.01 1.47 0.00 0.00 0.00 0.00 0.14 0.88 0.00 0.00 0.42 0.00 0.00 0.00 1.44 0.00 1.30 0.35 0.00 3.33 2.77 0.00 0.00 0.00 1.72 0.81 0.00 0.00 0.00 0.00 0.00 1.26 0.00 0.00
48 0.00 0.98 3.01 0.04 0.00 0.00 0.00 2.49 0.00 0.00 1.19 0.00 3.22 2.38 0.00 0.00 0.00 1.16 0.00 1.12 2.07 0.00 1.79 0.00 1.09 3.01 0.00 0.39 0.74 2.63 0.00 0.00 0.00 2.52 0.00 1.02 0.00 0.00 0.95 0.25 0.00 0.00 0.00 0.00 0.00 2.87 0.00 0.00 0.00 0.39 0.00 0.00 0.00 0.49 2.87 0.21 2.56 0.00 0.00 0.00 2.52 3.33 0.88 0.98 2.73 3.22 0.00 1.02 1.51 0.49 0.00 0.00 1.82 0.00 0.95 0.00 0.00 0.00 0.28 0.14 0.39 0.00 0.00 1.79 0.00 1.44 0.00 3.33 0.00 0.88 0.00 2.07 0.00 0.00 2.17 1.05 2.98 1.16 0.00 1.68
49 0.18 0.00 0.00 3.08 2.70 0.00 0.00 0.00 0.00 0.42 2.98 0.00 3.43 0.00 0.00 2.24 2.70 0.00 0.11 0.00 0.00 2.52 2.45 0.00 2.07 0.25 3.22 0.00 1.86 0.00 0.49 0.07 0.18 0.00 0.00 2.66 0.00 2.52 0.00 2.87 0.00 0.00 0.00 0.00 0.00 1.12 0.00 0.00 0.39 0.00 0.00 2.49 1.93 0.00 3.50 0.00 0.00 0.00 2.52 2.24 2.59 0.14 2.73 2.98 2.42 1.65 0.04 0.00 0.00 0.00 3.22 2.10 1.23 0.00 3.05 2.00 3.15 2.31 2.07 2.91 0.00 2.91 0.81 3.40 0.00 0.00 0.28 0.00 0.00 2.73 0.00 0.00 3.12 0.00 1.75 0.00 0.00 2.14 0.00 3.33
50 1.12 0.00 0.28 0.00 0.00 1.12 2.35 2.94 2.00 0.00 1.65 0.00 0.00 0.00 2.70 0.00 0.00 0.00 3.36 0.00 0.00 0.00 1.51 3.26 0.00 3.36 0.00 1.23 0.00 0.00 0.00 0.00 0.00 1.58 0.04 1.19 0.00 3.22 0.00 0.00 0.00 0.00 0.14 0.00 0.00 2.98 2.59 1.40 0.00 0.00 0.00 0.00 0.35 0.46 2.00 0.00 0.00 0.00 3.47 2.98 3.05 1.72 0.00 3.19 0.00 2.21 0.98 0.00 0.00 2.87 1.93 0.00 1.72 2.21 1.16 0.00 0.00 3.08 2.14 0.00 0.00 0.00 2.87 0.00 0.00 0.00 0.00 0.00 0.00 0.07 0.00 1.26 1.02 3.50 0.00 0.00 0.28 0.00 0.00 2.07
51 0.00 0.00 0.21 2.03 0.00 2.63 0.32 3.43 0.00 0.00 0.00 0.00 1.96 0.00 0.00 0.35 0.11 3.22 0.00 0.00 0.70 0.00 0.00 0.49 0.00 0.00 0.00 0.21 0.18 0.63 0.00 0.00 1.09 0.00 0.00 2.17 0.00 0.00 2.87 3.26 0.00 1.40 0.53 0.18 0.00 0.00 1.37 3.29 0.00 2.49 0.00 0.00 2.73 0.98 0.00 0.00 2.87 0.91 1.19 2.63 1.23 3.36 0.00 0.00 0.49 3.40 1.12 2.56 2.14 0.32 0.00 1.26 0.00 2.35 0.00 0.00 2.73 0.91 0.00 0.77 0.60 0.00 2.10 1.23 0.00 0.11 0.00 0.00 1.65 1.33 1.12 2.56 1.58 3.29 0.00 1.54 0.00 0.00 0.00 0.00
52 0.00 0.00 3.19 0.00 0.00 0.00 1.26 0.95 0.00 0.56 0.00 0.00 0.00 0.00 0.56 0.00 1.68 0.00 2.28 1.26 0.00 0.00 0.07 0.00 0.00 1.40 0.00 0.00 0.00 0.00 3.43 0.00 2.24 1.40 0.00 0.00 0.00 0.81 0.00 0.00 0.00 0.95 0.00 0.00 0.00 0.00 0.00 0.00 0.00 1.93 0.35 2.73 0.00 0.00 0.00 3.05 1.61 0.46 1.40 3.33 1.72 0.00 0.00 0.28 2.63 0.00 0.00 3.36 0.07 2.84 1.33 0.46 0.00 2.94 0.00 0.00 0.00 2.21 0.91 0.00 0.00 0.00 2.84 0.04 0.84 0.00 1.33 0.00 0.00 2.49 0.00 0.35 0.11 0.00 3.08 0.00 1.16 0.00 0.00 0.00
53 0.00 0.00 0.00 1.72 1.89 0.00 0.00 0.00 1.09 0.00 0.00 0.00 2.03 2.17 1.86 0.00 1.79 0.00 0.00 0.25 1.68 2.24 1.54 0.00 0.00 0.00 0.00 0.00 1.12 0.00 3.50 0.00 1.37 0.32 0.00 0.60 0.00 0.00 2.14 0.00 0.00 2.17 0.00 0.21 1.19 0.00 0.00 3.33 0.49 0.00 0.46 0.98 0.00 0.00 2.56 1.12 2.73 2.17 3.12 0.00 2.91 0.91 0.84 0.00 0.00 3.26 0.00 0.00 2.45 3.05 1.33 0.00 0.00 0.00 0.00 1.47 3.47 0.00 0.00 0.00 2.66 1.72 0.91 0.00 1.58 1.61 0.00 1.37 0.00 2.38 0.00 3.19 3.26 0.53 0.00 0.25 1.96 2.00 0.00 0.00
54 0.00 0.95 3.01 0.25 0.00 0.00 2.03 0.00 2.10 0.00 2.49 3.43 2.35 1.61 0.00 0.00 2.59 0.00 0.00 2.35 2.42 0.00 0.00 0.00 0.00 0.00 0.00 0.00 0.00 1.47 3.29 0.00 0.98 0.00 0.74 0.00 0.67 3.36 3.01 0.00 0.00 0.00 0.00 0.00 1.23 0.00 0.00 0.00 2.87 3.50 2.00 0.00 0.00 2.56 0.00 2.87 2.03 0.00 0.00 0.00 0.00 3.26 0.00 0.35 1.23 1.33 0.00 0.00 0.00 1.93 3.33 0.74 2.63 1.68 3.15 0.91 2.21 2.73 2.42 1.79 0.00 2.21 0.00 0.00 3.26 1.23 1.96 0.00 0.14 0.42 0.00 3.36 0.70 0.00 0.00 0.07 0.18 0.00 0.00 0.00
55 0.00 3.08 0.00 2.91 2.59 0.00 0.98 2.35 0.00 0.00 1.19 0.00 0.00 2.03 2.10 0.00 0.00 0.00 2.80 0.00 0.00 0.04 0.00 0.00 2.63 1.44 0.00 2.42 0.04 1.47 0.70 0.00 0.00 3.36 0.00 0.00 0.32 1.37 0.00 0.00 2.17 1.68 0.21 0.81 0.81 1.40 1.54 2.87 0.21 0.00 0.00 0.00 3.05 1.12 2.87 0.00 0.63 0.67 3.22 0.00 0.00 3.22 1.05 0.00 0.00 1.86 3.50 2.42 0.39 1.16 2.59 3.40 1.96 0.18 0.00 0.00 0.00 1.86 0.00 2.28 3.33 2.24 0.53 2.94 0.00 0.00 3.26 0.00 0.00 2.87 0.04 2.98 0.00 3.12 0.00 3.19 0.00 0.32 2.80 0.56
56 0.00 2.73 0.32 0.00 1.02 0.18 0.00 0.63 1.47 2.80 2.70 0.00 0.74 3.12 0.00 3.47 0.28 0.00 2.91 3.26 3.43 0.00 0.00 0.00 2.91 2.59 0.00 1.05 0.00 1.37 3.29 0.00 2.70 0.00 0.00 0.00 0.00 0.00 0.00 0.00 1.51 0.25 3.19 0.00 0.00 0.00 0.84 0.00 2.56 0.00 0.00 2.87 1.61 2.73 2.03 0.63 0.00 0.67 0.00 0.00 1.96 0.32 2.94 0.32 0.00 0.04 0.00 0.00 0.00 2.45 1.26 2.31 2.77 0.00 0.04 2.07 2.00 0.00 0.00 2.94 0.18 0.00 2.28 0.07 0.70 0.00 1.16 0.00 0.25 0.00 0.00 0.91 2.10 0.00 1.23 0.00 0.53 1.30 0.00 3.12
57 0.00 0.32 0.32 0.63 2.63 0.25 2.00 1.89 3.05 0.35 3.47 2.49 1.72 0.00 2.87 0.00 0.00 0.00 0.00 0.00 1.33 1.79 1.72 0.00 0.00 0.00 0.84 0.00 0.81 3.01 0.00 1.19 0.00 0.88 0.35 0.00 0.00 0.00 0.42 0.00 0.00 0.00 0.00 0.00 0.56 0.00 0.00 2.28 0.00 0.00 0.00 0.91 0.46 2.17 0.00 0.67 0.67 0.00 0.42 2.77 0.00 0.00 1.65 0.95 0.00 3.33 0.00 0.39 0.00 0.00 0.00 1.61 0.00 0.00 2.98 0.00 0.00 0.00 2.77 0.00 3.43 0.00 0.00 0.00 0.74 2.24 2.35 0.00 0.00 0.00 0.00 0.00 0.00 0.00 0.00 2.77 2.84 0.00 2.07 0.00
58 0.07 0.00 0.00 0.00 1.33 2.42 0.00 0.00 1.44 0.00 0.91 0.00 0.00 0.00 0.00 0.11 2.45 0.00 1.72 0.00 0.00 0.00 0.60 0.95 3.19 0.07 2.70 0.00 2.21 1.26 2.07 0.00 0.00 0.00 0.00 0.00 2.84 0.00 0.00 2.00 0.42 0.00 2.84 2.94 0.00 0.00 0.00 2.77 0.00 2.52 3.47 1.19 1.40 3.12 0.00 3.22 0.00 0.42 0.00 2.94 0.00 3.50 0.00 0.00 0.00 1.58 0.00 0.00 2.70 0.21 1.72 0.00 0.00 1.16 0.00 1.61 0.00 0.00 0.00 1.47 0.00 2.14 0.25 0.46 0.39 0.00 0.00 0.00 1.30 2.91 1.65 0.00 2.00 0.00 0.00 0.00 1.47 1.86 0.00 0.56
59 0.35 3.50 2.56 0.00 0.00 0.18 0.00 1.51 0.00 0.00 0.39 0.00 0.04 0.00 1.09 1.82 0.49 0.00 1.96 0.11 0.00 1.09 0.07 2.66 0.00 2.59 0.00 2.14 2.91 2.07 0.00 2.38 2.45 1.89 1.05 0.00 0.00 0.00 0.00 0.00 2.84 0.00 0.60 1.86 0.00 2.77 2.52 1.86 0.00 2.24 2.98 2.63 3.33 0.00 0.00 0.00 0.00 2.77 2.94 0.00 0.00 1.26 3.05 0.00 2.42 2.77 3.36 0.21 0.70 0.00 0.07 0.95 2.17 0.81 0.00 1.75 2.42 0.00 0.00 2.94 0.00 2.87 1.89 3.26 0.00 1.89 0.00 0.00 0.00 0.21 0.00 0.00 1.51 0.00 0.00 2.80 0.00 0.00 0.04 1.16
60 0.00 1.72 0.00 0.00 0.00 0.00 3.15 0.67 0.00 0.00 1.16 1.51 0.00 0.00 0.00 3.12 0.00 1.72 1.93 0.00 2.84 0.00 0.98 0.00 1.23 0.70 0.00 0.67 2.94 1.51 0.00 0.00 3.15 0.00 0.00 0.00 1.02 0.00 0.00 0.00 0.00 2.94 2.56 0.00 0.00 2.45 0.00 0.00 2.52 2.59 3.05 1.23 1.72 2.91 0.00 0.00 1.96 0.00 0.00 0.00 0.00 0.00 2.17 0.00 0.63 1.40 2.87 0.00 0.00 0.91 1.40 1.40 0.00 0.00 1.44 1.79 0.00 0.00 0.00 2.66 1.33 1.61 0.49 1.89 0.00 0.00 0.00 2.38 2.56 0.00 2.45 3.29 0.00 0.00 1.82 1.30 0.00 0.00 0.00 1.51
61 0.35 0.00 0.95 2.42 2.98 0.00 0.00 0.00 0.84 1.30 0.00 3.40 0.00 0.00 0.00 0.00 0.00 0.00 0.00 2.17 1.47 0.00 1.44 2.66 0.00 1.58 0.00 0.00 0.00 0.00 0.74 0.00 0.00 2.91 0.00 0.00 0.00 0.00 0.00 0.00 0.00 3.33 0.00 2.00 0.00 0.00 0.00 0.11 3.33 0.14 1.72 3.36 0.00 0.91 3.26 3.22 0.32 0.00 3.50 1.26 0.00 0.00 0.49 0.95 0.00 1.54 0.60 0.00 1.86 1.68 2.49 0.00 0.00 0.18 1.89 0.00 1.58 0.00 0.14 0.00 0.25 3.50 0.00 0.00 3.22 0.00 3.15 0.21 0.00 0.00 2.77 0.53 0.00 3.15 2.84 1.75 0.00 1.93 2.63 0.00
62 0.00 2.84 0.00 0.60 0.00 0.00 2.70 0.00 0.00 0.00 1.75 0.11 0.00 1.16 0.00 0.00 0.00 0.39 0.00 0.00 0.60 1.51 0.07 0.00 3.01 2.17 2.10 1.82 0.00 3.22 1.65 0.00 2.91 3.05 0.00 2.31 0.00 0.00 0.67 0.00 1.05 1.82 1.51 0.00 3.50 2.10 1.68 2.21 0.88 2.73 0.00 0.00 0.00 0.84 0.00 1.05 2.94 1.65 0.00 3.05 2.17 0.49 0.00 0.70 3.47 0.00 0.00 3.36 0.00 0.00 0.35 1.58 0.95 3.43 1.51 0.00 1.44 2.70 0.00 3.36 2.77 3.12 1.19 0.00 0.00 0.00 3.33 0.00 1.16 1.65 3.19 2.84 0.00 0.35 3.43 0.00 2.00 0.49 0.04 0.00
63 0.00 3.40 0.00 0.00 0.00 0.00 0.00 1.72 2.00 1.82 0.00 1.23 0.00 0.00 1.33 0.95 0.00 0.00 2.84 0.00 2.24 2.70 3.43 0.00 1.65 0.00 2.59 0.28 0.70 3.50 0.74 0.00 2.87 1.51 0.00 0.00 0.28 3.08 3.05 0.60 0.42 1.23 3.01 2.63 0.88 0.00 2.66 1.26 0.98 2.98 3.19 0.00 0.28 0.00 0.35 0.00 0.32 0.95 0.00 0.00 0.00 0.95 0.70 0.00 0.00 2.03 3.01 3.01 2.38 1.82 0.00 2.31 2.10 0.00 0.00 0.00 2.80 3.29 0.00 0.00 0.00 0.00 0.67 0.00 0.00 0.00 0.00 3.01 2.63 3.05 1.30 0.00 0.00 0.00 2.17 0.00 0.60 0.35 0.00 0.00
64 2.07 0.00 0.00 3.15 0.00 0.98 2.38 2.63 0.00 0.00 0.00 2.49 0.00 0.00 2.45 0.00 0.00 0.00 0.00 0.00 0.60 0.00 1.12 0.00 0.00 0.18 2.56 1.86 0.00 2.45 0.00 0.00 2.52 0.00 0.00 0.00 0.00 3.22 0.00 0.00 0.00 2.10 0.00 2.03 0.00 0.21 0.00 0.00 2.73 2.42 0.00 0.49 2.63 0.00 1.23 0.00 0.00 0.00 0.00 2.42 0.63 0.00 3.47 0.00 0.00 1.51 0.00 1.05 0.60 1.61 0.11 0.00 0.00 0.00 0.53 0.00 0.00 0.00 0.00 2.28 1.68 3.01 0.00 0.00 1.33 0.00 2.10 2.91 0.00 3.08 0.00 0.00 0.00 1.89 0.00 3.50 0.00 0.00 3.43 2.21
65 0.00 2.45 2.10 0.00 2.21 1.47 0.00 0.00 0.07 0.00 0.00 0.00 2.14 0.00 1.16 0.84 0.00 2.45 2.77 0.98 2.73 3.29 1.40 1.30 1.79 0.00 0.00 3.26 2.24 0.00 2.49 1.54 0.00 2.10 0.00 0.88 1.54 0.00 0.00 2.66 0.00 0.00 0.42 2.14 0.46 0.00 1.86 0.00 3.22 1.65 2.21 3.40 0.00 3.26 1.33 1.86 0.04 3.33 1.58 2.77 1.40 1.54 0.00 2.03 1.51 0.00 0.00 1.16 2.94 2.91 0.00 2.07 0.00 0.25 2.45 2.77 1.51 0.00 0.00 2.77 3.29 2.03 2.21 0.56 0.00 0.00 0.00 1.65 3.29 0.00 3.05 1.51 2.80 1.79 0.00 0.00 0.00 2.87 2.52 0.00
66 0.00 0.42 1.75 2.21 0.11 0.00 1.23 1.65 1.12 0.46 0.00 1.51 2.28 0.00 0.14 0.00 1.61 0.63 0.00 0.00 2.94 0.00 0.00 3.19 0.00 0.00 3.01 0.00 0.00 0.00 0.07 1.75 1.19 0.00 0.28 0.84 0.00 0.00 3.33 0.00 0.00 0.00 2.94 0.00 1.54 1.54 1.68 3.01 0.00 0.04 0.98 1.12 0.00 0.00 0.00 3.50 0.00 0.00 0.00 3.36 2.87 0.60 0.00 3.01 0.00 0.00 0.00 1.89 0.00 0.00 0.07 0.00 0.00 0.00 0.00 0.98 3.36 0.00 2.84 0.00 0.00 1.79 2.24 0.00 0.07 2.10 3.05 0.91 0.00 0.07 0.00 0.00 2.63 0.88 1.72 1.19 0.00 3.01 0.00 0.00
67 3.08 0.74 0.14 3.12 0.77 0.00 0.00 2.17 1.65 0.00 0.00 1.93 0.00 0.00 0.95 0.00 0.00 0.00 1.37 0.14 0.00 0.00 2.21 0.00 0.00 0.84 1.09 0.00 0.00 0.14 0.00 0.00 1.75 0.49 2.66 2.56 3.47 0.00 0.00 3.29 0.00 0.00 0.00 2.28 0.35 1.05 0.00 1.47 1.02 0.00 0.00 2.56 3.36 0.00 0.00 2.42 0.00 0.39 0.00 0.21 0.00 0.00 3.36 3.01 1.05 1.16 1.89 0.00 0.14 0.00 0.77 1.61 0.00 0.00 0.00 2.17 0.00 2.98 2.73 2.31 1.82 0.00 2.31 0.00 0.00 1.37 1.68 0.00 0.00 0.00 2.49 2.42 0.63 2.21 0.00 1.23 0.25 1.82 0.46 2.91
68 0.00 0.00 0.00 1.61 1.75 0.25 0.74 2.52 1.96 0.00 0.00 0.00 0.00 3.26 0.00 0.00 0.14 0.70 0.00 0.00 0.00 0.00 3.50 0.00 0.00 2.07 2.80 0.00 0.63 0.00 0.00 0.00 2.45 0.00 0.00 0.35 2.14 1.23 2.70 1.61 0.00 0.00 0.00 2.42 2.00 2.56 1.96 0.00 1.51 0.00 0.00 2.14 0.07 2.45 0.00 0.39 0.00 0.00 2.70 0.70 0.00 1.86 0.00 2.38 0.60 2.94 0.00 0.14 0.00 1.51 2.63 0.46 0.00 0.00 2.24 0.00 0.00 0.00 0.00 1.51 0.70 0.00 0.00 0.00 0.00 2.14 0.00 0.00 1.26 0.18 1.82 0.00 1.30 1.19 0.00 2.63 2.17 2.52 0.28 0.00
69 0.42 3.50 3.50 0.00 0.88 2.56 1.51 1.40 0.98 1.89 2.31 0.00 0.07 0.00 0.00 0.67 0.00 0.00 0.00 0.00 0.49 0.00 0.00 0.00 1.51 0.63 0.00 2.42 0.00 0.00 1.72 0.00 1.96 3.47 0.00 0.00 0.00 0.00 0.00 0.25 1.09 0.00 3.47 2.49 0.00 0.00 0.00 0.00 0.49 0.00 2.87 0.32 2.84 3.05 1.93 1.16 2.45 0.00 0.21 0.00 0.91 1.68 0.00 1.82 1.61 2.91 0.00 0.00 1.51 0.00 0.00 0.00 0.32 1.09 0.00 0.00 0.00 0.00 3.22 0.00 0.00 1.51 0.00 0.00 0.00 0.00 2.28 0.00 0.00 1.79 1.82 1.47 3.29 0.00 2.42 2.98 0.00 0.00 2.17 0.00
70 0.00 0.00 0.00 0.00 2.52 0.00 1.16 1.09 0.84 0.63 0.00 2.84 0.53 0.00 0.00 0.00 0.00 1.16 0.88 0.35 0.00 0.49 0.00 3.05 1.54 0.63 1.68 2.73 1.58 0.00 0.14 0.00 1.44 0.00 0.00 2.28 0.00 3.19 0.00 0.00 2.84 0.77 2.35 0.00 3.05 0.00 0.00 0.00 0.00 3.22 1.93 0.00 1.33 1.33 3.33 2.59 1.26 0.00 1.72 0.07 1.40 2.49 0.35 0.00 0.11 0.00 0.07 0.77 2.63 0.00 0.00 0.00 0.00 2.98 0.00 0.00 0.39 0.00 2.03 2.77 1.16 0.00 2.80 0.00 0.00 0.00 0.00 0.00 0.00 0.00 2.63 0.00 0.00 1.37 0.00 1.40 1.58 0.00 0.14 0.00
71 2.45 0.00 3.50 0.00 0.00 0.46 0.00 0.00 0.00 1.58 2.63 1.72 1.05 1.23 1.58 3.01 2.59 2.52 1.65 2.98 0.00 3.26 1.09 1.12 0.74 0.00 1.02 0.00 1.58 2.17 0.00 1.89 1.82 0.00 1.89 2.98 0.00 0.00 0.00 1.75 0.00 0.00 2.28 0.00 0.00 0.56 0.00 0.00 0.00 2.10 0.00 1.26 0.46 0.00 0.74 3.40 2.31 1.61 0.00 0.95 1.40 0.00 1.58 2.31 0.00 2.07 0.00 1.61 0.46 0.00 0.00 0.00 0.00 0.91 0.00 0.00 0.00 0.00 0.00 3.19 0.00 3.29 2.94 0.00 0.00 0.00 0.25 2.84 1.19 0.63 0.74 0.00 0.00 0.00 1.30 0.35 0.00 0.00 2.28 0.00
72 0.00 0.00 0.00 0.00 1.09 2.31 0.53 0.91 0.00 0.00 0.00 0.00 0.00 0.00 2.91 0.00 3.29 1.51 0.00 0.00 0.00 2.73 0.00 0.39 0.00 0.00 0.00 1.89 0.25 0.53 0.00 0.00 0.00 1.68 0.00 0.00 0.00 2.42 0.00 0.00 0.00 3.19 0.00 0.00 0.00 1.96 1.65 0.14 1.82 1.23 1.72 0.00 0.00 0.00 2.63 1.96 2.77 0.00 0.00 2.17 0.00 0.00 0.95 2.10 0.00 0.00 0.00 0.00 0.00 0.32 0.00 0.00 0.00 0.00 1.23 0.00 2.45 0.00 0.98 0.00 0.00 0.00 0.00 0.00 0.32 0.00 0.00 0.00 0.00 0.00 1.96 0.00 0.00 3.29 1.23 0.63 0.00 3.26 2.49 0.00
73 0.00 0.00 1.23 1.09 1.96 1.75 2.98 0.00 1.12 0.00 0.77 0.42 0.00 0.00 0.00 1.23 0.00 3.43 0.00 2.31 0.00 0.00 0.46 0.00 0.00 1.02 3.05 3.15 0.00 3.19 3.12 2.63 0.00 0.00 0.00 0.00 3.50 1.93 0.00 3.33 2.94 0.18 2.28 0.00 0.00 0.00 0.00 0.88 0.00 0.00 2.21 2.35 2.94 0.00 1.68 0.18 0.00 0.00 1.16 0.81 0.00 0.18 3.43 0.00 0.00 0.25 0.00 0.00 0.00 1.09 2.98 0.91 0.00 0.00 0.00 0.00 0.00 2.38 0.00 2.03 0.00 0.00 0.35 3.47 0.00 2.56 0.00 0.67 0.42 0.67 1.96 0.00 0.00 0.00 0.00 1.19 2.98 0.00 2.84 0.00
74 0.00 2.52 1.09 0.00 0.00 0.00 0.00 0.00 2.59 3.36 0.00 1.47 0.00 3.43 0.00 0.00 1.79 1.86 0.00 0.00 0.00 1.19 0.00 1.12 2.73 0.00 3.43 0.60 1.82 0.00 0.00 1.89 0.07 3.36 0.00 0.00 3.08 0.11 0.32 1.19 0.00 0.00 3.19 0.56 0.00 0.00 0.00 0.00 0.95 3.05 1.16 0.00 0.00 0.00 3.15 0.00 0.04 2.98 0.00 0.00 1.44 1.89 1.51 0.00 0.53 2.45 0.00 0.00 2.24 0.00 0.00 0.00 1.23 0.00 0.00 0.00 0.00 0.00 1.02 0.00 1.40 1.33 1.86 1.89 0.00 0.00 2.77 0.00 0.00 0.00 0.00 1.19 0.00 0.00 0.49 1.75 2.21 0.00 0.00 1.79
75 1.33 0.00 1.54 2.59 2.59 0.00 2.94 2.52 2.28 0.00 1.65 0.00 0.00 1.68 0.56 0.00 2.00 3.50 0.00 2.07 0.00 2.59 3.40 0.18 0.00 0.98 2.52 3.26 0.00 2.94 0.00 0.00 1.93 3.22 0.00 0.88 2.31 0.00 0.00 0.00 0.63 2.28 1.58 2.00 0.00 0.00 0.00 0.00 0.00 2.00 0.00 0.00 0.00 1.47 0.91 0.00 2.07 0.00 1.61 1.75 1.79 0.00 0.00 0.00 0.00 2.77 0.98 2.17 0.00 0.00 0.00 0.00 0.00 0.00 0.00 0.00 3.26 3.26 0.00 0.00 3.12 1.68 0.00 2.38 3.26 0.00 1.93 0.00 0.49 0.00 0.07 2.38 0.74 3.33 0.00 3.43 1.05 0.00 0.00 2.73
76 0.00 0.00 0.00 1.68 1.72 0.49 0.00 0.60 2.42 0.00 0.00 0.00 3.19 0.00 0.56 0.28 0.00 0.00 2.98 0.00 0.00 0.67 2.98 0.42 1.02 3.15 0.00 0.00 0.00 0.70 3.33 1.16 1.93 1.05 2.45 0.00 2.91 1.61 2.28 1.79 0.00 0.00 2.80 0.00 2.94 0.00 0.00 0.42 0.00 3.15 0.00 2.73 0.00 3.47 2.21 0.00 2.00 0.00 0.00 2.42 0.00 1.58 1.44 2.80 0.00 1.51 3.36 0.00 0.00 0.00 0.39 0.00 2.45 0.00 0.00 3.26 0.00 0.00 0.00 2.87 0.00 0.91 1.65 0.00 0.00 2.42 1.44 0.11 1.93 0.00 2.63 0.00 0.00 0.98 1.82 3.36 1.26 0.07 0.00 0.00
77 0.00 2.17 0.00 0.00 2.87 0.07 1.02 0.35 0.00 0.84 1.51 1.61 2.98 0.00 0.00 0.00 0.91 0.00 0.00 0.00 0.00 0.00 0.00 1.54 0.00 2.07 0.00 1.40 0.00 0.00 0.00 0.00 1.26 0.00 2.00 2.14 0.00 0.00 0.00 0.25 0.00 0.77 3.26 2.24 0.00 1.30 0.98 0.00 0.00 2.31 3.08 0.91 2.21 0.00 2.73 1.86 0.00 0.00 0.00 0.00 0.00 0.00 2.70 3.29 0.00 0.00 0.00 2.98 0.00 0.00 0.00 0.00 0.00 2.38 0.00 3.26 0.00 0.00 1.75 0.00 0.00 0.00 1.33 0.00 0.00 0.00 0.00 0.00 0.00 0.00 2.14 2.35 0.00 0.00 1.51 0.00 0.00 0.77 0.00 2.59
78 3.12 0.00 0.00 0.00 0.00 2.70 0.00 0.00 0.67 2.10 0.00 1.05 3.01 2.98 0.00 0.00 3.08 0.00 0.95 0.00 0.98 0.00 1.40 2.07 0.00 0.00 0.00 0.00 1.72 0.00 0.67 0.00 0.00 0.98 0.00 2.91 2.35 0.46 0.00 0.35 0.00 0.00 0.00 0.00 0.00 3.29 2.84 0.00 0.28 2.07 2.14 0.00 0.91 0.00 2.42 0.00 0.00 2.77 0.00 0.00 0.00 0.14 0.00 0.00 0.00 0.00 2.84 2.73 0.00 3.22 2.03 0.00 0.98 0.00 1.02 0.00 0.00 1.75 0.00 0.00 0.00 2.80 0.00 0.11 1.02 0.00 3.50 2.24 0.00 0.67 2.84 0.00 0.91 0.98 0.00 1.79 0.00 0.00 2.17 2.35
79 1.58 3.26 1.79 2.42 0.00 1.89 1.79 0.35 2.24 0.00 3.29 0.00 0.00 2.66 0.14 0.28 0.00 0.00 0.11 0.00 0.00 2.91 0.00 3.05 3.22 1.68 2.87 0.00 2.91 2.28 0.74 1.05 2.94 0.00 0.00 2.24 0.00 2.03 0.00 0.00 0.95 0.53 0.00 0.00 2.59 0.00 1.96 0.00 0.14 2.91 0.00 0.77 0.00 0.00 1.79 2.28 2.94 0.00 1.47 2.94 2.66 0.00 3.36 0.00 2.28 2.77 0.00 2.31 1.51 0.00 2.77 3.19 0.00 2.03 0.00 0.00 2.87 0.00 0.00 0.00 0.00 2.14 0.67 0.00 0.00 0.14 2.14 2.03 0.00 1.51 0.18 2.59 0.00 0.00 2.28 1.40 0.00 0.46 0.21 2.42
80 2.98 1.30 0.00 0.00 0.00 0.00 1.26 0.00 3.40 0.00 0.00 0.00 0.00 0.04 3.40 0.60 0.00 2.45 0.00 2.17 3.50 0.00 0.00 0.00 1.96 1.61 1.40 0.00 3.19 0.00 0.00 1.82 1.19 0.00 0.00 0.00 0.00 3.50 0.00 1.44 0.00 2.31 2.66 0.00 0.00 0.00 0.00 1.44 0.39 0.00 0.00 0.60 0.00 2.66 0.00 3.33 0.18 3.43 0.00 0.00 1.33 0.25 2.77 0.00 1.68 3.29 0.00 1.82 0.70 0.00 1.16 0.00 0.00 0.00 1.40 3.12 0.00 0.00 0.00 0.00 0.00 1.96 2.35 2.17 0.00 0.00 0.00 0.00 2.38 3.40 0.00 0.00 0.11 0.00 0.00 1.86 0.74 0.81 0.00 0.91
81 0.00 0.60 1.09 3.01 1.54 0.98 0.35 2.35 0.00 0.60 3.19 1.19 0.00 3.22 0.00 2.98 0.00 0.00 0.00 0.00 3.26 0.00 1.61 1.89 0.00 2.24 0.11 1.68 0.00 2.59 0.00 0.00 3.43 0.00 0.00 2.94 0.00 0.00 2.84 3.33 2.87 0.00 0.04 0.04 0.00 0.00 0.00 0.00 0.00 2.91 0.00 0.00 0.00 1.72 2.21 2.24 0.00 0.00 2.14 2.87 1.61 3.50 3.12 0.00 3.01 2.03 1.79 0.00 0.00 1.51 0.00 3.29 0.00 0.00 1.33 1.68 0.91 0.00 2.80 2.14 1.96 0.00 0.04 0.00 0.00 0.00 0.00 0.00 3.19 0.32 0.00 2.94 2.42 2.21 0.00 0.00 2.77 0.00 0.98 0.00
82 0.07 0.00 0.00 0.00 0.00 0.00 2.94 3.15 0.00 0.00 0.00 0.00 1.12 1.26 0.00 0.60 2.49 3.40 0.00 2.35 2.73 0.00 0.00 0.00 0.00 0.00 0.00 0.00 0.00 0.00 0.00 0.49 0.00 0.00 0.00 1.40 0.00 0.00 2.77 0.00 1.05 1.54 1.30 0.00 2.80 0.21 0.00 1.30 0.00 0.81 2.87 2.10 2.84 0.91 0.00 0.53 2.28 0.00 0.25 1.89 0.49 0.00 1.19 0.67 0.00 2.21 2.24 2.31 0.00 0.00 2.80 2.94 0.00 0.35 1.86 0.00 1.65 1.33 0.00 0.67 2.35 0.04 0.00 0.00 1.09 0.00 1.58 2.10 0.00 0.32 0.00 0.00 0.00 0.00 1.65 0.00 0.00 0.00 0.00 3.40
83 0.00 0.00 0.00 1.86 1.09 0.00 1.12 2.87 3.08 0.00 0.11 0.00 0.56 1.79 0.53 3.19 0.00 2.66 1.05 3.08 1.23 3.29 3.22 1.86 1.47 1.23 2.91 0.84 0.00 0.00 2.87 3.50 0.00 2.77 0.00 2.77 0.00 2.17 2.45 0.00 0.00 0.00 0.00 2.45 2.84 0.00 0.60 0.35 1.79 3.40 0.00 1.23 0.04 0.00 0.00 2.94 0.07 0.00 0.46 3.26 1.89 0.00 0.00 0.00 0.00 0.56 0.00 0.00 0.00 0.00 0.00 0.00 0.00 3.47 1.89 2.38 0.00 0.00 0.11 0.00 2.17 0.00 0.00 0.00 2.91 2.00 0.00 0.00 0.00 0.00 3.36 2.17 0.00 0.67 1.54 0.00 0.00 0.00 3.12 0.00
84 0.00 0.00 0.60 3.01 0.42 0.00 0.00 0.49 0.00 0.00 2.24 0.00 0.00 0.00 0.00 0.00 0.81 0.00 1.86 0.00 1.44 0.60 0.18 2.80 1.54 0.00 2.80 0.81 0.00 0.00 0.00 0.00 0.00 0.00 0.00 2.52 0.00 3.12 0.00 0.84 0.00 0.60 0.00 1.58 0.00 0.00 2.80 0.00 0.00 0.00 0.00 0.00 0.84 1.58 3.26 0.00 0.70 0.74 0.39 0.00 0.00 3.22 0.00 0.00 1.33 0.00 0.07 0.00 0.00 0.00 0.00 0.00 0.32 0.00 0.00 3.26 0.00 0.00 1.02 0.00 0.00 0.00 1.09 2.91 0.00 2.52 0.81 1.19 0.00 1.37 0.00 2.21 3.40 0.00 2.80 2.45 0.00 0.00 2.94 0.00
85 2.59 0.60 0.74 0.00 1.16 0.00 1.26 0.00 3.36 2.87 0.00 0.00 0.00 0.00 2.38 3.12 0.04 0.00 0.63 0.95 0.00 2.98 2.77 3.05 0.00 2.87 0.53 0.00 0.00 0.00 0.00 0.00 0.00 2.56 2.28 1.44 2.70 2.31 0.88 0.74 3.36 3.12 3.43 0.00 3.26 1.68 3.33 3.33 1.44 0.00 0.00 0.11 0.00 1.61 1.23 0.00 0.00 2.24 0.00 1.89 0.00 0.00 0.00 0.00 0.00 0.00 2.10 1.37 2.14 0.00 0.00 0.00 0.00 2.56 0.00 0.00 2.42 0.00 0.00 0.14 0.00 0.00 0.00 2.00 2.52 0.00 2.52 0.00 0.00 0.00 0.00 1.30 2.59 0.42 0.00 0.00 0.00 0.00 0.00 2.63
86 2.38 0.25 1.54 0.00 0.00 0.00 0.67 0.88 0.00 3.36 0.00 1.72 0.25 0.00 0.00 0.00 0.00 0.00 0.00 2.28 2.73 2.10 0.00 0.00 0.28 0.00 1.61 2.35 0.53 2.59 2.21 0.00 1.65 0.00 0.00 0.00 0.00 2.98 0.00 0.00 0.00 1.75 3.05 0.00 0.00 0.00 2.38 2.77 0.00 0.28 0.00 0.00 1.33 0.00 1.96 3.26 1.16 2.35 0.00 0.00 0.00 3.15 3.33 0.00 2.10 0.00 3.05 1.68 0.00 2.28 0.00 0.25 0.00 0.00 2.77 1.93 1.44 0.00 3.50 2.14 0.00 0.00 1.58 0.00 0.81 2.52 0.00 0.00 0.00 0.00 0.00 0.00 2.38 1.72 2.03 0.67 3.29 0.00 0.00 2.52
87 3.08 0.00 2.31 2.70 0.00 3.05 0.00 0.91 1.40 0.00 2.80 0.00 0.00 2.77 3.33 0.25 0.00 0.00 0.00 1.40 0.00 0.00 0.00 1.40 3.43 2.38 0.00 0.00 0.00 0.00 0.00 0.00 0.00 0.00 0.77 0.00 1.75 0.00 0.84 0.00 0.11 1.37 1.68 1.65 0.00 2.49 0.00 0.00 3.33 0.00 0.00 0.00 0.00 1.37 0.00 0.00 0.00 0.00 0.00 0.00 2.38 0.21 0.00 3.01 2.91 1.65 0.91 0.00 0.00 0.00 0.00 2.84 0.00 0.67 0.00 0.00 0.11 0.00 2.24 2.03 0.00 0.00 2.10 0.00 1.19 0.00 0.00 0.00 0.00 0.00 2.94 0.00 0.00 0.00 0.00 0.07 2.31 1.09 1.68 0.00
88 3.15 0.07 0.00 0.00 0.42 0.00 3.12 0.91 0.00 0.00 0.00 0.00 0.00 1.02 2.91 0.00 0.56 0.00 3.15 2.73 0.00 2.80 0.74 0.00 1.86 2.73 1.40 0.70 0.00 0.00 0.00 2.38 0.04 0.00 1.51 0.00 0.98 0.00 0.00 2.80 3.08 0.00 0.00 0.00 0.00 0.00 0.00 0.00 0.00 0.00 0.00 1.65 0.00 0.00 0.14 0.00 0.25 0.00 1.30 0.00 2.56 0.00 1.16 2.63 0.00 3.29 0.00 0.00 1.26 0.00 0.00 1.19 0.00 0.42 0.00 0.49 1.93 0.00 0.00 0.00 2.38 3.19 0.00 0.00 0.00 0.00 0.00 0.00 0.00 1.23 0.25 1.93 0.00 0.00 3.26 0.00 0.00 0.00 1.65 0.53
89 0.77 2.07 2.00 1.58 0.14 0.00 2.10 0.00 0.42 2.98 3.08 2.73 0.00 2.63 0.67 0.00 0.00 0.00 0.00 0.00 0.00 0.56 2.42 2.07 0.00 0.00 0.00 2.45 1.37 0.00 0.00 0.95 0.00 0.00 0.00 3.01 1.75 0.00 1.61 1.12 0.00 0.00 1.37 0.49 3.36 0.00 2.52 0.00 0.88 2.73 0.07 1.33 2.49 2.38 0.42 2.87 0.00 0.00 2.91 0.21 0.00 0.00 1.65 3.05 3.08 0.00 0.07 0.00 0.18 1.79 0.00 0.63 0.00 0.67 0.00 0.00 0.00 0.00 0.67 1.51 3.40 0.32 0.32 0.00 1.37 0.00 0.00 0.00 1.23 0.00 0.00 0.00 0.98 0.00 2.91 2.94 2.73 0.84 0.32 0.00
90 0.00 0.00 1.05 1.68 3.01 0.74 0.00 0.00 0.00 0.00 0.00 0.00 0.00 0.00 0.00 0.00 0.00 0.00 3.43 2.10 0.14 0.91 1.47 0.00 0.00 0.63 0.00 0.00 1.44 0.49 1.02 0.00 0.53 3.47 0.00 2.98 2.24 0.00 2.66 0.00 0.00 3.15 0.35 0.00 0.00 0.00 0.98 1.72 0.00 0.00 0.00 1.12 0.00 0.00 0.00 0.04 0.00 0.00 1.65 0.00 2.45 2.77 3.19 1.30 0.00 3.05 0.00 2.49 1.82 1.82 2.63 0.74 1.96 1.96 0.00 0.07 2.63 2.14 2.84 0.18 0.00 0.00 0.00 3.36 0.00 0.00 0.00 2.94 0.25 0.00 0.00 0.00 0.07 0.00 0.00 0.18 0.00 1.37 2.94 2.87
91 0.00 2.03 0.98 0.49 2.31 0.00 0.00 0.00 0.00 0.00 0.00 0.00 2.24 0.00 0.35 0.00 0.00 1.75 3.12 0.00 2.07 1.19 3.26 0.28 0.00 0.00 0.84 1.75 0.98 0.00 0.00 0.00 0.00 0.63 3.08 0.00 0.00 0.00 0.98 0.00 1.47 0.00 0.00 0.00 2.14 0.91 0.00 0.81 2.07 0.00 1.26 2.56 0.35 3.19 3.36 2.98 0.91 0.00 0.00 0.00 3.29 0.53 2.84 0.00 0.00 1.51 0.00 2.42 0.00 1.47 0.00 0.00 0.00 0.00 1.19 2.38 0.00 2.35 0.00 2.59 0.00 2.94 0.00 2.17 2.21 1.30 0.00 0.00 1.93 0.00 0.00 0.00 1.40 1.02 1.68 0.00 0.00 0.00 0.00 0.00
92 0.00 0.88 0.00 2.87 0.00 0.00 0.00 0.00 0.00 0.00 1.72 0.00 0.77 0.00 1.40 3.26 0.00 0.00 2.73 3.01 0.00 0.00 1.61 0.00 0.00 0.18 0.00 1.12 0.00 2.49 0.00 0.00 0.00 0.63 2.59 0.00 0.00 3.08 2.45 0.74 0.00 0.00 1.44 0.00 1.05 3.12 3.19 0.00 0.00 3.12 1.02 1.58 0.11 3.26 0.70 0.00 2.10 0.00 2.00 1.51 0.00 0.00 0.00 0.00 0.00 2.80 2.63 0.63 1.30 3.29 0.00 0.00 0.00 0.00 0.00 0.74 0.00 0.00 0.91 0.00 0.11 2.42 0.00 0.00 3.40 2.59 2.38 0.00 0.00 0.98 0.07 1.40 0.00 1.33 1.96 2.59 2.42 0.00 0.00 1.93
93 0.81 0.00 0.77 0.00 0.00 0.00 2.07 0.00 3.50 1.23 0.00 0.00 3.15 0.00 2.73 0.00 0.00 0.00 0.00 0.53 2.03 3.15 1.86 0.00 1.82 0.00 0.00 1.02 0.00 0.00 0.00 1.40 0.46 3.33 0.00 2.28 0.00 0.77 1.09 0.00 0.00 0.00 0.00 0.00 0.00 0.00 0.00 0.00 0.00 0.00 3.50 3.29 0.00 0.53 0.00 3.12 0.00 0.00 0.00 0.00 0.00 3.15 0.35 0.00 1.89 1.79 0.88 2.21 1.19 0.00 1.37 0.00 3.29 0.00 0.00 3.33 0.98 0.00 0.98 0.00 0.00 2.21 0.00 0.67 0.00 0.42 1.72 0.00 0.00 0.00 0.00 1.02 1.33 0.00 0.70 0.00 0.00 0.00 0.00 0.88
94 3.50 1.58 1.96 0.00 1.02 2.49 0.00 0.63 0.00 0.00 0.00 0.00 3.36 0.00 0.00 1.47 1.09 2.14 1.09 2.31 0.00 2.17 2.21 2.56 2.98 0.00 0.81 0.11 0.42 0.49 2.21 1.47 3.19 0.00 0.00 3.29 0.00 0.00 2.73 0.00 0.00 0.00 0.00 0.00 2.45 3.26 1.40 0.00 2.17 1.75 0.00 0.00 3.08 0.00 0.00 0.00 1.23 0.00 0.00 0.00 1.82 2.84 3.43 2.17 0.00 0.00 1.72 0.00 0.00 2.42 0.00 1.30 1.23 0.00 0.49 0.00 1.82 1.51 0.00 2.28 0.00 0.00 1.65 1.54 2.80 0.00 2.03 0.00 3.26 2.91 0.00 1.68 1.96 0.70 0.00 0.00 1.72 1.75 0.00 0.00
95 0.00 0.00 0.00 0.00 0.00 1.75 0.11 0.00 0.67 0.00 1.16 0.00 0.00 1.37 2.49 0.00 2.14 3.15 0.00 0.00 0.00 0.00 1.75 0.00 2.52 2.35 1.19 0.42 2.59 0.00 0.00 0.00 1.82 0.00 2.52 0.04 0.00 0.00 0.39 0.63 2.45 0.00 0.00 0.74 0.70 0.00 0.00 0.00 1.05 0.00 0.00 1.54 0.00 0.25 0.07 3.19 0.00 2.77 0.00 2.80 1.30 1.75 0.00 0.00 3.50 0.00 1.19 1.23 2.63 2.98 1.40 0.35 0.63 1.19 1.75 3.43 3.36 0.00 1.79 1.40 1.86 0.00 0.00 0.00 2.45 0.00 0.67 0.07 0.00 2.94 0.18 0.00 2.59 0.00 0.00 0.00 2.10 0.00 3.05 0.18
96 3.40 2.52 2.21 1.30 2.77 0.00 0.00 0.00 0.00 0.00 2.59 1.30 0.00 0.00 0.00 1.75 2.84 2.07 0.00 0.00 0.28 1.26 2.59 0.07 0.00 3.08 0.11 0.00 1.40 1.89 0.00 0.00 0.00 1.72 0.81 0.04 0.00 0.00 0.00 0.00 1.09 0.00 0.00 3.29 1.37 0.98 2.31 0.00 2.98 0.00 0.28 0.00 1.16 1.96 0.18 0.00 0.53 2.84 1.47 0.00 0.00 0.00 2.00 0.60 0.00 0.00 0.00 0.25 2.17 0.00 1.58 0.00 0.00 2.98 2.21 1.05 1.26 0.00 0.00 0.00 0.74 2.77 0.00 0.00 0.00 0.00 3.29 2.31 0.00 2.73 0.00 0.00 2.42 0.00 1.72 2.10 0.00 2.07 0.56 0.00
97 0.00 0.00 0.00 1.37 2.07 2.52 0.04 0.00 3.19 0.14 0.00 0.00 1.12 2.17 2.35 3.19 0.00 0.49 0.00 0.00 2.80 0.00 0.21 0.00 0.70 2.45 0.11 0.88 0.11 1.19 0.95 0.00 3.29 0.00 0.00 2.31 0.53 0.00 0.00 1.96 2.87 0.00 2.73 0.00 0.53 0.00 2.80 1.26 1.16 2.14 0.00 0.00 0.00 2.00 0.00 0.32 1.30 0.00 1.86 0.00 0.00 1.93 0.49 0.35 0.00 2.87 3.01 1.82 2.52 0.00 0.00 0.00 3.26 0.00 0.00 0.00 0.07 0.77 0.00 0.46 0.81 0.00 0.00 0.00 0.00 0.00 0.00 1.09 0.00 0.84 1.37 0.00 0.00 0.00 1.75 0.00 2.07 0.00 0.00 0.00
98 0.00 0.00 0.00 0.91 0.46 0.00 0.00 0.00 2.63 0.56 0.00 0.00 0.11 2.77 0.00 1.54 3.40 0.00 0.88 0.00 0.00 0.00 0.00 1.37 0.00 3.36 0.00 0.00 0.00 0.00 1.75 1.51 0.74 0.77 0.00 0.00 0.35 0.00 0.60 3.05 2.77 0.00 2.63 0.18 3.40 0.95 2.31 0.00 0.00 0.00 0.00 0.00 0.00 0.00 0.00 2.80 0.00 2.07 0.00 0.04 0.00 2.63 0.04 0.00 3.43 2.52 0.00 0.46 0.28 2.17 0.14 2.28 2.49 2.84 0.00 0.00 0.00 0.00 2.17 0.21 0.00 0.98 0.00 3.12 2.94 0.00 0.00 1.68 1.65 0.32 2.94 0.00 0.00 0.00 0.00 3.05 0.56 0.00 0.00 0.00
99 0.00 1.02 2.38 3.01 0.00 2.38 1.37 1.72 0.00 0.00 0.00 2.24 2.59 0.00 2.63 0.00 2.98 0.56 2.17 1.68 0.00 0.00 2.94 0.00 0.56 0.00 0.00 0.00 0.00 0.00 2.28 0.04 0.00 1.02 2.59 0.00 0.00 1.75 0.00 0.00 2.42 0.00 0.00 3.22 1.93 0.49 0.00 0.00 1.68 3.33 2.07 0.00 0.00 0.00 0.00 0.56 3.12 0.00 0.56 1.16 1.51 0.00 0.00 0.00 2.21 0.00 0.00 2.91 0.00 0.00 0.00 0.00 0.00 0.00 1.79 2.73 0.00 2.59 2.35 2.42 0.91 0.00 3.40 0.00 0.00 2.63 2.52 0.00 0.53 0.00 2.87 0.00 1.93 0.88 0.00 0.18 0.00 0.00 0.00 0.00

ITEMS
nominal_profits 0.00 8.00 0.00 33.00 23.00 0.00 17.00 33.00 22.00 91.00 0.00 0.00 70.00 0.00 0.00 52.00 57.00 84.00 84.00 59.00 88.00 38.00 0.00 42.00 24.00 0.00 0.00 0.00 0.00 27.00 31.00 67.00 0.00 46.00 0.00 0.00 0.00 33.00 66.00 0.00 28.00 0.00 76.00 0.00 94.00 77.00 85.00 0.00 0.00 71.00 34.00 0.00 33.00 34.00 99.00 16.00 0.00 0.00 57.00 0.00 81.00 0.00 0.00 32.00 8.00 73.00 0.00 88.00 87.00 91.00 44.00 0.00 81.00 0.00 73.00 23.00 0.00 0.00 0.00 100.00 0.00 46.00 0.00 0.00 90.00 80.00 0.00 94.00 44.00 0.00 95.00 3.00 34.00 0.00 91.00 37.00 0.00 30.00 32.00 28.00
weights 20 16 9 47 29 14 31 49 17 12 48 8 11 33 10 32 42 10 39 36 42 25 9 40 17 38 29 19 39 10 42 48 23 5 41 50 22 5 32 6 48 38 48 20 46 19 29 41 42 20 23 18 34 24 22 42 2 16 20 24 50 49 13 15 4 17 37 3 19 41 1 10 22 5 36 14 29 26 44 37 25 23 9 48 12 16 23 41 9 40 33 25 31 30 36 2 9 34 21 45
capacity 1065
k_max 62

COMMENTS
original_pairwise_profits
0 0.00 31.00 0.00 0.00 98.00 71.00 6.00 74.00 0.00 0.00 0.00 0.00 0.00 13.00 0.00 29.00 83.00 0.00 41.00 0.00 0.00 50.00 69.00 0.00 0.00 7.00 0.00 39.00 0.00 0.00 19.00 0.00 0.00 0.00 0.00 0.00 0.00 0.00 81.00 0.00 0.00 61.00 0.00 0.00 0.00 0.00 8.00 0.00 0.00 5.00 32.00 0.00 0.00 0.00 0.00 0.00 0.00 0.00 2.00 10.00 0.00 10.00 0.00 0.00 59.00 0.00 0.00 88.00 0.00 12.00 0.00 70.00 0.00 0.00 0.00 38.00 0.00 0.00 89.00 45.00 85.00 0.00 2.00 0.00 0.00 74.00 68.00 88.00 90.00 22.00 0.00 0.00 0.00 23.00 100.00 0.00 97.00 0.00 0.00 0.00
1 31.00 0.00 0.00 29.00 0.00 0.00 50.00 28.00 0.00 29.00 0.00 0.00 0.00 0.00 0.00 0.00 38.00 58.00 79.00 0.00 88.00 38.00 6.00 50.00 0.00 0.00 58.00 93.00 78.00 69.00 68.00 0.00 100.00 94.00 0.00 83.00 4.00 81.00 16.00 0.00 0.00 47.00 0.00 35.00 0.00 56.00 7.00 0.00 28.00 0.00 0.00 0.00 0.00 0.00 27.00 88.00 78.00 9.00 0.00 100.00 49.00 0.00 81.00 97.00 0.00 70.00 12.00 21.00 0.00 100.00 0.00 0.00 0.00 0.00 72.00 0.00 0.00 62.00 0.00 93.00 37.00 17.00 0.00 0.00 0.00 17.00 7.00 0.00 2.00 59.00 0.00 58.00 25.00 0.00 45.00 0.00 72.00 0.00 0.00 29.00
2 0.00 0.00 0.00 0.00 21.00 0.00 0.00 29.00 0.00 0.00 0.00 93.00 1.00 100.00 91.00 0.00 0.00 0.00 0.00 45.00 0.00 82.00 26.00 90.00 78.00 74.00 27.00 25.00 47.00 40.00 0.00 38.00 0.00 4.00 15.00 58.00 0.00 5.00 20.00 62.00 18.00 19.00 44.00 0.00 56.00 0.00 0.00 0.00 86.00 0.00 8.00 6.00 91.00 0.00 86.00 0.00 9.00 9.00 0.00 73.00 0.00 27.00 0.00 0.00 0.00 60.00 50.00 4.00 0.00 100.00 0.00 100.00 0.00 35.00 31.00 44.00 0.00 0.00 0.00 51.00 0.00 31.00 0.00 0.00 17.00 21.00 44.00 66.00 0.00 57.00 30.00 28.00 0.00 22.00 56.00 0.00 63.00 0.00 0.00 68.00
3 0.00 29.00 0.00 0.00 70.00 16.00 10.00 23.00 17.00 52.00 54.00 0.00 80.00 0.00 52.00 0.00 0.00 0.00 0.00 0.00 0.00 36.00 0.00 87.00 0.00 54.00 83.00 0.00 0.00 65.00 62.00 1.00 31.00 0.00 0.00 2.00 20.00 0.00 5.00 64.00 0.00 0.00 0.00 0.00 50.00 0.00 39.00 0.00 1.00 88.00 0.00 58.00 0.00 49.00 7.00 83.00 0.00 18.00 0.00 0.00 0.00 69.00 17.00 0.00 90.00 0.00 63.00 89.00 46.00 0.00 0.00 0.00 0.00 31.00 0.00 74.00 48.00 0.00 0.00 69.00 0.00 86.00 0.00 53.00 86.00 0.00 0.00 77.00 0.00 45.00 48.00 14.00 82.00 0.00 0.00 0.00 37.00 39.00 26.00 86.00
4 98.00 0.00 21.00 70.00 0.00 0.00 1.00 0.00 0.00 34.00 30.00 0.00 0.00 0.00 0.00 0.00 94.00 19.00 0.00 0.00 93.00 64.00 69.00 86.00 0.00 28.00 7.00 92.00 0.00 0.00 39.00 21.00 0.00 36.00 66.00 7.00 0.00 0.00 0.00 0.00 17.00 3.00 0.00 31.00 48.00 56.00 95.00 0.00 0.00 77.00 0.00 0.00 0.00 54.00 0.00 74.00 29.00 75.00 38.00 0.00 0.00 85.00 0.00 0.00 0.00 63.00 3.00 22.00 50.00 25.00 72.00 0.00 31.00 56.00 0.00 74.00 49.00 82.00 0.00 0.00 0.00 44.00 0.00 31.00 12.00 33.00 0.00 0.00 12.00 4.00 86.00 66.00 0.00 0.00 29.00 0.00 79.00 59.00 13.00 0.00
5 71.00 0.00 0.00 16.00 0.00 0.00 0.00 0.00 0.00 48.00 0.00 47.00 0.00 31.00 0.00 44.00 0.00 89.00 0.00 0.00 46.00 83.00 50.00 0.00 15.00 0.00 0.00 15.00 0.00 0.00 47.00 0.00 74.00 0.00 20.00 45.00 76.00 0.00 9.00 24.00 77.00 96.00 0.00 85.00 0.00 0.00 26.00 0.00 0.00 0.00 32.00 75.00 0.00 0.00 0.00 0.00 5.00 7.00 69.00 5.00 0.00 0.00 0.00 0.00 28.00 42.00 0.00 0.00 7.00 73.00 0.00 13.00 66.00 50.00 0.00 0.00 14.00 2.00 77.00 54.00 0.00 28.00 0.00 0.00 0.00 0.00 0.00 87.00 0.00 0.00 21.00 0.00 0.00 0.00 71.00 50.00 0.00 72.00 0.00 68.00
6 6.00 50.00 0.00 10.00 1.00 0.00 0.00 27.00 0.00 55.00 66.00 5.00 30.00 0.00 0.00 0.00 66.00 0.00 0.00 32.00 0.00 0.00 0.00 28.00 0.00 0.00 25.00 0.00 0.00 27.00 0.00 0.00 0.00 0.00 91.00 46.00 47.00 0.00 26.00 0.00 0.00 22.00 13.00 0.00 10.00 37.00 94.00 95.00 0.00 0.00 67.00 9.00 36.00 0.00 58.00 28.00 0.00 57.00 0.00 0.00 90.00 0.00 77.00 0.00 68.00 0.00 35.00 0.00 21.00 43.00 33.00 0.00 15.00 85.00 0.00 84.00 0.00 29.00 0.00 51.00 36.00 10.00 84.00 32.00 0.00 36.00 19.00 0.00 89.00 60.00 0.00 0.00 0.00 59.00 0.00 3.00 0.00 1.00 0.00 39.00
7 74.00 28.00 29.00 23.00 0.00 0.00 27.00 0.00 0.00 0.00 0.00 0.00 0.00 0.00 80.00 78.00 59.00 78.00 0.00 46.00 0.00 35.00 10.00 0.00 0.00 0.00 29.00 64.00 12.00 0.00 75.00 0.00 0.00 56.00 68.00 6.00 0.00 94.00 0.00 0.00 0.00 75.00 0.00 83.00 34.00 0.00 0.00 0.00 71.00 0.00 84.00 98.00 27.00 0.00 0.00 67.00 18.00 54.00 0.00 43.00 19.00 0.00 0.00 49.00 75.00 0.00 47.00 62.00 72.00 40.00 31.00 0.00 26.00 0.00 0.00 72.00 17.00 10.00 0.00 10.00 0.00 67.00 90.00 82.00 14.00 0.00 25.00 26.00 26.00 0.00 0.00 0.00 0.00 0.00 18.00 0.00 0.00 0.00 0.00 49.00
8 0.00 0.00 0.00 17.00 0.00 0.00 0.00 0.00 0.00 89.00 66.00 0.00 50.00 0.00 0.00 63.00 2.00 0.00 0.00 68.00 0.00 0.00 39.00 0.00 0.00 62.00 7.00 25.00 0.00 7.00 0.00 0.00 0.00 23.00 79.00 0.00 0.00 21.00 0.00 44.00 0.00 0.00 0.00 0.00 8.00 88.00 56.00 43.00 0.00 0.00 57.00 0.00 0.00 31.00 60.00 0.00 42.00 87.00 41.00 0.00 0.00 24.00 0.00 57.00 0.00 2.00 32.00 47.00 56.00 28.00 24.00 0.00 0.00 32.00 74.00 65.00 69.00 0.00 19.00 64.00 97.00 0.00 0.00 88.00 0.00 96.00 0.00 40.00 0.00 12.00 0.00 0.00 0.00 100.00 0.00 19.00 0.00 91.00 75.00 0.00
9 0.00 29.00 0.00 52.00 34.00 48.00 55.00 0.00 89.00 0.00 24.00 63.00 99.00 0.00 0.00 28.00 94.00 0.00 0.00 0.00 0.00 0.00 0.00 0.00 0.00 0.00 91.00 0.00 0.00 0.00 56.00 0.00 56.00 100.00 0.00 52.00 11.00 0.00 9.00 0.00 29.00 60.00 0.00 0.00 0.00 0.00 0.00 0.00 0.00 12.00 0.00 0.00 16.00 0.00 0.00 0.00 80.00 10.00 0.00 0.00 0.00 37.00 0.00 52.00 0.00 0.00 13.00 0.00 0.00 54.00 18.00 45.00 0.00 0.00 96.00 0.00 0.00 24.00 60.00 0.00 0.00 17.00 0.00 0.00 0.00 82.00 96.00 0.00 0.00 85.00 0.00 0.00 0.00 35.00 0.00 0.00 0.00 4.00 16.00 0.00
10 0.00 0.00 0.00 54.00 30.00 0.00 66.00 0.00 66.00 24.00 0.00 0.00 0.00 69.00 98.00 0.00 12.00 0.00 87.00 0.00 95.00 0.00 0.00 0.00 82.00 27.00 0.00 77.00 32.00 24.00 72.00 40.00 0.00 67.00 53.00 0.00 0.00 0.00 22.00 97.00 40.00 2.00 81.00 8.00 0.00 0.00 0.00 0.00 34.00 85.00 47.00 0.00 0.00 0.00 71.00 34.00 77.00 99.00 26.00 11.00 33.00 0.00 50.00 0.00 0.00 0.00 0.00 0.00 0.00 66.00 0.00 75.00 0.00 22.00 0.00 47.00 0.00 43.00 0.00 94.00 0.00 91.00 0.00 3.00 64.00 0.00 0.00 80.00 0.00 88.00 0.00 0.00 49.00 0.00 0.00 33.00 74.00 0.00 0.00 0.00
11 0.00 0.00 93.00 0.00 0.00 47.00 5.00 0.00 0.00 63.00 0.00 0.00 39.00 22.00 0.00 0.00 0.00 0.00 50.00 0.00 0.00 0.00 0.00 0.00 0.00 0.00 0.00 0.00 84.00 0.00 20.00 31.00 0.00 0.00 0.00 66.00 0.00 64.00 0.00 96.00 0.00 30.00 0.00 0.00 18.00 36.00 0.00 0.00 0.00 0.00 0.00 0.00 0.00 0.00 98.00 0.00 0.00 71.00 0.00 0.00 43.00 97.00 3.00 35.00 71.00 0.00 43.00 55.00 0.00 0.00 81.00 49.00 0.00 12.00 42.00 0.00 0.00 46.00 30.00 0.00 0.00 34.00 0.00 0.00 0.00 0.00 49.00 0.00 0.00 78.00 0.00 0.00 0.00 0.00 0.00 0.00 37.00 0.00 0.00 64.00
12 0.00 0.00 1.00 80.00 0.00 0.00 30.00 0.00 50.00 99.00 0.00 39.00 0.00 0.00 0.00 88.00 0.00 95.00 0.00 0.00 0.00 70.00 0.00 0.00 48.00 0.00 90.00 12.00 0.00 8.00 55.00 51.00 35.00 42.00 0.00 67.00 0.00 0.00 0.00 98.00 0.00 0.00 0.00 19.00 0.00 0.00 0.00 0.00 92.00 98.00 0.00 56.00 0.00 58.00 67.00 0.00 21.00 49.00 0.00 1.00 0.00 0.00 0.00 0.00 0.00 61.00 65.00 0.00 0.00 2.00 15.00 30.00 0.00 0.00 0.00 0.00 91.00 85.00 86.00 0.00 0.00 0.00 32.00 16.00 0.00 0.00 7.00 0.00 0.00 0.00 0.00 64.00 22.00 90.00 96.00 0.00 0.00 32.00 3.00 74.00
13 13.00 0.00 100.00 0.00 0.00 31.00 0.00 0.00 0.00 0.00 69.00 22.00 0.00 0.00 0.00 6.00 0.00 0.00 0.00 49.00 9.00 0.00 0.00 24.00 0.00 0.00 68.00 52.00 32.00 0.00 0.00 88.00 85.00 0.00 0.00 0.00 78.00 0.00 0.00 41.00 22.00 0.00 81.00 0.00 55.00 61.00 0.00 0.00 68.00 0.00 0.00 0.00 0.00 62.00 46.00 58.00 89.00 0.00 0.00 0.00 0.00 0.00 33.00 0.00 0.00 0.00 0.00 0.00 93.00 0.00 0.00 35.00 0.00 0.00 98.00 48.00 0.00 0.00 85.00 76.00 1.00 92.00 36.00 51.00 0.00 0.00 0.00 79.00 29.00 75.00 0.00 0.00 0.00 0.00 0.00 39.00 0.00 62.00 79.00 0.00
14 0.00 0.00 91.00 52.00 0.00 0.00 0.00 80.00 0.00 0.00 98.00 0.00 0.00 0.00 0.00 0.00 41.00 0.00 0.00 0.00 0.00 0.00 0.00 0.00 17.00 0.00 27.00 10.00 26.00 0.00 0.00 22.00 72.00 5.00 71.00 71.00 0.00 0.00 50.00 92.00 47.00 0.00 86.00 97.00 51.00 0.00 31.00 0.00 0.00 0.00 77.00 0.00 16.00 53.00 0.00 60.00 0.00 82.00 0.00 31.00 0.00 0.00 0.00 38.00 70.00 33.00 4.00 27.00 0.00 0.00 0.00 45.00 83.00 0.00 0.00 16.00 16.00 0.00 0.00 4.00 97.00 0.00 0.00 15.00 0.00 68.00 0.00 95.00 83.00 19.00 0.00 10.00 40.00 78.00 0.00 71.00 0.00 67.00 0.00 75.00
15 29.00 0.00 0.00 0.00 0.00 44.00 0.00 78.00 63.00 28.00 0.00 0.00 88.00 6.00 0.00 0.00 0.00 0.00 28.00 0.00 96.00 39.00 3.00 0.00 25.00 18.00 43.00 0.00 0.00 67.00 19.00 0.00 10.00 0.00 0.00 64.00 91.00 0.00 92.00 0.00 77.00 29.00 43.00 0.00 93.00 0.00 48.00 0.00 0.00 64.00 0.00 10.00 0.00 0.00 0.00 0.00 99.00 0.00 3.00 52.00 89.00 0.00 0.00 27.00 0.00 24.00 0.00 0.00 0.00 19.00 0.00 86.00 0.00 35.00 0.00 0.00 8.00 0.00 0.00 8.00 17.00 85.00 17.00 91.00 0.00 89.00 0.00 7.00 0.00 0.00 0.00 0.00 93.00 0.00 42.00 0.00 50.00 91.00 44.00 0.00
16 83.00 38.00 0.00 0.00 94.00 0.00 66.00 59.00 2.00 94.00 12.00 0.00 0.00 0.00 41.00 0.00 0.00 0.00 0.00 0.00 0.00 0.00 87.00 0.00 0.00 90.00 0.00 84.00 0.00 8.00 0.00 56.00 32.00 27.00 67.00 0.00 83.00 56.00 16.00 10.00 35.00 0.00 0.00 1.00 0.00 0.00 0.00 50.00 0.00 77.00 0.00 3.00 48.00 51.00 74.00 0.00 8.00 0.00 70.00 14.00 0.00 0.00 0.00 0.00 0.00 0.00 46.00 0.00 4.00 0.00 0.00 74.00 94.00 0.00 51.00 57.00 0.00 26.00 88.00 0.00 0.00 0.00 71.00 0.00 23.00 1.00 0.00 0.00 16.00 0.00 0.00 0.00 0.00 0.00 31.00 61.00 81.00 0.00 97.00 85.00
17 0.00 58.00 0.00 0.00 19.00 89.00 0.00 78.00 0.00 0.00 0.00 0.00 95.00 0.00 0.00 0.00 0.00 0.00 22.00 0.00 82.00 0.00 52.00 0.00 6.00 48.00 44.00 0.00 85.00 0.00 0.00 58.00 54.00 0.00 55.00 0.00 0.00 0.00 34.00 10.00 2.00 0.00 69.00 0.00 0.00 44.00 65.00 7.00 33.00 0.00 0.00 92.00 0.00 0.00 0.00 0.00 0.00 0.00 0.00 0.00 49.00 0.00 11.00 0.00 0.00 70.00 18.00 0.00 20.00 0.00 33.00 72.00 43.00 98.00 53.00 100.00 0.00 0.00 0.00 0.00 70.00 0.00 97.00 76.00 0.00 0.00 0.00 0.00 0.00 0.00 0.00 50.00 0.00 0.00 61.00 90.00 59.00 14.00 0.00 16.00
18 41.00 79.00 0.00 0.00 0.00 0.00 0.00 0.00 0.00 0.00 87.00 50.00 0.00 0.00 0.00 28.00 0.00 22.00 0.00 0.00 24.00 0.00 0.00 87.00 0.00 0.00 0.00 0.00 97.00 4.00 15.00 0.00 0.00 30.00 0.00 99.00 0.00 9.00 24.00 0.00 0.00 0.00 0.00 15.00 86.00 12.00 0.00 47.00 0.00 3.00 96.00 0.00 65.00 0.00 0.00 80.00 83.00 0.00 49.00 56.00 55.00 0.00 0.00 81.00 0.00 79.00 0.00 39.00 0.00 0.00 25.00 47.00 0.00 0.00 0.00 0.00 85.00 0.00 27.00 3.00 0.00 0.00 0.00 30.00 53.00 18.00 0.00 0.00 90.00 0.00 98.00 89.00 78.00 0.00 31.00 0.00 0.00 0.00 25.00 62.00
19 0.00 0.00 45.00 0.00 0.00 0.00 32.00 46.00 68.00 0.00 0.00 0.00 0.00 49.00 0.00 0.00 0.00 0.00 0.00 0.00 62.00 36.00 0.00 42.00 52.00 2.00 81.00 88.00 0.00 0.00 27.00 0.00 56.00 0.00 39.00 66.00 36.00 0.00 0.00 0.00 31.00 62.00 0.00 52.00 29.00 3.00 46.00 80.00 32.00 0.00 0.00 0.00 36.00 7.00 67.00 0.00 93.00 0.00 0.00 3.00 0.00 62.00 0.00 0.00 0.00 28.00 0.00 4.00 0.00 0.00 10.00 85.00 0.00 66.00 0.00 59.00 0.00 0.00 0.00 0.00 62.00 0.00 67.00 88.00 0.00 27.00 65.00 40.00 78.00 0.00 60.00 0.00 86.00 15.00 66.00 0.00 0.00 0.00 0.00 48.00
20 0.00 88.00 0.00 0.00 93.00 46.00 0.00 0.00 0.00 0.00 95.00 0.00 0.00 9.00 0.00 96.00 0.00 82.00 24.00 62.00 0.00 47.00 0.00 96.00 0.00 12.00 68.00 76.00 0.00 17.00 0.00 0.00 0.00 68.00 0.00 10.00 64.00 58.00 0.00 0.00 0.00 0.00 16.00 0.00 17.00 0.00 0.00 25.00 59.00 0.00 0.00 20.00 0.00 48.00 69.00 0.00 98.00 38.00 0.00 0.00 81.00 42.00 17.00 64.00 17.00 78.00 84.00 0.00 0.00 14.00 0.00 0.00 0.00 0.00 0.00 0.00 0.00 0.00 28.00 0.00 100.00 93.00 78.00 35.00 41.00 0.00 78.00 0.00 0.00 0.00 4.00 59.00 0.00 58.00 0.00 0.00 8.00 80.00 0.00 0.00
21 50.00 38.00 82.00 36.00 64.00 83.00 0.00 35.00 0.00 0.00 0.00 0.00 70.00 0.00 0.00 39.00 0.00 0.00 0.00 36.00 47.00 0.00 96.00 23.00 0.00 82.00 49.00 0.00 1.00 0.00 0.00 63.00 80.00 33.00 21.00 0.00 0.00 0.00 0.00 30.00 0.00 99.00 0.00 0.00 98.00 0.00 69.00 8.00 0.00 72.00 0.00 0.00 0.00 64.00 0.00 1.00 0.00 51.00 0.00 31.00 0.00 0.00 43.00 77.00 0.00 94.00 0.00 0.00 0.00 0.00 14.00 93.00 78.00 0.00 34.00 74.00 19.00 0.00 0.00 83.00 0.00 0.00 0.00 94.00 17.00 85.00 60.00 0.00 80.00 16.00 26.00 34.00 0.00 90.00 62.00 0.00 36.00 0.00 0.00 0.00
22 69.00 6.00 26.00 0.00 69.00 50.00 0.00 10.00 39.00 0.00 0.00 0.00 0.00 0.00 0.00 3.00 87.00 52.00 0.00 0.00 0.00 96.00 0.00 0.00 0.00 98.00 0.00 34.00 0.00 0.00 0.00 33.00 3.00 43.00 0.00 64.00 0.00 63.00 57.00 24.00 0.00 0.00 0.00 0.00 23.00 0.00 16.00 0.00 51.00 70.00 43.00 0.00 2.00 44.00 0.00 0.00 0.00 49.00 17.00 2.00 28.00 41.00 2.00 98.00 32.00 40.00 0.00 63.00 100.00 0.00 0.00 31.00 0.00 13.00 0.00 97.00 85.00 0.00 40.00 0.00 0.00 46.00 0.00 92.00 5.00 79.00 0.00 0.00 21.00 69.00 42.00 93.00 46.00 53.00 63.00 50.00 74.00 6.00 0.00 84.00
23 0.00 50.00 90.00 87.00 86.00 0.00 28.00 0.00 0.00 0.00 0.00 0.00 0.00 24.00 0.00 0.00 0.00 0.00 87.00 42.00 96.00 23.00 0.00 0.00 32.00 66.00 5.00 0.00 57.00 24.00 0.00 64.00 0.00 0.00 0.00 4.00 81.00 28.00 80.00 0.00 0.00 45.00 88.00 77.00 36.00 88.00 100.00 0.00 0.00 0.00 93.00 14.00 0.00 0.00 0.00 0.00 0.00 0.00 27.00 76.00 0.00 76.00 0.00 0.00 0.00 37.00 91.00 0.00 0.00 0.00 87.00 32.00 11.00 0.00 32.00 5.00 12.00 44.00 59.00 87.00 0.00 54.00 0.00 53.00 80.00 87.00 0.00 40.00 0.00 59.00 0.00 8.00 0.00 0.00 73.00 0.00 2.00 0.00 39.00 0.00
24 0.00 0.00 78.00 0.00 0.00 15.00 0.00 0.00 0.00 0.00 82.00 0.00 48.00 0.00 17.00 25.00 0.00 6.00 0.00 52.00 0.00 0.00 0.00 32.00 0.00 0.00 57.00 0.00 47.00 0.00 22.00 25.00 0.00 51.00 50.00 87.00 0.00 0.00 51.00 0.00 30.00 68.00 0.00 98.00 0.00 79.00 0.00 54.00 31.00 59.00 0.00 0.00 0.00 0.00 0.00 75.00 83.00 0.00 91.00 0.00 35.00 0.00 86.00 47.00 0.00 51.00 0.00 0.00 0.00 43.00 44.00 21.00 0.00 0.00 78.00 0.00 29.00 0.00 0.00 92.00 56.00 0.00 0.00 42.00 44.00 0.00 8.00 98.00 53.00 0.00 0.00 0.00 0.00 52.00 85.00 72.00 0.00 20.00 0.00 16.00
25 7.00 0.00 74.00 54.00 28.00 0.00 0.00 0.00 62.00 0.00 27.00 0.00 0.00 0.00 0.00 18.00 90.00 48.00 0.00 2.00 12.00 82.00 98.00 66.00 0.00 0.00 6.00 0.00 7.00 0.00 0.00 64.00 0.00 50.00 17.00 0.00 0.00 0.00 0.00 0.00 50.00 32.00 0.00 80.00 31.00 0.00 12.00 0.00 86.00 7.00 96.00 0.00 40.00 0.00 0.00 41.00 74.00 0.00 2.00 74.00 20.00 45.00 62.00 0.00 5.00 0.00 0.00 24.00 59.00 18.00 18.00 0.00 0.00 29.00 0.00 28.00 90.00 59.00 0.00 48.00 46.00 64.00 0.00 35.00 0.00 82.00 0.00 68.00 78.00 0.00 18.00 0.00 5.00 0.00 0.00 67.00 88.00 70.00 96.00 0.00
26 0.00 58.00 27.00 83.00 7.00 0.00 25.00 29.00 7.00 91.00 0.00 0.00 90.00 68.00 27.00 43.00 0.00 44.00 0.00 81.00 68.00 49.00 0.00 5.00 57.00 6.00 0.00 37.00 78.00 59.00 0.00 61.00 0.00 9.00 74.00 96.00 78.00 39.00 95.00 0.00 0.00 0.00 0.00 35.00 0.00 0.00 25.00 6.00 0.00 92.00 0.00 0.00 0.00 0.00 0.00 0.00 0.00 24.00 77.00 0.00 0.00 0.00 60.00 74.00 73.00 0.00 86.00 31.00 80.00 0.00 48.00 29.00 0.00 87.00 98.00 72.00 0.00 0.00 0.00 82.00 40.00 3.00 0.00 83.00 80.00 15.00 46.00 0.00 40.00 0.00 0.00 24.00 0.00 0.00 23.00 34.00 3.00 3.00 0.00 0.00
27 39.00 93.00 25.00 0.00 92.00 15.00 0.00 64.00 25.00 0.00 77.00 0.00 12.00 52.00 10.00 0.00 84.00 0.00 0.00 88.00 76.00 0.00 34.00 0.00 0.00 0.00 37.00 0.00 0.00 39.00 17.00 0.00 19.00 0.00 65.00 0.00 0.00 98.00 96.00 49.00 0.00 64.00 0.00 0.00 0.00 28.00 0.00 98.00 11.00 0.00 35.00 6.00 0.00 0.00 0.00 69.00 30.00 0.00 0.00 61.00 19.00 0.00 52.00 8.00 53.00 93.00 0.00 0.00 0.00 69.00 78.00 0.00 54.00 90.00 17.00 93.00 0.00 40.00 0.00 0.00 0.00 48.00 0.00 24.00 23.00 0.00 67.00 0.00 20.00 70.00 0.00 50.00 32.00 29.00 3.00 12.00 0.00 25.00 0.00 0.00
28 0.00 78.00 47.00 0.00 0.00 0.00 0.00 12.00 0.00 0.00 32.00 84.00 0.00 32.00 26.00 0.00 0.00 85.00 97.00 0.00 0.00 1.00 0.00 57.00 47.00 7.00 78.00 0.00 0.00 0.00 28.00 45.00 65.00 0.00 0.00 0.00 79.00 0.00 24.00 0.00 72.00 83.00 89.00 71.00 0.00 98.00 4.00 5.00 21.00 53.00 0.00 5.00 0.00 32.00 0.00 1.00 0.00 23.00 63.00 83.00 84.00 0.00 0.00 20.00 0.00 64.00 0.00 0.00 18.00 0.00 45.00 45.00 7.00 0.00 52.00 0.00 0.00 0.00 49.00 83.00 91.00 0.00 0.00 0.00 0.00 0.00 15.00 0.00 0.00 39.00 41.00 28.00 0.00 0.00 12.00 74.00 40.00 3.00 0.00 0.00
29 0.00 69.00 40.00 65.00 0.00 0.00 27.00 0.00 7.00 0.00 24.00 0.00 8.00 0.00 0.00 67.00 8.00 0.00 4.00 0.00 17.00 0.00 0.00 24.00 0.00 0.00 59.00 39.00 0.00 0.00 0.00 0.00 0.00 0.00 74.00 0.00 0.00 43.00 0.00 56.00 4.00 38.00 79.00 79.00 34.00 30.00 0.00 9.00 75.00 0.00 0.00 18.00 0.00 0.00 42.00 42.00 39.00 86.00 36.00 59.00 43.00 0.00 92.00 100.00 70.00 0.00 0.00 4.00 0.00 0.00 0.00 62.00 15.00 91.00 0.00 84.00 20.00 0.00 0.00 65.00 0.00 74.00 0.00 0.00 0.00 0.00 74.00 0.00 0.00 0.00 14.00 0.00 71.00 0.00 14.00 0.00 54.00 34.00 0.00 0.00
30 19.00 68.00 0.00 62.00 39.00 47.00 0.00 75.00 0.00 56.00 72.00 20.00 55.00 0.00 0.00 19.00 0.00 0.00 15.00 27.00 0.00 0.00 0.00 0.00 22.00 0.00 0.00 17.00 28.00 0.00 0.00 74.00 0.00 0.00 65.00 0.00 0.00 0.00 59.00 0.00 0.00 73.00 11.00 1.00 11.00 71.00 38.00 0.00 0.00 14.00 0.00 0.00 98.00 100.00 94.00 20.00 94.00 0.00 59.00 0.00 0.00 21.00 47.00 21.00 0.00 71.00 2.00 0.00 0.00 49.00 4.00 0.00 0.00 89.00 0.00 0.00 95.00 0.00 19.00 21.00 0.00 0.00 0.00 82.00 0.00 0.00 63.00 0.00 0.00 0.00 29.00 0.00 0.00 0.00 63.00 0.00 0.00 27.00 50.00 65.00
31 0.00 0.00 38.00 1.00 21.00 0.00 0.00 0.00 0.00 0.00 40.00 31.00 51.00 88.00 22.00 0.00 56.00 58.00 0.00 0.00 0.00 63.00 33.00 64.00 25.00 64.00 61.00 0.00 45.00 0.00 74.00 0.00 20.00 0.00 0.00 4.00 53.00 0.00 82.00 0.00 48.00 0.00 0.00 5.00 70.00 88.00 0.00 0.00 0.00 2.00 0.00 0.00 0.00 0.00 0.00 0.00 0.00 34.00 0.00 68.00 0.00 0.00 0.00 0.00 0.00 44.00 50.00 0.00 0.00 0.00 0.00 54.00 0.00 75.00 54.00 0.00 33.00 0.00 0.00 30.00 52.00 0.00 14.00 100.00 0.00 0.00 0.00 0.00 68.00 27.00 0.00 0.00 0.00 40.00 42.00 0.00 0.00 0.00 43.00 1.00
32 0.00 100.00 0.00 31.00 0.00 74.00 0.00 0.00 0.00 56.00 0.00 0.00 35.00 85.00 72.00 10.00 32.00 54.00 0.00 56.00 0.00 80.00 3.00 0.00 0.00 0.00 0.00 19.00 65.00 0.00 0.00 20.00 0.00 0.00 0.00 0.00 0.00 67.00 0.00 77.00 41.00 0.00 0.00 89.00 0.00 0.00 0.00 0.00 0.00 5.00 0.00 31.00 64.00 39.00 28.00 0.00 77.00 0.00 0.00 70.00 90.00 0.00 83.00 82.00 72.00 0.00 34.00 50.00 70.00 56.00 41.00 52.00 0.00 0.00 2.00 55.00 55.00 36.00 0.00 84.00 34.00 98.00 0.00 0.00 0.00 0.00 47.00 0.00 1.00 0.00 15.00 0.00 0.00 13.00 91.00 52.00 0.00 94.00 21.00 0.00
33 0.00 94.00 4.00 0.00 36.00 0.00 0.00 56.00 23.00 100.00 67.00 0.00 42.00 0.00 5.00 0.00 27.00 0.00 30.00 0.00 68.00 33.00 43.00 0.00 51.00 50.00 9.00 0.00 0.00 0.00 0.00 0.00 0.00 0.00 0.00 0.00 0.00 0.00 80.00 0.00 0.00 0.00 56.00 0.00 15.00 77.00 0.00 56.00 72.00 0.00 45.00 0.00 40.00 9.00 0.00 96.00 0.00 25.00 0.00 54.00 0.00 83.00 87.00 43.00 0.00 60.00 0.00 14.00 0.00 99.00 0.00 0.00 48.00 0.00 96.00 92.00 30.00 0.00 28.00 0.00 0.00 0.00 0.00 79.00 0.00 73.00 0.00 0.00 0.00 0.00 99.00 18.00 18.00 95.00 0.00 0.00 49.00 0.00 22.00 29.00
34 0.00 0.00 15.00 0.00 66.00 20.00 91.00 68.00 79.00 0.00 53.00 0.00 0.00 0.00 71.00 0.00 67.00 55.00 0.00 39.00 0.00 21.00 0.00 0.00 50.00 17.00 74.00 65.00 0.00 74.00 65.00 0.00 0.00 0.00 0.00 0.00 59.00 95.00 20.00 0.00 44.00 0.00 43.00 88.00 23.00 81.00 53.00 0.00 0.00 0.00 1.00 0.00 0.00 0.00 21.00 0.00 0.00 10.00 0.00 30.00 0.00 0.00 0.00 0.00 0.00 0.00 8.00 76.00 0.00 0.00 0.00 54.00 0.00 0.00 0.00 0.00 70.00 57.00 0.00 0.00 0.00 0.00 0.00 0.00 0.00 65.00 0.00 22.00 43.00 0.00 0.00 88.00 74.00 0.00 0.00 72.00 23.00 0.00 0.00 74.00
35 0.00 83.00 58.00 2.00 7.00 45.00 46.00 6.00 0.00 52.00 0.00 66.00 67.00 0.00 71.00 64.00 0.00 0.00 99.00 66.00 10.00 0.00 64.00 4.00 87.00 0.00 96.00 0.00 0.00 0.00 0.00 4.00 0.00 0.00 0.00 0.00 58.00 0.00 0.00 54.00 0.00 5.00 78.00 0.00 62.00 0.00 0.00 99.00 29.00 76.00 34.00 62.00 0.00 17.00 0.00 0.00 0.00 0.00 0.00 0.00 0.00 0.00 66.00 0.00 0.00 25.00 24.00 73.00 10.00 0.00 65.00 85.00 0.00 0.00 0.00 25.00 0.00 61.00 83.00 64.00 0.00 84.00 40.00 79.00 72.00 41.00 0.00 0.00 0.00 86.00 85.00 0.00 0.00 65.00 94.00 1.00 1.00 66.00 0.00 0.00
36 0.00 4.00 0.00 20.00 0.00 76.00 47.00 0.00 0.00 11.00 0.00 0.00 0.00 78.00 0.00 91.00 83.00 0.00 0.00 36.00 64.00 0.00 0.00 81.00 0.00 0.00 78.00 0.00 79.00 0.00 0.00 53.00 0.00 0.00 59.00 58.00 0.00 0.00 0.00 6.00 35.00 0.00 43.00 0.00 77.00 38.00 0.00 23.00 0.00 0.00 0.00 0.00 0.00 0.00 19.00 9.00 0.00 0.00 81.00 0.00 29.00 0.00 0.00 8.00 0.00 44.00 0.00 99.00 61.00 0.00 0.00 0.00 0.00 100.00 88.00 66.00 83.00 0.00 67.00 0.00 0.00 0.00 0.00 0.00 0.00 77.00 0.00 50.00 28.00 50.00 64.00 0.00 0.00 0.00 0.00 0.00 0.00 15.00 10.00 0.00
37 0.00 81.00 5.00 0.00 0.00 0.00 0.00 94.00 21.00 0.00 0.00 64.00 0.00 0.00 0.00 0.00 56.00 0.00 9.00 0.00 58.00 0.00 63.00 28.00 0.00 0.00 39.00 98.00 0.00 43.00 0.00 0.00 67.00 0.00 95.00 0.00 0.00 0.00 2.00 0.00 60.00 71.00 0.00 0.00 0.00 0.00 0.00 94.00 0.00 72.00 92.00 0.00 23.00 0.00 96.00 39.00 0.00 0.00 0.00 0.00 0.00 0.00 0.00 88.00 92.00 0.00 0.00 0.00 35.00 0.00 91.00 0.00 69.00 55.00 3.00 0.00 46.00 0.00 13.00 58.00 100.00 0.00 0.00 62.00 89.00 66.00 85.00 0.00 0.00 0.00 0.00 0.00 88.00 22.00 0.00 0.00 0.00 0.00 0.00 50.00
38 81.00 16.00 20.00 5.00 0.00 9.00 26.00 0.00 0.00 9.00 22.00 0.00 0.00 0.00 50.00 92.00 16.00 34.00 24.00 0.00 0.00 0.00 57.00 80.00 51.00 0.00 95.00 96.00 24.00 0.00 59.00 82.00 0.00 80.00 20.00 0.00 0.00 2.00 0.00 0.00 36.00 87.00 57.00 0.00 0.00 0.00 0.00 0.00 27.00 0.00 0.00 82.00 0.00 61.00 86.00 0.00 0.00 12.00 0.00 0.00 0.00 0.00 19.00 87.00 0.00 0.00 95.00 0.00 77.00 0.00 0.00 0.00 0.00 0.00 9.00 0.00 65.00 0.00 0.00 0.00 0.00 81.00 79.00 70.00 0.00 25.00 0.00 24.00 0.00 46.00 76.00 28.00 70.00 31.00 78.00 11.00 0.00 0.00 17.00 0.00
39 0.00 0.00 62.00 64.00 0.00 24.00 0.00 0.00 44.00 0.00 97.00 96.00 98.00 41.00 92.00 0.00 10.00 10.00 0.00 0.00 0.00 30.00 24.00 0.00 0.00 0.00 0.00 49.00 0.00 56.00 0.00 0.00 77.00 0.00 0.00 54.00 6.00 0.00 0.00 0.00 37.00 38.00 0.00 79.00 62.00 0.00 0.00 85.00 7.00 82.00 0.00 93.00 0.00 0.00 0.00 0.00 0.00 0.00 57.00 0.00 0.00 0.00 0.00 17.00 0.00 76.00 0.00 94.00 46.00 7.00 0.00 50.00 0.00 95.00 34.00 0.00 51.00 7.00 10.00 0.00 41.00 95.00 0.00 0.00 24.00 21.00 0.00 0.00 80.00 32.00 0.00 0.00 21.00 0.00 0.00 18.00 0.00 56.00 87.00 0.00
40 0.00 0.00 18.00 0.00 17.00 77.00 0.00 0.00 0.00 29.00 40.00 0.00 0.00 22.00 47.00 77.00 35.00 2.00 0.00 31.00 0.00 0.00 0.00 0.00 30.00 50.00 0.00 0.00 72.00 4.00 0.00 48.00 41.00 0.00 44.00 0.00 35.00 60.00 36.00 37.00 0.00 51.00 0.00 44.00 0.00 41.00 0.00 0.00 0.00 0.00 0.00 0.00 0.00 0.00 0.00 62.00 43.00 0.00 12.00 81.00 0.00 0.00 30.00 12.00 0.00 0.00 0.00 0.00 0.00 31.00 81.00 0.00 0.00 84.00 0.00 18.00 0.00 0.00 0.00 27.00 0.00 82.00 30.00 0.00 0.00 96.00 0.00 3.00 88.00 0.00 0.00 42.00 0.00 0.00 0.00 70.00 31.00 82.00 79.00 69.00
41 61.00 47.00 19.00 0.00 3.00 96.00 22.00 75.00 0.00 60.00 2.00 30.00 0.00 0.00 0.00 29.00 0.00 0.00 0.00 62.00 0.00 99.00 0.00 45.00 68.00 32.00 0.00 64.00 83.00 38.00 73.00 0.00 0.00 0.00 0.00 5.00 0.00 71.00 87.00 38.00 51.00 0.00 84.00 93.00 34.00 0.00 0.00 70.00 0.00 0.00 0.00 40.00 27.00 62.00 0.00 48.00 7.00 0.00 0.00 0.00 84.00 95.00 52.00 35.00 60.00 0.00 0.00 0.00 0.00 0.00 22.00 0.00 91.00 5.00 0.00 65.00 0.00 22.00 0.00 15.00 66.00 0.00 44.00 0.00 17.00 89.00 50.00 39.00 0.00 0.00 90.00 0.00 0.00 0.00 0.00 0.00 0.00 0.00 0.00 0.00
42 0.00 0.00 44.00 0.00 0.00 0.00 13.00 0.00 0.00 0.00 81.00 0.00 0.00 81.00 86.00 43.00 0.00 69.00 0.00 0.00 16.00 0.00 0.00 88.00 0.00 0.00 0.00 0.00 89.00 79.00 11.00 0.00 0.00 56.00 43.00 78.00 43.00 0.00 57.00 0.00 0.00 84.00 0.00 26.00 69.00 0.00 22.00 0.00 0.00 0.00 4.00 15.00 0.00 0.00 0.00 6.00 91.00 0.00 81.00 17.00 73.00 0.00 43.00 86.00 0.00 12.00 84.00 0.00 0.00 99.00 67.00 65.00 0.00 65.00 91.00 45.00 80.00 93.00 0.00 0.00 76.00 1.00 37.00 0.00 0.00 98.00 87.00 48.00 0.00 39.00 10.00 0.00 41.00 0.00 0.00 0.00 0.00 78.00 75.00 0.00
43 0.00 35.00 0.00 0.00 31.00 85.00 0.00 83.00 0.00 0.00 8.00 0.00 19.00 0.00 97.00 0.00 1.00 0.00 15.00 52.00 0.00 0.00 0.00 77.00 98.00 80.00 35.00 0.00 71.00 79.00 1.00 5.00 89.00 0.00 88.00 0.00 0.00 0.00 0.00 79.00 44.00 93.00 26.00 0.00 0.00 17.00 0.00 0.00 0.00 0.00 0.00 5.00 0.00 6.00 0.00 23.00 0.00 0.00 84.00 53.00 0.00 57.00 0.00 75.00 58.00 61.00 0.00 65.00 69.00 71.00 0.00 0.00 0.00 0.00 16.00 57.00 0.00 64.00 0.00 0.00 0.00 1.00 0.00 70.00 45.00 0.00 0.00 47.00 0.00 14.00 0.00 0.00 0.00 0.00 0.00 21.00 94.00 0.00 5.00 92.00
44 0.00 0.00 56.00 50.00 48.00 0.00 10.00 34.00 8.00 0.00 0.00 18.00 0.00 55.00 51.00 93.00 0.00 0.00 86.00 29.00 17.00 98.00 23.00 36.00 0.00 31.00 0.00 0.00 0.00 34.00 11.00 70.00 0.00 15.00 23.00 62.00 77.00 0.00 0.00 62.00 0.00 34.00 69.00 0.00 0.00 0.00 73.00 0.00 0.00 0.00 0.00 0.00 0.00 34.00 35.00 23.00 0.00 16.00 0.00 0.00 0.00 0.00 100.00 25.00 0.00 13.00 44.00 10.00 57.00 0.00 87.00 0.00 0.00 0.00 0.00 0.00 84.00 0.00 0.00 74.00 0.00 0.00 80.00 81.00 0.00 93.00 0.00 0.00 0.00 96.00 0.00 61.00 30.00 0.00 70.00 20.00 39.00 15.00 97.00 55.00
45 0.00 56.00 0.00 0.00 56.00 0.00 37.00 0.00 88.00 0.00 0.00 36.00 0.00 61.00 0.00 0.00 0.00 44.00 12.00 3.00 0.00 0.00 0.00 88.00 79.00 0.00 0.00 28.00 98.00 30.00 71.00 88.00 0.00 77.00 81.00 0.00 38.00 0.00 0.00 0.00 41.00 0.00 0.00 17.00 0.00 0.00 0.00 0.00 82.00 32.00 85.00 0.00 0.00 0.00 0.00 40.00 0.00 0.00 0.00 79.00 70.00 0.00 60.00 0.00 6.00 0.00 44.00 30.00 73.00 0.00 0.00 16.00 56.00 0.00 0.00 0.00 0.00 37.00 94.00 0.00 0.00 0.00 6.00 0.00 0.00 48.00 0.00 71.00 0.00 0.00 0.00 26.00 89.00 0.00 93.00 0.00 28.00 0.00 27.00 14.00
46 8.00 7.00 0.00 39.00 95.00 26.00 94.00 0.00 56.00 0.00 0.00 0.00 0.00 0.00 31.00 48.00 0.00 65.00 0.00 46.00 0.00 69.00 16.00 100.00 0.00 12.00 25.00 0.00 4.00 0.00 38.00 0.00 0.00 0.00 53.00 0.00 0.00 0.00 0.00 0.00 0.00 0.00 22.00 0.00 73.00 0.00 0.00 61.00 0.00 0.00 74.00 39.00 0.00 0.00 0.00 44.00 24.00 0.00 0.00 72.00 0.00 0.00 48.00 76.00 0.00 53.00 48.00 0.00 56.00 0.00 0.00 0.00 47.00 0.00 0.00 0.00 0.00 28.00 81.00 56.00 0.00 0.00 0.00 17.00 80.00 95.00 68.00 0.00 0.00 72.00 28.00 0.00 91.00 0.00 40.00 0.00 66.00 80.00 66.00 0.00
47 0.00 0.00 0.00 0.00 0.00 0.00 95.00 0.00 43.00 0.00 0.00 0.00 0.00 0.00 0.00 0.00 50.00 7.00 47.00 80.00 25.00 8.00 0.00 0.00 54.00 0.00 6.00 98.00 5.00 9.00 0.00 0.00 0.00 56.00 0.00 99.00 23.00 94.00 0.00 85.00 0.00 70.00 0.00 0.00 0.00 0.00 61.00 0.00 0.00 0.00 40.00 94.00 0.00 95.00 0.00 82.00 0.00 65.00 79.00 53.00 0.00 3.00 63.00 36.00 0.00 0.00 86.00 42.00 0.00 0.00 0.00 0.00 4.00 25.00 0.00 0.00 12.00 0.00 0.00 0.00 41.00 0.00 37.00 10.00 0.00 95.00 79.00 0.00 0.00 0.00 49.00 23.00 0.00 0.00 0.00 0.00 0.00 36.00 0.00 0.00
48 0.00 28.00 86.00 1.00 0.00 0.00 0.00 71.00 0.00 0.00 34.00 0.00 92.00 68.00 0.00 0.00 0.00 33.00 0.00 32.00 59.00 0.00 51.00 0.00 31.00 86.00 0.00 11.00 21.00 75.00 0.00 0.00 0.00 72.00 0.00 29.00 0.00 0.00 27.00 7.00 0.00 0.00 0.00 0.00 0.00 82.00 0.00 0.00 0.00 11.00 0.00 0.00 0.00 14.00 82.00 6.00 73.00 0.00 0.00 0.00 72.00 95.00 25.00 28.00 78.00 92.00 0.00 29.00 43.00 14.00 0.00 0.00 52.00 0.00 27.00 0.00 0.00 0.00 8.00 4.00 11.00 0.00 0.00 51.00 0.00 41.00 0.00 95.00 0.00 25.00 0.00 59.00 0.00 0.00 62.00 30.00 85.00 33.00 0.00 48.00
49 5.00 0.00 0.00 88.00 77.00 0.00 0.00 0.00 0.00 12.00 85.00 0.00 98.00 0.00 0.00 64.00 77.00 0.00 3.00 0.00 0.00 72.00 70.00 0.00 59.00 7.00 92.00 0.00 53.00 0.00 14.00 2.00 5.00 0.00 0.00 76.00 0.00 72.00 0.00 82.00 0.00 0.00 0.00 0.00 0.00 32.00 0.00 0.00 11.00 0.00 0.00 71.00 55.00 0.00 100.00 0.00 0.00 0.00 72.00 64.00 74.00 4.00 78.00 85.00 69.00 47.00 1.00 0.00 0.00 0.00 92.00 60.00 35.00 0.00 87.00 57.00 90.00 66.00 59.00 83.00 0.00 83.00 23.00 97.00 0.00 0.00 8.00 0.00 0.00 78.00 0.00 0.00 89.00 0.00 50.00 0.00 0.00 61.00 0.00 95.00
50 32.00 0.00 8.00 0.00 0.00 32.00 67.00 84.00 57.00 0.00 47.00 0.00 0.00 0.00 77.00 0.00 0.00 0.00 96.00 0.00 0.00 0.00 43.00 93.00 0.00 96.00 0.00 35.00 0.00 0.00 0.00 0.00 0.00 45.00 1.00 34.00 0.00 92.00 0.00 0.00 0.00 0.00 4.00 0.00 0.00 85.00 74.00 40.00 0.00 0.00 0.00 0.00 10.00 13.00 57.00 0.00 0.00 0.00 99.00 85.00 87.00 49.00 0.00 91.00 0.00 63.00 28.00 0.00 0.00 82.00 55.00 0.00 49.00 63.00 33.00 0.00 0.00 88.00 61.00 0.00 0.00 0.00 82.00 0.00 0.00 0.00 0.00 0.00 0.00 2.00 0.00 36.00 29.00 100.00 0.00 0.00 8.00 0.00 0.00 59.00
51 0.00 0.00 6.00 58.00 0.00 75.00 9.00 98.00 0.00 0.00 0.00 0.00 56.00 0.00 0.00 10.00 3.00 92.00 0.00 0.00 20.00 0.00 0.00 14.00 0.00 0.00 0.00 6.00 5.00 18.00 0.00 0.00 31.00 0.00 0.00 62.00 0.00 0.00 82.00 93.00 0.00 40.00 15.00 5.00 0.00 0.00 39.00 94.00 0.00 71.00 0.00 0.00 78.00 28.00 0.00 0.00 82.00 26.00 34.00 75.00 35.00 96.00 0.00 0.00 14.00 97.00 32.00 73.00 61.00 9.00 0.00 36.00 0.00 67.00 0.00 0.00 78.00 26.00 0.00 22.00 17.00 0.00 60.00 35.00 0.00 3.00 0.00 0.00 47.00 38.00 32.00 73.00 45.00 94.00 0.00 44.00 0.00 0.00 0.00 0.00
52 0.00 0.00 91.00 0.00 0.00 0.00 36.00 27.00 0.00 16.00 0.00 0.00 0.00 0.00 16.00 0.00 48.00 0.00 65.00 36.00 0.00 0.00 2.00 0.00 0.00 40.00 0.00 0.00 0.00 0.00 98.00 0.00 64.00 40.00 0.00 0.00 0.00 23.00 0.00 0.00 0.00 27.00 0.00 0.00 0.00 0.00 0.00 0.00 0.00 55.00 10.00 78.00 0.00 0.00 0.00 87.00 46.00 13.00 40.00 95.00 49.00 0.00 0.00 8.00 75.00 0.00 0.00 96.00 2.00 81.00 38.00 13.00 0.00 84.00 0.00 0.00 0.00 63.00 26.00 0.00 0.00 0.00 81.00 1.00 24.00 0.00 38.00 0.00 0.00 71.00 0.00 10.00 3.00 0.00 88.00 0.00 33.00 0.00 0.00 0.00
53 0.00 0.00 0.00 49.00 54.00 0.00 0.00 0.00 31.00 0.00 0.00 0.00 58.00 62.00 53.00 0.00 51.00 0.00 0.00 7.00 48.00 64.00 44.00 0.00 0.00 0.00 0.00 0.00 32.00 0.00 100.00 0.00 39.00 9.00 0.00 17.00 0.00 0.00 61.00 0.00 0.00 62.00 0.00 6.00 34.00 0.00 0.00 95.00 14.00 0.00 13.00 28.00 0.00 0.00 73.00 32.00 78.00 62.00 89.00 0.00 83.00 26.00 24.00 0.00 0.00 93.00 0.00 0.00 70.00 87.00 38.00 0.00 0.00 0.00 0.00 42.00 99.00 0.00 0.00 0.00 76.00 49.00 26.00 0.00 45.00 46.00 0.00 39.00 0.00 68.00 0.00 91.00 93.00 15.00 0.00 7.00 56.00 57.00 0.00 0.00
54 0.00 27.00 86.00 7.00 0.00 0.00 58.00 0.00 60.00 0.00 71.00 98.00 67.00 46.00 0.00 0.00 74.00 0.00 0.00 67.00 69.00 0.00 0.00 0.00 0.00 0.00 0.00 0.00 0.00 42.00 94.00 0.00 28.00 0.00 21.00 0.00 19.00 96.00 86.00 0.00 0.00 0.00 0.00 0.00 35.00 0.00 0.00 0.00 82.00 100.00 57.00 0.00 0.00 73.00 0.00 82.00 58.00 0.00 0.00 0.00 0.00 93.00 0.00 10.00 35.00 38.00 0.00 0.00 0.00 55.00 95.00 21.00 75.00 48.00 90.00 26.00 63.00 78.00 69.00 51.00 0.00 63.00 0.00 0.00 93.00 35.00 56.00 0.00 4.00 12.00 0.00 96.00 20.00 0.00 0.00 2.00 5.00 0.00 0.00 0.00
55 0.00 88.00 0.00 83.00 74.00 0.00 28.00 67.00 0.00 0.00 34.00 0.00 0.00 58.00 60.00 0.00 0.00 0.00 80.00 0.00 0.00 1.00 0.00 0.00 75.00 41.00 0.00 69.00 1.00 42.00 20.00 0.00 0.00 96.00 0.00 0.00 9.00 39.00 0.00 0.00 62.00 48.00 6.00 23.00 23.00 40.00 44.00 82.00 6.00 0.00 0.00 0.00 87.00 32.00 82.00 0.00 18.00 19.00 92.00 0.00 0.00 92.00 30.00 0.00 0.00 53.00 100.00 69.00 11.00 33.00 74.00 97.00 56.00 5.00 0.00 0.00 0.00 53.00 0.00 65.00 95.00 64.00 15.00 84.00 0.00 0.00 93.00 0.00 0.00 82.00 1.00 85.00 0.00 89.00 0.00 91.00 0.00 9.00 80.00 16.00
56 0.00 78.00 9.00 0.00 29.00 5.00 0.00 18.00 42.00 80.00 77.00 0.00 21.00 89.00 0.00 99.00 8.00 0.00 83.00 93.00 98.00 0.00 0.00 0.00 83.00 74.00 0.00 30.00 0.00 39.00 94.00 0.00 77.00 0.00 0.00 0.00 0.00 0.00 0.00 0.00 43.00 7.00 91.00 0.00 0.00 0.00 24.00 0.00 73.00 0.00 0.00 82.00 46.00 78.00 58.00 18.00 0.00 19.00 0.00 0.00 56.00 9.00 84.00 9.00 0.00 1.00 0.00 0.00 0.00 70.00 36.00 66.00 79.00 0.00 1.00 59.00 57.00 0.00 0.00 84.00 5.00 0.00 65.00 2.00 20.00 0.00 33.00 0.00 7.00 0.00 0.00 26.00 60.00 0.00 35.00 0.00 15.00 37.00 0.00 89.00
57 0.00 9.00 9.00 18.00 75.00 7.00 57.00 54.00 87.00 10.00 99.00 71.00 49.00 0.00 82.00 0.00 0.00 0.00 0.00 0.00 38.00 51.00 49.00 0.00 0.00 0.00 24.00 0.00 23.00 86.00 0.00 34.00 0.00 25.00 10.00 0.00 0.00 0.00 12.00 0.00 0.00 0.00 0.00 0.00 16.00 0.00 0.00 65.00 0.00 0.00 0.00 26.00 13.00 62.00 0.00 19.00 19.00 0.00 12.00 79.00 0.00 0.00 47.00 27.00 0.00 95.00 0.00 11.00 0.00 0.00 0.00 46.00 0.00 0.00 85.00 0.00 0.00 0.00 79.00 0.00 98.00 0.00 0.00 0.00 21.00 64.00 67.00 0.00 0.00 0.00 0.00 0.00 0.00 0.00 0.00 79.00 81.00 0.00 59.00 0.00
58 2.00 0.00 0.00 0.00 38.00 69.00 0.00 0.00 41.00 0.00 26.00 0.00 0.00 0.00 0.00 3.00 70.00 0.00 49.00 0.00 0.00 0.00 17.00 27.00 91.00 2.00 77.00 0.00 63.00 36.00 59.00 0.00 0.00 0.00 0.00 0.00 81.00 0.00 0.00 57.00 12.00 0.00 81.00 84.00 0.00 0.00 0.00 79.00 0.00 72.00 99.00 34.00 40.00 89.00 0.00 92.00 0.00 12.00 0.00 84.00 0.00 100.00 0.00 0.00 0.00 45.00 0.00 0.00 77.00 6.00 49.00 0.00 0.00 33.00 0.00 46.00 0.00 0.00 0.00 42.00 0.00 61.00 7.00 13.00 11.00 0.00 0.00 0.00 37.00 83.00 47.00 0.00 57.00 0.00 0.00 0.00 42.00 53.00 0.00 16.00
59 10.00 100.00 73.00 0.00 0.00 5.00 0.00 43.00 0.00 0.00 11.00 0.00 1.00 0.00 31.00 52.00 14.00 0.00 56.00 3.00 0.00 31.00 2.00 76.00 0.00 74.00 0.00 61.00 83.00 59.00 0.00 68.00 70.00 54.00 30.00 0.00 0.00 0.00 0.00 0.00 81.00 0.00 17.00 53.00 0.00 79.00 72.00 53.00 0.00 64.00 85.00 75.00 95.00 0.00 0.00 0.00 0.00 79.00 84.00 0.00 0.00 36.00 87.00 0.00 69.00 79.00 96.00 6.00 20.00 0.00 2.00 27.00 62.00 23.00 0.00 50.00 69.00 0.00 0.00 84.00 0.00 82.00 54.00 93.00 0.00 54.00 0.00 0.00 0.00 6.00 0.00 0.00 43.00 0.00 0.00 80.00 0.00 0.00 1.00 33.00
60 0.00 49.00 0.00 0.00 0.00 0.00 90.00 19.00 0.00 0.00 33.00 43.00 0.00 0.00 0.00 89.00 0.00 49.00 55.00 0.00 81.00 0.00 28.00 0.00 35.00 20.00 0.00 19.00 84.00 43.00 0.00 0.00 90.00 0.00 0.00 0.00 29.00 0.00 0.00 0.00 0.00 84.00 73.00 0.00 0.00 70.00 0.00 0.00 72.00 74.00 87.00 35.00 49.00 83.00 0.00 0.00 56.00 0.00 0.00 0.00 0.00 0.00 62.00 0.00 18.00 40.00 82.00 0.00 0.00 26.00 40.00 40.00 0.00 0.00 41.00 51.00 0.00 0.00 0.00 76.00 38.00 46.00 14.00 54.00 0.00 0.00 0.00 68.00 73.00 0.00 70.00 94.00 0.00 0.00 52.00 37.00 0.00 0.00 0.00 43.00
61 10.00 0.00 27.00 69.00 85.00 0.00 0.00 0.00 24.00 37.00 0.00 97.00 0.00 0.00 0.00 0.00 0.00 0.00 0.00 62.00 42.00 0.00 41.00 76.00 0.00 45.00 0.00 0.00 0.00 0.00 21.00 0.00 0.00 83.00 0.00 0.00 0.00 0.00 0.00 0.00 0.00 95.00 0.00 57.00 0.00 0.00 0.00 3.00 95.00 4.00 49.00 96.00 0.00 26.00 93.00 92.00 9.00 0.00 100.00 36.00 0.00 0.00 14.00 27.00 0.00 44.00 17.00 0.00 53.00 48.00 71.00 0.00 0.00 5.00 54.00 0.00 45.00 0.00 4.00 0.00 7.00 100.00 0.00 0.00 92.00 0.00 90.00 6.00 0.00 0.00 79.00 15.00 0.00 90.00 81.00 50.00 0.00 55.00 75.00 0.00
62 0.00 81.00 0.00 17.00 0.00 0.00 77.00 0.00 0.00 0.00 50.00 3.00 0.00 33.00 0.00 0.00 0.00 11.00 0.00 0.00 17.00 43.00 2.00 0.00 86.00 62.00 60.00 52.00 0.00 92.00 47.00 0.00 83.00 87.00 0.00 66.00 0.00 0.00 19.00 0.00 30.00 52.00 43.00 0.00 100.00 60.00 48.00 63.00 25.00 78.00 0.00 0.00 0.00 24.00 0.00 30.00 84.00 47.00 0.00 87.00 62.00 14.00 0.00 20.00 99.00 0.00 0.00 96.00 0.00 0.00 10.00 45.00 27.00 98.00 43.00 0.00 41.00 77.00 0.00 96.00 79.00 89.00 34.00 0.00 0.00 0.00 95.00 0.00 33.00 47.00 91.00 81.00 0.00 10.00 98.00 0.00 57.00 14.00 1.00 0.00
63 0.00 97.00 0.00 0.00 0.00 0.00 0.00 49.00 57.00 52.00 0.00 35.00 0.00 0.00 38.00 27.00 0.00 0.00 81.00 0.00 64.00 77.00 98.00 0.00 47.00 0.00 74.00 8.00 20.00 100.00 21.00 0.00 82.00 43.00 0.00 0.00 8.00 88.00 87.00 17.00 12.00 35.00 86.00 75.00 25.00 0.00 76.00 36.00 28.00 85.00 91.00 0.00 8.00 0.00 10.00 0.00 9.00 27.00 0.00 0.00 0.00 27.00 20.00 0.00 0.00 58.00 86.00 86.00 68.00 52.00 0.00 66.00 60.00 0.00 0.00 0.00 80.00 94.00 0.00 0.00 0.00 0.00 19.00 0.00 0.00 0.00 0.00 86.00 75.00 87.00 37.00 0.00 0.00 0.00 62.00 0.00 17.00 10.00 0.00 0.00
64 59.00 0.00 0.00 90.00 0.00 28.00 68.00 75.00 0.00 0.00 0.00 71.00 0.00 0.00 70.00 0.00 0.00 0.00 0.00 0.00 17.00 0.00 32.00 0.00 0.00 5.00 73.00 53.00 0.00 70.00 0.00 0.00 72.00 0.00 0.00 0.00 0.00 92.00 0.00 0.00 0.00 60.00 0.00 58.00 0.00 6.00 0.00 0.00 78.00 69.00 0.00 14.00 75.00 0.00 35.00 0.00 0.00 0.00 0.00 69.00 18.00 0.00 99.00 0.00 0.00 43.00 0.00 30.00 17.00 46.00 3.00 0.00 0.00 0.00 15.00 0.00 0.00 0.00 0.00 65.00 48.00 86.00 0.00 0.00 38.00 0.00 60.00 83.00 0.00 88.00 0.00 0.00 0.00 54.00 0.00 100.00 0.00 0.00 98.00 63.00
65 0.00 70.00 60.00 0.00 63.00 42.00 0.00 0.00 2.00 0.00 0.00 0.00 61.00 0.00 33.00 24.00 0.00 70.00 79.00 28.00 78.00 94.00 40.00 37.00 51.00 0.00 0.00 93.00 64.00 0.00 71.00 44.00 0.00 60.00 0.00 25.00 44.00 0.00 0.00 76.00 0.00 0.00 12.00 61.00 13.00 0.00 53.00 0.00 92.00 47.00 63.00 97.00 0.00 93.00 38.00 53.00 1.00 95.00 45.00 79.00 40.00 44.00 0.00 58.00 43.00 0.00 0.00 33.00 84.00 83.00 0.00 59.00 0.00 7.00 70.00 79.00 43.00 0.00 0.00 79.00 94.00 58.00 63.00 16.00 0.00 0.00 0.00 47.00 94.00 0.00 87.00 43.00 80.00 51.00 0.00 0.00 0.00 82.00 72.00 0.00
66 0.00 12.00 50.00 63.00 3.00 0.00 35.00 47.00 32.00 13.00 0.00 43.00 65.00 0.00 4.00 0.00 46.00 18.00 0.00 0.00 84.00 0.00 0.00 91.00 0.00 0.00 86.00 0.00 0.00 0.00 2.00 50.00 34.00 0.00 8.00 24.00 0.00 0.00 95.00 0.00 0.00 0.00 84.00 0.00 44.00 44.00 48.00 86.00 0.00 1.00 28.00 32.00 0.00 0.00 0.00 100.00 0.00 0.00 0.00 96.00 82.00 17.00 0.00 86.00 0.00 0.00 0.00 54.00 0.00 0.00 2.00 0.00 0.00 0.00 0.00 28.00 96.00 0.00 81.00 0.00 0.00 51.00 64.00 0.00 2.00 60.00 87.00 26.00 0.00 2.00 0.00 0.00 75.00 25.00 49.00 34.00 0.00 86.00 0.00 0.00
67 88.00 21.00 4.00 89.00 22.00 0.00 0.00 62.00 47.00 0.00 0.00 55.00 0.00 0.00 27.00 0.00 0.00 0.00 39.00 4.00 0.00 0.00 63.00 0.00 0.00 24.00 31.00 0.00 0.00 4.00 0.00 0.00 50.00 14.00 76.00 73.00 99.00 0.00 0.00 94.00 0.00 0.00 0.00 65.00 10.00 30.00 0.00 42.00 29.00 0.00 0.00 73.00 96.00 0.00 0.00 69.00 0.00 11.00 0.00 6.00 0.00 0.00 96.00 86.00 30.00 33.00 54.00 0.00 4.00 0.00 22.00 46.00 0.00 0.00 0.00 62.00 0.00 85.00 78.00 66.00 52.00 0.00 66.00 0.00 0.00 39.00 48.00 0.00 0.00 0.00 71.00 69.00 18.00 63.00 0.00 35.00 7.00 52.00 13.00 83.00
68 0.00 0.00 0.00 46.00 50.00 7.00 21.00 72.00 56.00 0.00 0.00 0.00 0.00 93.00 0.00 0.00 4.00 20.00 0.00 0.00 0.00 0.00 100.00 0.00 0.00 59.00 80.00 0.00 18.00 0.00 0.00 0.00 70.00 0.00 0.00 10.00 61.00 35.00 77.00 46.00 0.00 0.00 0.00 69.00 57.00 73.00 56.00 0.00 43.00 0.00 0.00 61.00 2.00 70.00 0.00 11.00 0.00 0.00 77.00 20.00 0.00 53.00 0.00 68.00 17.00 84.00 0.00 4.00 0.00 43.00 75.00 13.00 0.00 0.00 64.00 0.00 0.00 0.00 0.00 43.00 20.00 0.00 0.00 0.00 0.00 61.00 0.00 0.00 36.00 5.00 52.00 0.00 37.00 34.00 0.00 75.00 62.00 72.00 8.00 0.00
69 12.00 100.00 100.00 0.00 25.00 73.00 43.00 40.00 28.00 54.00 66.00 0.00 2.00 0.00 0.00 19.00 0.00 0.00 0.00 0.00 14.00 0.00 0.00 0.00 43.00 18.00 0.00 69.00 0.00 0.00 49.00 0.00 56.00 99.00 0.00 0.00 0.00 0.00 0.00 7.00 31.00 0.00 99.00 71.00 0.00 0.00 0.00 0.00 14.00 0.00 82.00 9.00 81.00 87.00 55.00 33.00 70.00 0.00 6.00 0.00 26.00 48.00 0.00 52.00 46.00 83.00 0.00 0.00 43.00 0.00 0.00 0.00 9.00 31.00 0.00 0.00 0.00 0.00 92.00 0.00 0.00 43.00 0.00 0.00 0.00 0.00 65.00 0.00 0.00 51.00 52.00 42.00 94.00 0.00 69.00 85.00 0.00 0.00 62.00 0.00
70 0.00 0.00 0.00 0.00 72.00 0.00 33.00 31.00 24.00 18.00 0.00 81.00 15.00 0.00 0.00 0.00 0.00 33.00 25.00 10.00 0.00 14.00 0.00 87.00 44.00 18.00 48.00 78.00 45.00 0.00 4.00 0.00 41.00 0.00 0.00 65.00 0.00 91.00 0.00 0.00 81.00 22.00 67.00 0.00 87.00 0.00 0.00 0.00 0.00 92.00 55.00 0.00 38.00 38.00 95.00 74.00 36.00 0.00 49.00 2.00 40.00 71.00 10.00 0.00 3.00 0.00 2.00 22.00 75.00 0.00 0.00 0.00 0.00 85.00 0.00 0.00 11.00 0.00 58.00 79.00 33.00 0.00 80.00 0.00 0.00 0.00 0.00 0.00 0.00 0.00 75.00 0.00 0.00 39.00 0.00 40.00 45.00 0.00 4.00 0.00
71 70.00 0.00 100.00 0.00 0.00 13.00 0.00 0.00 0.00 45.00 75.00 49.00 30.00 35.00 45.00 86.00 74.00 72.00 47.00 85.00 0.00 93.00 31.00 32.00 21.00 0.00 29.00 0.00 45.00 62.00 0.00 54.00 52.00 0.00 54.00 85.00 0.00 0.00 0.00 50.00 0.00 0.00 65.00 0.00 0.00 16.00 0.00 0.00 0.00 60.00 0.00 36.00 13.00 0.00 21.00 97.00 66.00 46.00 0.00 27.00 40.00 0.00 45.00 66.00 0.00 59.00 0.00 46.00 13.00 0.00 0.00 0.00 0.00 26.00 0.00 0.00 0.00 0.00 0.00 91.00 0.00 94.00 84.00 0.00 0.00 0.00 7.00 81.00 34.00 18.00 21.00 0.00 0.00 0.00 37.00 10.00 0.00 0.00 65.00 0.00
72 0.00 0.00 0.00 0.00 31.00 66.00 15.00 26.00 0.00 0.00 0.00 0.00 0.00 0.00 83.00 0.00 94.00 43.00 0.00 0.00 0.00 78.00 0.00 11.00 0.00 0.00 0.00 54.00 7.00 15.00 0.00 0.00 0.00 48.00 0.00 0.00 0.00 69.00 0.00 0.00 0.00 91.00 0.00 0.00 0.00 56.00 47.00 4.00 52.00 35.00 49.00 0.00 0.00 0.00 75.00 56.00 79.00 0.00 0.00 62.00 0.00 0.00 27.00 60.00 0.00 0.00 0.00 0.00 0.00 9.00 0.00 0.00 0.00 0.00 35.00 0.00 70.00 0.00 28.00 0.00 0.00 0.00 0.00 0.00 9.00 0.00 0.00 0.00 0.00 0.00 56.00 0.00 0.00 94.00 35.00 18.00 0.00 93.00 71.00 0.00
73 0.00 0.00 35.00 31.00 56.00 50.00 85.00 0.00 32.00 0.00 22.00 12.00 0.00 0.00 0.00 35.00 0.00 98.00 0.00 66.00 0.00 0.00 13.00 0.00 0.00 29.00 87.00 90.00 0.00 91.00 89.00 75.00 0.00 0.00 0.00 0.00 100.00 55.00 0.00 95.00 84.00 5.00 65.00 0.00 0.00 0.00 0.00 25.00 0.00 0.00 63.00 67.00 84.00 0.00 48.00 5.00 0.00 0.00 33.00 23.00 0.00 5.00 98.00 0.00 0.00 7.00 0.00 0.00 0.00 31.00 85.00 26.00 0.00 0.00 0.00 0.00 0.00 68.00 0.00 58.00 0.00 0.00 10.00 99.00 0.00 73.00 0.00 19.00 12.00 19.00 56.00 0.00 0.00 0.00 0.00 34.00 85.00 0.00 81.00 0.00
74 0.00 72.00 31.00 0.00 0.00 0.00 0.00 0.00 74.00 96.00 0.00 42.00 0.00 98.00 0.00 0.00 51.00 53.00 0.00 0.00 0.00 34.00 0.00 32.00 78.00 0.00 98.00 17.00 52.00 0.00 0.00 54.00 2.00 96.00 0.00 0.00 88.00 3.00 9.00 34.00 0.00 0.00 91.00 16.00 0.00 0.00 0.00 0.00 27.00 87.00 33.00 0.00 0.00 0.00 90.00 0.00 1.00 85.00 0.00 0.00 41.00 54.00 43.00 0.00 15.00 70.00 0.00 0.00 64.00 0.00 0.00 0.00 35.00 0.00 0.00 0.00 0.00 0.00 29.00 0.00 40.00 38.00 53.00 54.00 0.00 0.00 79.00 0.00 0.00 0.00 0.00 34.00 0.00 0.00 14.00 50.00 63.00 0.00 0.00 51.00
75 38.00 0.00 44.00 74.00 74.00 0.00 84.00 72.00 65.00 0.00 47.00 0.00 0.00 48.00 16.00 0.00 57.00 100.00 0.00 59.00 0.00 74.00 97.00 5.00 0.00 28.00 72.00 93.00 0.00 84.00 0.00 0.00 55.00 92.00 0.00 25.00 66.00 0.00 0.00 0.00 18.00 65.00 45.00 57.00 0.00 0.00 0.00 0.00 0.00 57.00 0.00 0.00 0.00 42.00 26.00 0.00 59.00 0.00 46.00 50.00 51.00 0.00 0.00 0.00 0.00 79.00 28.00 62.00 0.00 0.00 0.00 0.00 0.00 0.00 0.00 0.00 93.00 93.00 0.00 0.00 89.00 48.00 0.00 68.00 93.00 0.00 55.00 0.00 14.00 0.00 2.00 68.00 21.00 95.00 0.00 98.00 30.00 0.00 0.00 78.00
76 0.00 0.00 0.00 48.00 49.00 14.00 0.00 17.00 69.00 0.00 0.00 0.00 91.00 0.00 16.00 8.00 0.00 0.00 85.00 0.00 0.00 19.00 85.00 12.00 29.00 90.00 0.00 0.00 0.00 20.00 95.00 33.00 55.00 30.00 70.00 0.00 83.00 46.00 65.00 51.00 0.00 0.00 80.00 0.00 84.00 0.00 0.00 12.00 0.00 90.00 0.00 78.00 0.00 99.00 63.00 0.00 57.00 0.00 0.00 69.00 0.00 45.00 41.00 80.00 0.00 43.00 96.00 0.00 0.00 0.00 11.00 0.00 70.00 0.00 0.00 93.00 0.00 0.00 0.00 82.00 0.00 26.00 47.00 0.00 0.00 69.00 41.00 3.00 55.00 0.00 75.00 0.00 0.00 28.00 52.00 96.00 36.00 2.00 0.00 0.00
77 0.00 62.00 0.00 0.00 82.00 2.00 29.00 10.00 0.00 24.00 43.00 46.00 85.00 0.00 0.00 0.00 26.00 0.00 0.00 0.00 0.00 0.00 0.00 44.00 0.00 59.00 0.00 40.00 0.00 0.00 0.00 0.00 36.00 0.00 57.00 61.00 0.00 0.00 0.00 7.00 0.00 22.00 93.00 64.00 0.00 37.00 28.00 0.00 0.00 66.00 88.00 26.00 63.00 0.00 78.00 53.00 0.00 0.00 0.00 0.00 0.00 0.00 77.00 94.00 0.00 0.00 0.00 85.00 0.00 0.00 0.00 0.00 0.00 68.00 0.00 93.00 0.00 0.00 50.00 0.00 0.00 0.00 38.00 0.00 0.00 0.00 0.00 0.00 0.00 0.00 61.00 67.00 0.00 0.00 43.00 0.00 0.00 22.00 0.00 74.00
78 89.00 0.00 0.00 0.00 0.00 77.00 0.00 0.00 19.00 60.00 0.00 30.00 86.00 85.00 0.00 0.00 88.00 0.00 27.00 0.00 28.00 0.00 40.00 59.00 0.00 0.00 0.00 0.00 49.00 0.00 19.00 0.00 0.00 28.00 0.00 83.00 67.00 13.00 0.00 10.00 0.00 0.00 0.00 0.00 0.00 94.00 81.00 0.00 8.00 59.00 61.00 0.00 26.00 0.00 69.00 0.00 0.00 79.00 0.00 0.00 0.00 4.00 0.00 0.00 0.00 0.00 81.00 78.00 0.00 92.00 58.00 0.00 28.00 0.00 29.00 0.00 0.00 50.00 0.00 0.00 0.00 80.00 0.00 3.00 29.00 0.00 100.00 64.00 0.00 19.00 81.00 0.00 26.00 28.00 0.00 51.00 0.00 0.00 62.00 67.00
79 45.00 93.00 51.00 69.00 0.00 54.00 51.00 10.00 64.00 0.00 94.00 0.00 0.00 76.00 4.00 8.00 0.00 0.00 3.00 0.00 0.00 83.00 0.00 87.00 92.00 48.00 82.00 0.00 83.00 65.00 21.00 30.00 84.00 0.00 0.00 64.00 0.00 58.00 0.00 0.00 27.00 15.00 0.00 0.00 74.00 0.00 56.00 0.00 4.00 83.00 0.00 22.00 0.00 0.00 51.00 65.00 84.00 0.00 42.00 84.00 76.00 0.00 96.00 0.00 65.00 79.00 0.00 66.00 43.00 0.00 79.00 91.00 0.00 58.00 0.00 0.00 82.00 0.00 0.00 0.00 0.00 61.00 19.00 0.00 0.00 4.00 61.00 58.00 0.00 43.00 5.00 74.00 0.00 0.00 65.00 40.00 0.00 13.00 6.00 69.00
80 85.00 37.00 0.00 0.00 0.00 0.00 36.00 0.00 97.00 0.00 0.00 0.00 0.00 1.00 97.00 17.00 0.00 70.00 0.00 62.00 100.00 0.00 0.00 0.00 56.00 46.00 40.00 0.00 91.00 0.00 0.00 52.00 34.00 0.00 0.00 0.00 0.00 100.00 0.00 41.00 0.00 66.00 76.00 0.00 0.00 0.00 0.00 41.00 11.00 0.00 0.00 17.00 0.00 76.00 0.00 95.00 5.00 98.00 0.00 0.00 38.00 7.00 79.00 0.00 48.00 94.00 0.00 52.00 20.00 0.00 33.00 0.00 0.00 0.00 40.00 89.00 0.00 0.00 0.00 0.00 0.00 56.00 67.00 62.00 0.00 0.00 0.00 0.00 68.00 97.00 0.00 0.00 3.00 0.00 0.00 53.00 21.00 23.00 0.00 26.00
81 0.00 17.00 31.00 86.00 44.00 28.00 10.00 67.00 0.00 17.00 91.00 34.00 0.00 92.00 0.00 85.00 0.00 0.00 0.00 0.00 93.00 0.00 46.00 54.00 0.00 64.00 3.00 48.00 0.00 74.00 0.00 0.00 98.00 0.00 0.00 84.00 0.00 0.00 81.00 95.00 82.00 0.00 1.00 1.00 0.00 0.00 0.00 0.00 0.00 83.00 0.00 0.00 0.00 49.00 63.00 64.00 0.00 0.00 61.00 82.00 46.00 100.00 89.00 0.00 86.00 58.00 51.00 0.00 0.00 43.00 0.00 94.00 0.00 0.00 38.00 48.00 26.00 0.00 80.00 61.00 56.00 0.00 1.00 0.00 0.00 0.00 0.00 0.00 91.00 9.00 0.00 84.00 69.00 63.00 0.00 0.00 79.00 0.00 28.00 0.00
82 2.00 0.00 0.00 0.00 0.00 0.00 84.00 90.00 0.00 0.00 0.00 0.00 32.00 36.00 0.00 17.00 71.00 97.00 0.00 67.00 78.00 0.00 0.00 0.00 0.00 0.00 0.00 0.00 0.00 0.00 0.00 14.00 0.00 0.00 0.00 40.00 0.00 0.00 79.00 0.00 30.00 44.00 37.00 0.00 80.00 6.00 0.00 37.00 0.00 23.00 82.00 60.00 81.00 26.00 0.00 15.00 65.00 0.00 7.00 54.00 14.00 0.00 34.00 19.00 0.00 63.00 64.00 66.00 0.00 0.00 80.00 84.00 0.00 10.00 53.00 0.00 47.00 38.00 0.00 19.00 67.00 1.00 0.00 0.00 31.00 0.00 45.00 60.00 0.00 9.00 0.00 0.00 0.00 0.00 47.00 0.00 0.00 0.00 0.00 97.00
83 0.00 0.00 0.00 53.00 31.00 0.00 32.00 82.00 88.00 0.00 3.00 0.00 16.00 51.00 15.00 91.00 0.00 76.00 30.00 88.00 35.00 94.00 92.00 53.00 42.00 35.00 83.00 24.00 0.00 0.00 82.00 100.00 0.00 79.00 0.00 79.00 0.00 62.00 70.00 0.00 0.00 0.00 0.00 70.00 81.00 0.00 17.00 10.00 51.00 97.00 0.00 35.00 1.00 0.00 0.00 84.00 2.00 0.00 13.00 93.00 54.00 0.00 0.00 0.00 0.00 16.00 0.00 0.00 0.00 0.00 0.00 0.00 0.00 99.00 54.00 68.00 0.00 0.00 3.00 0.00 62.00 0.00 0.00 0.00 83.00 57.00 0.00 0.00 0.00 0.00 96.00 62.00 0.00 19.00 44.00 0.00 0.00 0.00 89.00 0.00
84 0.00 0.00 17.00 86.00 12.00 0.00 0.00 14.00 0.00 0.00 64.00 0.00 0.00 0.00 0.00 0.00 23.00 0.00 53.00 0.00 41.00 17.00 5.00 80.00 44.00 0.00 80.00 23.00 0.00 0.00 0.00 0.00 0.00 0.00 0.00 72.00 0.00 89.00 0.00 24.00 0.00 17.00 0.00 45.00 0.00 0.00 80.00 0.00 0.00 0.00 0.00 0.00 24.00 45.00 93.00 0.00 20.00 21.00 11.00 0.00 0.00 92.00 0.00 0.00 38.00 0.00 2.00 0.00 0.00 0.00 0.00 0.00 9.00 0.00 0.00 93.00 0.00 0.00 29.00 0.00 0.00 0.00 31.00 83.00 0.00 72.00 23.00 34.00 0.00 39.00 0.00 63.00 97.00 0.00 80.00 70.00 0.00 0.00 84.00 0.00
85 74.00 17.00 21.00 0.00 33.00 0.00 36.00 0.00 96.00 82.00 0.00 0.00 0.00 0.00 68.00 89.00 1.00 0.00 18.00 27.00 0.00 85.00 79.00 87.00 0.00 82.00 15.00 0.00 0.00 0.00 0.00 0.00 0.00 73.00 65.00 41.00 77.00 66.00 25.00 21.00 96.00 89.00 98.00 0.00 93.00 48.00 95.00 95.00 41.00 0.00 0.00 3.00 0.00 46.00 35.00 0.00 0.00 64.00 0.00 54.00 0.00 0.00 0.00 0.00 0.00 0.00 60.00 39.00 61.00 0.00 0.00 0.00 0.00 73.00 0.00 0.00 69.00 0.00 0.00 4.00 0.00 0.00 0.00 57.00 72.00 0.00 72.00 0.00 0.00 0.00 0.00 37.00 74.00 12.00 0.00 0.00 0.00 0.00 0.00 75.00
86 68.00 7.00 44.00 0.00 0.00 0.00 19.00 25.00 0.00 96.00 0.00 49.00 7.00 0.00 0.00 0.00 0.00 0.00 0.00 65.00 78.00 60.00 0.00 0.00 8.00 0.00 46.00 67.00 15.00 74.00 63.00 0.00 47.00 0.00 0.00 0.00 0.00 85.00 0.00 0.00 0.00 50.00 87.00 0.00 0.00 0.00 68.00 79.00 0.00 8.00 0.00 0.00 38.00 0.00 56.00 93.00 33.00 67.00 0.00 0.00 0.00 90.00 95.00 0.00 60.00 0.00 87.00 48.00 0.00 65.00 0.00 7.00 0.00 0.00 79.00 55.00 41.00 0.00 100.00 61.00 0.00 0.00 45.00 0.00 23.00 72.00 0.00 0.00 0.00 0.00 0.00 0.00 68.00 49.00 58.00 19.00 94.00 0.00 0.00 72.00
87 88.00 0.00 66.00 77.00 0.00 87.00 0.00 26.00 40.00 0.00 80.00 0.00 0.00 79.00 95.00 7.00 0.00 0.00 0.00 40.00 0.00 0.00 0.00 40.00 98.00 68.00 0.00 0.00 0.00 0.00 0.00 0.00 0.00 0.00 22.00 0.00 50.00 0.00 24.00 0.00 3.00 39.00 48.00 47.00 0.00 71.00 0.00 0.00 95.00 0.00 0.00 0.00 0.00 39.00 0.00 0.00 0.00 0.00 0.00 0.00 68.00 6.00 0.00 86.00 83.00 47.00 26.00 0.00 0.00 0.00 0.00 81.00 0.00 19.00 0.00 0.00 3.00 0.00 64.00 58.00 0.00 0.00 60.00 0.00 34.00 0.00 0.00 0.00 0.00 0.00 84.00 0.00 0.00 0.00 0.00 2.00 66.00 31.00 48.00 0.00
88 90.00 2.00 0.00 0.00 12.00 0.00 89.00 26.00 0.00 0.00 0.00 0.00 0.00 29.00 83.00 0.00 16.00 0.00 90.00 78.00 0.00 80.00 21.00 0.00 53.00 78.00 40.00 20.00 0.00 0.00 0.00 68.00 1.00 0.00 43.00 0.00 28.00 0.00 0.00 80.00 88.00 0.00 0.00 0.00 0.00 0.00 0.00 0.00 0.00 0.00 0.00 47.00 0.00 0.00 4.00 0.00 7.00 0.00 37.00 0.00 73.00 0.00 33.00 75.00 0.00 94.00 0.00 0.00 36.00 0.00 0.00 34.00 0.00 12.00 0.00 14.00 55.00 0.00 0.00 0.00 68.00 91.00 0.00 0.00 0.00 0.00 0.00 0.00 0.00 35.00 7.00 55.00 0.00 0.00 93.00 0.00 0.00 0.00 47.00 15.00
89 22.00 59.00 57.00 45.00 4.00 0.00 60.00 0.00 12.00 85.00 88.00 78.00 0.00 75.00 19.00 0.00 0.00 0.00 0.00 0.00 0.00 16.00 69.00 59.00 0.00 0.00 0.00 70.00 39.00 0.00 0.00 27.00 0.00 0.00 0.00 86.00 50.00 0.00 46.00 32.00 0.00 0.00 39.00 14.00 96.00 0.00 72.00 0.00 25.00 78.00 2.00 38.00 71.00 68.00 12.00 82.00 0.00 0.00 83.00 6.00 0.00 0.00 47.00 87.00 88.00 0.00 2.00 0.00 5.00 51.00 0.00 18.00 0.00 19.00 0.00 0.00 0.00 0.00 19.00 43.00 97.00 9.00 9.00 0.00 39.00 0.00 0.00 0.00 35.00 0.00 0.00 0.00 28.00 0.00 83.00 84.00 78.00 24.00 9.00 0.00
90 0.00 0.00 30.00 48.00 86.00 21.00 0.00 0.00 0.00 0.00 0.00 0.00 0.00 0.00 0.00 0.00 0.00 0.00 98.00 60.00 4.00 26.00 42.00 0.00 0.00 18.00 0.00 0.00 41.00 14.00 29.00 0.00 15.00 99.00 0.00 85.00 64.00 0.00 76.00 0.00 0.00 90.00 10.00 0.00 0.00 0.00 28.00 49.00 0.00 0.00 0.00 32.00 0.00 0.00 0.00 1.00 0.00 0.00 47.00 0.00 70.00 79.00 91.00 37.00 0.00 87.00 0.00 71.00 52.00 52.00 75.00 21.00 56.00 56.00 0.00 2.00 75.00 61.00 81.00 5.00 0.00 0.00 0.00 96.00 0.00 0.00 0.00 84.00 7.00 0.00 0.00 0.00 2.00 0.00 0.00 5.00 0.00 39.00 84.00 82.00
91 0.00 58.00 28.00 14.00 66.00 0.00 0.00 0.00 0.00 0.00 0.00 0.00 64.00 0.00 10.00 0.00 0.00 50.00 89.00 0.00 59.00 34.00 93.00 8.00 0.00 0.00 24.00 50.00 28.00 0.00 0.00 0.00 0.00 18.00 88.00 0.00 0.00 0.00 28.00 0.00 42.00 0.00 0.00 0.00 61.00 26.00 0.00 23.00 59.00 0.00 36.00 73.00 10.00 91.00 96.00 85.00 26.00 0.00 0.00 0.00 94.00 15.00 81.00 0.00 0.00 43.00 0.00 69.00 0.00 42.00 0.00 0.00 0.00 0.00 34.00 68.00 0.00 67.00 0.00 74.00 0.00 84.00 0.00 62.00 63.00 37.00 0.00 0.00 55.00 0.00 0.00 0.00 40.00 29.00 48.00 0.00 0.00 0.00 0.00 0.00
92 0.00 25.00 0.00 82.00 0.00 0.00 0.00 0.00 0.00 0.00 49.00 0.00 22.00 0.00 40.00 93.00 0.00 0.00 78.00 86.00 0.00 0.00 46.00 0.00 0.00 5.00 0.00 32.00 0.00 71.00 0.00 0.00 0.00 18.00 74.00 0.00 0.00 88.00 70.00 21.00 0.00 0.00 41.00 0.00 30.00 89.00 91.00 0.00 0.00 89.00 29.00 45.00 3.00 93.00 20.00 0.00 60.00 0.00 57.00 43.00 0.00 0.00 0.00 0.00 0.00 80.00 75.00 18.00 37.00 94.00 0.00 0.00 0.00 0.00 0.00 21.00 0.00 0.00 26.00 0.00 3.00 69.00 0.00 0.00 97.00 74.00 68.00 0.00 0.00 28.00 2.00 40.00 0.00 38.00 56.00 74.00 69.00 0.00 0.00 55.00
93 23.00 0.00 22.00 0.00 0.00 0.00 59.00 0.00 100.00 35.00 0.00 0.00 90.00 0.00 78.00 0.00 0.00 0.00 0.00 15.00 58.00 90.00 53.00 0.00 52.00 0.00 0.00 29.00 0.00 0.00 0.00 40.00 13.00 95.00 0.00 65.00 0.00 22.00 31.00 0.00 0.00 0.00 0.00 0.00 0.00 0.00 0.00 0.00 0.00 0.00 100.00 94.00 0.00 15.00 0.00 89.00 0.00 0.00 0.00 0.00 0.00 90.00 10.00 0.00 54.00 51.00 25.00 63.00 34.00 0.00 39.00 0.00 94.00 0.00 0.00 95.00 28.00 0.00 28.00 0.00 0.00 63.00 0.00 19.00 0.00 12.00 49.00 0.00 0.00 0.00 0.00 29.00 38.00 0.00 20.00 0.00 0.00 0.00 0.00 25.00
94 100.00 45.00 56.00 0.00 29.00 71.00 0.00 18.00 0.00 0.00 0.00 0.00 96.00 0.00 0.00 42.00 31.00 61.00 31.00 66.00 0.00 62.00 63.00 73.00 85.00 0.00 23.00 3.00 12.00 14.00 63.00 42.00 91.00 0.00 0.00 94.00 0.00 0.00 78.00 0.00 0.00 0.00 0.00 0.00 70.00 93.00 40.00 0.00 62.00 50.00 0.00 0.00 88.00 0.00 0.00 0.00 35.00 0.00 0.00 0.00 52.00 81.00 98.00 62.00 0.00 0.00 49.00 0.00 0.00 69.00 0.00 37.00 35.00 0.00 14.00 0.00 52.00 43.00 0.00 65.00 0.00 0.00 47.00 44.00 80.00 0.00 58.00 0.00 93.00 83.00 0.00 48.00 56.00 20.00 0.00 0.00 49.00 50.00 0.00 0.00
95 0.00 0.00 0.00 0.00 0.00 50.00 3.00 0.00 19.00 0.00 33.00 0.00 0.00 39.00 71.00 0.00 61.00 90.00 0.00 0.00 0.00 0.00 50.00 0.00 72.00 67.00 34.00 12.00 74.00 0.00 0.00 0.00 52.00 0.00 72.00 1.00 0.00 0.00 11.00 18.00 70.00 0.00 0.00 21.00 20.00 0.00 0.00 0.00 30.00 0.00 0.00 44.00 0.00 7.00 2.00 91.00 0.00 79.00 0.00 80.00 37.00 50.00 0.00 0.00 100.00 0.00 34.00 35.00 75.00 85.00 40.00 10.00 18.00 34.00 50.00 98.00 96.00 0.00 51.00 40.00 53.00 0.00 0.00 0.00 70.00 0.00 19.00 2.00 0.00 84.00 5.00 0.00 74.00 0.00 0.00 0.00 60.00 0.00 87.00 5.00
96 97.00 72.00 63.00 37.00 79.00 0.00 0.00 0.00 0.00 0.00 74.00 37.00 0.00 0.00 0.00 50.00 81.00 59.00 0.00 0.00 8.00 36.00 74.00 2.00 0.00 88.00 3.00 0.00 40.00 54.00 0.00 0.00 0.00 49.00 23.00 1.00 0.00 0.00 0.00 0.00 31.00 0.00 0.00 94.00 39.00 28.00 66.00 0.00 85.00 0.00 8.00 0.00 33.00 56.00 5.00 0.00 15.00 81.00 42.00 0.00 0.00 0.00 57.00 17.00 0.00 0.00 0.00 7.00 62.00 0.00 45.00 0.00 0.00 85.00 63.00 30.00 36.00 0.00 0.00 0.00 21.00 79.00 0.00 0.00 0.00 0.00 94.00 66.00 0.00 78.00 0.00 0.00 69.00 0.00 49.00 60.00 0.00 59.00 16.00 0.00
97 0.00 0.00 0.00 39.00 59.00 72.00 1.00 0.00 91.00 4.00 0.00 0.00 32.00 62.00 67.00 91.00 0.00 14.00 0.00 0.00 80.00 0.00 6.00 0.00 20.00 70.00 3.00 25.00 3.00 34.00 27.00 0.00 94.00 0.00 0.00 66.00 15.00 0.00 0.00 56.00 82.00 0.00 78.00 0.00 15.00 0.00 80.00 36.00 33.00 61.00 0.00 0.00 0.00 57.00 0.00 9.00 37.00 0.00 53.00 0.00 0.00 55.00 14.00 10.00 0.00 82.00 86.00 52.00 72.00 0.00 0.00 0.00 93.00 0.00 0.00 0.00 2.00 22.00 0.00 13.00 23.00 0.00 0.00 0.00 0.00 0.00 0.00 31.00 0.00 24.00 39.00 0.00 0.00 0.00 50.00 0.00 59.00 0.00 0.00 0.00
98 0.00 0.00 0.00 26.00 13.00 0.00 0.00 0.00 75.00 16.00 0.00 0.00 3.00 79.00 0.00 44.00 97.00 0.00 25.00 0.00 0.00 0.00 0.00 39.00 0.00 96.00 0.00 0.00 0.00 0.00 50.00 43.00 21.00 22.00 0.00 0.00 10.00 0.00 17.00 87.00 79.00 0.00 75.00 5.00 97.00 27.00 66.00 0.00 0.00 0.00 0.00 0.00 0.00 0.00 0.00 80.00 0.00 59.00 0.00 1.00 0.00 75.00 1.00 0.00 98.00 72.00 0.00 13.00 8.00 62.00 4.00 65.00 71.00 81.00 0.00 0.00 0.00 0.00 62.00 6.00 0.00 28.00 0.00 89.00 84.00 0.00 0.00 48.00 47.00 9.00 84.00 0.00 0.00 0.00 0.00 87.00 16.00 0.00 0.00 0.00
99 0.00 29.00 68.00 86.00 0.00 68.00 39.00 49.00 0.00 0.00 0.00 64.00 74.00 0.00 75.00 0.00 85.00 16.00 62.00 48.00 0.00 0.00 84.00 0.00 16.00 0.00 0.00 0.00 0.00 0.00 65.00 1.00 0.00 29.00 74.00 0.00 0.00 50.00 0.00 0.00 69.00 0.00 0.00 92.00 55.00 14.00 0.00 0.00 48.00 95.00 59.00 0.00 0.00 0.00 0.00 16.00 89.00 0.00 16.00 33.00 43.00 0.00 0.00 0.00 63.00 0.00 0.00 83.00 0.00 0.00 0.00 0.00 0.00 0.00 51.00 78.00 0.00 74.00 67.00 69.00 26.00 0.00 97.00 0.00 0.00 75.00 72.00 0.00 15.00 0.00 82.00 0.00 55.00 25.00 0.00 5.00 0.00 0.00 0.00 0.00
mcp_obj 62
mcp_gap 0
mcp_x 1 1 1 0 1 1 1 0 1 1 0 1 1 0 1 1 0 1 0 0 0 1 1 0 1 0 1 1 0 1 0 0 1 1 0 0 1 1 0 1 0 0 0 1 0 1 1 0 0 1 1 1 0 1 1 0 1 1 1 1 0 0 1 1 1 1 0 1 1 0 1 1 1 1 0 1 1 1 0 0 1 1 1 0 1 1 1 0 1 0 0 1 1 1 0 1 1 0 1 0
