NAME N100_rc_0.7_rGamma_1_dc_0.035_dGamma_0.0005_jeu_100_50_9.txt
NUM_ITEMS 100
SOURCE r_100_50_9
PARAMETERS
r_c 0.7
r_Gamma 1
d_c 0.035
d_Gamma 0.0005

BOUNDS
c_lb 0.00
c_ub 160.01
Gamma_lb 18
Gamma_ub 19
B_i_1_lb 0.00 0.00 0.00 0.00 0.00 0.00 0.00 0.00 0.00 0.00 0.00 0.00 0.00 0.00 0.00 0.00 0.00 0.00 0.00 0.00 0.00 0.00 0.00 0.00 0.00 0.00 0.00 0.00 0.00 0.00 0.00 0.00 0.00 0.00 0.00 0.00 0.00 0.00 0.00 0.00 0.00 0.00 0.00 0.00 0.00 0.00 0.00 0.00 0.00 0.00 0.00 0.00 0.00 0.00 0.00 0.00 0.00 0.00 0.00 0.00 0.00 0.00 0.00 0.00 0.00 0.00 0.00 0.00 0.00 0.00 0.00 0.00 0.00 0.00 0.00 0.00 0.00 0.00 0.00 0.00 0.00 0.00 0.00 0.00 0.00 0.00 0.00 0.00 0.00 0.00 0.00 0.00 0.00 0.00 0.00 0.00 0.00 0.00 0.00 0.00
B_i_1_ub 91.27 87.02 74.73 90.58 56.50 90.53 80.21 87.79 73.40 105.84 92.20 78.15 98.32 85.25 67.75 73.89 101.25 81.64 75.01 82.11 81.57 84.75 91.54 88.68 71.46 100.51 102.20 89.36 63.87 97.70 101.90 97.41 102.69 91.36 87.51 87.53 93.24 119.70 88.34 93.97 103.61 87.78 90.41 93.37 93.70 74.22 77.82 93.16 82.98 100.50 71.17 73.69 82.90 77.01 74.34 81.76 85.74 87.46 83.47 88.58 96.76 92.79 89.70 86.45 78.04 96.80 85.58 92.42 99.64 92.90 107.78 87.46 82.72 84.10 80.11 85.45 80.44 84.05 85.38 98.26 95.67 82.59 92.53 91.11 80.29 71.83 83.63 99.08 88.05 95.66 97.67 75.47 96.37 88.01 96.75 74.43 92.74 84.42 76.08 91.46
B_i_0_lb 0.00 0.00 0.00 0.00 0.00 0.00 0.00 0.00 0.00 0.00 0.00 0.00 0.00 0.00 0.00 0.00 0.00 0.00 0.00 0.00 0.00 0.00 0.00 0.00 0.00 0.00 0.00 0.00 0.00 0.00 0.00 0.00 0.00 0.00 0.00 0.00 0.00 0.00 0.00 0.00 0.00 0.00 0.00 0.00 0.00 0.00 0.00 0.00 0.00 0.00 0.00 0.00 0.00 0.00 0.00 0.00 0.00 0.00 0.00 0.00 0.00 0.00 0.00 0.00 0.00 0.00 0.00 0.00 0.00 0.00 0.00 0.00 0.00 0.00 0.00 0.00 0.00 0.00 0.00 0.00 0.00 0.00 0.00 0.00 0.00 0.00 0.00 0.00 0.00 0.00 0.00 0.00 0.00 0.00 0.00 0.00 0.00 0.00 0.00 0.00
B_i_0_ub 91.27 87.20 74.73 90.58 56.50 90.53 80.21 87.79 73.40 105.98 92.20 78.15 98.32 85.25 67.75 73.89 101.25 81.64 75.01 82.11 81.57 84.75 91.54 88.68 71.46 100.51 102.34 89.36 63.87 97.70 102.22 97.83 102.69 91.36 87.51 87.53 93.38 119.91 88.34 93.97 103.61 87.78 90.41 93.51 93.70 74.22 77.82 93.16 82.98 100.50 71.17 73.69 82.90 77.01 74.34 81.76 85.74 87.46 83.51 88.58 96.76 92.79 89.70 86.70 78.04 96.80 85.58 92.42 100.13 92.90 107.82 87.46 82.72 84.42 80.11 85.45 80.44 84.05 85.38 98.26 95.71 82.59 92.53 91.11 80.29 71.83 83.63 99.08 88.05 95.66 97.67 75.47 96.37 88.01 96.75 74.43 92.74 84.42 76.08 91.46
c_i_1_lb 54.60 56.70 42.70 0.00 0.00 65.80 35.00 0.00 0.70 0.00 0.00 25.90 0.00 0.00 28.00 0.00 0.00 0.00 0.00 44.80 63.00 58.10 0.00 31.50 0.00 0.00 0.00 68.60 51.80 23.10 0.00 19.60 0.00 6.30 0.00 12.60 0.00 21.00 50.40 1.40 39.90 0.00 30.10 66.50 6.30 54.60 0.00 0.00 49.70 0.00 0.00 0.00 42.00 0.00 0.00 18.20 61.60 68.60 15.40 58.80 28.00 33.60 30.10 0.00 9.80 0.00 0.00 29.40 1.40 60.20 0.00 0.00 0.00 59.50 0.70 54.60 64.40 13.30 16.80 30.80 44.80 53.20 0.00 26.60 24.50 15.40 30.10 9.80 23.10 52.50 17.50 0.00 1.40 46.90 0.00 0.00 16.80 0.00 4.90 0.00
c_i_1_ub 145.87 143.72 117.43 90.58 56.50 156.33 115.21 87.79 74.10 105.84 92.20 104.05 98.32 85.25 95.75 73.89 101.25 81.64 75.01 126.91 144.57 142.85 91.54 120.18 71.46 100.51 102.20 157.96 115.67 120.80 101.90 117.01 102.69 97.66 87.51 100.13 93.24 140.70 138.74 95.37 143.51 87.78 120.51 159.87 100.00 128.82 77.82 93.16 132.68 100.50 71.17 73.69 124.90 77.01 74.34 99.96 147.34 156.06 98.87 147.38 124.76 126.39 119.80 86.45 87.84 96.80 85.58 121.82 101.04 153.10 107.78 87.46 82.72 143.60 80.81 140.05 144.84 97.35 102.18 129.06 140.47 135.79 92.53 117.71 104.79 87.23 113.73 108.88 111.15 148.16 115.17 75.47 97.77 134.91 96.75 74.43 109.54 84.42 80.98 91.46
c_i_0_lb 54.60 56.70 42.70 0.00 0.00 65.80 35.00 0.00 0.70 0.00 0.00 25.90 0.00 0.00 28.00 0.00 0.00 0.00 0.00 44.80 63.00 58.10 0.00 31.50 0.00 0.00 0.00 68.60 51.80 23.10 0.00 19.60 0.00 6.30 0.00 12.60 0.00 21.00 50.40 1.40 39.90 0.00 30.10 66.50 6.30 54.60 0.00 0.00 49.70 0.00 0.00 0.00 42.00 0.00 0.00 18.20 61.60 68.60 15.40 58.80 28.00 33.60 30.10 0.00 9.80 0.00 0.00 29.40 1.40 60.20 0.00 0.00 0.00 59.50 0.70 54.60 64.40 13.30 16.80 30.80 44.80 53.20 0.00 26.60 24.50 15.40 30.10 9.80 23.10 52.50 17.50 0.00 1.40 46.90 0.00 0.00 16.80 0.00 4.90 0.00
c_i_0_ub 145.87 143.90 117.43 90.58 56.50 156.33 115.21 87.79 74.10 105.98 92.20 104.05 98.32 85.25 95.75 73.89 101.25 81.64 75.01 126.91 144.57 142.85 91.54 120.18 71.46 100.51 102.34 157.96 115.67 120.80 102.22 117.43 102.69 97.66 87.51 100.13 93.38 140.91 138.74 95.37 143.51 87.78 120.51 160.01 100.00 128.82 77.82 93.16 132.68 100.50 71.17 73.69 124.90 77.01 74.34 99.96 147.34 156.06 98.91 147.38 124.76 126.39 119.80 86.70 87.84 96.80 85.58 121.82 101.53 153.10 107.82 87.46 82.72 143.92 80.81 140.05 144.84 97.35 102.18 129.06 140.51 135.79 92.53 117.71 104.79 87.23 113.73 108.88 111.15 148.16 115.17 75.47 97.77 134.91 96.75 74.43 109.54 84.42 80.98 91.46
c_1_lb 0.00
c_1_ub 159.87
c_0_lb 0.00
c_0_ub 160.01

BOUND_TIMES
k_max_time 0.001443
Gamma_ub_time 0.000097
B_i_1_lb_time 0.006067
B_i_1_ub_time 0.010633
B_i_0_lb_time 0.006380
B_i_0_ub_time 0.009669

DDRO_PARAMETERS
a_0 18
b_0i 0 0 0 0 0 0 0 0 0 0 0 0 0 0 0 0 0 0 0 0 0 0 0 0 0 0 0 0 0 0 0 0 0 0 0 0 0 1 0 0 0 0 0 0 0 0 0 0 0 0 0 0 0 0 0 0 0 0 0 0 0 0 0 0 0 0 0 0 0 0 0 0 0 0 0 0 0 0 0 0 0 0 0 0 0 0 0 0 0 0 0 0 0 0 0 0 0 0 0 0
a_i 54.60 56.70 42.70 0.00 0.00 65.80 35.00 0.00 0.70 0.00 0.00 25.90 0.00 0.00 28.00 0.00 0.00 0.00 0.00 44.80 63.00 58.10 0.00 31.50 0.00 0.00 0.00 68.60 51.80 23.10 0.00 19.60 0.00 6.30 0.00 12.60 0.00 21.00 50.40 1.40 39.90 0.00 30.10 66.50 6.30 54.60 0.00 0.00 49.70 0.00 0.00 0.00 42.00 0.00 0.00 18.20 61.60 68.60 15.40 58.80 28.00 33.60 30.10 0.00 9.80 0.00 0.00 29.40 1.40 60.20 0.00 0.00 0.00 59.50 0.70 54.60 64.40 13.30 16.80 30.80 44.80 53.20 0.00 26.60 24.50 15.40 30.10 9.80 23.10 52.50 17.50 0.00 1.40 46.90 0.00 0.00 16.80 0.00 4.90 0.00
b_ij
0 0.00 0.00 2.45 3.12 0.00 0.00 0.00 3.47 2.77 2.21 0.00 0.00 0.00 0.00 0.00 0.00 0.00 0.00 0.00 1.79 0.00 1.61 2.07 0.00 0.00 1.16 0.00 0.00 1.82 0.00 0.00 0.00 0.00 0.00 0.04 0.67 2.98 1.44 0.00 0.00 1.72 0.00 2.00 2.66 3.29 0.91 1.68 1.89 2.59 0.00 1.96 3.22 2.66 2.87 0.00 0.00 1.33 0.00 0.00 1.79 1.02 1.51 0.35 0.00 0.00 0.00 0.00 0.00 0.00 3.43 0.00 0.00 1.51 1.16 0.00 3.19 0.00 0.00 0.00 0.28 2.45 0.00 1.09 0.00 1.23 0.00 0.00 0.00 0.67 0.00 3.26 0.00 2.80 1.30 2.98 1.09 2.73 0.00 0.00 1.05
1 0.00 0.00 0.21 0.00 0.91 0.00 0.00 0.53 0.00 2.98 0.25 0.00 0.00 0.00 1.02 0.00 0.00 2.56 1.54 1.75 0.00 0.77 0.00 2.80 2.38 0.00 1.33 0.00 0.53 2.17 0.53 0.00 0.00 0.63 2.31 2.80 3.26 3.43 0.00 0.00 0.00 3.15 0.18 0.00 0.00 0.46 0.00 0.00 0.00 0.00 0.00 3.33 0.00 0.00 0.00 2.38 0.00 0.11 0.84 2.45 0.46 0.25 0.95 0.77 0.00 0.00 0.00 0.00 2.21 2.38 1.23 2.07 0.04 1.40 0.00 0.84 0.00 0.00 2.66 0.46 1.12 0.00 0.46 1.96 0.00 2.80 1.72 0.00 0.77 0.00 2.42 1.51 2.59 0.00 2.80 2.38 3.08 0.39 0.00 0.00
2 2.45 0.21 0.00 1.86 0.77 1.51 0.91 0.00 0.00 0.53 0.00 0.00 1.51 0.00 0.46 0.00 0.00 0.00 0.00 2.59 0.53 0.00 0.00 1.51 0.00 2.03 2.24 0.00 0.00 0.00 0.00 1.79 0.00 1.30 1.19 0.00 1.54 2.17 0.56 0.46 0.00 0.00 0.00 0.00 0.00 1.37 1.30 1.54 0.00 0.00 0.04 0.11 0.00 0.00 0.00 0.07 0.00 2.80 0.00 2.87 0.00 2.52 1.61 0.00 0.00 1.58 2.42 0.46 1.82 0.00 0.00 0.00 0.00 1.12 1.75 2.42 1.58 0.49 0.00 0.00 0.00 3.33 0.00 0.00 0.00 1.44 2.07 0.00 2.87 2.31 3.36 0.00 0.00 0.00 0.84 0.70 0.56 1.26 0.00 0.00
3 3.12 0.00 1.86 0.00 2.45 2.31 0.00 2.87 0.00 0.00 0.00 0.00 0.00 0.04 0.00 0.00 2.35 0.00 1.51 0.56 0.00 0.00 0.00 3.33 0.00 1.65 3.50 0.00 0.04 0.00 0.00 0.00 0.00 2.28 2.10 1.47 0.14 3.05 0.00 0.00 0.00 2.59 2.24 0.00 1.40 1.89 0.00 0.00 0.00 2.80 0.00 0.00 0.49 0.00 0.00 2.80 3.40 2.35 1.58 0.07 0.46 0.00 0.00 0.00 0.95 1.75 0.00 3.12 0.07 0.00 2.38 0.00 3.08 0.00 0.88 2.80 0.00 0.53 3.05 1.79 2.73 0.00 0.21 2.38 0.00 0.67 0.00 0.00 0.00 0.00 0.00 0.00 0.00 0.00 1.26 0.00 2.80 0.91 0.00 2.52
4 0.00 0.91 0.77 2.45 0.00 1.79 0.00 1.68 0.74 0.07 0.00 0.00 0.00 0.00 1.37 1.54 0.00 0.00 2.35 0.60 0.00 0.00 0.00 0.00 1.51 0.00 0.00 0.00 0.00 3.47 0.00 1.05 1.86 0.53 0.00 0.07 0.00 2.52 0.49 0.00 2.87 0.00 0.00 0.00 0.21 0.00 2.10 0.00 0.00 0.00 1.93 2.42 0.00 0.00 0.00 1.12 0.77 0.95 0.00 1.82 0.00 0.00 0.00 0.00 2.21 0.00 0.00 0.63 1.82 0.00 0.00 1.16 0.00 0.00 0.00 1.40 0.00 0.00 0.00 3.50 0.00 0.00 0.00 0.00 1.05 0.18 0.00 0.18 1.75 0.00 0.00 0.49 0.00 2.17 0.00 0.00 0.00 0.00 0.00 0.00
5 0.00 0.00 1.51 2.31 1.79 0.00 0.77 0.00 0.00 1.09 2.45 0.00 2.28 1.86 0.00 3.26 1.19 0.00 0.00 0.00 1.02 0.00 0.00 0.00 0.42 3.36 0.00 0.00 1.54 0.00 3.01 2.70 3.29 3.47 0.00 0.74 0.00 0.21 1.86 0.00 2.84 0.00 0.00 0.00 2.70 1.12 1.26 0.00 0.00 2.14 0.00 1.30 1.47 2.42 0.53 1.33 0.00 1.09 0.00 0.00 2.91 1.58 0.00 3.22 2.17 2.00 0.00 0.00 0.00 0.00 0.00 0.00 0.63 0.00 0.00 0.00 0.00 1.40 1.68 0.00 0.00 3.50 0.00 1.75 0.00 2.38 0.00 0.63 3.12 0.00 0.00 0.00 0.00 1.16 0.00 2.56 0.11 0.00 1.40 0.00
6 0.00 0.00 0.91 0.00 0.00 0.77 0.00 1.89 2.38 0.46 1.33 0.60 1.61 0.00 0.63 0.35 0.00 0.98 0.00 0.32 0.00 0.00 0.39 0.00 0.00 0.00 0.04 0.07 0.00 0.00 1.96 0.00 3.05 0.00 0.11 0.00 0.00 0.00 1.30 2.07 0.00 0.00 2.45 2.07 3.43 0.84 0.00 0.00 0.00 0.00 0.00 0.00 0.18 0.00 0.00 1.61 0.00 0.00 0.00 3.15 2.52 0.70 0.00 0.14 2.66 1.40 0.00 0.00 0.60 0.00 3.15 0.32 0.49 0.91 3.29 0.53 3.29 0.00 0.00 0.00 0.53 2.84 3.36 0.00 3.08 0.00 2.84 3.12 0.00 2.10 0.00 2.59 2.14 0.00 0.00 0.00 0.00 0.00 2.66 0.00
7 3.47 0.53 0.00 2.87 1.68 0.00 1.89 0.00 0.74 0.00 1.40 0.00 0.00 0.00 0.63 0.00 0.77 0.98 0.00 1.44 2.70 0.00 0.00 0.14 0.00 0.00 2.49 0.00 2.98 1.72 1.79 0.70 0.00 0.00 0.00 1.12 2.21 1.40 2.63 0.00 1.86 1.33 0.00 0.25 3.50 2.59 0.00 0.00 2.21 0.32 0.00 2.73 0.00 0.00 0.00 0.00 0.00 0.70 0.00 0.00 0.00 1.09 0.00 0.00 1.79 0.00 0.00 3.36 2.77 1.12 3.22 2.70 0.42 0.00 0.00 1.19 0.00 0.00 0.00 2.63 0.00 0.00 0.00 2.17 3.19 0.00 0.00 2.84 2.66 0.00 3.01 0.00 0.00 0.35 0.00 0.00 0.00 0.00 1.51 0.00
8 2.77 0.00 0.00 0.00 0.74 0.00 2.38 0.74 0.00 0.56 0.00 0.00 0.07 0.00 0.49 0.00 1.02 0.00 0.00 0.11 1.93 0.04 0.00 1.96 2.10 0.67 3.29 0.00 0.00 0.00 0.00 0.00 0.00 0.00 0.63 0.00 1.33 0.00 0.00 3.15 1.02 0.00 0.00 0.00 1.23 0.00 0.00 3.15 0.00 0.00 0.00 0.00 0.00 1.37 0.00 0.00 0.18 0.00 0.00 0.00 2.56 0.00 0.49 0.00 0.00 2.07 1.19 2.84 0.63 1.12 0.00 2.28 1.79 0.00 2.49 2.91 0.00 0.00 0.00 2.77 2.31 2.52 0.77 0.53 2.52 2.52 0.00 0.00 0.00 0.84 0.00 1.61 0.00 0.00 0.00 0.00 0.00 0.00 3.05 2.66
9 2.21 2.98 0.53 0.00 0.07 1.09 0.46 0.00 0.56 0.00 3.43 1.23 0.00 0.39 3.43 0.00 0.00 0.00 1.68 3.22 3.50 0.00 3.47 0.81 0.00 0.00 3.40 1.23 1.61 2.59 0.00 1.02 0.00 0.49 0.00 0.42 1.16 0.00 0.00 3.26 1.54 3.36 2.91 2.38 0.88 0.00 2.38 0.00 0.00 0.00 0.00 0.00 0.00 0.04 2.70 1.02 0.00 0.00 0.28 2.07 0.00 0.00 1.23 3.47 2.63 0.14 2.77 2.07 0.00 3.50 0.00 0.98 0.00 2.63 0.00 0.00 2.91 0.11 0.00 0.00 1.89 2.38 1.26 3.01 0.00 0.00 0.00 2.38 0.39 2.80 0.00 0.00 0.00 0.00 0.00 0.21 2.17 0.00 1.54 2.28
10 0.00 0.25 0.00 0.00 0.00 2.45 1.33 1.40 0.00 3.43 0.00 1.75 2.31 1.65 0.00 0.77 3.05 0.00 1.82 0.00 2.63 2.80 1.72 0.00 0.00 0.00 3.40 0.00 0.00 0.00 2.73 3.36 2.77 1.58 0.00 0.00 0.00 2.24 0.00 3.50 0.00 1.58 2.17 1.05 2.45 0.84 0.00 0.00 0.00 0.00 0.00 0.11 3.33 1.30 0.00 0.00 0.04 3.05 0.21 0.00 0.00 0.00 0.00 0.00 0.00 0.00 0.00 3.01 0.00 0.00 2.84 1.23 0.95 0.00 2.98 1.44 0.00 0.00 0.00 2.52 3.36 0.00 0.00 0.00 1.33 0.46 0.95 0.00 0.00 1.05 0.00 0.00 1.33 2.98 0.00 2.70 0.00 0.00 0.00 0.00
11 0.00 0.00 0.00 0.00 0.00 0.00 0.60 0.00 0.00 1.23 1.75 0.00 1.58 1.68 1.44 0.00 0.00 0.00 0.00 0.56 1.93 3.29 0.00 3.33 3.47 1.61 3.19 0.00 1.96 0.00 0.00 0.00 0.21 0.00 2.84 0.00 0.00 0.00 0.00 0.11 0.32 0.00 0.00 0.00 0.18 2.45 0.00 2.73 3.08 3.43 0.00 0.00 0.00 0.00 0.00 0.00 1.30 0.00 0.00 0.00 2.59 1.47 0.00 0.00 0.00 2.80 0.00 2.70 2.66 0.00 0.81 0.00 0.00 0.00 0.00 0.00 0.00 2.31 0.00 2.59 1.51 1.61 2.03 0.00 0.00 0.00 3.12 0.00 2.35 0.84 3.12 0.00 0.00 0.00 0.00 0.00 0.00 0.00 0.00 1.37
12 0.00 0.00 1.51 0.00 0.00 2.28 1.61 0.00 0.07 0.00 2.31 1.58 0.00 1.79 3.01 0.00 0.00 3.15 0.88 0.00 3.19 0.00 1.65 0.00 0.00 2.80 0.00 0.84 0.00 0.00 0.00 0.42 2.21 3.43 3.08 0.00 1.72 1.23 3.22 0.00 0.00 0.00 0.00 1.40 1.33 2.10 0.00 2.91 0.00 0.00 1.40 1.33 2.94 0.32 0.00 1.47 0.00 2.00 0.42 0.00 0.00 2.59 0.00 2.49 0.00 1.47 2.21 0.00 0.00 2.14 0.46 0.00 2.70 1.75 0.00 0.00 0.00 2.80 2.70 0.60 1.75 0.00 0.00 0.00 2.24 2.70 0.00 3.15 1.75 0.00 0.00 0.00 0.00 0.00 2.66 0.32 0.00 0.00 0.00 2.24
13 0.00 0.00 0.00 0.04 0.00 1.86 0.00 0.00 0.00 0.39 1.65 1.68 1.79 0.00 0.00 0.00 0.00 2.03 0.00 0.00 0.00 0.35 0.63 0.95 0.60 2.17 0.00 0.00 0.84 2.14 3.15 0.00 2.94 0.00 2.80 2.77 0.00 3.26 2.77 0.00 0.00 0.00 2.59 0.00 3.15 0.00 2.38 0.00 0.00 2.84 1.16 1.93 0.88 0.00 0.00 0.00 0.00 0.00 2.91 0.00 0.81 0.00 0.07 0.56 1.72 1.96 0.00 0.49 0.60 0.00 3.05 1.79 1.89 2.66 0.00 1.68 0.00 0.00 0.00 3.01 0.00 0.00 1.89 2.03 0.00 1.02 0.00 0.00 0.00 0.00 0.00 1.02 0.25 2.03 0.00 0.00 0.98 2.35 0.74 0.00
14 0.00 1.02 0.46 0.00 1.37 0.00 0.63 0.63 0.49 3.43 0.00 1.44 3.01 0.00 0.00 0.00 3.12 2.70 0.00 0.00 0.00 0.00 0.00 0.14 0.00 1.19 0.00 0.00 2.63 0.00 0.00 0.00 0.00 0.00 0.00 2.87 1.09 1.47 0.70 0.00 3.05 0.00 0.00 0.00 2.10 0.70 0.00 0.00 0.00 0.74 0.00 2.63 2.73 0.00 0.00 0.00 0.00 2.56 0.00 0.00 0.00 0.00 0.00 2.07 0.00 1.26 1.47 0.00 0.00 0.00 3.40 0.00 0.88 2.45 0.00 0.28 0.00 0.00 0.88 0.00 2.49 0.00 0.00 0.00 3.50 0.00 0.00 0.00 1.86 0.00 0.00 0.00 0.00 0.00 0.14 0.00 0.00 2.31 1.86 0.00
15 0.00 0.00 0.00 0.00 1.54 3.26 0.35 0.00 0.00 0.00 0.77 0.00 0.00 0.00 0.00 0.00 0.00 0.53 2.21 2.07 0.00 2.49 3.36 0.00 0.00 2.14 0.00 0.00 0.00 1.82 0.00 2.21 0.25 2.77 1.93 0.00 2.28 0.00 3.01 0.00 0.60 2.73 0.00 0.00 0.00 0.00 0.00 0.00 0.00 2.66 0.00 0.49 2.91 0.00 0.00 0.88 0.00 1.58 0.00 0.00 0.00 2.17 2.28 2.91 0.00 2.17 0.00 2.98 0.91 1.65 2.24 0.00 1.79 0.00 0.00 0.00 0.00 0.00 0.63 0.00 3.01 0.00 0.00 0.00 0.00 0.00 0.00 0.00 0.00 0.00 0.00 0.00 0.00 0.00 0.00 0.00 2.77 2.94 0.00 0.60
16 0.00 0.00 0.00 2.35 0.00 1.19 0.00 0.77 1.02 0.00 3.05 0.00 0.00 0.00 3.12 0.00 0.00 2.10 2.45 1.79 2.73 1.26 0.00 1.54 0.00 0.00 1.33 0.00 1.51 1.16 0.00 0.00 1.40 0.00 0.00 0.00 0.00 0.32 0.00 3.08 0.00 3.47 1.30 3.19 0.00 0.67 0.00 2.73 3.40 0.28 3.26 2.17 0.98 0.00 0.84 0.00 0.00 0.25 0.77 0.00 3.08 0.00 1.86 1.40 1.26 2.87 0.00 0.67 0.00 0.14 0.95 0.00 0.11 0.00 2.94 1.19 3.08 0.00 2.45 2.28 1.58 0.21 2.87 0.84 0.00 3.05 0.00 1.33 0.00 3.26 2.63 0.00 0.00 0.95 0.00 0.00 2.28 2.84 0.00 0.00
17 0.00 2.56 0.00 0.00 0.00 0.00 0.98 0.98 0.00 0.00 0.00 0.00 3.15 2.03 2.70 0.53 2.10 0.00 0.56 0.00 0.00 0.00 0.00 2.03 1.19 1.44 0.21 1.96 1.89 0.00 0.00 0.00 0.00 1.58 0.00 2.94 0.00 0.00 1.86 0.18 2.80 1.82 0.00 1.93 2.03 0.00 0.00 0.00 0.00 0.00 0.00 2.24 1.51 0.00 0.00 0.49 0.00 0.00 0.18 3.50 0.00 0.74 2.84 0.84 2.80 0.98 0.00 0.00 0.18 0.00 0.00 0.00 0.77 0.00 1.44 3.36 1.19 0.00 0.00 0.00 0.00 2.91 0.00 1.16 2.87 2.31 1.96 0.25 2.10 0.00 0.00 0.00 0.00 0.00 0.00 2.38 2.77 0.42 0.00 0.00
18 0.00 1.54 0.00 1.51 2.35 0.00 0.00 0.00 0.00 1.68 1.82 0.00 0.88 0.00 0.00 2.21 2.45 0.56 0.00 1.58 1.30 0.00 0.00 3.26 0.95 0.04 0.00 0.00 0.00 2.00 2.42 2.66 0.00 0.00 0.04 1.75 0.00 0.00 2.73 0.00 0.00 2.31 3.29 0.18 0.00 0.00 0.00 2.42 0.00 2.87 0.00 1.58 0.00 0.14 0.00 0.56 3.40 2.77 2.10 0.00 0.00 1.09 1.23 0.00 0.00 0.00 0.00 3.36 1.40 0.00 0.98 0.00 0.00 0.00 0.00 0.00 0.28 0.00 0.00 0.00 0.00 0.00 0.00 1.05 0.49 3.33 0.00 0.11 0.00 1.44 0.00 0.00 0.00 3.01 1.89 0.00 0.00 0.00 0.00 0.00
19 1.79 1.75 2.59 0.56 0.60 0.00 0.32 1.44 0.11 3.22 0.00 0.56 0.00 0.00 0.00 2.07 1.79 0.00 1.58 0.00 0.00 0.81 0.00 0.00 1.96 2.38 0.00 0.00 0.00 0.00 0.95 0.00 1.05 0.00 0.14 0.00 0.39 0.00 0.11 0.00 1.23 0.00 0.00 3.33 1.51 0.04 0.00 2.28 0.53 3.22 0.00 0.88 2.87 0.46 0.00 2.94 0.00 1.75 0.00 2.87 2.73 0.00 0.00 2.70 2.14 0.00 0.00 0.67 3.36 0.00 0.00 1.65 3.29 0.00 2.07 0.00 0.00 2.38 0.00 0.00 2.03 0.00 0.00 0.00 1.61 0.00 0.35 2.63 0.00 0.70 0.00 0.00 1.65 0.00 0.77 0.00 1.30 0.00 0.00 0.00
20 0.00 0.00 0.53 0.00 0.00 1.02 0.00 2.70 1.93 3.50 2.63 1.93 3.19 0.00 0.00 0.00 2.73 0.00 1.30 0.00 0.00 0.00 3.36 1.65 2.73 3.36 0.88 0.00 0.88 0.00 2.63 0.56 3.43 1.26 0.00 1.09 0.00 2.45 0.00 0.14 0.00 0.00 0.00 0.00 0.00 0.00 0.00 2.28 2.00 0.00 0.00 1.79 3.05 1.23 0.00 0.00 3.33 0.00 1.47 0.00 0.00 3.50 0.00 0.00 0.00 0.00 0.00 0.00 0.00 0.00 2.38 1.12 0.95 0.00 0.00 0.56 0.00 1.33 0.00 0.88 0.00 0.00 0.00 0.00 0.00 1.47 1.02 1.54 0.00 0.00 2.42 0.00 0.63 0.00 0.00 0.00 0.00 0.00 0.46 2.28
21 1.61 0.77 0.00 0.00 0.00 0.00 0.00 0.00 0.04 0.00 2.80 3.29 0.00 0.35 0.00 2.49 1.26 0.00 0.00 0.81 0.00 0.00 0.00 0.00 3.19 2.66 0.00 0.00 3.05 0.00 1.02 1.16 0.00 0.00 0.00 0.00 3.26 2.03 0.00 0.14 2.21 2.38 0.00 0.00 1.40 1.16 2.17 0.00 0.00 2.52 2.00 0.00 0.00 0.00 0.00 0.00 2.10 1.82 1.96 2.84 0.00 1.40 0.00 0.00 1.79 2.84 0.00 0.00 2.42 0.74 0.00 0.00 0.00 0.00 0.25 0.00 0.00 2.31 0.00 3.12 3.43 0.00 0.42 0.00 1.05 0.21 1.93 3.26 0.00 0.00 0.00 3.19 0.00 1.44 0.00 0.60 0.14 0.00 1.72 0.00
22 2.07 0.00 0.00 0.00 0.00 0.00 0.39 0.00 0.00 3.47 1.72 0.00 1.65 0.63 0.00 3.36 0.00 0.00 0.00 0.00 3.36 0.00 0.00 2.56 2.21 0.00 0.14 0.07 0.00 0.00 2.56 0.46 0.32 0.00 1.82 0.81 0.00 3.22 2.94 0.00 0.11 0.70 0.32 1.65 0.00 0.00 0.95 3.19 0.00 0.98 0.00 1.82 0.00 0.00 0.00 2.14 0.67 0.00 3.43 0.00 1.40 2.03 0.00 1.33 0.00 3.40 3.26 0.21 0.00 0.00 0.00 0.00 0.00 0.04 1.30 1.79 0.00 0.00 0.81 0.00 0.00 0.00 0.00 2.98 2.42 1.16 0.00 2.21 2.31 0.04 0.00 2.45 2.21 3.43 1.58 0.00 1.96 0.00 0.00 3.50
23 0.00 2.80 1.51 3.33 0.00 0.00 0.00 0.14 1.96 0.81 0.00 3.33 0.00 0.95 0.14 0.00 1.54 2.03 3.26 0.00 1.65 0.00 2.56 0.00 1.02 0.00 1.79 0.00 0.00 0.00 0.81 0.46 0.00 0.00 1.40 0.00 1.72 0.00 0.56 2.94 0.00 1.61 0.00 0.00 2.94 0.00 0.00 0.00 0.00 0.00 0.25 1.47 0.00 0.00 2.38 0.00 0.00 1.05 0.04 0.00 0.00 0.00 0.91 0.00 1.82 0.00 0.11 0.91 0.00 0.00 3.01 3.47 3.40 2.91 0.00 0.67 0.00 0.00 2.84 2.10 2.77 1.26 0.00 3.47 0.00 0.00 0.00 2.03 3.47 0.63 0.00 1.30 0.00 0.00 1.58 0.00 2.45 1.12 0.00 0.00
24 0.00 2.38 0.00 0.00 1.51 0.42 0.00 0.00 2.10 0.00 0.00 3.47 0.00 0.60 0.00 0.00 0.00 1.19 0.95 1.96 2.73 3.19 2.21 1.02 0.00 3.22 3.26 0.00 0.00 0.00 0.00 3.29 0.00 0.00 0.00 0.42 3.05 0.00 0.00 0.00 1.44 0.00 3.19 1.61 0.00 0.00 0.00 0.00 0.00 0.00 0.00 0.00 0.00 0.00 0.00 3.50 0.00 0.56 0.00 0.00 0.00 2.00 0.00 2.00 0.77 0.00 0.21 0.00 1.89 0.00 1.30 0.00 0.00 0.00 0.00 1.26 0.00 0.00 0.00 0.00 0.00 2.00 0.00 1.26 2.21 0.00 0.00 0.63 0.00 0.53 1.65 0.00 0.98 0.00 0.00 1.05 0.00 3.36 1.09 0.00
25 1.16 0.00 2.03 1.65 0.00 3.36 0.00 0.00 0.67 0.00 0.00 1.61 2.80 2.17 1.19 2.14 0.00 1.44 0.04 2.38 3.36 2.66 0.00 0.00 3.22 0.00 0.00 2.84 0.56 0.00 0.67 3.05 3.40 0.14 1.51 0.00 0.00 2.94 0.00 0.00 0.42 3.40 0.00 0.00 0.00 0.00 2.35 0.00 2.94 2.84 0.00 0.00 0.00 0.00 0.00 0.81 0.00 0.70 0.00 0.00 0.00 1.47 2.66 0.14 0.00 0.00 0.00 0.00 0.00 0.00 0.00 0.00 0.00 0.42 0.00 3.33 2.73 0.00 0.00 0.46 0.84 1.44 1.58 0.00 1.86 0.32 3.26 0.00 0.00 3.15 3.29 0.00 2.84 2.84 0.74 2.52 0.00 0.00 0.91 3.26
26 0.00 1.33 2.24 3.50 0.00 0.00 0.04 2.49 3.29 3.40 3.40 3.19 0.00 0.00 0.00 0.00 1.33 0.21 0.00 0.00 0.88 0.00 0.14 1.79 3.26 0.00 0.00 1.33 2.98 2.35 2.17 0.00 0.00 0.07 0.00 3.15 0.18 0.00 0.00 0.00 0.00 2.21 0.00 3.36 0.00 0.00 0.00 0.00 0.00 0.28 0.00 0.74 0.35 0.00 0.00 0.00 2.00 0.00 2.10 0.00 0.00 0.60 2.42 1.23 0.00 1.16 1.93 2.91 0.74 2.66 0.00 0.00 1.26 3.40 1.79 2.77 1.68 0.00 2.00 0.00 0.35 0.00 0.00 0.00 2.07 0.25 0.53 2.35 0.00 0.46 0.00 0.04 0.00 0.00 1.93 3.40 3.19 2.42 3.47 1.68
27 0.00 0.00 0.00 0.00 0.00 0.00 0.07 0.00 0.00 1.23 0.00 0.00 0.84 0.00 0.00 0.00 0.00 1.96 0.00 0.00 0.00 0.00 0.07 0.00 0.00 2.84 1.33 0.00 1.40 2.21 1.65 0.00 1.75 0.60 0.81 0.00 1.61 0.00 0.04 0.00 2.70 0.00 0.00 0.00 0.00 3.26 1.96 0.25 1.89 2.03 0.74 0.00 2.28 3.26 0.39 2.98 0.00 0.00 0.00 3.08 3.36 0.11 1.82 0.00 2.66 1.05 1.30 1.93 0.00 2.45 2.49 0.00 0.00 0.00 2.80 1.16 0.00 0.00 0.00 0.46 2.38 0.00 2.84 0.00 0.28 0.81 3.40 1.30 2.77 0.00 0.00 1.93 0.00 0.88 1.40 1.51 1.54 2.80 0.70 0.00
28 1.82 0.53 0.00 0.04 0.00 1.54 0.00 2.98 0.00 1.61 0.00 1.96 0.00 0.84 2.63 0.00 1.51 1.89 0.00 0.00 0.88 3.05 0.00 0.00 0.00 0.56 2.98 1.40 0.00 0.00 0.00 0.95 0.00 0.00 0.00 0.00 0.00 2.10 0.00 0.00 0.91 0.00 0.00 0.00 1.23 0.00 2.21 0.91 3.05 0.00 0.00 0.00 0.00 0.00 0.60 0.00 0.00 0.00 0.00 0.00 1.26 1.05 0.00 2.98 0.00 1.86 0.00 0.00 0.00 0.00 2.91 0.00 0.00 0.00 0.00 0.00 1.40 0.00 3.43 0.00 0.00 0.00 2.38 0.00 0.00 0.67 0.00 2.42 0.00 0.00 0.25 1.02 0.00 0.00 0.00 0.00 1.47 0.00 0.00 2.59
29 0.00 2.17 0.00 0.00 3.47 0.00 0.00 1.72 0.00 2.59 0.00 0.00 0.00 2.14 0.00 1.82 1.16 0.00 2.00 0.00 0.00 0.00 0.00 0.00 0.00 0.00 2.35 2.21 0.00 0.00 2.84 1.75 0.00 0.00 0.21 0.00 0.00 2.98 3.05 0.00 2.73 2.17 2.31 2.10 0.00 0.00 1.44 0.00 0.00 2.38 0.18 0.00 0.00 1.47 1.58 0.00 0.00 0.00 0.00 2.35 2.42 2.21 3.22 0.00 0.00 0.00 0.67 2.73 2.84 0.00 0.28 0.00 3.47 1.16 2.70 0.00 2.14 2.07 0.67 0.28 1.96 0.00 3.05 0.00 1.82 0.04 0.00 2.56 0.60 1.68 0.07 0.00 0.00 1.93 3.50 0.25 2.21 0.00 0.00 0.00
30 0.00 0.53 0.00 0.00 0.00 3.01 1.96 1.79 0.00 0.00 2.73 0.00 0.00 3.15 0.00 0.00 0.00 0.00 2.42 0.95 2.63 1.02 2.56 0.81 0.00 0.67 2.17 1.65 0.00 2.84 0.00 1.61 2.31 1.02 3.26 3.47 0.00 3.15 0.00 0.00 3.43 0.00 0.00 2.49 2.38 0.00 3.01 0.21 0.00 1.12 1.54 0.00 0.00 2.31 1.05 1.51 3.43 0.00 0.00 0.00 0.00 0.00 0.14 0.60 0.56 2.24 0.00 1.51 0.00 2.21 0.28 1.12 2.42 2.73 0.00 3.40 0.00 0.00 0.00 0.00 0.00 1.12 1.47 2.28 3.43 0.00 0.00 0.00 0.07 0.63 0.00 0.00 0.00 1.86 0.98 0.00 0.32 0.14 2.42 3.26
31 0.00 0.00 1.79 0.00 1.05 2.70 0.00 0.70 0.00 1.02 3.36 0.00 0.42 0.00 0.00 2.21 0.00 0.00 2.66 0.00 0.56 1.16 0.46 0.46 3.29 3.05 0.00 0.00 0.95 1.75 1.61 0.00 1.96 0.00 0.00 0.00 0.88 3.43 0.35 2.56 0.91 0.00 0.00 0.00 2.87 2.70 1.51 0.70 0.07 2.56 1.86 0.00 0.00 1.75 0.00 0.00 0.98 0.14 0.00 0.00 0.00 2.98 0.14 2.84 0.70 0.00 3.26 1.89 3.47 3.15 2.03 0.18 0.00 0.91 0.00 0.00 0.00 0.00 2.38 2.84 0.49 0.00 0.00 0.00 0.00 0.00 0.00 3.08 0.63 0.00 0.00 0.00 0.14 1.68 1.68 0.95 2.52 2.31 3.50 0.00
32 0.00 0.00 0.00 0.00 1.86 3.29 3.05 0.00 0.00 0.00 2.77 0.21 2.21 2.94 0.00 0.25 1.40 0.00 0.00 1.05 3.43 0.00 0.32 0.00 0.00 3.40 0.00 1.75 0.00 0.00 2.31 1.96 0.00 3.22 0.00 0.00 0.74 1.93 0.95 2.63 0.00 0.53 2.70 2.17 0.00 0.00 0.00 0.53 0.00 0.00 0.00 0.00 0.00 2.59 3.36 0.70 3.05 2.77 0.00 0.00 0.67 0.00 1.16 3.29 0.00 0.74 2.80 0.84 0.95 0.00 2.87 0.74 1.68 0.88 0.00 0.00 0.00 1.30 2.21 0.63 2.66 0.00 0.00 2.63 0.00 0.00 2.77 3.08 2.59 0.00 0.00 0.00 2.17 0.46 0.00 0.00 0.00 2.49 0.00 3.01
33 0.00 0.63 1.30 2.28 0.53 3.47 0.00 0.00 0.00 0.49 1.58 0.00 3.43 0.00 0.00 2.77 0.00 1.58 0.00 0.00 1.26 0.00 0.00 0.00 0.00 0.14 0.07 0.60 0.00 0.00 1.02 0.00 3.22 0.00 0.00 0.00 1.09 0.00 0.00 1.75 3.29 0.00 3.26 3.43 0.00 2.70 1.02 0.00 3.15 2.52 0.00 0.00 0.00 1.47 0.00 3.43 0.00 0.00 0.00 0.53 2.70 0.00 1.26 0.00 1.51 2.00 0.84 1.09 2.52 3.29 0.74 1.33 0.00 0.00 0.91 1.79 2.10 2.00 0.00 3.33 0.00 3.22 1.44 0.00 0.00 1.26 0.00 0.00 1.19 0.00 1.82 0.00 3.01 0.00 0.00 0.00 0.00 0.00 0.00 0.00
34 0.04 2.31 1.19 2.10 0.00 0.00 0.11 0.00 0.63 0.00 0.00 2.84 3.08 2.80 0.00 1.93 0.00 0.00 0.04 0.14 0.00 0.00 1.82 1.40 0.00 1.51 0.00 0.81 0.00 0.21 3.26 0.00 0.00 0.00 0.00 0.00 0.00 0.00 2.77 2.66 0.00 0.00 0.00 0.00 2.87 0.84 0.00 0.00 1.75 0.00 0.00 0.00 0.00 0.00 0.00 0.00 1.89 2.56 2.24 0.88 0.84 0.00 1.61 0.00 0.00 2.80 0.00 0.00 0.00 1.51 0.00 2.80 0.00 0.84 0.63 0.00 0.00 0.98 0.84 2.63 1.33 0.00 3.01 3.29 0.00 0.00 3.08 2.14 0.00 1.40 1.89 2.87 0.63 1.51 0.00 0.00 1.51 2.87 0.00 1.82
35 0.67 2.80 0.00 1.47 0.07 0.74 0.00 1.12 0.00 0.42 0.00 0.00 0.00 2.77 2.87 0.00 0.00 2.94 1.75 0.00 1.09 0.00 0.81 0.00 0.42 0.00 3.15 0.00 0.00 0.00 3.47 0.00 0.00 0.00 0.00 0.00 3.26 1.47 0.00 3.33 0.00 2.77 1.96 2.45 0.00 0.00 3.15 0.00 0.00 0.77 0.32 0.00 0.00 3.12 2.07 2.28 0.00 1.40 1.12 0.00 3.19 0.91 3.26 0.00 2.07 0.00 0.49 0.00 0.00 0.00 0.00 0.00 0.00 0.00 0.00 0.00 0.00 0.00 0.00 2.63 0.00 0.00 0.00 0.81 0.00 1.05 0.00 0.00 2.03 3.36 0.98 0.00 2.00 0.00 3.43 0.00 0.00 2.66 0.00 2.63
36 2.98 3.26 1.54 0.14 0.00 0.00 0.00 2.21 1.33 1.16 0.00 0.00 1.72 0.00 1.09 2.28 0.00 0.00 0.00 0.39 0.00 3.26 0.00 1.72 3.05 0.00 0.18 1.61 0.00 0.00 0.00 0.88 0.74 1.09 0.00 3.26 0.00 3.29 1.12 1.40 1.05 2.03 0.00 1.37 0.00 0.00 1.68 1.58 2.87 0.00 0.46 1.96 0.04 0.91 0.00 1.44 0.00 0.00 0.00 0.00 0.00 0.00 1.47 1.47 0.00 1.86 2.73 2.84 0.98 1.79 0.00 0.00 0.00 0.00 0.00 1.75 2.91 0.00 0.00 0.00 0.00 2.98 0.32 3.29 0.84 0.63 0.63 0.00 2.38 2.14 0.00 0.88 0.00 2.80 0.35 0.00 3.15 0.67 0.00 0.00
37 1.44 3.43 2.17 3.05 2.52 0.21 0.00 1.40 0.00 0.00 2.24 0.00 1.23 3.26 1.47 0.00 0.32 0.00 0.00 0.00 2.45 2.03 3.22 0.00 0.00 2.94 0.00 0.00 2.10 2.98 3.15 3.43 1.93 0.00 0.00 1.47 3.29 0.00 0.00 0.98 3.19 0.95 1.72 1.37 3.40 0.00 0.00 2.94 1.58 0.00 0.00 0.00 0.77 0.00 2.14 3.40 2.07 1.37 0.00 0.00 1.05 3.47 0.00 1.72 0.00 0.00 1.12 0.00 0.77 1.61 1.23 0.00 0.00 2.00 0.00 2.84 0.00 2.21 0.63 2.07 0.63 0.00 2.45 2.77 0.00 0.00 0.00 2.70 1.54 0.00 3.43 2.94 0.00 0.00 1.93 2.35 2.38 0.00 0.00 0.00
38 0.00 0.00 0.56 0.00 0.49 1.86 1.30 2.63 0.00 0.00 0.00 0.00 3.22 2.77 0.70 3.01 0.00 1.86 2.73 0.11 0.00 0.00 2.94 0.56 0.00 0.00 0.00 0.04 0.00 3.05 0.00 0.35 0.95 0.00 2.77 0.00 1.12 0.00 0.00 2.56 0.00 2.35 0.00 2.38 2.63 0.53 2.35 0.00 0.00 0.00 0.00 0.00 3.08 0.00 3.08 2.24 1.30 3.12 0.00 0.00 2.49 0.00 2.52 0.00 0.91 2.63 1.86 0.00 0.28 0.00 2.00 0.00 3.19 0.46 0.00 0.00 2.45 0.00 0.00 0.00 0.00 0.00 0.00 0.00 0.00 0.00 2.21 0.00 0.00 1.16 2.24 0.00 0.70 0.18 2.98 0.00 0.00 1.44 0.00 0.00
39 0.00 0.00 0.46 0.00 0.00 0.00 2.07 0.00 3.15 3.26 3.50 0.11 0.00 0.00 0.00 0.00 3.08 0.18 0.00 0.00 0.14 0.14 0.00 2.94 0.00 0.00 0.00 0.00 0.00 0.00 0.00 2.56 2.63 1.75 2.66 3.33 1.40 0.98 2.56 0.00 3.43 0.00 0.77 0.00 2.63 0.00 0.00 0.95 1.51 0.00 0.00 2.66 0.00 0.00 0.00 1.16 1.05 2.03 0.00 0.84 2.10 0.00 2.70 0.00 0.95 1.37 0.00 2.00 2.35 0.00 1.89 0.49 0.00 0.00 0.00 0.53 0.00 0.00 0.00 2.38 0.63 2.21 2.91 2.28 0.00 0.00 0.28 0.11 3.19 3.33 3.08 1.44 3.36 0.00 0.00 0.46 0.00 0.00 0.00 0.00
40 1.72 0.00 0.00 0.00 2.87 2.84 0.00 1.86 1.02 1.54 0.00 0.32 0.00 0.00 3.05 0.60 0.00 2.80 0.00 1.23 0.00 2.21 0.11 0.00 1.44 0.42 0.00 2.70 0.91 2.73 3.43 0.91 0.00 3.29 0.00 0.00 1.05 3.19 0.00 3.43 0.00 0.88 0.00 0.18 0.21 3.08 0.00 0.00 0.00 0.00 0.00 0.00 2.87 2.94 2.17 0.00 1.75 1.23 0.00 0.00 0.28 0.00 0.00 0.00 0.00 2.56 0.70 0.00 2.91 0.07 2.17 3.29 0.00 0.00 0.00 3.50 0.00 0.00 3.22 2.52 0.00 0.00 0.00 2.63 0.95 0.00 1.26 0.00 0.00 1.96 0.00 3.22 3.47 2.07 0.00 2.52 1.47 0.00 1.86 0.00
41 0.00 3.15 0.00 2.59 0.00 0.00 0.00 1.33 0.00 3.36 1.58 0.00 0.00 0.00 0.00 2.73 3.47 1.82 2.31 0.00 0.00 2.38 0.70 1.61 0.00 3.40 2.21 0.00 0.00 2.17 0.00 0.00 0.53 0.00 0.00 2.77 2.03 0.95 2.35 0.00 0.88 0.00 0.14 0.00 0.00 0.49 1.09 0.00 2.63 1.09 0.00 0.67 0.00 0.42 0.00 2.73 1.33 0.00 0.00 0.00 0.00 3.43 0.00 2.49 1.75 0.04 2.24 0.00 2.73 0.00 0.00 0.00 0.00 2.00 0.14 0.00 0.00 0.00 0.35 3.12 1.05 0.00 0.00 0.00 0.00 0.00 1.02 1.75 0.00 1.23 0.53 0.00 1.54 0.00 0.00 2.52 0.00 0.00 2.94 2.00
42 2.00 0.18 0.00 2.24 0.00 0.00 2.45 0.00 0.00 2.91 2.17 0.00 0.00 2.59 0.00 0.00 1.30 0.00 3.29 0.00 0.00 0.00 0.32 0.00 3.19 0.00 0.00 0.00 0.00 2.31 0.00 0.00 2.70 3.26 0.00 1.96 0.00 1.72 0.00 0.77 0.00 0.14 0.00 0.00 3.47 0.00 0.00 0.00 0.42 3.05 0.00 0.00 0.00 0.00 2.10 1.86 0.00 0.25 0.00 0.00 2.80 0.00 0.00 0.00 0.00 0.00 0.00 1.68 1.96 2.66 3.50 3.08 1.23 0.00 2.56 0.00 3.19 0.00 2.38 3.12 0.00 1.30 0.00 0.00 1.33 2.77 0.00 0.00 1.51 0.00 2.84 0.00 0.00 0.00 1.54 2.28 0.00 0.00 2.03 0.00
43 2.66 0.00 0.00 0.00 0.00 0.00 2.07 0.25 0.00 2.38 1.05 0.00 1.40 0.00 0.00 0.00 3.19 1.93 0.18 3.33 0.00 0.00 1.65 0.00 1.61 0.00 3.36 0.00 0.00 2.10 2.49 0.00 2.17 3.43 0.00 2.45 1.37 1.37 2.38 0.00 0.18 0.00 0.00 0.00 3.40 0.00 0.84 0.00 0.00 2.70 0.67 0.84 0.00 0.14 0.00 0.00 0.00 0.00 0.00 0.14 0.00 2.52 0.00 0.00 0.11 0.00 0.00 2.98 1.54 0.00 2.87 0.00 0.00 0.00 1.89 2.87 3.43 2.56 0.00 0.25 0.00 0.77 3.19 0.00 0.46 0.42 0.39 0.00 2.59 1.58 2.91 0.14 1.65 1.93 2.94 0.77 0.14 0.00 1.02 0.00
44 3.29 0.00 0.00 1.40 0.21 2.70 3.43 3.50 1.23 0.88 2.45 0.18 1.33 3.15 2.10 0.00 0.00 2.03 0.00 1.51 0.00 1.40 0.00 2.94 0.00 0.00 0.00 0.00 1.23 0.00 2.38 2.87 0.00 0.00 2.87 0.00 0.00 3.40 2.63 2.63 0.21 0.00 3.47 3.40 0.00 0.00 0.00 0.74 0.00 0.00 0.81 0.00 2.84 0.00 0.00 0.00 3.22 2.94 1.16 0.00 0.00 0.00 3.26 0.00 1.61 0.00 0.00 0.00 0.00 0.00 0.00 2.80 1.47 0.00 0.81 1.75 0.32 0.00 0.00 0.00 0.00 1.96 2.03 0.00 0.00 1.54 0.00 0.91 0.00 0.77 0.77 0.00 0.95 1.12 0.00 0.00 0.25 0.00 0.25 0.60
45 0.91 0.46 1.37 1.89 0.00 1.12 0.84 2.59 0.00 0.00 0.84 2.45 2.10 0.00 0.70 0.00 0.67 0.00 0.00 0.04 0.00 1.16 0.00 0.00 0.00 0.00 0.00 3.26 0.00 0.00 0.00 2.70 0.00 2.70 0.84 0.00 0.00 0.00 0.53 0.00 3.08 0.49 0.00 0.00 0.00 0.00 0.00 1.72 0.00 0.00 0.00 3.29 1.96 0.00 1.93 1.61 0.00 0.00 2.35 1.33 0.00 1.54 0.28 0.00 0.00 0.00 0.00 3.05 0.00 1.30 0.00 0.00 0.56 2.38 0.00 0.00 0.84 1.09 0.28 0.00 1.58 1.96 0.91 0.00 0.00 2.52 2.52 0.00 0.00 0.00 1.82 0.00 0.00 0.00 0.77 1.19 1.65 0.00 3.05 0.00
46 1.68 0.00 1.30 0.00 2.10 1.26 0.00 0.00 0.00 2.38 0.00 0.00 0.00 2.38 0.00 0.00 0.00 0.00 0.00 0.00 0.00 2.17 0.95 0.00 0.00 2.35 0.00 1.96 2.21 1.44 3.01 1.51 0.00 1.02 0.00 3.15 1.68 0.00 2.35 0.00 0.00 1.09 0.00 0.84 0.00 0.00 0.00 0.67 0.00 0.00 2.00 1.30 0.00 0.00 0.00 0.00 0.00 0.18 0.00 0.74 0.00 0.00 2.59 0.00 0.00 0.00 1.51 0.00 0.00 1.68 2.31 1.75 1.02 0.00 0.00 2.14 3.08 0.04 3.22 0.77 0.00 2.73 1.16 0.00 2.77 3.40 0.18 0.00 0.35 0.00 0.00 0.00 0.00 3.43 0.00 0.00 0.00 0.00 1.65 0.32
47 1.89 0.00 1.54 0.00 0.00 0.00 0.00 0.00 3.15 0.00 0.00 2.73 2.91 0.00 0.00 0.00 2.73 0.00 2.42 2.28 2.28 0.00 3.19 0.00 0.00 0.00 0.00 0.25 0.91 0.00 0.21 0.70 0.53 0.00 0.00 0.00 1.58 2.94 0.00 0.95 0.00 0.00 0.00 0.00 0.74 1.72 0.67 0.00 3.26 0.00 3.40 0.07 0.00 0.00 0.00 2.87 1.23 0.00 2.66 1.51 2.52 0.88 2.24 0.98 0.00 2.42 2.77 0.00 0.00 2.91 2.80 0.00 0.00 0.98 2.03 0.56 3.50 3.05 0.00 0.00 2.70 0.00 1.72 0.00 0.88 0.00 0.91 0.00 1.68 0.00 0.00 1.72 1.61 0.00 0.00 0.00 0.00 2.98 0.00 0.00
48 2.59 0.00 0.00 0.00 0.00 0.00 0.00 2.21 0.00 0.00 0.00 3.08 0.00 0.00 0.00 0.00 3.40 0.00 0.00 0.53 2.00 0.00 0.00 0.00 0.00 2.94 0.00 1.89 3.05 0.00 0.00 0.07 0.00 3.15 1.75 0.00 2.87 1.58 0.00 1.51 0.00 2.63 0.42 0.00 0.00 0.00 0.00 3.26 0.00 0.00 2.91 0.00 0.00 0.00 0.00 0.00 3.22 0.00 0.00 0.00 2.84 0.00 0.00 0.00 0.00 0.00 0.00 1.47 1.12 2.73 0.28 0.60 0.00 1.44 0.00 1.96 0.00 2.45 1.09 0.00 2.35 1.47 2.21 0.00 3.50 0.00 0.00 0.00 0.00 2.87 0.46 2.42 1.19 3.36 0.00 1.37 0.74 0.00 0.00 0.00
49 0.00 0.00 0.00 2.80 0.00 2.14 0.00 0.32 0.00 0.00 0.00 3.43 0.00 2.84 0.74 2.66 0.28 0.00 2.87 3.22 0.00 2.52 0.98 0.00 0.00 2.84 0.28 2.03 0.00 2.38 1.12 2.56 0.00 2.52 0.00 0.77 0.00 0.00 0.00 0.00 0.00 1.09 3.05 2.70 0.00 0.00 0.00 0.00 0.00 0.00 0.74 0.88 0.00 0.00 2.42 0.42 2.49 0.00 0.00 0.00 0.67 3.43 3.22 0.39 0.56 0.00 0.00 2.24 3.08 2.84 0.56 2.49 3.47 1.82 2.98 0.00 0.00 0.00 0.32 0.00 0.00 1.54 0.00 0.00 0.00 0.46 0.00 0.00 0.00 2.73 3.50 0.00 2.80 0.00 2.70 2.35 2.03 0.00 0.00 1.23
50 1.96 0.00 0.04 0.00 1.93 0.00 0.00 0.00 0.00 0.00 0.00 0.00 1.40 1.16 0.00 0.00 3.26 0.00 0.00 0.00 0.00 2.00 0.00 0.25 0.00 0.00 0.00 0.74 0.00 0.18 1.54 1.86 0.00 0.00 0.00 0.32 0.46 0.00 0.00 0.00 0.00 0.00 0.00 0.67 0.81 0.00 2.00 3.40 2.91 0.74 0.00 0.00 0.00 3.19 0.00 0.00 0.00 1.72 0.00 1.37 2.84 3.08 0.00 0.00 0.00 1.47 0.00 1.47 0.00 0.00 0.00 2.77 3.19 1.79 0.00 0.25 0.25 3.33 0.00 0.00 2.45 0.00 3.40 2.98 0.00 0.00 2.84 0.00 0.00 1.68 0.00 0.00 3.01 0.46 0.00 0.00 0.00 0.00 0.00 0.00
51 3.22 3.33 0.11 0.00 2.42 1.30 0.00 2.73 0.00 0.00 0.11 0.00 1.33 1.93 2.63 0.49 2.17 2.24 1.58 0.88 1.79 0.00 1.82 1.47 0.00 0.00 0.74 0.00 0.00 0.00 0.00 0.00 0.00 0.00 0.00 0.00 1.96 0.00 0.00 2.66 0.00 0.67 0.00 0.84 0.00 3.29 1.30 0.07 0.00 0.88 0.00 0.00 0.00 1.54 0.25 2.56 0.00 0.00 2.42 1.23 2.00 0.00 0.00 0.00 0.00 0.00 0.00 0.00 2.56 0.00 0.00 0.00 0.00 0.60 0.00 0.00 0.14 1.75 0.00 0.00 0.00 0.00 2.77 0.00 0.00 0.00 2.87 0.00 0.00 2.77 0.00 0.00 0.00 0.00 0.00 3.33 0.84 0.42 1.68 0.00
52 2.66 0.00 0.00 0.49 0.00 1.47 0.18 0.00 0.00 0.00 3.33 0.00 2.94 0.88 2.73 2.91 0.98 1.51 0.00 2.87 3.05 0.00 0.00 0.00 0.00 0.00 0.35 2.28 0.00 0.00 0.00 0.00 0.00 0.00 0.00 0.00 0.04 0.77 3.08 0.00 2.87 0.00 0.00 0.00 2.84 1.96 0.00 0.00 0.00 0.00 0.00 0.00 0.00 0.21 0.00 0.00 0.00 3.50 3.05 0.11 0.00 0.00 0.60 0.67 2.77 1.72 2.45 1.26 0.63 1.96 0.04 0.56 0.00 0.00 1.79 1.05 1.89 3.43 1.58 0.18 3.33 0.00 0.00 0.98 0.00 0.00 0.53 0.00 1.19 0.00 0.00 0.00 0.00 1.16 2.35 0.00 0.46 0.00 3.26 0.00
53 2.87 0.00 0.00 0.00 0.00 2.42 0.00 0.00 1.37 0.04 1.30 0.00 0.32 0.00 0.00 0.00 0.00 0.00 0.14 0.46 1.23 0.00 0.00 0.00 0.00 0.00 0.00 3.26 0.00 1.47 2.31 1.75 2.59 1.47 0.00 3.12 0.91 0.00 0.00 0.00 2.94 0.42 0.00 0.14 0.00 0.00 0.00 0.00 0.00 0.00 3.19 1.54 0.21 0.00 2.91 0.00 0.00 0.88 0.18 3.22 0.00 0.00 0.00 3.36 2.35 2.63 0.00 0.77 0.00 0.00 0.00 0.00 0.00 0.00 3.01 0.04 0.00 0.00 1.23 0.00 0.63 0.00 2.91 1.96 0.00 0.00 0.00 3.12 0.00 3.40 1.33 2.56 0.91 0.00 1.93 0.00 0.00 1.51 0.00 0.70
54 0.00 0.00 0.00 0.00 0.00 0.53 0.00 0.00 0.00 2.70 0.00 0.00 0.00 0.00 0.00 0.00 0.84 0.00 0.00 0.00 0.00 0.00 0.00 2.38 0.00 0.00 0.00 0.39 0.60 1.58 1.05 0.00 3.36 0.00 0.00 2.07 0.00 2.14 3.08 0.00 2.17 0.00 2.10 0.00 0.00 1.93 0.00 0.00 0.00 2.42 0.00 0.25 0.00 2.91 0.00 0.00 0.00 0.00 0.00 1.05 0.91 0.00 0.32 2.73 0.00 0.42 0.95 0.00 3.12 3.08 0.00 0.00 0.00 0.39 0.00 0.00 0.95 0.00 0.00 3.36 0.04 3.01 0.00 3.40 2.03 0.00 0.00 0.00 0.00 2.31 0.00 0.00 0.00 2.70 2.49 0.00 3.19 2.59 2.80 0.00
55 0.00 2.38 0.07 2.80 1.12 1.33 1.61 0.00 0.00 1.02 0.00 0.00 1.47 0.00 0.00 0.88 0.00 0.49 0.56 2.94 0.00 0.00 2.14 0.00 3.50 0.81 0.00 2.98 0.00 0.00 1.51 0.00 0.70 3.43 0.00 2.28 1.44 3.40 2.24 1.16 0.00 2.73 1.86 0.00 0.00 1.61 0.00 2.87 0.00 0.42 0.00 2.56 0.00 0.00 0.00 0.00 0.00 0.00 0.95 2.24 0.00 0.00 1.16 2.52 0.00 0.46 3.08 0.00 0.00 0.81 2.28 0.00 0.00 1.37 0.00 0.00 0.00 0.42 0.00 0.00 0.00 1.26 0.14 3.36 0.00 0.21 0.00 0.00 3.05 0.00 0.60 0.00 2.87 0.39 0.00 0.28 0.00 0.00 0.00 0.00
56 1.33 0.00 0.00 3.40 0.77 0.00 0.00 0.00 0.18 0.00 0.04 1.30 0.00 0.00 0.00 0.00 0.00 0.00 3.40 0.00 3.33 2.10 0.67 0.00 0.00 0.00 2.00 0.00 0.00 0.00 3.43 0.98 3.05 0.00 1.89 0.00 0.00 2.07 1.30 1.05 1.75 1.33 0.00 0.00 3.22 0.00 0.00 1.23 3.22 2.49 0.00 0.00 0.00 0.00 0.00 0.00 0.00 2.21 0.00 0.32 0.00 0.70 0.70 0.00 0.70 0.98 2.14 0.00 0.00 0.00 2.14 1.54 1.72 0.28 3.33 2.49 0.00 1.30 0.00 3.01 0.14 2.84 2.00 1.33 0.00 0.00 0.42 0.56 1.86 0.00 1.37 0.00 0.00 0.00 0.00 0.00 0.00 2.98 0.00 3.15
57 0.00 0.11 2.80 2.35 0.95 1.09 0.00 0.70 0.00 0.00 3.05 0.00 2.00 0.00 2.56 1.58 0.25 0.00 2.77 1.75 0.00 1.82 0.00 1.05 0.56 0.70 0.00 0.00 0.00 0.00 0.00 0.14 2.77 0.00 2.56 1.40 0.00 1.37 3.12 2.03 1.23 0.00 0.25 0.00 2.94 0.00 0.18 0.00 0.00 0.00 1.72 0.00 3.50 0.88 0.00 0.00 2.21 0.00 0.60 2.14 2.77 0.00 0.00 2.49 0.00 2.94 1.58 0.00 2.31 0.00 0.81 0.77 1.58 0.00 0.14 0.00 0.00 0.00 0.46 2.84 0.00 0.88 0.00 0.00 0.00 3.01 0.00 0.00 1.58 1.47 1.96 0.11 0.00 0.00 1.89 1.12 1.23 0.00 0.00 0.39
58 0.00 0.84 0.00 1.58 0.00 0.00 0.00 0.00 0.00 0.28 0.21 0.00 0.42 2.91 0.00 0.00 0.77 0.18 2.10 0.00 1.47 1.96 3.43 0.04 0.00 0.00 2.10 0.00 0.00 0.00 0.00 0.00 0.00 0.00 2.24 1.12 0.00 0.00 0.00 0.00 0.00 0.00 0.00 0.00 1.16 2.35 0.00 2.66 0.00 0.00 0.00 2.42 3.05 0.18 0.00 0.95 0.00 0.60 0.00 2.45 1.72 1.51 0.00 0.14 0.04 3.50 0.00 0.00 1.51 2.45 0.00 2.21 0.18 1.58 1.30 0.00 0.00 3.29 2.14 0.00 0.00 0.00 0.00 3.19 3.33 0.00 2.56 0.00 2.45 0.00 2.35 0.04 0.00 2.56 2.87 1.82 0.46 0.00 2.21 0.67
59 1.79 2.45 2.87 0.07 1.82 0.00 3.15 0.00 0.00 2.07 0.00 0.00 0.00 0.00 0.00 0.00 0.00 3.50 0.00 2.87 0.00 2.84 0.00 0.00 0.00 0.00 0.00 3.08 0.00 2.35 0.00 0.00 0.00 0.53 0.88 0.00 0.00 0.00 0.00 0.84 0.00 0.00 0.00 0.14 0.00 1.33 0.74 1.51 0.00 0.00 1.37 1.23 0.11 3.22 1.05 2.24 0.32 2.14 2.45 0.00 2.63 2.00 0.00 0.00 1.19 0.00 0.00 0.00 0.00 0.00 0.00 0.98 1.12 1.89 0.00 0.00 2.56 3.29 0.00 0.00 1.96 0.00 0.00 0.04 1.23 1.61 0.00 2.98 0.00 1.89 0.00 2.87 0.77 1.61 3.43 3.36 0.00 0.63 0.00 1.58
60 1.02 0.46 0.00 0.46 0.00 2.91 2.52 0.00 2.56 0.00 0.00 2.59 0.00 0.81 0.00 0.00 3.08 0.00 0.00 2.73 0.00 0.00 1.40 0.00 0.00 0.00 0.00 3.36 1.26 2.42 0.00 0.00 0.67 2.70 0.84 3.19 0.00 1.05 2.49 2.10 0.28 0.00 2.80 0.00 0.00 0.00 0.00 2.52 2.84 0.67 2.84 2.00 0.00 0.00 0.91 0.00 0.00 2.77 1.72 2.63 0.00 0.00 2.10 0.00 0.11 3.26 0.00 1.12 2.35 0.07 3.12 3.08 0.00 0.00 0.56 0.00 2.45 0.00 0.77 0.00 0.00 0.00 0.00 0.00 0.00 1.19 0.00 1.05 0.84 0.00 2.84 0.00 3.43 2.28 0.67 0.00 0.00 0.00 2.87 0.00
61 1.51 0.25 2.52 0.00 0.00 1.58 0.70 1.09 0.00 0.00 0.00 1.47 2.59 0.00 0.00 2.17 0.00 0.74 1.09 0.00 3.50 1.40 2.03 0.00 2.00 1.47 0.60 0.11 1.05 2.21 0.00 2.98 0.00 0.00 0.00 0.91 0.00 3.47 0.00 0.00 0.00 3.43 0.00 2.52 0.00 1.54 0.00 0.88 0.00 3.43 3.08 0.00 0.00 0.00 0.00 0.00 0.70 0.00 1.51 2.00 0.00 0.00 0.00 0.00 1.51 2.10 2.03 0.00 3.22 0.00 2.31 0.00 0.00 1.37 0.00 0.00 0.00 2.38 0.00 0.67 0.63 0.00 3.08 0.81 0.00 0.00 2.21 0.00 0.00 0.00 3.36 0.07 3.08 0.00 0.00 0.42 1.96 0.95 2.45 1.65
62 0.35 0.95 1.61 0.00 0.00 0.00 0.00 0.00 0.49 1.23 0.00 0.00 0.00 0.07 0.00 2.28 1.86 2.84 1.23 0.00 0.00 0.00 0.00 0.91 0.00 2.66 2.42 1.82 0.00 3.22 0.14 0.14 1.16 1.26 1.61 3.26 1.47 0.00 2.52 2.70 0.00 0.00 0.00 0.00 3.26 0.28 2.59 2.24 0.00 3.22 0.00 0.00 0.60 0.00 0.32 1.16 0.70 0.00 0.00 0.00 2.10 0.00 0.00 0.00 1.16 0.00 0.00 0.32 0.00 2.14 3.40 2.07 0.00 1.23 0.00 1.37 0.00 2.21 0.00 0.00 2.24 1.51 0.00 0.00 2.42 1.93 1.19 1.61 0.00 0.00 1.47 0.00 3.01 0.00 2.03 0.39 0.00 0.00 3.33 0.00
63 0.00 0.77 0.00 0.00 0.00 3.22 0.14 0.00 0.00 3.47 0.00 0.00 2.49 0.56 2.07 2.91 1.40 0.84 0.00 2.70 0.00 0.00 1.33 0.00 2.00 0.14 1.23 0.00 2.98 0.00 0.60 2.84 3.29 0.00 0.00 0.00 1.47 1.72 0.00 0.00 0.00 2.49 0.00 0.00 0.00 0.00 0.00 0.98 0.00 0.39 0.00 0.00 0.67 3.36 2.73 2.52 0.00 2.49 0.14 0.00 0.00 0.00 0.00 0.00 1.02 0.00 1.82 3.47 2.03 0.00 0.00 1.79 0.00 0.32 0.00 0.39 0.11 0.74 0.00 0.32 0.70 2.84 0.07 0.00 0.28 0.00 0.00 2.91 0.21 0.00 0.00 1.47 3.19 2.38 0.81 0.00 2.42 0.07 1.61 1.93
64 0.00 0.00 0.00 0.95 2.21 2.17 2.66 1.79 0.00 2.63 0.00 0.00 0.00 1.72 0.00 0.00 1.26 2.80 0.00 2.14 0.00 1.79 0.00 1.82 0.77 0.00 0.00 2.66 0.00 0.00 0.56 0.70 0.00 1.51 0.00 2.07 0.00 0.00 0.91 0.95 0.00 1.75 0.00 0.11 1.61 0.00 0.00 0.00 0.00 0.56 0.00 0.00 2.77 2.35 0.00 0.00 0.70 0.00 0.04 1.19 0.11 1.51 1.16 1.02 0.00 3.36 0.00 0.35 1.72 0.00 0.00 3.05 0.00 0.00 1.44 3.05 2.07 0.00 1.58 2.45 1.65 0.67 0.00 0.00 0.04 0.00 0.91 0.00 0.00 0.00 0.00 0.32 0.00 0.95 0.39 1.02 0.00 3.26 0.00 0.81
65 0.00 0.00 1.58 1.75 0.00 2.00 1.40 0.00 2.07 0.14 0.00 2.80 1.47 1.96 1.26 2.17 2.87 0.98 0.00 0.00 0.00 2.84 3.40 0.00 0.00 0.00 1.16 1.05 1.86 0.00 2.24 0.00 0.74 2.00 2.80 0.00 1.86 0.00 2.63 1.37 2.56 0.04 0.00 0.00 0.00 0.00 0.00 2.42 0.00 0.00 1.47 0.00 1.72 2.63 0.42 0.46 0.98 2.94 3.50 0.00 3.26 2.10 0.00 0.00 3.36 0.00 0.00 0.00 0.21 0.21 0.00 0.00 0.00 3.26 1.37 0.00 0.00 1.82 0.74 0.00 0.77 2.28 1.79 2.80 0.32 0.00 0.00 3.40 0.00 0.00 0.00 0.00 1.89 1.61 0.00 0.00 0.00 0.07 0.00 0.00
66 0.00 0.00 2.42 0.00 0.00 0.00 0.00 0.00 1.19 2.77 0.00 0.00 2.21 0.00 1.47 0.00 0.00 0.00 0.00 0.00 0.00 0.00 3.26 0.11 0.21 0.00 1.93 1.30 0.00 0.67 0.00 3.26 2.80 0.84 0.00 0.49 2.73 1.12 1.86 0.00 0.70 2.24 0.00 0.00 0.00 0.00 1.51 2.77 0.00 0.00 0.00 0.00 2.45 0.00 0.95 3.08 2.14 1.58 0.00 0.00 0.00 2.03 0.00 1.82 0.00 0.00 0.00 0.00 2.10 1.47 0.67 0.00 0.00 0.00 0.00 0.00 2.66 1.93 0.00 2.52 0.49 0.77 0.70 0.00 2.28 0.00 0.21 0.00 0.00 0.88 1.40 1.26 1.89 0.00 1.65 2.07 0.00 2.70 2.73 3.29
67 0.00 0.00 0.46 3.12 0.63 0.00 0.00 3.36 2.84 2.07 3.01 2.70 0.00 0.49 0.00 2.98 0.67 0.00 3.36 0.67 0.00 0.00 0.21 0.91 0.00 0.00 2.91 1.93 0.00 2.73 1.51 1.89 0.84 1.09 0.00 0.00 2.84 0.00 0.00 2.00 0.00 0.00 1.68 2.98 0.00 3.05 0.00 0.00 1.47 2.24 1.47 0.00 1.26 0.77 0.00 0.00 0.00 0.00 0.00 0.00 1.12 0.00 0.32 3.47 0.35 0.00 0.00 0.00 0.00 0.00 2.42 1.33 2.91 2.94 0.00 0.00 0.00 0.00 1.23 0.00 1.16 0.00 2.31 2.98 0.00 0.00 0.00 0.00 0.00 0.00 3.40 0.00 0.00 0.00 0.00 0.00 0.00 2.94 0.00 3.40
68 0.00 2.21 1.82 0.07 1.82 0.00 0.60 2.77 0.63 0.00 0.00 2.66 0.00 0.60 0.00 0.91 0.00 0.18 1.40 3.36 0.00 2.42 0.00 0.00 1.89 0.00 0.74 0.00 0.00 2.84 0.00 3.47 0.95 2.52 0.00 0.00 0.98 0.77 0.28 2.35 2.91 2.73 1.96 1.54 0.00 0.00 0.00 0.00 1.12 3.08 0.00 2.56 0.63 0.00 3.12 0.00 0.00 2.31 1.51 0.00 2.35 3.22 0.00 2.03 1.72 0.21 2.10 0.00 0.00 2.91 0.46 1.16 0.00 2.66 0.00 0.00 0.00 2.10 2.03 0.18 3.43 3.29 0.00 0.00 1.12 0.00 0.00 0.00 3.40 0.49 0.00 1.75 0.00 1.47 0.00 0.84 0.00 0.53 0.00 0.00
69 3.43 2.38 0.00 0.00 0.00 0.00 0.00 1.12 1.12 3.50 0.00 0.00 2.14 0.00 0.00 1.65 0.14 0.00 0.00 0.00 0.00 0.74 0.00 0.00 0.00 0.00 2.66 2.45 0.00 0.00 2.21 3.15 0.00 3.29 1.51 0.00 1.79 1.61 0.00 0.00 0.07 0.00 2.66 0.00 0.00 1.30 1.68 2.91 2.73 2.84 0.00 0.00 1.96 0.00 3.08 0.81 0.00 0.00 2.45 0.00 0.07 0.00 2.14 0.00 0.00 0.21 1.47 0.00 2.91 0.00 3.05 1.40 3.26 0.00 2.91 0.00 3.19 0.00 0.00 0.00 0.00 0.00 0.00 0.00 0.84 1.58 0.00 2.56 1.93 0.00 1.23 0.00 0.25 2.31 2.07 0.00 0.70 0.00 1.44 0.00
70 0.00 1.23 0.00 2.38 0.00 0.00 3.15 3.22 0.00 0.00 2.84 0.81 0.46 3.05 3.40 2.24 0.95 0.00 0.98 0.00 2.38 0.00 0.00 3.01 1.30 0.00 0.00 2.49 2.91 0.28 0.28 2.03 2.87 0.74 0.00 0.00 0.00 1.23 2.00 1.89 2.17 0.00 3.50 2.87 0.00 0.00 2.31 2.80 0.28 0.56 0.00 0.00 0.04 0.00 0.00 2.28 2.14 0.81 0.00 0.00 3.12 2.31 3.40 0.00 0.00 0.00 0.67 2.42 0.46 3.05 0.00 3.12 1.86 1.65 0.49 0.00 0.00 0.00 1.79 0.39 0.00 0.00 0.00 2.10 0.00 0.00 0.00 0.00 0.53 2.63 3.01 2.59 0.28 0.00 0.00 0.60 0.00 0.00 0.04 3.47
71 0.00 2.07 0.00 0.00 1.16 0.00 0.32 2.70 2.28 0.98 1.23 0.00 0.00 1.79 0.00 0.00 0.00 0.00 0.00 1.65 1.12 0.00 0.00 3.47 0.00 0.00 0.00 0.00 0.00 0.00 1.12 0.18 0.74 1.33 2.80 0.00 0.00 0.00 0.00 0.49 3.29 0.00 3.08 0.00 2.80 0.00 1.75 0.00 0.60 2.49 2.77 0.00 0.56 0.00 0.00 0.00 1.54 0.77 2.21 0.98 3.08 0.00 2.07 1.79 3.05 0.00 0.00 1.33 1.16 1.40 3.12 0.00 0.00 0.00 2.84 0.91 0.00 0.00 1.68 3.33 0.00 2.77 0.00 0.00 0.00 2.56 0.00 0.00 0.00 0.00 3.33 0.00 0.00 0.00 1.26 0.00 0.00 3.15 0.32 0.04
72 1.51 0.04 0.00 3.08 0.00 0.63 0.49 0.42 1.79 0.00 0.95 0.00 2.70 1.89 0.88 1.79 0.11 0.77 0.00 3.29 0.95 0.00 0.00 3.40 0.00 0.00 1.26 0.00 0.00 3.47 2.42 0.00 1.68 0.00 0.00 0.00 0.00 0.00 3.19 0.00 0.00 0.00 1.23 0.00 1.47 0.56 1.02 0.00 0.00 3.47 3.19 0.00 0.00 0.00 0.00 0.00 1.72 1.58 0.18 1.12 0.00 0.00 0.00 0.00 0.00 0.00 0.00 2.91 0.00 3.26 1.86 0.00 0.00 0.00 1.58 0.00 3.29 0.00 1.54 0.32 0.00 0.00 0.00 1.33 0.00 0.04 0.00 3.50 2.98 0.00 0.00 0.00 2.14 0.00 3.43 1.37 0.00 0.32 0.60 0.00
73 1.16 1.40 1.12 0.00 0.00 0.00 0.91 0.00 0.00 2.63 0.00 0.00 1.75 2.66 2.45 0.00 0.00 0.00 0.00 0.00 0.00 0.00 0.04 2.91 0.00 0.42 3.40 0.00 0.00 1.16 2.73 0.91 0.88 0.00 0.84 0.00 0.00 2.00 0.46 0.00 0.00 2.00 0.00 0.00 0.00 2.38 0.00 0.98 1.44 1.82 1.79 0.60 0.00 0.00 0.39 1.37 0.28 0.00 1.58 1.89 0.00 1.37 1.23 0.32 0.00 3.26 0.00 2.94 2.66 0.00 1.65 0.00 0.00 0.00 0.00 0.00 1.12 2.66 0.00 1.89 0.00 2.14 0.32 0.81 0.00 0.84 1.75 0.00 0.00 1.30 2.00 0.00 2.03 3.05 2.77 0.00 0.00 0.84 0.00 1.16
74 0.00 0.00 1.75 0.88 0.00 0.00 3.29 0.00 2.49 0.00 2.98 0.00 0.00 0.00 0.00 0.00 2.94 1.44 0.00 2.07 0.00 0.25 1.30 0.00 0.00 0.00 1.79 2.80 0.00 2.70 0.00 0.00 0.00 0.91 0.63 0.00 0.00 0.00 0.00 0.00 0.00 0.14 2.56 1.89 0.81 0.00 0.00 2.03 0.00 2.98 0.00 0.00 1.79 3.01 0.00 0.00 3.33 0.14 1.30 0.00 0.56 0.00 0.00 0.00 1.44 1.37 0.00 0.00 0.00 2.91 0.49 2.84 1.58 0.00 0.00 1.40 1.05 0.00 0.70 0.00 2.07 0.00 0.00 1.37 2.24 0.00 0.00 0.00 0.00 0.00 0.00 0.00 0.00 1.33 2.42 0.74 2.56 2.98 0.00 1.86
75 3.19 0.84 2.42 2.80 1.40 0.00 0.53 1.19 2.91 0.00 1.44 0.00 0.00 1.68 0.28 0.00 1.19 3.36 0.00 0.00 0.56 0.00 1.79 0.67 1.26 3.33 2.77 1.16 0.00 0.00 3.40 0.00 0.00 1.79 0.00 0.00 1.75 2.84 0.00 0.53 3.50 0.00 0.00 2.87 1.75 0.00 2.14 0.56 1.96 0.00 0.25 0.00 1.05 0.04 0.00 0.00 2.49 0.00 0.00 0.00 0.00 0.00 1.37 0.39 3.05 0.00 0.00 0.00 0.00 0.00 0.00 0.91 0.00 0.00 1.40 0.00 2.24 0.00 0.00 2.38 0.00 0.00 0.00 0.00 0.00 3.47 0.00 1.47 2.42 0.00 0.00 0.00 0.00 0.00 1.02 0.70 0.00 0.00 0.00 2.94
76 0.00 0.00 1.58 0.00 0.00 0.00 3.29 0.00 0.00 2.91 0.00 0.00 0.00 0.00 0.00 0.00 3.08 1.19 0.28 0.00 0.00 0.00 0.00 0.00 0.00 2.73 1.68 0.00 1.40 2.14 0.00 0.00 0.00 2.10 0.00 0.00 2.91 0.00 2.45 0.00 0.00 0.00 3.19 3.43 0.32 0.84 3.08 3.50 0.00 0.00 0.25 0.14 1.89 0.00 0.95 0.00 0.00 0.00 0.00 2.56 2.45 0.00 0.00 0.11 2.07 0.00 2.66 0.00 0.00 3.19 0.00 0.00 3.29 1.12 1.05 2.24 0.00 1.54 0.00 0.81 0.98 0.00 2.24 1.96 0.00 0.00 0.00 1.40 0.00 0.00 0.46 0.00 0.00 0.67 0.00 3.29 0.00 0.60 0.00 0.42
77 0.00 0.00 0.49 0.53 0.00 1.40 0.00 0.00 0.00 0.11 0.00 2.31 2.80 0.00 0.00 0.00 0.00 0.00 0.00 2.38 1.33 2.31 0.00 0.00 0.00 0.00 0.00 0.00 0.00 2.07 0.00 0.00 1.30 2.00 0.98 0.00 0.00 2.21 0.00 0.00 0.00 0.00 0.00 2.56 0.00 1.09 0.04 3.05 2.45 0.00 3.33 1.75 3.43 0.00 0.00 0.42 1.30 0.00 3.29 3.29 0.00 2.38 2.21 0.74 0.00 1.82 1.93 0.00 2.10 0.00 0.00 0.00 0.00 2.66 0.00 0.00 1.54 0.00 1.68 0.35 0.00 0.42 2.21 0.42 0.00 0.00 3.50 3.22 0.00 2.63 0.00 3.08 0.00 0.00 0.00 0.00 0.00 0.00 0.00 2.94
78 0.00 2.66 0.00 3.05 0.00 1.68 0.00 0.00 0.00 0.00 0.00 0.00 2.70 0.00 0.88 0.63 2.45 0.00 0.00 0.00 0.00 0.00 0.81 2.84 0.00 0.00 2.00 0.00 3.43 0.67 0.00 2.38 2.21 0.00 0.84 0.00 0.00 0.63 0.00 0.00 3.22 0.35 2.38 0.00 0.00 0.28 3.22 0.00 1.09 0.32 0.00 0.00 1.58 1.23 0.00 0.00 0.00 0.46 2.14 0.00 0.77 0.00 0.00 0.00 1.58 0.74 0.00 1.23 2.03 0.00 1.79 1.68 1.54 0.00 0.70 0.00 0.00 1.68 0.00 0.60 1.65 2.52 0.56 3.05 2.00 0.00 2.45 2.70 0.00 3.43 3.43 2.00 0.00 0.91 0.00 0.00 0.00 0.00 0.00 0.21
79 0.28 0.46 0.00 1.79 3.50 0.00 0.00 2.63 2.77 0.00 2.52 2.59 0.60 3.01 0.00 0.00 2.28 0.00 0.00 0.00 0.88 3.12 0.00 2.10 0.00 0.46 0.00 0.46 0.00 0.28 0.00 2.84 0.63 3.33 2.63 2.63 0.00 2.07 0.00 2.38 2.52 3.12 3.12 0.25 0.00 0.00 0.77 0.00 0.00 0.00 0.00 0.00 0.18 0.00 3.36 0.00 3.01 2.84 0.00 0.00 0.00 0.67 0.00 0.32 2.45 0.00 2.52 0.00 0.18 0.00 0.39 3.33 0.32 1.89 0.00 2.38 0.81 0.35 0.60 0.00 0.28 0.00 0.00 0.00 0.00 0.00 0.00 0.00 1.30 0.00 0.00 2.70 2.73 2.73 0.00 0.84 2.07 3.29 0.21 0.49
80 2.45 1.12 0.00 2.73 0.00 0.00 0.53 0.00 2.31 1.89 3.36 1.51 1.75 0.00 2.49 3.01 1.58 0.00 0.00 2.03 0.00 3.43 0.00 2.77 0.00 0.84 0.35 2.38 0.00 1.96 0.00 0.49 2.66 0.00 1.33 0.00 0.00 0.63 0.00 0.63 0.00 1.05 0.00 0.00 0.00 1.58 0.00 2.70 2.35 0.00 2.45 0.00 3.33 0.63 0.04 0.00 0.14 0.00 0.00 1.96 0.00 0.63 2.24 0.70 1.65 0.77 0.49 1.16 3.43 0.00 0.00 0.00 0.00 0.00 2.07 0.00 0.98 0.00 1.65 0.28 0.00 0.56 2.73 2.73 0.00 0.00 2.80 2.38 0.00 3.33 0.42 0.07 2.77 0.00 0.53 0.00 0.00 0.00 0.88 0.00
81 0.00 0.00 3.33 0.00 0.00 3.50 2.84 0.00 2.52 2.38 0.00 1.61 0.00 0.00 0.00 0.00 0.21 2.91 0.00 0.00 0.00 0.00 0.00 1.26 2.00 1.44 0.00 0.00 0.00 0.00 1.12 0.00 0.00 3.22 0.00 0.00 2.98 0.00 0.00 2.21 0.00 0.00 1.30 0.77 1.96 1.96 2.73 0.00 1.47 1.54 0.00 0.00 0.00 0.00 3.01 1.26 2.84 0.88 0.00 0.00 0.00 0.00 1.51 2.84 0.67 2.28 0.77 0.00 3.29 0.00 0.00 2.77 0.00 2.14 0.00 0.00 0.00 0.42 2.52 0.00 0.56 0.00 0.00 0.00 0.00 2.07 0.00 0.00 0.00 0.00 0.00 0.00 0.84 0.00 0.00 2.91 3.01 0.00 0.00 0.74
82 1.09 0.46 0.00 0.21 0.00 0.00 3.36 0.00 0.77 1.26 0.00 2.03 0.00 1.89 0.00 0.00 2.87 0.00 0.00 0.00 0.00 0.42 0.00 0.00 0.00 1.58 0.00 2.84 2.38 3.05 1.47 0.00 0.00 1.44 3.01 0.00 0.32 2.45 0.00 2.91 0.00 0.00 0.00 3.19 2.03 0.91 1.16 1.72 2.21 0.00 3.40 2.77 0.00 2.91 0.00 0.14 2.00 0.00 0.00 0.00 0.00 3.08 0.00 0.07 0.00 1.79 0.70 2.31 0.00 0.00 0.00 0.00 0.00 0.32 0.00 0.00 2.24 2.21 0.56 0.00 2.73 0.00 0.00 1.02 0.00 3.08 0.00 0.00 0.00 0.00 1.02 0.53 2.73 0.00 0.00 3.47 1.79 2.98 1.65 0.00
83 0.00 1.96 0.00 2.38 0.00 1.75 0.00 2.17 0.53 3.01 0.00 0.00 0.00 2.03 0.00 0.00 0.84 1.16 1.05 0.00 0.00 0.00 2.98 3.47 1.26 0.00 0.00 0.00 0.00 0.00 2.28 0.00 2.63 0.00 3.29 0.81 3.29 2.77 0.00 2.28 2.63 0.00 0.00 0.00 0.00 0.00 0.00 0.00 0.00 0.00 2.98 0.00 0.98 1.96 3.40 3.36 1.33 0.00 3.19 0.04 0.00 0.81 0.00 0.00 0.00 2.80 0.00 2.98 0.00 0.00 2.10 0.00 1.33 0.81 1.37 0.00 1.96 0.42 3.05 0.00 2.73 0.00 1.02 0.00 0.00 0.00 3.40 1.26 0.00 1.72 0.07 0.00 0.35 1.12 0.00 0.00 0.00 0.00 0.00 0.00
84 1.23 0.00 0.00 0.00 1.05 0.00 3.08 3.19 2.52 0.00 1.33 0.00 2.24 0.00 3.50 0.00 0.00 2.87 0.49 1.61 0.00 1.05 2.42 0.00 2.21 1.86 2.07 0.28 0.00 1.82 3.43 0.00 0.00 0.00 0.00 0.00 0.84 0.00 0.00 0.00 0.95 0.00 1.33 0.46 0.00 0.00 2.77 0.88 3.50 0.00 0.00 0.00 0.00 0.00 2.03 0.00 0.00 0.00 3.33 1.23 0.00 0.00 2.42 0.28 0.04 0.32 2.28 0.00 1.12 0.84 0.00 0.00 0.00 0.00 2.24 0.00 0.00 0.00 2.00 0.00 0.00 0.00 0.00 0.00 0.00 0.00 0.00 2.28 0.67 1.61 0.00 3.19 0.00 0.00 0.00 0.00 3.01 0.00 0.00 2.42
85 0.00 2.80 1.44 0.67 0.18 2.38 0.00 0.00 2.52 0.00 0.46 0.00 2.70 1.02 0.00 0.00 3.05 2.31 3.33 0.00 1.47 0.21 1.16 0.00 0.00 0.32 0.25 0.81 0.67 0.04 0.00 0.00 0.00 1.26 0.00 1.05 0.63 0.00 0.00 0.00 0.00 0.00 2.77 0.42 1.54 2.52 3.40 0.00 0.00 0.46 0.00 0.00 0.00 0.00 0.00 0.21 0.00 3.01 0.00 1.61 1.19 0.00 1.93 0.00 0.00 0.00 0.00 0.00 0.00 1.58 0.00 2.56 0.04 0.84 0.00 3.47 0.00 0.00 0.00 0.00 0.00 2.07 3.08 0.00 0.00 0.00 0.00 0.00 0.00 2.31 0.00 0.00 0.00 0.00 3.22 0.00 0.00 0.28 0.00 2.59
86 0.00 1.72 2.07 0.00 0.00 0.00 2.84 0.00 0.00 0.00 0.95 3.12 0.00 0.00 0.00 0.00 0.00 1.96 0.00 0.35 1.02 1.93 0.00 0.00 0.00 3.26 0.53 3.40 0.00 0.00 0.00 0.00 2.77 0.00 3.08 0.00 0.63 0.00 2.21 0.28 1.26 1.02 0.00 0.39 0.00 2.52 0.18 0.91 0.00 0.00 2.84 2.87 0.53 0.00 0.00 0.00 0.42 0.00 2.56 0.00 0.00 2.21 1.19 0.00 0.91 0.00 0.21 0.00 0.00 0.00 0.00 0.00 0.00 1.75 0.00 0.00 0.00 3.50 2.45 0.00 2.80 0.00 0.00 3.40 0.00 0.00 0.00 0.00 2.14 2.77 0.00 3.50 2.52 0.00 2.59 0.00 1.23 2.84 0.00 0.00
87 0.00 0.00 0.00 0.00 0.18 0.63 3.12 2.84 0.00 2.38 0.00 0.00 3.15 0.00 0.00 0.00 1.33 0.25 0.11 2.63 1.54 3.26 2.21 2.03 0.63 0.00 2.35 1.30 2.42 2.56 0.00 3.08 3.08 0.00 2.14 0.00 0.00 2.70 0.00 0.11 0.00 1.75 0.00 0.00 0.91 0.00 0.00 0.00 0.00 0.00 0.00 0.00 0.00 3.12 0.00 0.00 0.56 0.00 0.00 2.98 1.05 0.00 1.61 2.91 0.00 3.40 0.00 0.00 0.00 2.56 0.00 0.00 3.50 0.00 0.00 1.47 1.40 3.22 2.70 0.00 2.38 0.00 0.00 1.26 2.28 0.00 0.00 0.00 2.80 0.00 0.00 0.00 0.95 0.00 1.30 0.00 3.05 2.42 0.00 3.47
88 0.67 0.77 2.87 0.00 1.75 3.12 0.00 2.66 0.00 0.39 0.00 2.35 1.75 0.00 1.86 0.00 0.00 2.10 0.00 0.00 0.00 0.00 2.31 3.47 0.00 0.00 0.00 2.77 0.00 0.60 0.07 0.63 2.59 1.19 0.00 2.03 2.38 1.54 0.00 3.19 0.00 0.00 1.51 2.59 0.00 0.00 0.35 1.68 0.00 0.00 0.00 0.00 1.19 0.00 0.00 3.05 1.86 1.58 2.45 0.00 0.84 0.00 0.00 0.21 0.00 0.00 0.00 0.00 3.40 1.93 0.53 0.00 2.98 0.00 0.00 2.42 0.00 0.00 0.00 1.30 0.00 0.00 0.00 0.00 0.67 0.00 2.14 2.80 0.00 2.49 0.46 0.84 2.49 0.11 0.00 0.00 2.80 0.00 0.00 0.32
89 0.00 0.00 2.31 0.00 0.00 0.00 2.10 0.00 0.84 2.80 1.05 0.84 0.00 0.00 0.00 0.00 3.26 0.00 1.44 0.70 0.00 0.00 0.04 0.63 0.53 3.15 0.46 0.00 0.00 1.68 0.63 0.00 0.00 0.00 1.40 3.36 2.14 0.00 1.16 3.33 1.96 1.23 0.00 1.58 0.77 0.00 0.00 0.00 2.87 2.73 1.68 2.77 0.00 3.40 2.31 0.00 0.00 1.47 0.00 1.89 0.00 0.00 0.00 0.00 0.00 0.00 0.88 0.00 0.49 0.00 2.63 0.00 0.00 1.30 0.00 0.00 0.00 2.63 3.43 0.00 3.33 0.00 0.00 1.72 1.61 2.31 2.77 0.00 2.49 0.00 1.05 2.63 2.14 3.22 2.52 0.00 0.00 0.00 0.00 0.00
90 3.26 2.42 3.36 0.00 0.00 0.00 0.00 3.01 0.00 0.00 0.00 3.12 0.00 0.00 0.00 0.00 2.63 0.00 0.00 0.00 2.42 0.00 0.00 0.00 1.65 3.29 0.00 0.00 0.25 0.07 0.00 0.00 0.00 1.82 1.89 0.98 0.00 3.43 2.24 3.08 0.00 0.53 2.84 2.91 0.77 1.82 0.00 0.00 0.46 3.50 0.00 0.00 0.00 1.33 0.00 0.60 1.37 1.96 2.35 0.00 2.84 3.36 1.47 0.00 0.00 0.00 1.40 3.40 0.00 1.23 3.01 3.33 0.00 2.00 0.00 0.00 0.46 0.00 3.43 0.00 0.42 0.00 1.02 0.07 0.00 0.00 0.00 0.00 0.46 1.05 0.00 2.70 0.00 1.89 0.00 0.60 2.07 0.00 0.00 2.10
91 0.00 1.51 0.00 0.00 0.49 0.00 2.59 0.00 1.61 0.00 0.00 0.00 0.00 1.02 0.00 0.00 0.00 0.00 0.00 0.00 0.00 3.19 2.45 1.30 0.00 0.00 0.04 1.93 1.02 0.00 0.00 0.00 0.00 0.00 2.87 0.00 0.88 2.94 0.00 1.44 3.22 0.00 0.00 0.14 0.00 0.00 0.00 1.72 2.42 0.00 0.00 0.00 0.00 2.56 0.00 0.00 0.00 0.11 0.04 2.87 0.00 0.07 0.00 1.47 0.32 0.00 1.26 0.00 1.75 0.00 2.59 0.00 0.00 0.00 0.00 0.00 0.00 3.08 2.00 2.70 0.07 0.00 0.53 0.00 3.19 0.00 3.50 0.00 0.84 2.63 2.70 0.00 0.00 2.66 0.00 0.53 0.00 3.33 0.00 1.89
92 2.80 2.59 0.00 0.00 0.00 0.00 2.14 0.00 0.00 0.00 1.33 0.00 0.00 0.25 0.00 0.00 0.00 0.00 0.00 1.65 0.63 0.00 2.21 0.00 0.98 2.84 0.00 0.00 0.00 0.00 0.00 0.14 2.17 3.01 0.63 2.00 0.00 0.00 0.70 3.36 3.47 1.54 0.00 1.65 0.95 0.00 0.00 1.61 1.19 2.80 3.01 0.00 0.00 0.91 0.00 2.87 0.00 0.00 0.00 0.77 3.43 3.08 3.01 3.19 0.00 1.89 1.89 0.00 0.00 0.25 0.28 0.00 2.14 2.03 0.00 0.00 0.00 0.00 0.00 2.73 2.77 0.84 2.73 0.35 0.00 0.00 2.52 0.95 2.49 2.14 0.00 0.00 0.00 0.00 3.15 0.00 2.14 0.00 0.00 2.56
93 1.30 0.00 0.00 0.00 2.17 1.16 0.00 0.35 0.00 0.00 2.98 0.00 0.00 2.03 0.00 0.00 0.95 0.00 3.01 0.00 0.00 1.44 3.43 0.00 0.00 2.84 0.00 0.88 0.00 1.93 1.86 1.68 0.46 0.00 1.51 0.00 2.80 0.00 0.18 0.00 2.07 0.00 0.00 1.93 1.12 0.00 3.43 0.00 3.36 0.00 0.46 0.00 1.16 0.00 2.70 0.39 0.00 0.00 2.56 1.61 2.28 0.00 0.00 2.38 0.95 1.61 0.00 0.00 1.47 2.31 0.00 0.00 0.00 3.05 1.33 0.00 0.67 0.00 0.91 2.73 0.00 0.00 0.00 1.12 0.00 0.00 0.00 0.00 0.11 3.22 1.89 2.66 0.00 0.00 2.28 1.75 0.00 0.00 1.54 0.00
94 2.98 2.80 0.84 1.26 0.00 0.00 0.00 0.00 0.00 0.00 0.00 0.00 2.66 0.00 0.14 0.00 0.00 0.00 1.89 0.77 0.00 0.00 1.58 1.58 0.00 0.74 1.93 1.40 0.00 3.50 0.98 1.68 0.00 0.00 0.00 3.43 0.35 1.93 2.98 0.00 0.00 0.00 1.54 2.94 0.00 0.77 0.00 0.00 0.00 2.70 0.00 0.00 2.35 1.93 2.49 0.00 0.00 1.89 2.87 3.43 0.67 0.00 2.03 0.81 0.39 0.00 1.65 0.00 0.00 2.07 0.00 1.26 3.43 2.77 2.42 1.02 0.00 0.00 0.00 0.00 0.53 0.00 0.00 0.00 0.00 3.22 2.59 1.30 0.00 2.52 0.00 0.00 3.15 2.28 0.00 0.00 0.00 3.22 0.95 0.14
95 1.09 2.38 0.70 0.00 0.00 2.56 0.00 0.00 0.00 0.21 2.70 0.00 0.32 0.00 0.00 0.00 0.00 2.38 0.00 0.00 0.00 0.60 0.00 0.00 1.05 2.52 3.40 1.51 0.00 0.25 0.00 0.95 0.00 0.00 0.00 0.00 0.00 2.35 0.00 0.46 2.52 2.52 2.28 0.77 0.00 1.19 0.00 0.00 1.37 2.35 0.00 3.33 0.00 0.00 0.00 0.28 0.00 1.12 1.82 3.36 0.00 0.42 0.39 0.00 1.02 0.00 2.07 0.00 0.84 0.00 0.60 0.00 1.37 0.00 0.74 0.70 3.29 0.00 0.00 0.84 0.00 2.91 3.47 0.00 0.00 0.00 0.00 0.00 0.00 0.00 0.60 0.53 0.00 1.75 0.00 0.00 2.52 0.00 1.68 0.35
96 2.73 3.08 0.56 2.80 0.00 0.11 0.00 0.00 0.00 2.17 0.00 0.00 0.00 0.98 0.00 2.77 2.28 2.77 0.00 1.30 0.00 0.14 1.96 2.45 0.00 0.00 3.19 1.54 1.47 2.21 0.32 2.52 0.00 0.00 1.51 0.00 3.15 2.38 0.00 0.00 1.47 0.00 0.00 0.14 0.25 1.65 0.00 0.00 0.74 2.03 0.00 0.84 0.46 0.00 3.19 0.00 0.00 1.23 0.46 0.00 0.00 1.96 0.00 2.42 0.00 0.00 0.00 0.00 0.00 0.70 0.00 0.00 0.00 0.00 2.56 0.00 0.00 0.00 0.00 2.07 0.00 3.01 1.79 0.00 3.01 0.00 1.23 3.05 2.80 0.00 2.07 0.00 2.14 0.00 0.00 2.52 0.00 0.00 3.26 1.30
97 0.00 0.39 1.26 0.91 0.00 0.00 0.00 0.00 0.00 0.00 0.00 0.00 0.00 2.35 2.31 2.94 2.84 0.42 0.00 0.00 0.00 0.00 0.00 1.12 3.36 0.00 2.42 2.80 0.00 0.00 0.14 2.31 2.49 0.00 2.87 2.66 0.67 0.00 1.44 0.00 0.00 0.00 0.00 0.00 0.00 0.00 0.00 2.98 0.00 0.00 0.00 0.42 0.00 1.51 2.59 0.00 2.98 0.00 0.00 0.63 0.00 0.95 0.00 0.07 3.26 0.07 2.70 2.94 0.53 0.00 0.00 3.15 0.32 0.84 2.98 0.00 0.60 0.00 0.00 3.29 0.00 0.00 2.98 0.00 0.00 0.28 2.84 2.42 0.00 0.00 0.00 3.33 0.00 0.00 3.22 0.00 0.00 0.00 0.00 0.84
98 0.00 0.00 0.00 0.00 0.00 1.40 2.66 1.51 3.05 1.54 0.00 0.00 0.00 0.74 1.86 0.00 0.00 0.00 0.00 0.00 0.46 1.72 0.00 0.00 1.09 0.91 3.47 0.70 0.00 0.00 2.42 3.50 0.00 0.00 0.00 0.00 0.00 0.00 0.00 0.00 1.86 2.94 2.03 1.02 0.25 3.05 1.65 0.00 0.00 0.00 0.00 1.68 3.26 0.00 2.80 0.00 0.00 0.00 2.21 0.00 2.87 2.45 3.33 1.61 0.00 0.00 2.73 0.00 0.00 1.44 0.04 0.32 0.60 0.00 0.00 0.00 0.00 0.00 0.00 0.21 0.88 0.00 1.65 0.00 0.00 0.00 0.00 0.00 0.00 0.00 0.00 0.00 0.00 1.54 0.95 1.68 3.26 0.00 0.00 0.74
99 1.05 0.00 0.00 2.52 0.00 0.00 0.00 0.00 2.66 2.28 0.00 1.37 2.24 0.00 0.00 0.60 0.00 0.00 0.00 0.00 2.28 0.00 3.50 0.00 0.00 3.26 1.68 0.00 2.59 0.00 3.26 0.00 3.01 0.00 1.82 2.63 0.00 0.00 0.00 0.00 0.00 2.00 0.00 0.00 0.60 0.00 0.32 0.00 0.00 1.23 0.00 0.00 0.00 0.70 0.00 0.00 3.15 0.39 0.67 1.58 0.00 1.65 0.00 1.93 0.81 0.00 3.29 3.40 0.00 0.00 3.47 0.04 0.00 1.16 1.86 2.94 0.42 2.94 0.21 0.49 0.00 0.74 0.00 0.00 2.42 2.59 0.00 3.47 0.32 0.00 2.10 1.89 2.56 0.00 0.14 0.35 1.30 0.84 0.74 0.00

ITEMS
nominal_profits 78.00 81.00 61.00 0.00 0.00 94.00 50.00 0.00 1.00 0.00 0.00 37.00 0.00 0.00 40.00 0.00 0.00 0.00 0.00 64.00 90.00 83.00 0.00 45.00 0.00 0.00 0.00 98.00 74.00 33.00 0.00 28.00 0.00 9.00 0.00 18.00 0.00 30.00 72.00 2.00 57.00 0.00 43.00 95.00 9.00 78.00 0.00 0.00 71.00 0.00 0.00 0.00 60.00 0.00 0.00 26.00 88.00 98.00 22.00 84.00 40.00 48.00 43.00 0.00 14.00 0.00 0.00 42.00 2.00 86.00 0.00 0.00 0.00 85.00 1.00 78.00 92.00 19.00 24.00 44.00 64.00 76.00 0.00 38.00 35.00 22.00 43.00 14.00 33.00 75.00 25.00 0.00 2.00 67.00 0.00 0.00 24.00 0.00 7.00 0.00
weights 11 41 23 13 21 19 37 34 16 19 42 10 39 48 13 27 2 15 11 47 48 15 50 44 48 5 47 3 39 3 23 34 30 34 21 11 13 16 20 36 9 19 6 37 32 22 15 16 26 35 35 49 41 35 19 9 10 31 26 31 15 27 33 42 27 14 20 10 41 49 25 15 16 46 16 30 21 42 10 27 25 38 38 49 40 8 47 22 22 19 36 7 7 44 42 26 27 34 28 35
capacity 1459
k_max 72

COMMENTS
original_pairwise_profits
0 0.00 0.00 70.00 89.00 0.00 0.00 0.00 99.00 79.00 63.00 0.00 0.00 0.00 0.00 0.00 0.00 0.00 0.00 0.00 51.00 0.00 46.00 59.00 0.00 0.00 33.00 0.00 0.00 52.00 0.00 0.00 0.00 0.00 0.00 1.00 19.00 85.00 41.00 0.00 0.00 49.00 0.00 57.00 76.00 94.00 26.00 48.00 54.00 74.00 0.00 56.00 92.00 76.00 82.00 0.00 0.00 38.00 0.00 0.00 51.00 29.00 43.00 10.00 0.00 0.00 0.00 0.00 0.00 0.00 98.00 0.00 0.00 43.00 33.00 0.00 91.00 0.00 0.00 0.00 8.00 70.00 0.00 31.00 0.00 35.00 0.00 0.00 0.00 19.00 0.00 93.00 0.00 80.00 37.00 85.00 31.00 78.00 0.00 0.00 30.00
1 0.00 0.00 6.00 0.00 26.00 0.00 0.00 15.00 0.00 85.00 7.00 0.00 0.00 0.00 29.00 0.00 0.00 73.00 44.00 50.00 0.00 22.00 0.00 80.00 68.00 0.00 38.00 0.00 15.00 62.00 15.00 0.00 0.00 18.00 66.00 80.00 93.00 98.00 0.00 0.00 0.00 90.00 5.00 0.00 0.00 13.00 0.00 0.00 0.00 0.00 0.00 95.00 0.00 0.00 0.00 68.00 0.00 3.00 24.00 70.00 13.00 7.00 27.00 22.00 0.00 0.00 0.00 0.00 63.00 68.00 35.00 59.00 1.00 40.00 0.00 24.00 0.00 0.00 76.00 13.00 32.00 0.00 13.00 56.00 0.00 80.00 49.00 0.00 22.00 0.00 69.00 43.00 74.00 0.00 80.00 68.00 88.00 11.00 0.00 0.00
2 70.00 6.00 0.00 53.00 22.00 43.00 26.00 0.00 0.00 15.00 0.00 0.00 43.00 0.00 13.00 0.00 0.00 0.00 0.00 74.00 15.00 0.00 0.00 43.00 0.00 58.00 64.00 0.00 0.00 0.00 0.00 51.00 0.00 37.00 34.00 0.00 44.00 62.00 16.00 13.00 0.00 0.00 0.00 0.00 0.00 39.00 37.00 44.00 0.00 0.00 1.00 3.00 0.00 0.00 0.00 2.00 0.00 80.00 0.00 82.00 0.00 72.00 46.00 0.00 0.00 45.00 69.00 13.00 52.00 0.00 0.00 0.00 0.00 32.00 50.00 69.00 45.00 14.00 0.00 0.00 0.00 95.00 0.00 0.00 0.00 41.00 59.00 0.00 82.00 66.00 96.00 0.00 0.00 0.00 24.00 20.00 16.00 36.00 0.00 0.00
3 89.00 0.00 53.00 0.00 70.00 66.00 0.00 82.00 0.00 0.00 0.00 0.00 0.00 1.00 0.00 0.00 67.00 0.00 43.00 16.00 0.00 0.00 0.00 95.00 0.00 47.00 100.00 0.00 1.00 0.00 0.00 0.00 0.00 65.00 60.00 42.00 4.00 87.00 0.00 0.00 0.00 74.00 64.00 0.00 40.00 54.00 0.00 0.00 0.00 80.00 0.00 0.00 14.00 0.00 0.00 80.00 97.00 67.00 45.00 2.00 13.00 0.00 0.00 0.00 27.00 50.00 0.00 89.00 2.00 0.00 68.00 0.00 88.00 0.00 25.00 80.00 0.00 15.00 87.00 51.00 78.00 0.00 6.00 68.00 0.00 19.00 0.00 0.00 0.00 0.00 0.00 0.00 0.00 0.00 36.00 0.00 80.00 26.00 0.00 72.00
4 0.00 26.00 22.00 70.00 0.00 51.00 0.00 48.00 21.00 2.00 0.00 0.00 0.00 0.00 39.00 44.00 0.00 0.00 67.00 17.00 0.00 0.00 0.00 0.00 43.00 0.00 0.00 0.00 0.00 99.00 0.00 30.00 53.00 15.00 0.00 2.00 0.00 72.00 14.00 0.00 82.00 0.00 0.00 0.00 6.00 0.00 60.00 0.00 0.00 0.00 55.00 69.00 0.00 0.00 0.00 32.00 22.00 27.00 0.00 52.00 0.00 0.00 0.00 0.00 63.00 0.00 0.00 18.00 52.00 0.00 0.00 33.00 0.00 0.00 0.00 40.00 0.00 0.00 0.00 100.00 0.00 0.00 0.00 0.00 30.00 5.00 0.00 5.00 50.00 0.00 0.00 14.00 0.00 62.00 0.00 0.00 0.00 0.00 0.00 0.00
5 0.00 0.00 43.00 66.00 51.00 0.00 22.00 0.00 0.00 31.00 70.00 0.00 65.00 53.00 0.00 93.00 34.00 0.00 0.00 0.00 29.00 0.00 0.00 0.00 12.00 96.00 0.00 0.00 44.00 0.00 86.00 77.00 94.00 99.00 0.00 21.00 0.00 6.00 53.00 0.00 81.00 0.00 0.00 0.00 77.00 32.00 36.00 0.00 0.00 61.00 0.00 37.00 42.00 69.00 15.00 38.00 0.00 31.00 0.00 0.00 83.00 45.00 0.00 92.00 62.00 57.00 0.00 0.00 0.00 0.00 0.00 0.00 18.00 0.00 0.00 0.00 0.00 40.00 48.00 0.00 0.00 100.00 0.00 50.00 0.00 68.00 0.00 18.00 89.00 0.00 0.00 0.00 0.00 33.00 0.00 73.00 3.00 0.00 40.00 0.00
6 0.00 0.00 26.00 0.00 0.00 22.00 0.00 54.00 68.00 13.00 38.00 17.00 46.00 0.00 18.00 10.00 0.00 28.00 0.00 9.00 0.00 0.00 11.00 0.00 0.00 0.00 1.00 2.00 0.00 0.00 56.00 0.00 87.00 0.00 3.00 0.00 0.00 0.00 37.00 59.00 0.00 0.00 70.00 59.00 98.00 24.00 0.00 0.00 0.00 0.00 0.00 0.00 5.00 0.00 0.00 46.00 0.00 0.00 0.00 90.00 72.00 20.00 0.00 4.00 76.00 40.00 0.00 0.00 17.00 0.00 90.00 9.00 14.00 26.00 94.00 15.00 94.00 0.00 0.00 0.00 15.00 81.00 96.00 0.00 88.00 0.00 81.00 89.00 0.00 60.00 0.00 74.00 61.00 0.00 0.00 0.00 0.00 0.00 76.00 0.00
7 99.00 15.00 0.00 82.00 48.00 0.00 54.00 0.00 21.00 0.00 40.00 0.00 0.00 0.00 18.00 0.00 22.00 28.00 0.00 41.00 77.00 0.00 0.00 4.00 0.00 0.00 71.00 0.00 85.00 49.00 51.00 20.00 0.00 0.00 0.00 32.00 63.00 40.00 75.00 0.00 53.00 38.00 0.00 7.00 100.00 74.00 0.00 0.00 63.00 9.00 0.00 78.00 0.00 0.00 0.00 0.00 0.00 20.00 0.00 0.00 0.00 31.00 0.00 0.00 51.00 0.00 0.00 96.00 79.00 32.00 92.00 77.00 12.00 0.00 0.00 34.00 0.00 0.00 0.00 75.00 0.00 0.00 0.00 62.00 91.00 0.00 0.00 81.00 76.00 0.00 86.00 0.00 0.00 10.00 0.00 0.00 0.00 0.00 43.00 0.00
8 79.00 0.00 0.00 0.00 21.00 0.00 68.00 21.00 0.00 16.00 0.00 0.00 2.00 0.00 14.00 0.00 29.00 0.00 0.00 3.00 55.00 1.00 0.00 56.00 60.00 19.00 94.00 0.00 0.00 0.00 0.00 0.00 0.00 0.00 18.00 0.00 38.00 0.00 0.00 90.00 29.00 0.00 0.00 0.00 35.00 0.00 0.00 90.00 0.00 0.00 0.00 0.00 0.00 39.00 0.00 0.00 5.00 0.00 0.00 0.00 73.00 0.00 14.00 0.00 0.00 59.00 34.00 81.00 18.00 32.00 0.00 65.00 51.00 0.00 71.00 83.00 0.00 0.00 0.00 79.00 66.00 72.00 22.00 15.00 72.00 72.00 0.00 0.00 0.00 24.00 0.00 46.00 0.00 0.00 0.00 0.00 0.00 0.00 87.00 76.00
9 63.00 85.00 15.00 0.00 2.00 31.00 13.00 0.00 16.00 0.00 98.00 35.00 0.00 11.00 98.00 0.00 0.00 0.00 48.00 92.00 100.00 0.00 99.00 23.00 0.00 0.00 97.00 35.00 46.00 74.00 0.00 29.00 0.00 14.00 0.00 12.00 33.00 0.00 0.00 93.00 44.00 96.00 83.00 68.00 25.00 0.00 68.00 0.00 0.00 0.00 0.00 0.00 0.00 1.00 77.00 29.00 0.00 0.00 8.00 59.00 0.00 0.00 35.00 99.00 75.00 4.00 79.00 59.00 0.00 100.00 0.00 28.00 0.00 75.00 0.00 0.00 83.00 3.00 0.00 0.00 54.00 68.00 36.00 86.00 0.00 0.00 0.00 68.00 11.00 80.00 0.00 0.00 0.00 0.00 0.00 6.00 62.00 0.00 44.00 65.00
10 0.00 7.00 0.00 0.00 0.00 70.00 38.00 40.00 0.00 98.00 0.00 50.00 66.00 47.00 0.00 22.00 87.00 0.00 52.00 0.00 75.00 80.00 49.00 0.00 0.00 0.00 97.00 0.00 0.00 0.00 78.00 96.00 79.00 45.00 0.00 0.00 0.00 64.00 0.00 100.00 0.00 45.00 62.00 30.00 70.00 24.00 0.00 0.00 0.00 0.00 0.00 3.00 95.00 37.00 0.00 0.00 1.00 87.00 6.00 0.00 0.00 0.00 0.00 0.00 0.00 0.00 0.00 86.00 0.00 0.00 81.00 35.00 27.00 0.00 85.00 41.00 0.00 0.00 0.00 72.00 96.00 0.00 0.00 0.00 38.00 13.00 27.00 0.00 0.00 30.00 0.00 0.00 38.00 85.00 0.00 77.00 0.00 0.00 0.00 0.00
11 0.00 0.00 0.00 0.00 0.00 0.00 17.00 0.00 0.00 35.00 50.00 0.00 45.00 48.00 41.00 0.00 0.00 0.00 0.00 16.00 55.00 94.00 0.00 95.00 99.00 46.00 91.00 0.00 56.00 0.00 0.00 0.00 6.00 0.00 81.00 0.00 0.00 0.00 0.00 3.00 9.00 0.00 0.00 0.00 5.00 70.00 0.00 78.00 88.00 98.00 0.00 0.00 0.00 0.00 0.00 0.00 37.00 0.00 0.00 0.00 74.00 42.00 0.00 0.00 0.00 80.00 0.00 77.00 76.00 0.00 23.00 0.00 0.00 0.00 0.00 0.00 0.00 66.00 0.00 74.00 43.00 46.00 58.00 0.00 0.00 0.00 89.00 0.00 67.00 24.00 89.00 0.00 0.00 0.00 0.00 0.00 0.00 0.00 0.00 39.00
12 0.00 0.00 43.00 0.00 0.00 65.00 46.00 0.00 2.00 0.00 66.00 45.00 0.00 51.00 86.00 0.00 0.00 90.00 25.00 0.00 91.00 0.00 47.00 0.00 0.00 80.00 0.00 24.00 0.00 0.00 0.00 12.00 63.00 98.00 88.00 0.00 49.00 35.00 92.00 0.00 0.00 0.00 0.00 40.00 38.00 60.00 0.00 83.00 0.00 0.00 40.00 38.00 84.00 9.00 0.00 42.00 0.00 57.00 12.00 0.00 0.00 74.00 0.00 71.00 0.00 42.00 63.00 0.00 0.00 61.00 13.00 0.00 77.00 50.00 0.00 0.00 0.00 80.00 77.00 17.00 50.00 0.00 0.00 0.00 64.00 77.00 0.00 90.00 50.00 0.00 0.00 0.00 0.00 0.00 76.00 9.00 0.00 0.00 0.00 64.00
13 0.00 0.00 0.00 1.00 0.00 53.00 0.00 0.00 0.00 11.00 47.00 48.00 51.00 0.00 0.00 0.00 0.00 58.00 0.00 0.00 0.00 10.00 18.00 27.00 17.00 62.00 0.00 0.00 24.00 61.00 90.00 0.00 84.00 0.00 80.00 79.00 0.00 93.00 79.00 0.00 0.00 0.00 74.00 0.00 90.00 0.00 68.00 0.00 0.00 81.00 33.00 55.00 25.00 0.00 0.00 0.00 0.00 0.00 83.00 0.00 23.00 0.00 2.00 16.00 49.00 56.00 0.00 14.00 17.00 0.00 87.00 51.00 54.00 76.00 0.00 48.00 0.00 0.00 0.00 86.00 0.00 0.00 54.00 58.00 0.00 29.00 0.00 0.00 0.00 0.00 0.00 29.00 7.00 58.00 0.00 0.00 28.00 67.00 21.00 0.00
14 0.00 29.00 13.00 0.00 39.00 0.00 18.00 18.00 14.00 98.00 0.00 41.00 86.00 0.00 0.00 0.00 89.00 77.00 0.00 0.00 0.00 0.00 0.00 4.00 0.00 34.00 0.00 0.00 75.00 0.00 0.00 0.00 0.00 0.00 0.00 82.00 31.00 42.00 20.00 0.00 87.00 0.00 0.00 0.00 60.00 20.00 0.00 0.00 0.00 21.00 0.00 75.00 78.00 0.00 0.00 0.00 0.00 73.00 0.00 0.00 0.00 0.00 0.00 59.00 0.00 36.00 42.00 0.00 0.00 0.00 97.00 0.00 25.00 70.00 0.00 8.00 0.00 0.00 25.00 0.00 71.00 0.00 0.00 0.00 100.00 0.00 0.00 0.00 53.00 0.00 0.00 0.00 0.00 0.00 4.00 0.00 0.00 66.00 53.00 0.00
15 0.00 0.00 0.00 0.00 44.00 93.00 10.00 0.00 0.00 0.00 22.00 0.00 0.00 0.00 0.00 0.00 0.00 15.00 63.00 59.00 0.00 71.00 96.00 0.00 0.00 61.00 0.00 0.00 0.00 52.00 0.00 63.00 7.00 79.00 55.00 0.00 65.00 0.00 86.00 0.00 17.00 78.00 0.00 0.00 0.00 0.00 0.00 0.00 0.00 76.00 0.00 14.00 83.00 0.00 0.00 25.00 0.00 45.00 0.00 0.00 0.00 62.00 65.00 83.00 0.00 62.00 0.00 85.00 26.00 47.00 64.00 0.00 51.00 0.00 0.00 0.00 0.00 0.00 18.00 0.00 86.00 0.00 0.00 0.00 0.00 0.00 0.00 0.00 0.00 0.00 0.00 0.00 0.00 0.00 0.00 0.00 79.00 84.00 0.00 17.00
16 0.00 0.00 0.00 67.00 0.00 34.00 0.00 22.00 29.00 0.00 87.00 0.00 0.00 0.00 89.00 0.00 0.00 60.00 70.00 51.00 78.00 36.00 0.00 44.00 0.00 0.00 38.00 0.00 43.00 33.00 0.00 0.00 40.00 0.00 0.00 0.00 0.00 9.00 0.00 88.00 0.00 99.00 37.00 91.00 0.00 19.00 0.00 78.00 97.00 8.00 93.00 62.00 28.00 0.00 24.00 0.00 0.00 7.00 22.00 0.00 88.00 0.00 53.00 40.00 36.00 82.00 0.00 19.00 0.00 4.00 27.00 0.00 3.00 0.00 84.00 34.00 88.00 0.00 70.00 65.00 45.00 6.00 82.00 24.00 0.00 87.00 0.00 38.00 0.00 93.00 75.00 0.00 0.00 27.00 0.00 0.00 65.00 81.00 0.00 0.00
17 0.00 73.00 0.00 0.00 0.00 0.00 28.00 28.00 0.00 0.00 0.00 0.00 90.00 58.00 77.00 15.00 60.00 0.00 16.00 0.00 0.00 0.00 0.00 58.00 34.00 41.00 6.00 56.00 54.00 0.00 0.00 0.00 0.00 45.00 0.00 84.00 0.00 0.00 53.00 5.00 80.00 52.00 0.00 55.00 58.00 0.00 0.00 0.00 0.00 0.00 0.00 64.00 43.00 0.00 0.00 14.00 0.00 0.00 5.00 100.00 0.00 21.00 81.00 24.00 80.00 28.00 0.00 0.00 5.00 0.00 0.00 0.00 22.00 0.00 41.00 96.00 34.00 0.00 0.00 0.00 0.00 83.00 0.00 33.00 82.00 66.00 56.00 7.00 60.00 0.00 0.00 0.00 0.00 0.00 0.00 68.00 79.00 12.00 0.00 0.00
18 0.00 44.00 0.00 43.00 67.00 0.00 0.00 0.00 0.00 48.00 52.00 0.00 25.00 0.00 0.00 63.00 70.00 16.00 0.00 45.00 37.00 0.00 0.00 93.00 27.00 1.00 0.00 0.00 0.00 57.00 69.00 76.00 0.00 0.00 1.00 50.00 0.00 0.00 78.00 0.00 0.00 66.00 94.00 5.00 0.00 0.00 0.00 69.00 0.00 82.00 0.00 45.00 0.00 4.00 0.00 16.00 97.00 79.00 60.00 0.00 0.00 31.00 35.00 0.00 0.00 0.00 0.00 96.00 40.00 0.00 28.00 0.00 0.00 0.00 0.00 0.00 8.00 0.00 0.00 0.00 0.00 0.00 0.00 30.00 14.00 95.00 0.00 3.00 0.00 41.00 0.00 0.00 0.00 86.00 54.00 0.00 0.00 0.00 0.00 0.00
19 51.00 50.00 74.00 16.00 17.00 0.00 9.00 41.00 3.00 92.00 0.00 16.00 0.00 0.00 0.00 59.00 51.00 0.00 45.00 0.00 0.00 23.00 0.00 0.00 56.00 68.00 0.00 0.00 0.00 0.00 27.00 0.00 30.00 0.00 4.00 0.00 11.00 0.00 3.00 0.00 35.00 0.00 0.00 95.00 43.00 1.00 0.00 65.00 15.00 92.00 0.00 25.00 82.00 13.00 0.00 84.00 0.00 50.00 0.00 82.00 78.00 0.00 0.00 77.00 61.00 0.00 0.00 19.00 96.00 0.00 0.00 47.00 94.00 0.00 59.00 0.00 0.00 68.00 0.00 0.00 58.00 0.00 0.00 0.00 46.00 0.00 10.00 75.00 0.00 20.00 0.00 0.00 47.00 0.00 22.00 0.00 37.00 0.00 0.00 0.00
20 0.00 0.00 15.00 0.00 0.00 29.00 0.00 77.00 55.00 100.00 75.00 55.00 91.00 0.00 0.00 0.00 78.00 0.00 37.00 0.00 0.00 0.00 96.00 47.00 78.00 96.00 25.00 0.00 25.00 0.00 75.00 16.00 98.00 36.00 0.00 31.00 0.00 70.00 0.00 4.00 0.00 0.00 0.00 0.00 0.00 0.00 0.00 65.00 57.00 0.00 0.00 51.00 87.00 35.00 0.00 0.00 95.00 0.00 42.00 0.00 0.00 100.00 0.00 0.00 0.00 0.00 0.00 0.00 0.00 0.00 68.00 32.00 27.00 0.00 0.00 16.00 0.00 38.00 0.00 25.00 0.00 0.00 0.00 0.00 0.00 42.00 29.00 44.00 0.00 0.00 69.00 0.00 18.00 0.00 0.00 0.00 0.00 0.00 13.00 65.00
21 46.00 22.00 0.00 0.00 0.00 0.00 0.00 0.00 1.00 0.00 80.00 94.00 0.00 10.00 0.00 71.00 36.00 0.00 0.00 23.00 0.00 0.00 0.00 0.00 91.00 76.00 0.00 0.00 87.00 0.00 29.00 33.00 0.00 0.00 0.00 0.00 93.00 58.00 0.00 4.00 63.00 68.00 0.00 0.00 40.00 33.00 62.00 0.00 0.00 72.00 57.00 0.00 0.00 0.00 0.00 0.00 60.00 52.00 56.00 81.00 0.00 40.00 0.00 0.00 51.00 81.00 0.00 0.00 69.00 21.00 0.00 0.00 0.00 0.00 7.00 0.00 0.00 66.00 0.00 89.00 98.00 0.00 12.00 0.00 30.00 6.00 55.00 93.00 0.00 0.00 0.00 91.00 0.00 41.00 0.00 17.00 4.00 0.00 49.00 0.00
22 59.00 0.00 0.00 0.00 0.00 0.00 11.00 0.00 0.00 99.00 49.00 0.00 47.00 18.00 0.00 96.00 0.00 0.00 0.00 0.00 96.00 0.00 0.00 73.00 63.00 0.00 4.00 2.00 0.00 0.00 73.00 13.00 9.00 0.00 52.00 23.00 0.00 92.00 84.00 0.00 3.00 20.00 9.00 47.00 0.00 0.00 27.00 91.00 0.00 28.00 0.00 52.00 0.00 0.00 0.00 61.00 19.00 0.00 98.00 0.00 40.00 58.00 0.00 38.00 0.00 97.00 93.00 6.00 0.00 0.00 0.00 0.00 0.00 1.00 37.00 51.00 0.00 0.00 23.00 0.00 0.00 0.00 0.00 85.00 69.00 33.00 0.00 63.00 66.00 1.00 0.00 70.00 63.00 98.00 45.00 0.00 56.00 0.00 0.00 100.00
23 0.00 80.00 43.00 95.00 0.00 0.00 0.00 4.00 56.00 23.00 0.00 95.00 0.00 27.00 4.00 0.00 44.00 58.00 93.00 0.00 47.00 0.00 73.00 0.00 29.00 0.00 51.00 0.00 0.00 0.00 23.00 13.00 0.00 0.00 40.00 0.00 49.00 0.00 16.00 84.00 0.00 46.00 0.00 0.00 84.00 0.00 0.00 0.00 0.00 0.00 7.00 42.00 0.00 0.00 68.00 0.00 0.00 30.00 1.00 0.00 0.00 0.00 26.00 0.00 52.00 0.00 3.00 26.00 0.00 0.00 86.00 99.00 97.00 83.00 0.00 19.00 0.00 0.00 81.00 60.00 79.00 36.00 0.00 99.00 0.00 0.00 0.00 58.00 99.00 18.00 0.00 37.00 0.00 0.00 45.00 0.00 70.00 32.00 0.00 0.00
24 0.00 68.00 0.00 0.00 43.00 12.00 0.00 0.00 60.00 0.00 0.00 99.00 0.00 17.00 0.00 0.00 0.00 34.00 27.00 56.00 78.00 91.00 63.00 29.00 0.00 92.00 93.00 0.00 0.00 0.00 0.00 94.00 0.00 0.00 0.00 12.00 87.00 0.00 0.00 0.00 41.00 0.00 91.00 46.00 0.00 0.00 0.00 0.00 0.00 0.00 0.00 0.00 0.00 0.00 0.00 100.00 0.00 16.00 0.00 0.00 0.00 57.00 0.00 57.00 22.00 0.00 6.00 0.00 54.00 0.00 37.00 0.00 0.00 0.00 0.00 36.00 0.00 0.00 0.00 0.00 0.00 57.00 0.00 36.00 63.00 0.00 0.00 18.00 0.00 15.00 47.00 0.00 28.00 0.00 0.00 30.00 0.00 96.00 31.00 0.00
25 33.00 0.00 58.00 47.00 0.00 96.00 0.00 0.00 19.00 0.00 0.00 46.00 80.00 62.00 34.00 61.00 0.00 41.00 1.00 68.00 96.00 76.00 0.00 0.00 92.00 0.00 0.00 81.00 16.00 0.00 19.00 87.00 97.00 4.00 43.00 0.00 0.00 84.00 0.00 0.00 12.00 97.00 0.00 0.00 0.00 0.00 67.00 0.00 84.00 81.00 0.00 0.00 0.00 0.00 0.00 23.00 0.00 20.00 0.00 0.00 0.00 42.00 76.00 4.00 0.00 0.00 0.00 0.00 0.00 0.00 0.00 0.00 0.00 12.00 0.00 95.00 78.00 0.00 0.00 13.00 24.00 41.00 45.00 0.00 53.00 9.00 93.00 0.00 0.00 90.00 94.00 0.00 81.00 81.00 21.00 72.00 0.00 0.00 26.00 93.00
26 0.00 38.00 64.00 100.00 0.00 0.00 1.00 71.00 94.00 97.00 97.00 91.00 0.00 0.00 0.00 0.00 38.00 6.00 0.00 0.00 25.00 0.00 4.00 51.00 93.00 0.00 0.00 38.00 85.00 67.00 62.00 0.00 0.00 2.00 0.00 90.00 5.00 0.00 0.00 0.00 0.00 63.00 0.00 96.00 0.00 0.00 0.00 0.00 0.00 8.00 0.00 21.00 10.00 0.00 0.00 0.00 57.00 0.00 60.00 0.00 0.00 17.00 69.00 35.00 0.00 33.00 55.00 83.00 21.00 76.00 0.00 0.00 36.00 97.00 51.00 79.00 48.00 0.00 57.00 0.00 10.00 0.00 0.00 0.00 59.00 7.00 15.00 67.00 0.00 13.00 0.00 1.00 0.00 0.00 55.00 97.00 91.00 69.00 99.00 48.00
27 0.00 0.00 0.00 0.00 0.00 0.00 2.00 0.00 0.00 35.00 0.00 0.00 24.00 0.00 0.00 0.00 0.00 56.00 0.00 0.00 0.00 0.00 2.00 0.00 0.00 81.00 38.00 0.00 40.00 63.00 47.00 0.00 50.00 17.00 23.00 0.00 46.00 0.00 1.00 0.00 77.00 0.00 0.00 0.00 0.00 93.00 56.00 7.00 54.00 58.00 21.00 0.00 65.00 93.00 11.00 85.00 0.00 0.00 0.00 88.00 96.00 3.00 52.00 0.00 76.00 30.00 37.00 55.00 0.00 70.00 71.00 0.00 0.00 0.00 80.00 33.00 0.00 0.00 0.00 13.00 68.00 0.00 81.00 0.00 8.00 23.00 97.00 37.00 79.00 0.00 0.00 55.00 0.00 25.00 40.00 43.00 44.00 80.00 20.00 0.00
28 52.00 15.00 0.00 1.00 0.00 44.00 0.00 85.00 0.00 46.00 0.00 56.00 0.00 24.00 75.00 0.00 43.00 54.00 0.00 0.00 25.00 87.00 0.00 0.00 0.00 16.00 85.00 40.00 0.00 0.00 0.00 27.00 0.00 0.00 0.00 0.00 0.00 60.00 0.00 0.00 26.00 0.00 0.00 0.00 35.00 0.00 63.00 26.00 87.00 0.00 0.00 0.00 0.00 0.00 17.00 0.00 0.00 0.00 0.00 0.00 36.00 30.00 0.00 85.00 0.00 53.00 0.00 0.00 0.00 0.00 83.00 0.00 0.00 0.00 0.00 0.00 40.00 0.00 98.00 0.00 0.00 0.00 68.00 0.00 0.00 19.00 0.00 69.00 0.00 0.00 7.00 29.00 0.00 0.00 0.00 0.00 42.00 0.00 0.00 74.00
29 0.00 62.00 0.00 0.00 99.00 0.00 0.00 49.00 0.00 74.00 0.00 0.00 0.00 61.00 0.00 52.00 33.00 0.00 57.00 0.00 0.00 0.00 0.00 0.00 0.00 0.00 67.00 63.00 0.00 0.00 81.00 50.00 0.00 0.00 6.00 0.00 0.00 85.00 87.00 0.00 78.00 62.00 66.00 60.00 0.00 0.00 41.00 0.00 0.00 68.00 5.00 0.00 0.00 42.00 45.00 0.00 0.00 0.00 0.00 67.00 69.00 63.00 92.00 0.00 0.00 0.00 19.00 78.00 81.00 0.00 8.00 0.00 99.00 33.00 77.00 0.00 61.00 59.00 19.00 8.00 56.00 0.00 87.00 0.00 52.00 1.00 0.00 73.00 17.00 48.00 2.00 0.00 0.00 55.00 100.00 7.00 63.00 0.00 0.00 0.00
30 0.00 15.00 0.00 0.00 0.00 86.00 56.00 51.00 0.00 0.00 78.00 0.00 0.00 90.00 0.00 0.00 0.00 0.00 69.00 27.00 75.00 29.00 73.00 23.00 0.00 19.00 62.00 47.00 0.00 81.00 0.00 46.00 66.00 29.00 93.00 99.00 0.00 90.00 0.00 0.00 98.00 0.00 0.00 71.00 68.00 0.00 86.00 6.00 0.00 32.00 44.00 0.00 0.00 66.00 30.00 43.00 98.00 0.00 0.00 0.00 0.00 0.00 4.00 17.00 16.00 64.00 0.00 43.00 0.00 63.00 8.00 32.00 69.00 78.00 0.00 97.00 0.00 0.00 0.00 0.00 0.00 32.00 42.00 65.00 98.00 0.00 0.00 0.00 2.00 18.00 0.00 0.00 0.00 53.00 28.00 0.00 9.00 4.00 69.00 93.00
31 0.00 0.00 51.00 0.00 30.00 77.00 0.00 20.00 0.00 29.00 96.00 0.00 12.00 0.00 0.00 63.00 0.00 0.00 76.00 0.00 16.00 33.00 13.00 13.00 94.00 87.00 0.00 0.00 27.00 50.00 46.00 0.00 56.00 0.00 0.00 0.00 25.00 98.00 10.00 73.00 26.00 0.00 0.00 0.00 82.00 77.00 43.00 20.00 2.00 73.00 53.00 0.00 0.00 50.00 0.00 0.00 28.00 4.00 0.00 0.00 0.00 85.00 4.00 81.00 20.00 0.00 93.00 54.00 99.00 90.00 58.00 5.00 0.00 26.00 0.00 0.00 0.00 0.00 68.00 81.00 14.00 0.00 0.00 0.00 0.00 0.00 0.00 88.00 18.00 0.00 0.00 0.00 4.00 48.00 48.00 27.00 72.00 66.00 100.00 0.00
32 0.00 0.00 0.00 0.00 53.00 94.00 87.00 0.00 0.00 0.00 79.00 6.00 63.00 84.00 0.00 7.00 40.00 0.00 0.00 30.00 98.00 0.00 9.00 0.00 0.00 97.00 0.00 50.00 0.00 0.00 66.00 56.00 0.00 92.00 0.00 0.00 21.00 55.00 27.00 75.00 0.00 15.00 77.00 62.00 0.00 0.00 0.00 15.00 0.00 0.00 0.00 0.00 0.00 74.00 96.00 20.00 87.00 79.00 0.00 0.00 19.00 0.00 33.00 94.00 0.00 21.00 80.00 24.00 27.00 0.00 82.00 21.00 48.00 25.00 0.00 0.00 0.00 37.00 63.00 18.00 76.00 0.00 0.00 75.00 0.00 0.00 79.00 88.00 74.00 0.00 0.00 0.00 62.00 13.00 0.00 0.00 0.00 71.00 0.00 86.00
33 0.00 18.00 37.00 65.00 15.00 99.00 0.00 0.00 0.00 14.00 45.00 0.00 98.00 0.00 0.00 79.00 0.00 45.00 0.00 0.00 36.00 0.00 0.00 0.00 0.00 4.00 2.00 17.00 0.00 0.00 29.00 0.00 92.00 0.00 0.00 0.00 31.00 0.00 0.00 50.00 94.00 0.00 93.00 98.00 0.00 77.00 29.00 0.00 90.00 72.00 0.00 0.00 0.00 42.00 0.00 98.00 0.00 0.00 0.00 15.00 77.00 0.00 36.00 0.00 43.00 57.00 24.00 31.00 72.00 94.00 21.00 38.00 0.00 0.00 26.00 51.00 60.00 57.00 0.00 95.00 0.00 92.00 41.00 0.00 0.00 36.00 0.00 0.00 34.00 0.00 52.00 0.00 86.00 0.00 0.00 0.00 0.00 0.00 0.00 0.00
34 1.00 66.00 34.00 60.00 0.00 0.00 3.00 0.00 18.00 0.00 0.00 81.00 88.00 80.00 0.00 55.00 0.00 0.00 1.00 4.00 0.00 0.00 52.00 40.00 0.00 43.00 0.00 23.00 0.00 6.00 93.00 0.00 0.00 0.00 0.00 0.00 0.00 0.00 79.00 76.00 0.00 0.00 0.00 0.00 82.00 24.00 0.00 0.00 50.00 0.00 0.00 0.00 0.00 0.00 0.00 0.00 54.00 73.00 64.00 25.00 24.00 0.00 46.00 0.00 0.00 80.00 0.00 0.00 0.00 43.00 0.00 80.00 0.00 24.00 18.00 0.00 0.00 28.00 24.00 75.00 38.00 0.00 86.00 94.00 0.00 0.00 88.00 61.00 0.00 40.00 54.00 82.00 18.00 43.00 0.00 0.00 43.00 82.00 0.00 52.00
35 19.00 80.00 0.00 42.00 2.00 21.00 0.00 32.00 0.00 12.00 0.00 0.00 0.00 79.00 82.00 0.00 0.00 84.00 50.00 0.00 31.00 0.00 23.00 0.00 12.00 0.00 90.00 0.00 0.00 0.00 99.00 0.00 0.00 0.00 0.00 0.00 93.00 42.00 0.00 95.00 0.00 79.00 56.00 70.00 0.00 0.00 90.00 0.00 0.00 22.00 9.00 0.00 0.00 89.00 59.00 65.00 0.00 40.00 32.00 0.00 91.00 26.00 93.00 0.00 59.00 0.00 14.00 0.00 0.00 0.00 0.00 0.00 0.00 0.00 0.00 0.00 0.00 0.00 0.00 75.00 0.00 0.00 0.00 23.00 0.00 30.00 0.00 0.00 58.00 96.00 28.00 0.00 57.00 0.00 98.00 0.00 0.00 76.00 0.00 75.00
36 85.00 93.00 44.00 4.00 0.00 0.00 0.00 63.00 38.00 33.00 0.00 0.00 49.00 0.00 31.00 65.00 0.00 0.00 0.00 11.00 0.00 93.00 0.00 49.00 87.00 0.00 5.00 46.00 0.00 0.00 0.00 25.00 21.00 31.00 0.00 93.00 0.00 94.00 32.00 40.00 30.00 58.00 0.00 39.00 0.00 0.00 48.00 45.00 82.00 0.00 13.00 56.00 1.00 26.00 0.00 41.00 0.00 0.00 0.00 0.00 0.00 0.00 42.00 42.00 0.00 53.00 78.00 81.00 28.00 51.00 0.00 0.00 0.00 0.00 0.00 50.00 83.00 0.00 0.00 0.00 0.00 85.00 9.00 94.00 24.00 18.00 18.00 0.00 68.00 61.00 0.00 25.00 0.00 80.00 10.00 0.00 90.00 19.00 0.00 0.00
37 41.00 98.00 62.00 87.00 72.00 6.00 0.00 40.00 0.00 0.00 64.00 0.00 35.00 93.00 42.00 0.00 9.00 0.00 0.00 0.00 70.00 58.00 92.00 0.00 0.00 84.00 0.00 0.00 60.00 85.00 90.00 98.00 55.00 0.00 0.00 42.00 94.00 0.00 0.00 28.00 91.00 27.00 49.00 39.00 97.00 0.00 0.00 84.00 45.00 0.00 0.00 0.00 22.00 0.00 61.00 97.00 59.00 39.00 0.00 0.00 30.00 99.00 0.00 49.00 0.00 0.00 32.00 0.00 22.00 46.00 35.00 0.00 0.00 57.00 0.00 81.00 0.00 63.00 18.00 59.00 18.00 0.00 70.00 79.00 0.00 0.00 0.00 77.00 44.00 0.00 98.00 84.00 0.00 0.00 55.00 67.00 68.00 0.00 0.00 0.00
38 0.00 0.00 16.00 0.00 14.00 53.00 37.00 75.00 0.00 0.00 0.00 0.00 92.00 79.00 20.00 86.00 0.00 53.00 78.00 3.00 0.00 0.00 84.00 16.00 0.00 0.00 0.00 1.00 0.00 87.00 0.00 10.00 27.00 0.00 79.00 0.00 32.00 0.00 0.00 73.00 0.00 67.00 0.00 68.00 75.00 15.00 67.00 0.00 0.00 0.00 0.00 0.00 88.00 0.00 88.00 64.00 37.00 89.00 0.00 0.00 71.00 0.00 72.00 0.00 26.00 75.00 53.00 0.00 8.00 0.00 57.00 0.00 91.00 13.00 0.00 0.00 70.00 0.00 0.00 0.00 0.00 0.00 0.00 0.00 0.00 0.00 63.00 0.00 0.00 33.00 64.00 0.00 20.00 5.00 85.00 0.00 0.00 41.00 0.00 0.00
39 0.00 0.00 13.00 0.00 0.00 0.00 59.00 0.00 90.00 93.00 100.00 3.00 0.00 0.00 0.00 0.00 88.00 5.00 0.00 0.00 4.00 4.00 0.00 84.00 0.00 0.00 0.00 0.00 0.00 0.00 0.00 73.00 75.00 50.00 76.00 95.00 40.00 28.00 73.00 0.00 98.00 0.00 22.00 0.00 75.00 0.00 0.00 27.00 43.00 0.00 0.00 76.00 0.00 0.00 0.00 33.00 30.00 58.00 0.00 24.00 60.00 0.00 77.00 0.00 27.00 39.00 0.00 57.00 67.00 0.00 54.00 14.00 0.00 0.00 0.00 15.00 0.00 0.00 0.00 68.00 18.00 63.00 83.00 65.00 0.00 0.00 8.00 3.00 91.00 95.00 88.00 41.00 96.00 0.00 0.00 13.00 0.00 0.00 0.00 0.00
40 49.00 0.00 0.00 0.00 82.00 81.00 0.00 53.00 29.00 44.00 0.00 9.00 0.00 0.00 87.00 17.00 0.00 80.00 0.00 35.00 0.00 63.00 3.00 0.00 41.00 12.00 0.00 77.00 26.00 78.00 98.00 26.00 0.00 94.00 0.00 0.00 30.00 91.00 0.00 98.00 0.00 25.00 0.00 5.00 6.00 88.00 0.00 0.00 0.00 0.00 0.00 0.00 82.00 84.00 62.00 0.00 50.00 35.00 0.00 0.00 8.00 0.00 0.00 0.00 0.00 73.00 20.00 0.00 83.00 2.00 62.00 94.00 0.00 0.00 0.00 100.00 0.00 0.00 92.00 72.00 0.00 0.00 0.00 75.00 27.00 0.00 36.00 0.00 0.00 56.00 0.00 92.00 99.00 59.00 0.00 72.00 42.00 0.00 53.00 0.00
41 0.00 90.00 0.00 74.00 0.00 0.00 0.00 38.00 0.00 96.00 45.00 0.00 0.00 0.00 0.00 78.00 99.00 52.00 66.00 0.00 0.00 68.00 20.00 46.00 0.00 97.00 63.00 0.00 0.00 62.00 0.00 0.00 15.00 0.00 0.00 79.00 58.00 27.00 67.00 0.00 25.00 0.00 4.00 0.00 0.00 14.00 31.00 0.00 75.00 31.00 0.00 19.00 0.00 12.00 0.00 78.00 38.00 0.00 0.00 0.00 0.00 98.00 0.00 71.00 50.00 1.00 64.00 0.00 78.00 0.00 0.00 0.00 0.00 57.00 4.00 0.00 0.00 0.00 10.00 89.00 30.00 0.00 0.00 0.00 0.00 0.00 29.00 50.00 0.00 35.00 15.00 0.00 44.00 0.00 0.00 72.00 0.00 0.00 84.00 57.00
42 57.00 5.00 0.00 64.00 0.00 0.00 70.00 0.00 0.00 83.00 62.00 0.00 0.00 74.00 0.00 0.00 37.00 0.00 94.00 0.00 0.00 0.00 9.00 0.00 91.00 0.00 0.00 0.00 0.00 66.00 0.00 0.00 77.00 93.00 0.00 56.00 0.00 49.00 0.00 22.00 0.00 4.00 0.00 0.00 99.00 0.00 0.00 0.00 12.00 87.00 0.00 0.00 0.00 0.00 60.00 53.00 0.00 7.00 0.00 0.00 80.00 0.00 0.00 0.00 0.00 0.00 0.00 48.00 56.00 76.00 100.00 88.00 35.00 0.00 73.00 0.00 91.00 0.00 68.00 89.00 0.00 37.00 0.00 0.00 38.00 79.00 0.00 0.00 43.00 0.00 81.00 0.00 0.00 0.00 44.00 65.00 0.00 0.00 58.00 0.00
43 76.00 0.00 0.00 0.00 0.00 0.00 59.00 7.00 0.00 68.00 30.00 0.00 40.00 0.00 0.00 0.00 91.00 55.00 5.00 95.00 0.00 0.00 47.00 0.00 46.00 0.00 96.00 0.00 0.00 60.00 71.00 0.00 62.00 98.00 0.00 70.00 39.00 39.00 68.00 0.00 5.00 0.00 0.00 0.00 97.00 0.00 24.00 0.00 0.00 77.00 19.00 24.00 0.00 4.00 0.00 0.00 0.00 0.00 0.00 4.00 0.00 72.00 0.00 0.00 3.00 0.00 0.00 85.00 44.00 0.00 82.00 0.00 0.00 0.00 54.00 82.00 98.00 73.00 0.00 7.00 0.00 22.00 91.00 0.00 13.00 12.00 11.00 0.00 74.00 45.00 83.00 4.00 47.00 55.00 84.00 22.00 4.00 0.00 29.00 0.00
44 94.00 0.00 0.00 40.00 6.00 77.00 98.00 100.00 35.00 25.00 70.00 5.00 38.00 90.00 60.00 0.00 0.00 58.00 0.00 43.00 0.00 40.00 0.00 84.00 0.00 0.00 0.00 0.00 35.00 0.00 68.00 82.00 0.00 0.00 82.00 0.00 0.00 97.00 75.00 75.00 6.00 0.00 99.00 97.00 0.00 0.00 0.00 21.00 0.00 0.00 23.00 0.00 81.00 0.00 0.00 0.00 92.00 84.00 33.00 0.00 0.00 0.00 93.00 0.00 46.00 0.00 0.00 0.00 0.00 0.00 0.00 80.00 42.00 0.00 23.00 50.00 9.00 0.00 0.00 0.00 0.00 56.00 58.00 0.00 0.00 44.00 0.00 26.00 0.00 22.00 22.00 0.00 27.00 32.00 0.00 0.00 7.00 0.00 7.00 17.00
45 26.00 13.00 39.00 54.00 0.00 32.00 24.00 74.00 0.00 0.00 24.00 70.00 60.00 0.00 20.00 0.00 19.00 0.00 0.00 1.00 0.00 33.00 0.00 0.00 0.00 0.00 0.00 93.00 0.00 0.00 0.00 77.00 0.00 77.00 24.00 0.00 0.00 0.00 15.00 0.00 88.00 14.00 0.00 0.00 0.00 0.00 0.00 49.00 0.00 0.00 0.00 94.00 56.00 0.00 55.00 46.00 0.00 0.00 67.00 38.00 0.00 44.00 8.00 0.00 0.00 0.00 0.00 87.00 0.00 37.00 0.00 0.00 16.00 68.00 0.00 0.00 24.00 31.00 8.00 0.00 45.00 56.00 26.00 0.00 0.00 72.00 72.00 0.00 0.00 0.00 52.00 0.00 0.00 0.00 22.00 34.00 47.00 0.00 87.00 0.00
46 48.00 0.00 37.00 0.00 60.00 36.00 0.00 0.00 0.00 68.00 0.00 0.00 0.00 68.00 0.00 0.00 0.00 0.00 0.00 0.00 0.00 62.00 27.00 0.00 0.00 67.00 0.00 56.00 63.00 41.00 86.00 43.00 0.00 29.00 0.00 90.00 48.00 0.00 67.00 0.00 0.00 31.00 0.00 24.00 0.00 0.00 0.00 19.00 0.00 0.00 57.00 37.00 0.00 0.00 0.00 0.00 0.00 5.00 0.00 21.00 0.00 0.00 74.00 0.00 0.00 0.00 43.00 0.00 0.00 48.00 66.00 50.00 29.00 0.00 0.00 61.00 88.00 1.00 92.00 22.00 0.00 78.00 33.00 0.00 79.00 97.00 5.00 0.00 10.00 0.00 0.00 0.00 0.00 98.00 0.00 0.00 0.00 0.00 47.00 9.00
47 54.00 0.00 44.00 0.00 0.00 0.00 0.00 0.00 90.00 0.00 0.00 78.00 83.00 0.00 0.00 0.00 78.00 0.00 69.00 65.00 65.00 0.00 91.00 0.00 0.00 0.00 0.00 7.00 26.00 0.00 6.00 20.00 15.00 0.00 0.00 0.00 45.00 84.00 0.00 27.00 0.00 0.00 0.00 0.00 21.00 49.00 19.00 0.00 93.00 0.00 97.00 2.00 0.00 0.00 0.00 82.00 35.00 0.00 76.00 43.00 72.00 25.00 64.00 28.00 0.00 69.00 79.00 0.00 0.00 83.00 80.00 0.00 0.00 28.00 58.00 16.00 100.00 87.00 0.00 0.00 77.00 0.00 49.00 0.00 25.00 0.00 26.00 0.00 48.00 0.00 0.00 49.00 46.00 0.00 0.00 0.00 0.00 85.00 0.00 0.00
48 74.00 0.00 0.00 0.00 0.00 0.00 0.00 63.00 0.00 0.00 0.00 88.00 0.00 0.00 0.00 0.00 97.00 0.00 0.00 15.00 57.00 0.00 0.00 0.00 0.00 84.00 0.00 54.00 87.00 0.00 0.00 2.00 0.00 90.00 50.00 0.00 82.00 45.00 0.00 43.00 0.00 75.00 12.00 0.00 0.00 0.00 0.00 93.00 0.00 0.00 83.00 0.00 0.00 0.00 0.00 0.00 92.00 0.00 0.00 0.00 81.00 0.00 0.00 0.00 0.00 0.00 0.00 42.00 32.00 78.00 8.00 17.00 0.00 41.00 0.00 56.00 0.00 70.00 31.00 0.00 67.00 42.00 63.00 0.00 100.00 0.00 0.00 0.00 0.00 82.00 13.00 69.00 34.00 96.00 0.00 39.00 21.00 0.00 0.00 0.00
49 0.00 0.00 0.00 80.00 0.00 61.00 0.00 9.00 0.00 0.00 0.00 98.00 0.00 81.00 21.00 76.00 8.00 0.00 82.00 92.00 0.00 72.00 28.00 0.00 0.00 81.00 8.00 58.00 0.00 68.00 32.00 73.00 0.00 72.00 0.00 22.00 0.00 0.00 0.00 0.00 0.00 31.00 87.00 77.00 0.00 0.00 0.00 0.00 0.00 0.00 21.00 25.00 0.00 0.00 69.00 12.00 71.00 0.00 0.00 0.00 19.00 98.00 92.00 11.00 16.00 0.00 0.00 64.00 88.00 81.00 16.00 71.00 99.00 52.00 85.00 0.00 0.00 0.00 9.00 0.00 0.00 44.00 0.00 0.00 0.00 13.00 0.00 0.00 0.00 78.00 100.00 0.00 80.00 0.00 77.00 67.00 58.00 0.00 0.00 35.00
50 56.00 0.00 1.00 0.00 55.00 0.00 0.00 0.00 0.00 0.00 0.00 0.00 40.00 33.00 0.00 0.00 93.00 0.00 0.00 0.00 0.00 57.00 0.00 7.00 0.00 0.00 0.00 21.00 0.00 5.00 44.00 53.00 0.00 0.00 0.00 9.00 13.00 0.00 0.00 0.00 0.00 0.00 0.00 19.00 23.00 0.00 57.00 97.00 83.00 21.00 0.00 0.00 0.00 91.00 0.00 0.00 0.00 49.00 0.00 39.00 81.00 88.00 0.00 0.00 0.00 42.00 0.00 42.00 0.00 0.00 0.00 79.00 91.00 51.00 0.00 7.00 7.00 95.00 0.00 0.00 70.00 0.00 97.00 85.00 0.00 0.00 81.00 0.00 0.00 48.00 0.00 0.00 86.00 13.00 0.00 0.00 0.00 0.00 0.00 0.00
51 92.00 95.00 3.00 0.00 69.00 37.00 0.00 78.00 0.00 0.00 3.00 0.00 38.00 55.00 75.00 14.00 62.00 64.00 45.00 25.00 51.00 0.00 52.00 42.00 0.00 0.00 21.00 0.00 0.00 0.00 0.00 0.00 0.00 0.00 0.00 0.00 56.00 0.00 0.00 76.00 0.00 19.00 0.00 24.00 0.00 94.00 37.00 2.00 0.00 25.00 0.00 0.00 0.00 44.00 7.00 73.00 0.00 0.00 69.00 35.00 57.00 0.00 0.00 0.00 0.00 0.00 0.00 0.00 73.00 0.00 0.00 0.00 0.00 17.00 0.00 0.00 4.00 50.00 0.00 0.00 0.00 0.00 79.00 0.00 0.00 0.00 82.00 0.00 0.00 79.00 0.00 0.00 0.00 0.00 0.00 95.00 24.00 12.00 48.00 0.00
52 76.00 0.00 0.00 14.00 0.00 42.00 5.00 0.00 0.00 0.00 95.00 0.00 84.00 25.00 78.00 83.00 28.00 43.00 0.00 82.00 87.00 0.00 0.00 0.00 0.00 0.00 10.00 65.00 0.00 0.00 0.00 0.00 0.00 0.00 0.00 0.00 1.00 22.00 88.00 0.00 82.00 0.00 0.00 0.00 81.00 56.00 0.00 0.00 0.00 0.00 0.00 0.00 0.00 6.00 0.00 0.00 0.00 100.00 87.00 3.00 0.00 0.00 17.00 19.00 79.00 49.00 70.00 36.00 18.00 56.00 1.00 16.00 0.00 0.00 51.00 30.00 54.00 98.00 45.00 5.00 95.00 0.00 0.00 28.00 0.00 0.00 15.00 0.00 34.00 0.00 0.00 0.00 0.00 33.00 67.00 0.00 13.00 0.00 93.00 0.00
53 82.00 0.00 0.00 0.00 0.00 69.00 0.00 0.00 39.00 1.00 37.00 0.00 9.00 0.00 0.00 0.00 0.00 0.00 4.00 13.00 35.00 0.00 0.00 0.00 0.00 0.00 0.00 93.00 0.00 42.00 66.00 50.00 74.00 42.00 0.00 89.00 26.00 0.00 0.00 0.00 84.00 12.00 0.00 4.00 0.00 0.00 0.00 0.00 0.00 0.00 91.00 44.00 6.00 0.00 83.00 0.00 0.00 25.00 5.00 92.00 0.00 0.00 0.00 96.00 67.00 75.00 0.00 22.00 0.00 0.00 0.00 0.00 0.00 0.00 86.00 1.00 0.00 0.00 35.00 0.00 18.00 0.00 83.00 56.00 0.00 0.00 0.00 89.00 0.00 97.00 38.00 73.00 26.00 0.00 55.00 0.00 0.00 43.00 0.00 20.00
54 0.00 0.00 0.00 0.00 0.00 15.00 0.00 0.00 0.00 77.00 0.00 0.00 0.00 0.00 0.00 0.00 24.00 0.00 0.00 0.00 0.00 0.00 0.00 68.00 0.00 0.00 0.00 11.00 17.00 45.00 30.00 0.00 96.00 0.00 0.00 59.00 0.00 61.00 88.00 0.00 62.00 0.00 60.00 0.00 0.00 55.00 0.00 0.00 0.00 69.00 0.00 7.00 0.00 83.00 0.00 0.00 0.00 0.00 0.00 30.00 26.00 0.00 9.00 78.00 0.00 12.00 27.00 0.00 89.00 88.00 0.00 0.00 0.00 11.00 0.00 0.00 27.00 0.00 0.00 96.00 1.00 86.00 0.00 97.00 58.00 0.00 0.00 0.00 0.00 66.00 0.00 0.00 0.00 77.00 71.00 0.00 91.00 74.00 80.00 0.00
55 0.00 68.00 2.00 80.00 32.00 38.00 46.00 0.00 0.00 29.00 0.00 0.00 42.00 0.00 0.00 25.00 0.00 14.00 16.00 84.00 0.00 0.00 61.00 0.00 100.00 23.00 0.00 85.00 0.00 0.00 43.00 0.00 20.00 98.00 0.00 65.00 41.00 97.00 64.00 33.00 0.00 78.00 53.00 0.00 0.00 46.00 0.00 82.00 0.00 12.00 0.00 73.00 0.00 0.00 0.00 0.00 0.00 0.00 27.00 64.00 0.00 0.00 33.00 72.00 0.00 13.00 88.00 0.00 0.00 23.00 65.00 0.00 0.00 39.00 0.00 0.00 0.00 12.00 0.00 0.00 0.00 36.00 4.00 96.00 0.00 6.00 0.00 0.00 87.00 0.00 17.00 0.00 82.00 11.00 0.00 8.00 0.00 0.00 0.00 0.00
56 38.00 0.00 0.00 97.00 22.00 0.00 0.00 0.00 5.00 0.00 1.00 37.00 0.00 0.00 0.00 0.00 0.00 0.00 97.00 0.00 95.00 60.00 19.00 0.00 0.00 0.00 57.00 0.00 0.00 0.00 98.00 28.00 87.00 0.00 54.00 0.00 0.00 59.00 37.00 30.00 50.00 38.00 0.00 0.00 92.00 0.00 0.00 35.00 92.00 71.00 0.00 0.00 0.00 0.00 0.00 0.00 0.00 63.00 0.00 9.00 0.00 20.00 20.00 0.00 20.00 28.00 61.00 0.00 0.00 0.00 61.00 44.00 49.00 8.00 95.00 71.00 0.00 37.00 0.00 86.00 4.00 81.00 57.00 38.00 0.00 0.00 12.00 16.00 53.00 0.00 39.00 0.00 0.00 0.00 0.00 0.00 0.00 85.00 0.00 90.00
57 0.00 3.00 80.00 67.00 27.00 31.00 0.00 20.00 0.00 0.00 87.00 0.00 57.00 0.00 73.00 45.00 7.00 0.00 79.00 50.00 0.00 52.00 0.00 30.00 16.00 20.00 0.00 0.00 0.00 0.00 0.00 4.00 79.00 0.00 73.00 40.00 0.00 39.00 89.00 58.00 35.00 0.00 7.00 0.00 84.00 0.00 5.00 0.00 0.00 0.00 49.00 0.00 100.00 25.00 0.00 0.00 63.00 0.00 17.00 61.00 79.00 0.00 0.00 71.00 0.00 84.00 45.00 0.00 66.00 0.00 23.00 22.00 45.00 0.00 4.00 0.00 0.00 0.00 13.00 81.00 0.00 25.00 0.00 0.00 0.00 86.00 0.00 0.00 45.00 42.00 56.00 3.00 0.00 0.00 54.00 32.00 35.00 0.00 0.00 11.00
58 0.00 24.00 0.00 45.00 0.00 0.00 0.00 0.00 0.00 8.00 6.00 0.00 12.00 83.00 0.00 0.00 22.00 5.00 60.00 0.00 42.00 56.00 98.00 1.00 0.00 0.00 60.00 0.00 0.00 0.00 0.00 0.00 0.00 0.00 64.00 32.00 0.00 0.00 0.00 0.00 0.00 0.00 0.00 0.00 33.00 67.00 0.00 76.00 0.00 0.00 0.00 69.00 87.00 5.00 0.00 27.00 0.00 17.00 0.00 70.00 49.00 43.00 0.00 4.00 1.00 100.00 0.00 0.00 43.00 70.00 0.00 63.00 5.00 45.00 37.00 0.00 0.00 94.00 61.00 0.00 0.00 0.00 0.00 91.00 95.00 0.00 73.00 0.00 70.00 0.00 67.00 1.00 0.00 73.00 82.00 52.00 13.00 0.00 63.00 19.00
59 51.00 70.00 82.00 2.00 52.00 0.00 90.00 0.00 0.00 59.00 0.00 0.00 0.00 0.00 0.00 0.00 0.00 100.00 0.00 82.00 0.00 81.00 0.00 0.00 0.00 0.00 0.00 88.00 0.00 67.00 0.00 0.00 0.00 15.00 25.00 0.00 0.00 0.00 0.00 24.00 0.00 0.00 0.00 4.00 0.00 38.00 21.00 43.00 0.00 0.00 39.00 35.00 3.00 92.00 30.00 64.00 9.00 61.00 70.00 0.00 75.00 57.00 0.00 0.00 34.00 0.00 0.00 0.00 0.00 0.00 0.00 28.00 32.00 54.00 0.00 0.00 73.00 94.00 0.00 0.00 56.00 0.00 0.00 1.00 35.00 46.00 0.00 85.00 0.00 54.00 0.00 82.00 22.00 46.00 98.00 96.00 0.00 18.00 0.00 45.00
60 29.00 13.00 0.00 13.00 0.00 83.00 72.00 0.00 73.00 0.00 0.00 74.00 0.00 23.00 0.00 0.00 88.00 0.00 0.00 78.00 0.00 0.00 40.00 0.00 0.00 0.00 0.00 96.00 36.00 69.00 0.00 0.00 19.00 77.00 24.00 91.00 0.00 30.00 71.00 60.00 8.00 0.00 80.00 0.00 0.00 0.00 0.00 72.00 81.00 19.00 81.00 57.00 0.00 0.00 26.00 0.00 0.00 79.00 49.00 75.00 0.00 0.00 60.00 0.00 3.00 93.00 0.00 32.00 67.00 2.00 89.00 88.00 0.00 0.00 16.00 0.00 70.00 0.00 22.00 0.00 0.00 0.00 0.00 0.00 0.00 34.00 0.00 30.00 24.00 0.00 81.00 0.00 98.00 65.00 19.00 0.00 0.00 0.00 82.00 0.00
61 43.00 7.00 72.00 0.00 0.00 45.00 20.00 31.00 0.00 0.00 0.00 42.00 74.00 0.00 0.00 62.00 0.00 21.00 31.00 0.00 100.00 40.00 58.00 0.00 57.00 42.00 17.00 3.00 30.00 63.00 0.00 85.00 0.00 0.00 0.00 26.00 0.00 99.00 0.00 0.00 0.00 98.00 0.00 72.00 0.00 44.00 0.00 25.00 0.00 98.00 88.00 0.00 0.00 0.00 0.00 0.00 20.00 0.00 43.00 57.00 0.00 0.00 0.00 0.00 43.00 60.00 58.00 0.00 92.00 0.00 66.00 0.00 0.00 39.00 0.00 0.00 0.00 68.00 0.00 19.00 18.00 0.00 88.00 23.00 0.00 0.00 63.00 0.00 0.00 0.00 96.00 2.00 88.00 0.00 0.00 12.00 56.00 27.00 70.00 47.00
62 10.00 27.00 46.00 0.00 0.00 0.00 0.00 0.00 14.00 35.00 0.00 0.00 0.00 2.00 0.00 65.00 53.00 81.00 35.00 0.00 0.00 0.00 0.00 26.00 0.00 76.00 69.00 52.00 0.00 92.00 4.00 4.00 33.00 36.00 46.00 93.00 42.00 0.00 72.00 77.00 0.00 0.00 0.00 0.00 93.00 8.00 74.00 64.00 0.00 92.00 0.00 0.00 17.00 0.00 9.00 33.00 20.00 0.00 0.00 0.00 60.00 0.00 0.00 0.00 33.00 0.00 0.00 9.00 0.00 61.00 97.00 59.00 0.00 35.00 0.00 39.00 0.00 63.00 0.00 0.00 64.00 43.00 0.00 0.00 69.00 55.00 34.00 46.00 0.00 0.00 42.00 0.00 86.00 0.00 58.00 11.00 0.00 0.00 95.00 0.00
63 0.00 22.00 0.00 0.00 0.00 92.00 4.00 0.00 0.00 99.00 0.00 0.00 71.00 16.00 59.00 83.00 40.00 24.00 0.00 77.00 0.00 0.00 38.00 0.00 57.00 4.00 35.00 0.00 85.00 0.00 17.00 81.00 94.00 0.00 0.00 0.00 42.00 49.00 0.00 0.00 0.00 71.00 0.00 0.00 0.00 0.00 0.00 28.00 0.00 11.00 0.00 0.00 19.00 96.00 78.00 72.00 0.00 71.00 4.00 0.00 0.00 0.00 0.00 0.00 29.00 0.00 52.00 99.00 58.00 0.00 0.00 51.00 0.00 9.00 0.00 11.00 3.00 21.00 0.00 9.00 20.00 81.00 2.00 0.00 8.00 0.00 0.00 83.00 6.00 0.00 0.00 42.00 91.00 68.00 23.00 0.00 69.00 2.00 46.00 55.00
64 0.00 0.00 0.00 27.00 63.00 62.00 76.00 51.00 0.00 75.00 0.00 0.00 0.00 49.00 0.00 0.00 36.00 80.00 0.00 61.00 0.00 51.00 0.00 52.00 22.00 0.00 0.00 76.00 0.00 0.00 16.00 20.00 0.00 43.00 0.00 59.00 0.00 0.00 26.00 27.00 0.00 50.00 0.00 3.00 46.00 0.00 0.00 0.00 0.00 16.00 0.00 0.00 79.00 67.00 0.00 0.00 20.00 0.00 1.00 34.00 3.00 43.00 33.00 29.00 0.00 96.00 0.00 10.00 49.00 0.00 0.00 87.00 0.00 0.00 41.00 87.00 59.00 0.00 45.00 70.00 47.00 19.00 0.00 0.00 1.00 0.00 26.00 0.00 0.00 0.00 0.00 9.00 0.00 27.00 11.00 29.00 0.00 93.00 0.00 23.00
65 0.00 0.00 45.00 50.00 0.00 57.00 40.00 0.00 59.00 4.00 0.00 80.00 42.00 56.00 36.00 62.00 82.00 28.00 0.00 0.00 0.00 81.00 97.00 0.00 0.00 0.00 33.00 30.00 53.00 0.00 64.00 0.00 21.00 57.00 80.00 0.00 53.00 0.00 75.00 39.00 73.00 1.00 0.00 0.00 0.00 0.00 0.00 69.00 0.00 0.00 42.00 0.00 49.00 75.00 12.00 13.00 28.00 84.00 100.00 0.00 93.00 60.00 0.00 0.00 96.00 0.00 0.00 0.00 6.00 6.00 0.00 0.00 0.00 93.00 39.00 0.00 0.00 52.00 21.00 0.00 22.00 65.00 51.00 80.00 9.00 0.00 0.00 97.00 0.00 0.00 0.00 0.00 54.00 46.00 0.00 0.00 0.00 2.00 0.00 0.00
66 0.00 0.00 69.00 0.00 0.00 0.00 0.00 0.00 34.00 79.00 0.00 0.00 63.00 0.00 42.00 0.00 0.00 0.00 0.00 0.00 0.00 0.00 93.00 3.00 6.00 0.00 55.00 37.00 0.00 19.00 0.00 93.00 80.00 24.00 0.00 14.00 78.00 32.00 53.00 0.00 20.00 64.00 0.00 0.00 0.00 0.00 43.00 79.00 0.00 0.00 0.00 0.00 70.00 0.00 27.00 88.00 61.00 45.00 0.00 0.00 0.00 58.00 0.00 52.00 0.00 0.00 0.00 0.00 60.00 42.00 19.00 0.00 0.00 0.00 0.00 0.00 76.00 55.00 0.00 72.00 14.00 22.00 20.00 0.00 65.00 0.00 6.00 0.00 0.00 25.00 40.00 36.00 54.00 0.00 47.00 59.00 0.00 77.00 78.00 94.00
67 0.00 0.00 13.00 89.00 18.00 0.00 0.00 96.00 81.00 59.00 86.00 77.00 0.00 14.00 0.00 85.00 19.00 0.00 96.00 19.00 0.00 0.00 6.00 26.00 0.00 0.00 83.00 55.00 0.00 78.00 43.00 54.00 24.00 31.00 0.00 0.00 81.00 0.00 0.00 57.00 0.00 0.00 48.00 85.00 0.00 87.00 0.00 0.00 42.00 64.00 42.00 0.00 36.00 22.00 0.00 0.00 0.00 0.00 0.00 0.00 32.00 0.00 9.00 99.00 10.00 0.00 0.00 0.00 0.00 0.00 69.00 38.00 83.00 84.00 0.00 0.00 0.00 0.00 35.00 0.00 33.00 0.00 66.00 85.00 0.00 0.00 0.00 0.00 0.00 0.00 97.00 0.00 0.00 0.00 0.00 0.00 0.00 84.00 0.00 97.00
68 0.00 63.00 52.00 2.00 52.00 0.00 17.00 79.00 18.00 0.00 0.00 76.00 0.00 17.00 0.00 26.00 0.00 5.00 40.00 96.00 0.00 69.00 0.00 0.00 54.00 0.00 21.00 0.00 0.00 81.00 0.00 99.00 27.00 72.00 0.00 0.00 28.00 22.00 8.00 67.00 83.00 78.00 56.00 44.00 0.00 0.00 0.00 0.00 32.00 88.00 0.00 73.00 18.00 0.00 89.00 0.00 0.00 66.00 43.00 0.00 67.00 92.00 0.00 58.00 49.00 6.00 60.00 0.00 0.00 83.00 13.00 33.00 0.00 76.00 0.00 0.00 0.00 60.00 58.00 5.00 98.00 94.00 0.00 0.00 32.00 0.00 0.00 0.00 97.00 14.00 0.00 50.00 0.00 42.00 0.00 24.00 0.00 15.00 0.00 0.00
69 98.00 68.00 0.00 0.00 0.00 0.00 0.00 32.00 32.00 100.00 0.00 0.00 61.00 0.00 0.00 47.00 4.00 0.00 0.00 0.00 0.00 21.00 0.00 0.00 0.00 0.00 76.00 70.00 0.00 0.00 63.00 90.00 0.00 94.00 43.00 0.00 51.00 46.00 0.00 0.00 2.00 0.00 76.00 0.00 0.00 37.00 48.00 83.00 78.00 81.00 0.00 0.00 56.00 0.00 88.00 23.00 0.00 0.00 70.00 0.00 2.00 0.00 61.00 0.00 0.00 6.00 42.00 0.00 83.00 0.00 87.00 40.00 93.00 0.00 83.00 0.00 91.00 0.00 0.00 0.00 0.00 0.00 0.00 0.00 24.00 45.00 0.00 73.00 55.00 0.00 35.00 0.00 7.00 66.00 59.00 0.00 20.00 0.00 41.00 0.00
70 0.00 35.00 0.00 68.00 0.00 0.00 90.00 92.00 0.00 0.00 81.00 23.00 13.00 87.00 97.00 64.00 27.00 0.00 28.00 0.00 68.00 0.00 0.00 86.00 37.00 0.00 0.00 71.00 83.00 8.00 8.00 58.00 82.00 21.00 0.00 0.00 0.00 35.00 57.00 54.00 62.00 0.00 100.00 82.00 0.00 0.00 66.00 80.00 8.00 16.00 0.00 0.00 1.00 0.00 0.00 65.00 61.00 23.00 0.00 0.00 89.00 66.00 97.00 0.00 0.00 0.00 19.00 69.00 13.00 87.00 0.00 89.00 53.00 47.00 14.00 0.00 0.00 0.00 51.00 11.00 0.00 0.00 0.00 60.00 0.00 0.00 0.00 0.00 15.00 75.00 86.00 74.00 8.00 0.00 0.00 17.00 0.00 0.00 1.00 99.00
71 0.00 59.00 0.00 0.00 33.00 0.00 9.00 77.00 65.00 28.00 35.00 0.00 0.00 51.00 0.00 0.00 0.00 0.00 0.00 47.00 32.00 0.00 0.00 99.00 0.00 0.00 0.00 0.00 0.00 0.00 32.00 5.00 21.00 38.00 80.00 0.00 0.00 0.00 0.00 14.00 94.00 0.00 88.00 0.00 80.00 0.00 50.00 0.00 17.00 71.00 79.00 0.00 16.00 0.00 0.00 0.00 44.00 22.00 63.00 28.00 88.00 0.00 59.00 51.00 87.00 0.00 0.00 38.00 33.00 40.00 89.00 0.00 0.00 0.00 81.00 26.00 0.00 0.00 48.00 95.00 0.00 79.00 0.00 0.00 0.00 73.00 0.00 0.00 0.00 0.00 95.00 0.00 0.00 0.00 36.00 0.00 0.00 90.00 9.00 1.00
72 43.00 1.00 0.00 88.00 0.00 18.00 14.00 12.00 51.00 0.00 27.00 0.00 77.00 54.00 25.00 51.00 3.00 22.00 0.00 94.00 27.00 0.00 0.00 97.00 0.00 0.00 36.00 0.00 0.00 99.00 69.00 0.00 48.00 0.00 0.00 0.00 0.00 0.00 91.00 0.00 0.00 0.00 35.00 0.00 42.00 16.00 29.00 0.00 0.00 99.00 91.00 0.00 0.00 0.00 0.00 0.00 49.00 45.00 5.00 32.00 0.00 0.00 0.00 0.00 0.00 0.00 0.00 83.00 0.00 93.00 53.00 0.00 0.00 0.00 45.00 0.00 94.00 0.00 44.00 9.00 0.00 0.00 0.00 38.00 0.00 1.00 0.00 100.00 85.00 0.00 0.00 0.00 61.00 0.00 98.00 39.00 0.00 9.00 17.00 0.00
73 33.00 40.00 32.00 0.00 0.00 0.00 26.00 0.00 0.00 75.00 0.00 0.00 50.00 76.00 70.00 0.00 0.00 0.00 0.00 0.00 0.00 0.00 1.00 83.00 0.00 12.00 97.00 0.00 0.00 33.00 78.00 26.00 25.00 0.00 24.00 0.00 0.00 57.00 13.00 0.00 0.00 57.00 0.00 0.00 0.00 68.00 0.00 28.00 41.00 52.00 51.00 17.00 0.00 0.00 11.00 39.00 8.00 0.00 45.00 54.00 0.00 39.00 35.00 9.00 0.00 93.00 0.00 84.00 76.00 0.00 47.00 0.00 0.00 0.00 0.00 0.00 32.00 76.00 0.00 54.00 0.00 61.00 9.00 23.00 0.00 24.00 50.00 0.00 0.00 37.00 57.00 0.00 58.00 87.00 79.00 0.00 0.00 24.00 0.00 33.00
74 0.00 0.00 50.00 25.00 0.00 0.00 94.00 0.00 71.00 0.00 85.00 0.00 0.00 0.00 0.00 0.00 84.00 41.00 0.00 59.00 0.00 7.00 37.00 0.00 0.00 0.00 51.00 80.00 0.00 77.00 0.00 0.00 0.00 26.00 18.00 0.00 0.00 0.00 0.00 0.00 0.00 4.00 73.00 54.00 23.00 0.00 0.00 58.00 0.00 85.00 0.00 0.00 51.00 86.00 0.00 0.00 95.00 4.00 37.00 0.00 16.00 0.00 0.00 0.00 41.00 39.00 0.00 0.00 0.00 83.00 14.00 81.00 45.00 0.00 0.00 40.00 30.00 0.00 20.00 0.00 59.00 0.00 0.00 39.00 64.00 0.00 0.00 0.00 0.00 0.00 0.00 0.00 0.00 38.00 69.00 21.00 73.00 85.00 0.00 53.00
75 91.00 24.00 69.00 80.00 40.00 0.00 15.00 34.00 83.00 0.00 41.00 0.00 0.00 48.00 8.00 0.00 34.00 96.00 0.00 0.00 16.00 0.00 51.00 19.00 36.00 95.00 79.00 33.00 0.00 0.00 97.00 0.00 0.00 51.00 0.00 0.00 50.00 81.00 0.00 15.00 100.00 0.00 0.00 82.00 50.00 0.00 61.00 16.00 56.00 0.00 7.00 0.00 30.00 1.00 0.00 0.00 71.00 0.00 0.00 0.00 0.00 0.00 39.00 11.00 87.00 0.00 0.00 0.00 0.00 0.00 0.00 26.00 0.00 0.00 40.00 0.00 64.00 0.00 0.00 68.00 0.00 0.00 0.00 0.00 0.00 99.00 0.00 42.00 69.00 0.00 0.00 0.00 0.00 0.00 29.00 20.00 0.00 0.00 0.00 84.00
76 0.00 0.00 45.00 0.00 0.00 0.00 94.00 0.00 0.00 83.00 0.00 0.00 0.00 0.00 0.00 0.00 88.00 34.00 8.00 0.00 0.00 0.00 0.00 0.00 0.00 78.00 48.00 0.00 40.00 61.00 0.00 0.00 0.00 60.00 0.00 0.00 83.00 0.00 70.00 0.00 0.00 0.00 91.00 98.00 9.00 24.00 88.00 100.00 0.00 0.00 7.00 4.00 54.00 0.00 27.00 0.00 0.00 0.00 0.00 73.00 70.00 0.00 0.00 3.00 59.00 0.00 76.00 0.00 0.00 91.00 0.00 0.00 94.00 32.00 30.00 64.00 0.00 44.00 0.00 23.00 28.00 0.00 64.00 56.00 0.00 0.00 0.00 40.00 0.00 0.00 13.00 0.00 0.00 19.00 0.00 94.00 0.00 17.00 0.00 12.00
77 0.00 0.00 14.00 15.00 0.00 40.00 0.00 0.00 0.00 3.00 0.00 66.00 80.00 0.00 0.00 0.00 0.00 0.00 0.00 68.00 38.00 66.00 0.00 0.00 0.00 0.00 0.00 0.00 0.00 59.00 0.00 0.00 37.00 57.00 28.00 0.00 0.00 63.00 0.00 0.00 0.00 0.00 0.00 73.00 0.00 31.00 1.00 87.00 70.00 0.00 95.00 50.00 98.00 0.00 0.00 12.00 37.00 0.00 94.00 94.00 0.00 68.00 63.00 21.00 0.00 52.00 55.00 0.00 60.00 0.00 0.00 0.00 0.00 76.00 0.00 0.00 44.00 0.00 48.00 10.00 0.00 12.00 63.00 12.00 0.00 0.00 100.00 92.00 0.00 75.00 0.00 88.00 0.00 0.00 0.00 0.00 0.00 0.00 0.00 84.00
78 0.00 76.00 0.00 87.00 0.00 48.00 0.00 0.00 0.00 0.00 0.00 0.00 77.00 0.00 25.00 18.00 70.00 0.00 0.00 0.00 0.00 0.00 23.00 81.00 0.00 0.00 57.00 0.00 98.00 19.00 0.00 68.00 63.00 0.00 24.00 0.00 0.00 18.00 0.00 0.00 92.00 10.00 68.00 0.00 0.00 8.00 92.00 0.00 31.00 9.00 0.00 0.00 45.00 35.00 0.00 0.00 0.00 13.00 61.00 0.00 22.00 0.00 0.00 0.00 45.00 21.00 0.00 35.00 58.00 0.00 51.00 48.00 44.00 0.00 20.00 0.00 0.00 48.00 0.00 17.00 47.00 72.00 16.00 87.00 57.00 0.00 70.00 77.00 0.00 98.00 98.00 57.00 0.00 26.00 0.00 0.00 0.00 0.00 0.00 6.00
79 8.00 13.00 0.00 51.00 100.00 0.00 0.00 75.00 79.00 0.00 72.00 74.00 17.00 86.00 0.00 0.00 65.00 0.00 0.00 0.00 25.00 89.00 0.00 60.00 0.00 13.00 0.00 13.00 0.00 8.00 0.00 81.00 18.00 95.00 75.00 75.00 0.00 59.00 0.00 68.00 72.00 89.00 89.00 7.00 0.00 0.00 22.00 0.00 0.00 0.00 0.00 0.00 5.00 0.00 96.00 0.00 86.00 81.00 0.00 0.00 0.00 19.00 0.00 9.00 70.00 0.00 72.00 0.00 5.00 0.00 11.00 95.00 9.00 54.00 0.00 68.00 23.00 10.00 17.00 0.00 8.00 0.00 0.00 0.00 0.00 0.00 0.00 0.00 37.00 0.00 0.00 77.00 78.00 78.00 0.00 24.00 59.00 94.00 6.00 14.00
80 70.00 32.00 0.00 78.00 0.00 0.00 15.00 0.00 66.00 54.00 96.00 43.00 50.00 0.00 71.00 86.00 45.00 0.00 0.00 58.00 0.00 98.00 0.00 79.00 0.00 24.00 10.00 68.00 0.00 56.00 0.00 14.00 76.00 0.00 38.00 0.00 0.00 18.00 0.00 18.00 0.00 30.00 0.00 0.00 0.00 45.00 0.00 77.00 67.00 0.00 70.00 0.00 95.00 18.00 1.00 0.00 4.00 0.00 0.00 56.00 0.00 18.00 64.00 20.00 47.00 22.00 14.00 33.00 98.00 0.00 0.00 0.00 0.00 0.00 59.00 0.00 28.00 0.00 47.00 8.00 0.00 16.00 78.00 78.00 0.00 0.00 80.00 68.00 0.00 95.00 12.00 2.00 79.00 0.00 15.00 0.00 0.00 0.00 25.00 0.00
81 0.00 0.00 95.00 0.00 0.00 100.00 81.00 0.00 72.00 68.00 0.00 46.00 0.00 0.00 0.00 0.00 6.00 83.00 0.00 0.00 0.00 0.00 0.00 36.00 57.00 41.00 0.00 0.00 0.00 0.00 32.00 0.00 0.00 92.00 0.00 0.00 85.00 0.00 0.00 63.00 0.00 0.00 37.00 22.00 56.00 56.00 78.00 0.00 42.00 44.00 0.00 0.00 0.00 0.00 86.00 36.00 81.00 25.00 0.00 0.00 0.00 0.00 43.00 81.00 19.00 65.00 22.00 0.00 94.00 0.00 0.00 79.00 0.00 61.00 0.00 0.00 0.00 12.00 72.00 0.00 16.00 0.00 0.00 0.00 0.00 59.00 0.00 0.00 0.00 0.00 0.00 0.00 24.00 0.00 0.00 83.00 86.00 0.00 0.00 21.00
82 31.00 13.00 0.00 6.00 0.00 0.00 96.00 0.00 22.00 36.00 0.00 58.00 0.00 54.00 0.00 0.00 82.00 0.00 0.00 0.00 0.00 12.00 0.00 0.00 0.00 45.00 0.00 81.00 68.00 87.00 42.00 0.00 0.00 41.00 86.00 0.00 9.00 70.00 0.00 83.00 0.00 0.00 0.00 91.00 58.00 26.00 33.00 49.00 63.00 0.00 97.00 79.00 0.00 83.00 0.00 4.00 57.00 0.00 0.00 0.00 0.00 88.00 0.00 2.00 0.00 51.00 20.00 66.00 0.00 0.00 0.00 0.00 0.00 9.00 0.00 0.00 64.00 63.00 16.00 0.00 78.00 0.00 0.00 29.00 0.00 88.00 0.00 0.00 0.00 0.00 29.00 15.00 78.00 0.00 0.00 99.00 51.00 85.00 47.00 0.00
83 0.00 56.00 0.00 68.00 0.00 50.00 0.00 62.00 15.00 86.00 0.00 0.00 0.00 58.00 0.00 0.00 24.00 33.00 30.00 0.00 0.00 0.00 85.00 99.00 36.00 0.00 0.00 0.00 0.00 0.00 65.00 0.00 75.00 0.00 94.00 23.00 94.00 79.00 0.00 65.00 75.00 0.00 0.00 0.00 0.00 0.00 0.00 0.00 0.00 0.00 85.00 0.00 28.00 56.00 97.00 96.00 38.00 0.00 91.00 1.00 0.00 23.00 0.00 0.00 0.00 80.00 0.00 85.00 0.00 0.00 60.00 0.00 38.00 23.00 39.00 0.00 56.00 12.00 87.00 0.00 78.00 0.00 29.00 0.00 0.00 0.00 97.00 36.00 0.00 49.00 2.00 0.00 10.00 32.00 0.00 0.00 0.00 0.00 0.00 0.00
84 35.00 0.00 0.00 0.00 30.00 0.00 88.00 91.00 72.00 0.00 38.00 0.00 64.00 0.00 100.00 0.00 0.00 82.00 14.00 46.00 0.00 30.00 69.00 0.00 63.00 53.00 59.00 8.00 0.00 52.00 98.00 0.00 0.00 0.00 0.00 0.00 24.00 0.00 0.00 0.00 27.00 0.00 38.00 13.00 0.00 0.00 79.00 25.00 100.00 0.00 0.00 0.00 0.00 0.00 58.00 0.00 0.00 0.00 95.00 35.00 0.00 0.00 69.00 8.00 1.00 9.00 65.00 0.00 32.00 24.00 0.00 0.00 0.00 0.00 64.00 0.00 0.00 0.00 57.00 0.00 0.00 0.00 0.00 0.00 0.00 0.00 0.00 65.00 19.00 46.00 0.00 91.00 0.00 0.00 0.00 0.00 86.00 0.00 0.00 69.00
85 0.00 80.00 41.00 19.00 5.00 68.00 0.00 0.00 72.00 0.00 13.00 0.00 77.00 29.00 0.00 0.00 87.00 66.00 95.00 0.00 42.00 6.00 33.00 0.00 0.00 9.00 7.00 23.00 19.00 1.00 0.00 0.00 0.00 36.00 0.00 30.00 18.00 0.00 0.00 0.00 0.00 0.00 79.00 12.00 44.00 72.00 97.00 0.00 0.00 13.00 0.00 0.00 0.00 0.00 0.00 6.00 0.00 86.00 0.00 46.00 34.00 0.00 55.00 0.00 0.00 0.00 0.00 0.00 0.00 45.00 0.00 73.00 1.00 24.00 0.00 99.00 0.00 0.00 0.00 0.00 0.00 59.00 88.00 0.00 0.00 0.00 0.00 0.00 0.00 66.00 0.00 0.00 0.00 0.00 92.00 0.00 0.00 8.00 0.00 74.00
86 0.00 49.00 59.00 0.00 0.00 0.00 81.00 0.00 0.00 0.00 27.00 89.00 0.00 0.00 0.00 0.00 0.00 56.00 0.00 10.00 29.00 55.00 0.00 0.00 0.00 93.00 15.00 97.00 0.00 0.00 0.00 0.00 79.00 0.00 88.00 0.00 18.00 0.00 63.00 8.00 36.00 29.00 0.00 11.00 0.00 72.00 5.00 26.00 0.00 0.00 81.00 82.00 15.00 0.00 0.00 0.00 12.00 0.00 73.00 0.00 0.00 63.00 34.00 0.00 26.00 0.00 6.00 0.00 0.00 0.00 0.00 0.00 0.00 50.00 0.00 0.00 0.00 100.00 70.00 0.00 80.00 0.00 0.00 97.00 0.00 0.00 0.00 0.00 61.00 79.00 0.00 100.00 72.00 0.00 74.00 0.00 35.00 81.00 0.00 0.00
87 0.00 0.00 0.00 0.00 5.00 18.00 89.00 81.00 0.00 68.00 0.00 0.00 90.00 0.00 0.00 0.00 38.00 7.00 3.00 75.00 44.00 93.00 63.00 58.00 18.00 0.00 67.00 37.00 69.00 73.00 0.00 88.00 88.00 0.00 61.00 0.00 0.00 77.00 0.00 3.00 0.00 50.00 0.00 0.00 26.00 0.00 0.00 0.00 0.00 0.00 0.00 0.00 0.00 89.00 0.00 0.00 16.00 0.00 0.00 85.00 30.00 0.00 46.00 83.00 0.00 97.00 0.00 0.00 0.00 73.00 0.00 0.00 100.00 0.00 0.00 42.00 40.00 92.00 77.00 0.00 68.00 0.00 0.00 36.00 65.00 0.00 0.00 0.00 80.00 0.00 0.00 0.00 27.00 0.00 37.00 0.00 87.00 69.00 0.00 99.00
88 19.00 22.00 82.00 0.00 50.00 89.00 0.00 76.00 0.00 11.00 0.00 67.00 50.00 0.00 53.00 0.00 0.00 60.00 0.00 0.00 0.00 0.00 66.00 99.00 0.00 0.00 0.00 79.00 0.00 17.00 2.00 18.00 74.00 34.00 0.00 58.00 68.00 44.00 0.00 91.00 0.00 0.00 43.00 74.00 0.00 0.00 10.00 48.00 0.00 0.00 0.00 0.00 34.00 0.00 0.00 87.00 53.00 45.00 70.00 0.00 24.00 0.00 0.00 6.00 0.00 0.00 0.00 0.00 97.00 55.00 15.00 0.00 85.00 0.00 0.00 69.00 0.00 0.00 0.00 37.00 0.00 0.00 0.00 0.00 19.00 0.00 61.00 80.00 0.00 71.00 13.00 24.00 71.00 3.00 0.00 0.00 80.00 0.00 0.00 9.00
89 0.00 0.00 66.00 0.00 0.00 0.00 60.00 0.00 24.00 80.00 30.00 24.00 0.00 0.00 0.00 0.00 93.00 0.00 41.00 20.00 0.00 0.00 1.00 18.00 15.00 90.00 13.00 0.00 0.00 48.00 18.00 0.00 0.00 0.00 40.00 96.00 61.00 0.00 33.00 95.00 56.00 35.00 0.00 45.00 22.00 0.00 0.00 0.00 82.00 78.00 48.00 79.00 0.00 97.00 66.00 0.00 0.00 42.00 0.00 54.00 0.00 0.00 0.00 0.00 0.00 0.00 25.00 0.00 14.00 0.00 75.00 0.00 0.00 37.00 0.00 0.00 0.00 75.00 98.00 0.00 95.00 0.00 0.00 49.00 46.00 66.00 79.00 0.00 71.00 0.00 30.00 75.00 61.00 92.00 72.00 0.00 0.00 0.00 0.00 0.00
90 93.00 69.00 96.00 0.00 0.00 0.00 0.00 86.00 0.00 0.00 0.00 89.00 0.00 0.00 0.00 0.00 75.00 0.00 0.00 0.00 69.00 0.00 0.00 0.00 47.00 94.00 0.00 0.00 7.00 2.00 0.00 0.00 0.00 52.00 54.00 28.00 0.00 98.00 64.00 88.00 0.00 15.00 81.00 83.00 22.00 52.00 0.00 0.00 13.00 100.00 0.00 0.00 0.00 38.00 0.00 17.00 39.00 56.00 67.00 0.00 81.00 96.00 42.00 0.00 0.00 0.00 40.00 97.00 0.00 35.00 86.00 95.00 0.00 57.00 0.00 0.00 13.00 0.00 98.00 0.00 12.00 0.00 29.00 2.00 0.00 0.00 0.00 0.00 13.00 30.00 0.00 77.00 0.00 54.00 0.00 17.00 59.00 0.00 0.00 60.00
91 0.00 43.00 0.00 0.00 14.00 0.00 74.00 0.00 46.00 0.00 0.00 0.00 0.00 29.00 0.00 0.00 0.00 0.00 0.00 0.00 0.00 91.00 70.00 37.00 0.00 0.00 1.00 55.00 29.00 0.00 0.00 0.00 0.00 0.00 82.00 0.00 25.00 84.00 0.00 41.00 92.00 0.00 0.00 4.00 0.00 0.00 0.00 49.00 69.00 0.00 0.00 0.00 0.00 73.00 0.00 0.00 0.00 3.00 1.00 82.00 0.00 2.00 0.00 42.00 9.00 0.00 36.00 0.00 50.00 0.00 74.00 0.00 0.00 0.00 0.00 0.00 0.00 88.00 57.00 77.00 2.00 0.00 15.00 0.00 91.00 0.00 100.00 0.00 24.00 75.00 77.00 0.00 0.00 76.00 0.00 15.00 0.00 95.00 0.00 54.00
92 80.00 74.00 0.00 0.00 0.00 0.00 61.00 0.00 0.00 0.00 38.00 0.00 0.00 7.00 0.00 0.00 0.00 0.00 0.00 47.00 18.00 0.00 63.00 0.00 28.00 81.00 0.00 0.00 0.00 0.00 0.00 4.00 62.00 86.00 18.00 57.00 0.00 0.00 20.00 96.00 99.00 44.00 0.00 47.00 27.00 0.00 0.00 46.00 34.00 80.00 86.00 0.00 0.00 26.00 0.00 82.00 0.00 0.00 0.00 22.00 98.00 88.00 86.00 91.00 0.00 54.00 54.00 0.00 0.00 7.00 8.00 0.00 61.00 58.00 0.00 0.00 0.00 0.00 0.00 78.00 79.00 24.00 78.00 10.00 0.00 0.00 72.00 27.00 71.00 61.00 0.00 0.00 0.00 0.00 90.00 0.00 61.00 0.00 0.00 73.00
93 37.00 0.00 0.00 0.00 62.00 33.00 0.00 10.00 0.00 0.00 85.00 0.00 0.00 58.00 0.00 0.00 27.00 0.00 86.00 0.00 0.00 41.00 98.00 0.00 0.00 81.00 0.00 25.00 0.00 55.00 53.00 48.00 13.00 0.00 43.00 0.00 80.00 0.00 5.00 0.00 59.00 0.00 0.00 55.00 32.00 0.00 98.00 0.00 96.00 0.00 13.00 0.00 33.00 0.00 77.00 11.00 0.00 0.00 73.00 46.00 65.00 0.00 0.00 68.00 27.00 46.00 0.00 0.00 42.00 66.00 0.00 0.00 0.00 87.00 38.00 0.00 19.00 0.00 26.00 78.00 0.00 0.00 0.00 32.00 0.00 0.00 0.00 0.00 3.00 92.00 54.00 76.00 0.00 0.00 65.00 50.00 0.00 0.00 44.00 0.00
94 85.00 80.00 24.00 36.00 0.00 0.00 0.00 0.00 0.00 0.00 0.00 0.00 76.00 0.00 4.00 0.00 0.00 0.00 54.00 22.00 0.00 0.00 45.00 45.00 0.00 21.00 55.00 40.00 0.00 100.00 28.00 48.00 0.00 0.00 0.00 98.00 10.00 55.00 85.00 0.00 0.00 0.00 44.00 84.00 0.00 22.00 0.00 0.00 0.00 77.00 0.00 0.00 67.00 55.00 71.00 0.00 0.00 54.00 82.00 98.00 19.00 0.00 58.00 23.00 11.00 0.00 47.00 0.00 0.00 59.00 0.00 36.00 98.00 79.00 69.00 29.00 0.00 0.00 0.00 0.00 15.00 0.00 0.00 0.00 0.00 92.00 74.00 37.00 0.00 72.00 0.00 0.00 90.00 65.00 0.00 0.00 0.00 92.00 27.00 4.00
95 31.00 68.00 20.00 0.00 0.00 73.00 0.00 0.00 0.00 6.00 77.00 0.00 9.00 0.00 0.00 0.00 0.00 68.00 0.00 0.00 0.00 17.00 0.00 0.00 30.00 72.00 97.00 43.00 0.00 7.00 0.00 27.00 0.00 0.00 0.00 0.00 0.00 67.00 0.00 13.00 72.00 72.00 65.00 22.00 0.00 34.00 0.00 0.00 39.00 67.00 0.00 95.00 0.00 0.00 0.00 8.00 0.00 32.00 52.00 96.00 0.00 12.00 11.00 0.00 29.00 0.00 59.00 0.00 24.00 0.00 17.00 0.00 39.00 0.00 21.00 20.00 94.00 0.00 0.00 24.00 0.00 83.00 99.00 0.00 0.00 0.00 0.00 0.00 0.00 0.00 17.00 15.00 0.00 50.00 0.00 0.00 72.00 0.00 48.00 10.00
96 78.00 88.00 16.00 80.00 0.00 3.00 0.00 0.00 0.00 62.00 0.00 0.00 0.00 28.00 0.00 79.00 65.00 79.00 0.00 37.00 0.00 4.00 56.00 70.00 0.00 0.00 91.00 44.00 42.00 63.00 9.00 72.00 0.00 0.00 43.00 0.00 90.00 68.00 0.00 0.00 42.00 0.00 0.00 4.00 7.00 47.00 0.00 0.00 21.00 58.00 0.00 24.00 13.00 0.00 91.00 0.00 0.00 35.00 13.00 0.00 0.00 56.00 0.00 69.00 0.00 0.00 0.00 0.00 0.00 20.00 0.00 0.00 0.00 0.00 73.00 0.00 0.00 0.00 0.00 59.00 0.00 86.00 51.00 0.00 86.00 0.00 35.00 87.00 80.00 0.00 59.00 0.00 61.00 0.00 0.00 72.00 0.00 0.00 93.00 37.00
97 0.00 11.00 36.00 26.00 0.00 0.00 0.00 0.00 0.00 0.00 0.00 0.00 0.00 67.00 66.00 84.00 81.00 12.00 0.00 0.00 0.00 0.00 0.00 32.00 96.00 0.00 69.00 80.00 0.00 0.00 4.00 66.00 71.00 0.00 82.00 76.00 19.00 0.00 41.00 0.00 0.00 0.00 0.00 0.00 0.00 0.00 0.00 85.00 0.00 0.00 0.00 12.00 0.00 43.00 74.00 0.00 85.00 0.00 0.00 18.00 0.00 27.00 0.00 2.00 93.00 2.00 77.00 84.00 15.00 0.00 0.00 90.00 9.00 24.00 85.00 0.00 17.00 0.00 0.00 94.00 0.00 0.00 85.00 0.00 0.00 8.00 81.00 69.00 0.00 0.00 0.00 95.00 0.00 0.00 92.00 0.00 0.00 0.00 0.00 24.00
98 0.00 0.00 0.00 0.00 0.00 40.00 76.00 43.00 87.00 44.00 0.00 0.00 0.00 21.00 53.00 0.00 0.00 0.00 0.00 0.00 13.00 49.00 0.00 0.00 31.00 26.00 99.00 20.00 0.00 0.00 69.00 100.00 0.00 0.00 0.00 0.00 0.00 0.00 0.00 0.00 53.00 84.00 58.00 29.00 7.00 87.00 47.00 0.00 0.00 0.00 0.00 48.00 93.00 0.00 80.00 0.00 0.00 0.00 63.00 0.00 82.00 70.00 95.00 46.00 0.00 0.00 78.00 0.00 0.00 41.00 1.00 9.00 17.00 0.00 0.00 0.00 0.00 0.00 0.00 6.00 25.00 0.00 47.00 0.00 0.00 0.00 0.00 0.00 0.00 0.00 0.00 0.00 0.00 44.00 27.00 48.00 93.00 0.00 0.00 21.00
99 30.00 0.00 0.00 72.00 0.00 0.00 0.00 0.00 76.00 65.00 0.00 39.00 64.00 0.00 0.00 17.00 0.00 0.00 0.00 0.00 65.00 0.00 100.00 0.00 0.00 93.00 48.00 0.00 74.00 0.00 93.00 0.00 86.00 0.00 52.00 75.00 0.00 0.00 0.00 0.00 0.00 57.00 0.00 0.00 17.00 0.00 9.00 0.00 0.00 35.00 0.00 0.00 0.00 20.00 0.00 0.00 90.00 11.00 19.00 45.00 0.00 47.00 0.00 55.00 23.00 0.00 94.00 97.00 0.00 0.00 99.00 1.00 0.00 33.00 53.00 84.00 12.00 84.00 6.00 14.00 0.00 21.00 0.00 0.00 69.00 74.00 0.00 99.00 9.00 0.00 60.00 54.00 73.00 0.00 4.00 10.00 37.00 24.00 21.00 0.00
mcp_obj 72
mcp_gap 0
mcp_x 1 0 1 1 1 1 0 1 1 1 0 1 0 0 1 1 1 1 1 0 0 1 0 0 0 1 0 1 0 1 1 1 1 1 1 1 1 1 1 1 1 1 1 0 1 1 1 1 1 1 1 0 0 1 1 1 1 1 1 1 1 1 1 0 1 1 1 1 0 0 1 1 1 0 1 1 1 0 1 1 1 0 0 0 0 1 0 1 1 1 0 1 1 0 0 1 1 1 1 1
