NAME N100_rc_0.7_rGamma_1_dc_0.035_dGamma_0.0005_jeu_100_75_1.txt
NUM_ITEMS 100
SOURCE r_100_75_1
PARAMETERS
r_c 0.7
r_Gamma 1
d_c 0.035
d_Gamma 0.0005

BOUNDS
c_lb 0.00
c_ub 218.03
Gamma_lb 25
Gamma_ub 121
B_i_1_lb 0.00 0.00 0.00 0.00 0.00 0.00 0.00 0.00 0.00 0.00 0.00 0.00 0.00 0.00 0.00 0.00 0.00 0.00 0.00 0.00 0.00 0.00 0.00 0.00 0.00 0.00 0.00 0.00 0.00 0.00 0.00 0.00 0.00 0.00 0.00 0.00 0.00 0.00 0.00 0.00 0.00 0.00 0.00 0.00 0.00 0.00 0.00 0.00 0.00 0.00 0.00 0.00 0.00 0.00 0.00 0.00 0.00 0.00 0.00 0.00 0.00 0.00 0.00 0.00 0.00 0.00 0.00 0.00 0.00 0.00 0.00 0.00 0.00 0.00 0.00 0.00 0.00 0.00 0.00 0.00 0.00 0.00 0.00 0.00 0.00 0.00 0.00 0.00 0.00 0.00 0.00 0.00 0.00 0.00 0.00 0.00 0.00 0.00 0.00 0.00
B_i_1_ub 112.46 139.05 148.26 147.46 142.02 136.79 110.61 129.37 136.55 125.79 123.74 131.59 137.63 132.03 141.89 111.03 139.04 108.98 137.57 119.11 140.65 133.98 130.43 126.56 143.50 137.10 148.73 131.42 137.46 130.30 138.25 127.82 140.46 136.18 127.95 135.67 147.41 137.15 119.22 141.37 118.05 136.46 137.98 120.73 138.51 127.72 134.18 148.00 131.67 151.80 132.36 139.55 114.34 127.76 140.68 127.13 136.63 142.35 142.95 142.38 134.64 129.70 117.48 125.06 126.09 109.45 141.06 110.88 131.41 136.11 131.04 147.78 132.17 126.12 129.58 129.33 121.20 132.61 127.03 108.05 129.26 147.12 138.80 122.44 114.48 106.15 144.82 149.19 113.42 131.50 123.48 136.12 151.53 134.88 140.97 124.33 149.59 157.53 118.52 136.39
B_i_0_lb 0.00 0.00 0.00 0.00 0.00 0.00 0.00 0.00 0.00 0.00 0.00 0.00 0.00 0.00 0.00 0.00 0.00 0.00 0.00 0.00 0.00 0.00 0.00 0.00 0.00 0.00 0.00 0.00 0.00 0.00 0.00 0.00 0.00 0.00 0.00 0.00 0.00 0.00 0.00 0.00 0.00 0.00 0.00 0.00 0.00 0.00 0.00 0.00 0.00 0.00 0.00 0.00 0.00 0.00 0.00 0.00 0.00 0.00 0.00 0.00 0.00 0.00 0.00 0.00 0.00 0.00 0.00 0.00 0.00 0.00 0.00 0.00 0.00 0.00 0.00 0.00 0.00 0.00 0.00 0.00 0.00 0.00 0.00 0.00 0.00 0.00 0.00 0.00 0.00 0.00 0.00 0.00 0.00 0.00 0.00 0.00 0.00 0.00 0.00 0.00
B_i_0_ub 112.46 139.05 148.26 147.46 142.02 136.79 110.61 129.37 136.55 125.79 123.74 131.59 137.63 132.03 141.89 111.03 139.04 108.98 137.57 119.11 140.65 133.98 130.43 126.56 143.50 137.10 148.73 131.42 137.46 130.30 138.25 127.82 140.46 136.18 127.95 135.67 147.41 137.15 119.22 141.37 118.05 136.46 137.98 120.73 138.51 127.72 134.18 148.00 131.67 151.80 132.36 139.55 114.34 127.76 140.68 127.13 136.63 142.35 142.95 142.38 134.64 129.70 117.48 125.06 126.09 109.45 141.06 110.88 131.41 136.11 131.04 147.78 132.17 126.12 129.58 129.33 121.20 132.61 127.03 108.05 129.26 147.12 138.80 122.44 114.48 106.15 144.82 149.19 113.42 131.50 123.48 136.12 151.53 134.88 140.97 124.33 149.59 157.53 118.52 136.39
c_i_1_lb 38.50 10.50 7.70 0.00 36.40 50.40 63.70 0.70 0.00 10.50 30.10 48.30 0.00 0.00 65.80 63.70 33.60 0.00 0.00 58.80 52.50 0.00 56.70 48.30 43.40 53.20 23.10 26.60 7.70 56.70 0.00 5.60 70.00 16.80 0.00 0.00 51.10 0.00 12.60 64.40 18.90 23.10 0.00 16.10 0.00 0.00 46.90 59.50 39.20 10.50 11.20 26.60 32.20 0.00 0.00 39.90 16.10 0.00 0.00 39.20 0.00 39.90 0.00 0.00 32.90 38.50 52.50 0.00 28.00 24.50 2.80 5.60 0.00 13.30 0.00 0.00 35.70 70.00 9.10 44.10 2.80 17.50 54.60 25.90 0.00 0.00 0.00 0.00 62.30 24.50 65.10 16.80 66.50 57.40 2.10 16.10 0.00 0.00 50.40 42.70
c_i_1_ub 150.96 149.55 155.96 147.46 178.42 187.19 174.31 130.07 136.55 136.29 153.84 179.89 137.63 132.03 207.69 174.73 172.64 108.98 137.57 177.91 193.15 133.98 187.13 174.86 186.90 190.30 171.83 158.02 145.16 187.00 138.25 133.42 210.46 152.98 127.95 135.67 198.51 137.15 131.82 205.77 136.95 159.56 137.98 136.83 138.51 127.72 181.08 207.50 170.87 162.30 143.56 166.15 146.54 127.76 140.68 167.03 152.73 142.35 142.95 181.58 134.64 169.60 117.48 125.06 158.99 147.95 193.56 110.88 159.41 160.61 133.84 153.38 132.17 139.42 129.58 129.33 156.90 202.61 136.13 152.15 132.06 164.62 193.40 148.34 114.48 106.15 144.82 149.19 175.72 156.00 188.58 152.92 218.03 192.28 143.07 140.43 149.59 157.53 168.92 179.09
c_i_0_lb 38.50 10.50 7.70 0.00 36.40 50.40 63.70 0.70 0.00 10.50 30.10 48.30 0.00 0.00 65.80 63.70 33.60 0.00 0.00 58.80 52.50 0.00 56.70 48.30 43.40 53.20 23.10 26.60 7.70 56.70 0.00 5.60 70.00 16.80 0.00 0.00 51.10 0.00 12.60 64.40 18.90 23.10 0.00 16.10 0.00 0.00 46.90 59.50 39.20 10.50 11.20 26.60 32.20 0.00 0.00 39.90 16.10 0.00 0.00 39.20 0.00 39.90 0.00 0.00 32.90 38.50 52.50 0.00 28.00 24.50 2.80 5.60 0.00 13.30 0.00 0.00 35.70 70.00 9.10 44.10 2.80 17.50 54.60 25.90 0.00 0.00 0.00 0.00 62.30 24.50 65.10 16.80 66.50 57.40 2.10 16.10 0.00 0.00 50.40 42.70
c_i_0_ub 150.96 149.55 155.96 147.46 178.42 187.19 174.31 130.07 136.55 136.29 153.84 179.89 137.63 132.03 207.69 174.73 172.64 108.98 137.57 177.91 193.15 133.98 187.13 174.86 186.90 190.30 171.83 158.02 145.16 187.00 138.25 133.42 210.46 152.98 127.95 135.67 198.51 137.15 131.82 205.77 136.95 159.56 137.98 136.83 138.51 127.72 181.08 207.50 170.87 162.30 143.56 166.15 146.54 127.76 140.68 167.03 152.73 142.35 142.95 181.58 134.64 169.60 117.48 125.06 158.99 147.95 193.56 110.88 159.41 160.61 133.84 153.38 132.17 139.42 129.58 129.33 156.90 202.61 136.13 152.15 132.06 164.62 193.40 148.34 114.48 106.15 144.82 149.19 175.72 156.00 188.58 152.92 218.03 192.28 143.07 140.43 149.59 157.53 168.92 179.09
c_1_lb 0.00
c_1_ub 218.03
c_0_lb 0.00
c_0_ub 218.03

BOUND_TIMES
k_max_time 0.001111
Gamma_ub_time 0.000107
B_i_1_lb_time 0.005633
B_i_1_ub_time 0.005673
B_i_0_lb_time 0.005905
B_i_0_ub_time 0.005966

DDRO_PARAMETERS
a_0 25
b_0i 1 1 1 1 1 1 1 1 1 1 1 1 1 1 1 1 1 0 1 1 1 1 1 1 1 1 1 1 1 1 1 1 1 1 1 1 1 1 1 1 1 1 1 1 1 1 1 1 1 1 1 1 1 1 1 1 1 1 1 1 1 1 1 1 1 0 1 1 1 1 1 1 1 1 1 1 1 1 1 0 1 1 1 1 1 0 1 1 1 1 1 1 1 1 1 1 1 1 1 1
a_i 38.50 10.50 7.70 0.00 36.40 50.40 63.70 0.70 0.00 10.50 30.10 48.30 0.00 0.00 65.80 63.70 33.60 0.00 0.00 58.80 52.50 0.00 56.70 48.30 43.40 53.20 23.10 26.60 7.70 56.70 0.00 5.60 70.00 16.80 0.00 0.00 51.10 0.00 12.60 64.40 18.90 23.10 0.00 16.10 0.00 0.00 46.90 59.50 39.20 10.50 11.20 26.60 32.20 0.00 0.00 39.90 16.10 0.00 0.00 39.20 0.00 39.90 0.00 0.00 32.90 38.50 52.50 0.00 28.00 24.50 2.80 5.60 0.00 13.30 0.00 0.00 35.70 70.00 9.10 44.10 2.80 17.50 54.60 25.90 0.00 0.00 0.00 0.00 62.30 24.50 65.10 16.80 66.50 57.40 2.10 16.10 0.00 0.00 50.40 42.70
b_ij
0 0.00 1.23 0.18 3.33 0.00 2.73 0.39 1.51 2.91 0.00 0.77 2.00 1.33 0.00 0.00 0.14 3.05 0.00 0.00 0.00 1.68 0.00 0.00 0.00 0.74 0.00 1.40 0.91 1.75 0.25 2.49 0.11 0.91 2.91 1.86 0.00 2.10 1.68 3.36 1.23 2.45 1.30 2.00 0.35 3.36 3.26 0.00 0.35 1.54 0.88 1.75 0.28 0.91 0.46 3.01 0.74 2.63 0.74 2.84 0.91 0.63 0.00 0.00 0.00 0.81 1.93 1.65 0.00 0.00 0.00 0.70 2.35 3.05 0.00 0.70 1.44 2.70 1.75 2.07 0.00 0.00 1.58 2.98 3.19 0.39 0.00 1.33 1.54 0.00 0.00 0.00 0.42 0.77 0.00 1.89 0.00 0.00 3.01 1.12 1.75
1 1.23 0.00 3.26 1.09 3.47 0.84 2.21 0.00 0.00 0.14 2.17 3.47 1.09 1.82 2.21 0.00 1.75 0.00 0.63 0.00 0.46 1.51 1.26 0.81 2.21 0.00 3.26 0.00 0.00 2.38 0.49 0.07 2.77 2.14 1.58 1.89 1.26 1.58 0.00 0.91 1.19 1.79 3.22 1.72 1.44 1.86 1.72 0.14 3.01 2.77 2.31 2.66 1.16 0.00 0.53 0.00 3.26 0.00 0.00 3.19 2.84 3.43 0.74 1.82 0.00 2.14 3.29 0.00 1.02 0.00 2.10 2.52 2.21 0.56 0.77 2.07 1.37 0.00 0.00 2.24 0.11 1.86 1.26 0.00 0.07 2.63 0.00 0.91 3.36 1.54 0.00 1.72 2.94 1.26 1.58 2.98 0.07 0.28 2.80 2.63
2 0.18 3.26 0.00 1.23 0.00 0.25 0.00 2.73 1.89 0.28 1.54 0.00 2.42 3.26 0.00 0.74 1.16 0.00 2.56 0.98 2.00 0.18 1.40 1.68 0.60 2.49 0.00 0.00 0.00 3.05 3.15 3.08 3.43 0.98 1.82 1.51 0.42 1.05 1.75 0.00 3.15 0.00 2.66 0.91 0.00 3.43 2.84 0.00 3.22 2.21 1.54 0.77 2.38 0.39 1.61 0.35 0.11 2.38 3.50 1.37 2.07 2.66 1.68 0.60 0.56 0.91 3.01 0.81 1.51 3.12 0.77 1.40 2.49 0.00 1.75 2.10 1.19 2.98 0.53 2.66 0.46 0.39 2.56 0.98 2.94 3.19 2.21 2.10 3.01 1.37 0.00 0.49 1.75 0.00 0.35 3.29 2.91 1.68 1.54 0.35
3 3.33 1.09 1.23 0.00 0.91 0.00 2.52 1.33 0.00 0.00 1.05 1.47 1.19 0.88 1.16 0.28 0.00 2.03 3.50 2.66 0.88 2.73 0.67 1.12 0.39 2.77 0.00 0.00 1.16 0.67 2.70 2.87 0.00 2.98 0.60 1.44 1.44 3.50 1.33 1.82 0.00 1.40 0.00 1.89 3.29 3.33 1.51 2.73 2.98 2.42 0.00 0.63 0.81 1.65 3.47 1.58 1.05 0.81 0.00 2.03 0.18 1.58 2.49 1.23 0.00 0.00 1.96 3.08 3.33 1.89 0.91 0.56 2.42 3.47 2.52 1.75 2.49 1.16 2.84 0.00 1.51 2.00 1.79 2.73 0.74 0.00 2.63 0.00 2.45 0.00 0.35 1.33 0.63 0.70 0.00 1.86 2.31 3.47 2.24 1.58
4 0.00 3.47 0.00 0.91 0.00 0.00 1.61 2.84 0.25 0.81 0.00 0.18 0.00 2.66 1.02 0.25 3.33 0.04 2.91 1.30 1.09 1.44 0.25 0.77 1.16 0.63 3.22 1.96 2.42 3.05 3.29 2.31 2.45 0.00 1.65 1.44 0.00 1.37 1.93 0.00 1.75 2.77 1.72 1.86 2.35 1.58 2.14 1.09 1.19 0.00 1.86 0.00 2.14 3.01 0.00 0.00 0.49 3.26 0.00 2.00 2.87 3.19 0.25 0.60 2.21 3.33 2.24 1.68 3.01 0.95 0.67 1.47 2.17 0.00 1.40 1.16 1.86 1.51 1.09 3.05 1.47 3.29 0.63 1.09 0.84 0.00 1.89 0.00 0.00 2.77 3.36 3.08 0.00 1.93 0.00 0.00 3.22 0.00 0.77 1.75
5 2.73 0.84 0.25 0.00 0.00 0.00 0.00 0.14 3.43 3.33 0.00 3.33 0.84 1.16 1.05 2.59 0.98 2.14 2.14 0.00 1.89 2.35 0.70 0.00 0.00 3.08 1.54 0.25 1.05 3.50 1.72 2.24 0.00 0.56 0.00 2.77 1.96 0.91 2.38 0.81 0.07 0.25 0.00 0.00 0.00 0.53 0.67 0.39 0.00 0.84 3.08 2.07 0.60 0.00 2.84 3.08 2.84 0.00 0.81 1.93 2.70 1.47 0.00 0.77 3.36 0.42 1.54 0.00 1.72 1.16 0.98 0.56 2.49 2.10 3.33 2.03 2.59 1.75 0.70 0.00 0.00 2.03 2.63 2.00 1.37 0.00 2.87 3.12 0.00 3.05 0.18 0.00 3.26 2.45 0.00 2.56 2.98 3.47 0.60 1.89
6 0.39 2.21 0.00 2.52 1.61 0.00 0.00 2.87 2.87 1.93 2.80 0.56 0.67 0.00 1.44 0.00 1.72 1.51 0.63 0.00 3.05 0.84 1.58 0.46 1.40 0.00 0.84 0.00 0.74 0.46 2.49 3.29 0.63 1.09 1.58 0.32 1.51 1.58 0.25 1.44 0.00 2.31 0.07 0.00 0.81 0.84 0.95 1.16 0.00 0.00 1.05 2.31 0.00 2.66 0.00 2.77 3.40 0.84 2.91 0.14 0.00 0.00 0.00 1.65 3.08 0.46 1.02 0.00 0.00 0.00 1.05 0.00 3.08 0.00 2.17 3.22 0.91 0.00 0.60 2.98 2.14 1.44 0.00 0.00 0.00 0.00 1.47 0.91 0.00 1.16 2.63 3.05 0.67 0.98 0.00 0.00 1.89 2.87 0.00 1.68
7 1.51 0.00 2.73 1.33 2.84 0.14 2.87 0.00 2.98 1.82 1.72 0.00 0.42 0.07 2.94 0.00 2.56 0.00 0.00 2.91 0.00 0.07 0.18 2.52 0.39 0.18 3.50 0.98 0.18 2.70 0.46 0.95 2.42 0.00 0.00 0.00 1.09 0.00 0.00 0.42 0.98 3.40 3.29 0.00 0.00 0.95 3.47 2.59 2.24 2.00 3.08 0.91 2.52 0.00 0.25 3.43 0.00 1.51 2.45 2.66 0.00 0.46 0.00 1.79 2.42 0.07 1.89 0.00 0.00 3.29 0.35 1.44 0.00 3.01 3.19 1.86 0.00 2.63 0.00 2.45 0.00 1.79 0.00 3.22 0.00 2.07 2.38 1.23 0.98 0.39 2.70 0.21 2.98 0.32 2.73 2.28 0.25 1.82 0.00 0.56
8 2.91 0.00 1.89 0.00 0.25 3.43 2.87 2.98 0.00 0.53 0.00 0.53 0.00 1.96 2.98 0.00 1.33 0.42 2.56 0.70 0.00 0.46 3.08 3.12 0.00 0.63 0.00 0.00 2.73 0.70 0.46 2.28 0.00 2.28 3.43 3.29 0.00 0.46 1.65 1.68 2.00 0.49 3.47 0.00 0.00 2.73 1.61 2.28 1.30 1.19 2.49 0.53 0.67 3.08 0.98 2.07 2.80 1.58 0.32 2.73 0.00 0.91 0.46 3.22 3.26 0.60 1.79 1.16 0.00 2.63 0.63 0.00 0.00 0.00 0.74 2.94 2.80 3.15 0.49 0.00 1.68 0.70 0.88 2.14 0.00 0.00 0.00 1.96 1.86 2.14 3.43 1.16 2.03 1.86 1.82 2.59 1.93 1.68 0.00 0.00
9 0.00 0.14 0.28 0.00 0.81 3.33 1.93 1.82 0.53 0.00 0.81 0.81 1.30 0.39 1.51 2.87 0.00 3.26 0.00 0.00 3.40 0.00 0.84 0.00 0.07 0.00 0.32 3.01 3.01 0.00 2.49 2.42 1.86 2.38 0.00 1.89 2.00 2.98 0.60 1.23 2.52 2.98 3.05 2.31 1.47 0.88 1.33 2.49 0.77 2.21 1.61 1.72 1.44 0.00 1.75 3.08 0.00 0.91 0.77 0.00 2.80 1.96 0.28 1.82 0.39 3.15 3.47 2.31 0.42 0.00 3.26 2.28 0.00 0.60 0.00 0.32 1.23 1.37 0.00 0.35 0.00 0.21 0.00 1.37 0.00 0.74 1.26 3.08 2.07 0.00 0.00 0.74 1.86 2.87 2.45 0.60 1.72 0.00 0.46 0.77
10 0.77 2.17 1.54 1.05 0.00 0.00 2.80 1.72 0.00 0.81 0.00 1.16 2.98 1.82 1.58 1.96 0.18 2.24 0.67 0.32 0.81 0.00 3.12 0.28 0.00 1.72 1.05 2.00 0.00 3.43 2.49 3.29 1.26 1.68 3.36 0.00 3.15 0.07 0.60 0.14 1.19 2.87 1.40 3.19 0.74 0.39 0.53 0.00 0.28 0.00 3.40 2.70 1.68 1.02 1.86 0.95 1.19 2.66 0.42 2.14 0.00 1.26 0.63 0.11 1.79 0.00 0.63 1.82 2.91 1.23 3.47 2.77 0.04 0.00 1.23 0.00 0.00 0.46 0.00 0.67 0.21 0.00 0.70 0.00 0.00 1.26 0.88 2.52 0.49 0.00 2.94 0.00 3.08 0.04 3.08 0.00 2.31 3.47 0.98 1.93
11 2.00 3.47 0.00 1.47 0.18 3.33 0.56 0.00 0.53 0.81 1.16 0.00 3.36 0.63 0.14 2.98 0.00 0.00 2.45 1.44 1.79 1.86 0.00 1.65 0.00 1.75 3.22 1.19 0.00 2.28 2.45 2.59 1.72 2.03 0.00 1.26 0.00 0.00 2.73 0.00 0.00 1.65 2.49 1.33 0.00 2.94 3.43 2.49 0.00 0.98 1.61 2.80 1.75 2.42 0.14 1.02 1.68 3.12 0.00 0.91 0.00 0.53 0.00 0.28 1.79 0.00 0.00 1.75 2.52 2.28 1.23 3.26 0.00 0.39 0.63 0.67 1.26 1.47 1.65 0.00 0.28 1.61 1.47 3.22 0.00 0.00 0.95 0.00 2.38 0.00 2.14 1.37 1.82 2.52 1.47 3.50 0.07 3.47 1.26 2.56
12 1.33 1.09 2.42 1.19 0.00 0.84 0.67 0.42 0.00 1.30 2.98 3.36 0.00 1.23 1.30 2.66 2.14 2.84 0.35 0.00 0.00 2.56 0.46 2.38 2.80 1.82 3.43 1.40 0.21 1.12 0.00 2.52 2.31 2.56 0.00 1.93 0.81 1.05 0.00 3.33 1.37 0.00 0.39 2.35 3.33 0.00 0.00 3.29 0.00 0.00 0.00 0.00 3.43 1.75 0.49 2.94 0.07 0.70 0.00 2.98 2.21 2.00 2.21 0.00 1.02 0.00 3.12 0.00 0.70 3.08 0.63 0.53 1.93 2.49 0.60 2.49 0.00 0.00 1.75 0.74 1.61 0.67 1.33 0.74 1.68 1.51 0.91 3.08 3.26 1.40 0.00 0.00 2.84 0.00 3.50 0.00 2.52 3.50 1.79 1.89
13 0.00 1.82 3.26 0.88 2.66 1.16 0.00 0.07 1.96 0.39 1.82 0.63 1.23 0.00 1.26 1.96 3.05 1.65 2.35 2.63 0.04 2.73 1.89 0.00 3.12 0.42 0.00 0.00 3.33 2.94 1.82 0.00 0.00 1.82 2.87 1.89 0.84 0.00 0.00 0.00 0.00 1.82 0.00 3.36 0.00 2.66 1.02 1.54 0.00 0.53 0.00 3.08 2.56 0.18 3.36 0.00 1.05 3.19 0.00 1.86 0.00 2.73 1.37 2.56 1.65 0.07 0.00 0.77 2.56 0.00 0.18 2.84 3.12 0.67 2.42 1.40 0.70 1.44 0.00 0.63 0.39 2.59 0.00 0.00 1.54 1.54 0.25 3.29 2.91 1.02 2.77 3.19 2.77 0.00 0.00 0.63 2.35 0.32 2.66 0.00
14 0.00 2.21 0.00 1.16 1.02 1.05 1.44 2.94 2.98 1.51 1.58 0.14 1.30 1.26 0.00 0.00 0.00 0.00 3.43 0.53 3.33 0.35 1.33 2.98 0.81 2.80 2.45 0.84 0.00 1.44 0.00 2.59 0.91 0.46 2.45 0.60 3.36 2.35 0.98 0.00 0.00 0.00 2.24 0.32 0.00 0.91 1.93 0.00 1.44 1.58 0.77 0.18 2.77 0.00 2.70 2.17 1.16 3.01 3.33 3.29 3.47 1.44 3.22 1.82 2.00 0.32 1.79 0.42 0.00 0.00 2.28 2.28 1.72 2.98 0.11 2.07 1.12 2.66 3.15 0.46 0.00 1.09 1.96 0.39 1.09 0.25 3.47 2.49 1.09 2.77 1.65 3.15 2.45 0.67 1.79 0.00 0.53 2.03 0.42 0.91
15 0.14 0.00 0.74 0.28 0.25 2.59 0.00 0.00 0.00 2.87 1.96 2.98 2.66 1.96 0.00 0.00 3.43 0.00 2.98 0.00 2.24 1.26 2.87 0.42 2.94 0.91 1.86 0.00 0.00 0.00 1.33 0.00 3.15 2.38 1.47 2.91 1.16 2.45 0.00 1.96 0.18 2.66 3.47 0.00 2.84 0.18 0.91 0.53 1.61 1.82 1.61 0.00 0.46 0.11 2.98 0.00 1.33 0.00 0.00 1.37 0.28 0.14 0.56 0.91 0.95 0.00 0.00 0.04 0.14 0.07 1.09 0.00 3.22 3.19 0.00 0.21 1.65 0.00 0.32 0.63 1.79 0.00 0.00 1.68 2.87 1.54 2.94 1.65 0.00 1.16 0.39 0.28 2.77 2.24 0.21 0.00 0.00 1.16 0.67 2.07
16 3.05 1.75 1.16 0.00 3.33 0.98 1.72 2.56 1.33 0.00 0.18 0.00 2.14 3.05 0.00 3.43 0.00 3.36 1.37 0.00 0.84 3.36 0.00 1.72 0.00 2.49 2.91 2.73 0.67 3.15 1.79 2.73 0.39 0.00 2.73 2.17 0.00 0.00 0.00 1.30 1.58 0.91 0.00 3.01 1.30 1.51 1.05 0.88 1.16 0.39 0.56 0.00 0.04 1.19 0.11 0.00 0.00 0.46 0.00 2.66 1.40 3.29 0.84 1.16 0.63 1.02 2.00 0.00 1.30 2.38 3.43 0.00 1.05 1.61 0.95 2.14 1.51 0.00 0.63 0.00 2.63 3.15 1.68 2.98 0.00 0.00 1.58 2.24 0.98 3.43 0.00 1.65 3.22 2.77 2.42 0.00 3.08 3.47 3.22 0.00
17 0.00 0.00 0.00 2.03 0.04 2.14 1.51 0.00 0.42 3.26 2.24 0.00 2.84 1.65 0.00 0.00 3.36 0.00 0.98 1.16 0.00 1.79 2.00 1.02 1.58 0.00 0.49 2.94 3.08 0.07 0.63 0.21 1.26 0.21 3.43 0.35 0.00 1.23 0.00 2.10 0.56 1.44 0.00 1.65 3.19 0.00 0.00 2.80 1.26 0.00 2.52 1.30 2.73 0.00 0.00 0.00 0.32 3.12 2.42 0.95 1.79 0.00 1.30 0.77 0.04 0.21 0.35 0.00 0.00 1.09 0.00 3.36 0.00 3.26 2.03 0.00 0.00 2.91 0.98 0.00 0.70 2.91 2.77 1.16 0.11 0.63 2.98 1.47 0.00 0.00 1.54 0.77 0.00 0.98 2.42 0.00 0.18 2.73 1.26 0.00
18 0.00 0.63 2.56 3.50 2.91 2.14 0.63 0.00 2.56 0.00 0.67 2.45 0.35 2.35 3.43 2.98 1.37 0.98 0.00 1.12 0.00 2.38 3.01 1.61 2.98 1.96 1.30 0.00 0.00 0.00 0.00 1.68 1.37 0.00 0.98 0.00 1.89 2.17 2.03 1.86 0.00 2.73 2.87 1.02 2.77 0.00 3.01 2.49 1.12 2.38 3.08 0.63 0.00 0.04 0.00 0.00 0.00 2.10 3.26 0.00 1.47 0.67 1.30 2.63 0.00 0.00 0.56 1.75 1.19 0.53 0.00 2.38 3.47 1.02 3.15 0.00 0.56 1.44 2.80 0.39 2.38 0.53 1.58 1.05 0.00 0.00 0.14 3.29 3.40 0.00 1.68 0.00 2.21 2.31 2.07 1.86 3.43 0.00 2.98 0.00
19 0.00 0.00 0.98 2.66 1.30 0.00 0.00 2.91 0.70 0.00 0.32 1.44 0.00 2.63 0.53 0.00 0.00 1.16 1.12 0.00 1.37 0.88 2.35 0.74 3.26 0.00 0.00 2.94 0.00 1.75 0.00 0.00 0.00 3.36 0.00 0.98 2.98 1.02 3.08 3.12 3.47 2.24 1.68 0.46 1.58 1.68 2.38 3.19 0.00 0.00 0.00 0.00 0.00 2.59 0.00 0.84 2.00 0.70 2.03 0.77 2.59 2.38 0.67 0.00 0.00 0.00 0.00 1.26 3.01 0.00 2.21 2.21 0.00 0.00 0.00 2.21 2.91 2.87 0.00 2.63 3.43 0.00 2.91 2.38 2.45 0.42 0.07 0.00 0.25 0.21 0.63 2.77 2.59 0.00 0.91 0.63 0.00 0.49 1.40 3.43
20 1.68 0.46 2.00 0.88 1.09 1.89 3.05 0.00 0.00 3.40 0.81 1.79 0.00 0.04 3.33 2.24 0.84 0.00 0.00 1.37 0.00 1.51 1.65 0.21 3.26 0.14 0.35 0.49 2.84 0.00 3.12 3.43 1.47 2.77 0.00 0.00 1.79 0.70 0.00 2.80 3.08 1.37 0.00 3.29 0.53 0.39 1.37 3.12 2.70 2.49 0.21 0.35 3.43 0.42 1.30 1.58 0.46 1.19 0.00 3.50 3.29 0.00 0.00 3.43 1.58 1.44 2.80 0.00 1.09 2.84 0.00 1.26 0.14 2.70 0.00 2.77 1.89 1.51 0.00 1.40 0.00 0.56 1.58 1.82 0.00 3.15 1.37 1.82 0.00 0.00 3.40 3.50 1.86 0.56 1.19 1.89 0.00 3.36 2.38 1.89
21 0.00 1.51 0.18 2.73 1.44 2.35 0.84 0.07 0.46 0.00 0.00 1.86 2.56 2.73 0.35 1.26 3.36 1.79 2.38 0.88 1.51 0.00 0.00 0.00 1.75 1.75 2.17 0.11 2.17 1.09 2.98 2.94 2.98 1.96 2.38 0.00 1.93 3.01 3.29 0.25 3.50 2.66 1.51 0.07 0.00 0.21 0.00 1.89 3.22 1.33 0.56 0.00 0.18 3.22 3.29 0.00 3.26 1.44 2.49 0.00 0.00 0.91 0.74 1.19 0.00 1.23 3.26 0.00 1.12 0.14 3.43 0.67 0.00 0.91 3.33 2.17 0.00 1.16 3.26 0.14 1.12 0.00 0.00 0.67 1.12 1.61 3.15 2.94 0.00 0.00 0.00 0.46 0.39 0.00 2.98 1.51 1.33 2.21 2.07 0.91
22 0.00 1.26 1.40 0.67 0.25 0.70 1.58 0.18 3.08 0.84 3.12 0.00 0.46 1.89 1.33 2.87 0.00 2.00 3.01 2.35 1.65 0.00 0.00 0.00 1.30 2.14 0.46 0.35 2.07 2.28 2.35 0.00 0.00 1.30 0.00 1.82 1.47 0.00 1.12 0.74 0.63 0.07 0.00 0.88 0.00 2.84 3.01 3.08 0.32 0.53 2.28 2.17 3.36 3.22 1.65 3.08 0.00 2.35 1.23 2.80 3.01 1.47 1.09 0.70 0.77 0.49 0.00 2.38 2.84 3.43 0.95 0.00 1.19 0.00 3.05 0.70 0.53 0.00 0.77 0.00 0.67 2.42 1.40 0.00 3.33 1.51 2.70 3.43 0.14 0.00 2.45 0.91 0.00 0.70 2.42 0.81 0.67 2.66 0.00 1.30
23 0.00 0.81 1.68 1.12 0.77 0.00 0.46 2.52 3.12 0.00 0.28 1.65 2.38 0.00 2.98 0.42 1.72 1.02 1.61 0.74 0.21 0.00 0.00 0.00 0.63 3.19 2.03 0.00 1.44 0.00 1.75 3.12 3.50 0.70 0.00 2.80 0.00 0.00 0.88 2.91 1.12 0.00 0.60 0.11 1.72 0.18 0.81 0.00 0.42 0.00 0.70 2.03 0.00 0.00 3.40 1.19 3.19 2.24 3.47 0.07 1.54 2.91 1.40 3.40 2.42 0.07 0.70 0.70 0.00 2.24 2.91 3.40 0.88 0.00 0.84 3.36 1.65 0.07 0.00 3.43 0.81 2.38 3.12 1.61 0.00 0.81 0.21 1.05 1.75 0.00 0.25 2.03 0.53 2.10 3.01 3.01 1.40 2.14 0.74 0.00
24 0.74 2.21 0.60 0.39 1.16 0.00 1.40 0.39 0.00 0.07 0.00 0.00 2.80 3.12 0.81 2.94 0.00 1.58 2.98 3.26 3.26 1.75 1.30 0.63 0.00 1.96 0.39 3.40 2.28 2.98 0.14 0.00 2.59 0.00 3.43 0.53 3.43 2.77 2.59 0.00 0.63 3.43 1.79 0.77 2.00 2.66 2.84 0.74 1.51 2.56 0.00 1.12 0.28 0.84 0.56 2.42 0.60 2.87 0.39 0.00 1.30 1.30 2.14 1.58 1.51 1.33 2.91 3.43 2.49 3.08 0.67 1.26 0.00 0.07 1.02 2.56 0.28 1.40 0.77 1.47 0.00 0.00 0.77 1.79 0.00 2.35 2.59 0.00 0.00 2.10 0.81 0.00 0.77 0.60 2.94 3.22 0.49 3.43 3.01 2.17
25 0.00 0.00 2.49 2.77 0.63 3.08 0.00 0.18 0.63 0.00 1.72 1.75 1.82 0.42 2.80 0.91 2.49 0.00 1.96 0.00 0.14 1.75 2.14 3.19 1.96 0.00 2.77 0.18 0.35 2.52 1.40 0.00 2.63 1.82 1.44 1.58 0.04 1.54 1.51 3.01 0.00 0.00 2.80 0.00 2.56 1.93 3.01 1.05 0.84 2.56 0.53 0.00 0.88 2.63 3.15 0.77 0.00 0.63 3.43 0.14 0.42 2.45 0.95 1.75 2.28 2.49 0.00 3.05 0.84 0.18 0.60 0.00 2.17 0.07 2.66 2.35 0.00 3.26 2.59 3.26 2.21 0.28 2.98 0.00 1.02 0.70 0.46 2.52 2.66 1.96 1.82 0.25 0.00 0.56 3.43 0.84 0.00 0.32 0.00 3.19
26 1.40 3.26 0.00 0.00 3.22 1.54 0.84 3.50 0.00 0.32 1.05 3.22 3.43 0.00 2.45 1.86 2.91 0.49 1.30 0.00 0.35 2.17 0.46 2.03 0.39 2.77 0.00 2.45 0.00 0.00 3.29 1.12 0.00 2.03 0.00 1.47 2.73 2.84 2.24 3.40 2.45 0.00 0.00 0.00 0.74 1.61 1.58 0.42 1.96 2.00 2.21 0.88 2.80 0.00 0.00 2.73 2.84 1.37 2.70 2.28 0.39 2.00 0.18 0.67 1.47 0.67 1.02 3.12 0.07 3.19 3.33 0.32 2.03 0.14 0.91 2.56 1.86 0.28 2.10 0.00 3.33 3.43 1.40 2.00 0.35 2.94 0.49 2.94 1.96 2.24 2.35 1.44 0.81 2.03 1.30 0.53 2.31 0.21 0.00 1.26
27 0.91 0.00 0.00 0.00 1.96 0.25 0.00 0.98 0.00 3.01 2.00 1.19 1.40 0.00 0.84 0.00 2.73 2.94 0.00 2.94 0.49 0.11 0.35 0.00 3.40 0.18 2.45 0.00 0.00 3.08 0.46 1.30 2.66 1.54 3.12 3.22 2.91 0.00 2.42 2.66 1.12 3.19 0.11 1.61 0.25 0.00 0.00 2.91 2.28 2.35 0.67 1.58 0.00 0.00 0.67 2.14 2.28 0.00 0.70 0.00 0.98 3.40 1.02 0.00 0.77 2.49 1.89 0.00 0.00 3.33 3.26 0.28 0.49 0.00 0.00 2.91 2.87 1.09 2.63 0.00 0.00 3.43 2.56 2.80 2.42 0.00 1.19 2.24 0.00 2.17 0.39 0.00 1.33 1.65 2.73 1.75 0.14 3.33 2.52 0.00
28 1.75 0.00 0.00 1.16 2.42 1.05 0.74 0.18 2.73 3.01 0.00 0.00 0.21 3.33 0.00 0.00 0.67 3.08 0.00 0.00 2.84 2.17 2.07 1.44 2.28 0.35 0.00 0.00 0.00 0.00 0.00 2.10 0.00 2.17 1.23 2.87 3.01 0.77 0.91 0.46 3.15 1.33 0.56 0.14 0.21 0.95 0.98 1.44 0.67 0.04 2.17 0.00 2.59 2.91 1.72 1.89 2.91 3.40 2.35 0.00 2.73 3.12 3.12 0.00 2.98 0.70 2.03 0.00 0.00 3.43 0.46 2.52 1.89 1.93 1.30 2.10 0.00 1.68 3.12 1.09 3.40 2.84 2.52 0.00 0.21 0.63 0.46 3.15 2.84 0.00 0.00 3.29 1.75 3.05 1.58 0.53 0.77 0.11 0.00 1.72
29 0.25 2.38 3.05 0.67 3.05 3.50 0.46 2.70 0.70 0.00 3.43 2.28 1.12 2.94 1.44 0.00 3.15 0.07 0.00 1.75 0.00 1.09 2.28 0.00 2.98 2.52 0.00 3.08 0.00 0.00 0.00 3.43 3.26 1.23 0.67 1.72 1.16 2.63 0.00 0.00 3.19 0.00 0.00 1.58 0.88 2.38 0.49 0.35 1.02 2.35 0.00 2.14 0.00 0.56 0.07 0.00 0.81 1.16 1.37 0.00 0.00 2.73 1.75 0.00 0.04 0.56 0.00 2.63 1.96 0.00 3.19 0.00 2.21 1.79 2.45 1.75 0.00 1.09 2.42 0.35 1.68 0.00 2.24 0.70 0.00 0.67 3.26 2.70 1.05 2.35 1.23 1.12 2.31 0.35 1.26 0.00 2.21 2.63 1.68 0.60
30 2.49 0.49 3.15 2.70 3.29 1.72 2.49 0.46 0.46 2.49 2.49 2.45 0.00 1.82 0.00 1.33 1.79 0.63 0.00 0.00 3.12 2.98 2.35 1.75 0.14 1.40 3.29 0.46 0.00 0.00 0.00 1.40 3.40 0.00 1.61 0.00 1.12 2.00 1.72 0.77 3.50 1.75 0.88 0.32 1.40 2.45 2.35 3.43 1.12 1.26 0.07 2.38 0.95 0.21 0.46 1.09 0.00 1.79 0.18 1.19 0.11 0.00 2.49 1.05 1.33 2.10 2.52 3.08 2.42 0.00 0.32 1.75 0.98 0.00 1.79 0.00 0.00 0.98 1.54 0.00 1.65 3.08 2.91 0.60 2.03 0.74 0.81 0.00 0.81 2.91 0.00 0.00 1.72 2.77 0.18 3.26 3.43 0.00 1.37 2.98
31 0.11 0.07 3.08 2.87 2.31 2.24 3.29 0.95 2.28 2.42 3.29 2.59 2.52 0.00 2.59 0.00 2.73 0.21 1.68 0.00 3.43 2.94 0.00 3.12 0.00 0.00 1.12 1.30 2.10 3.43 1.40 0.00 0.77 1.58 1.75 0.39 0.00 0.00 0.28 0.00 0.00 0.00 1.75 2.63 0.11 0.00 0.14 0.00 2.21 2.49 1.02 3.26 0.00 1.86 0.00 2.31 1.33 3.08 3.19 0.49 0.60 3.33 0.53 1.19 0.00 0.00 2.98 0.56 1.12 3.05 0.00 0.00 0.56 0.00 0.00 1.61 2.91 0.00 0.00 1.51 0.00 1.82 0.00 0.00 1.72 0.70 0.35 2.35 0.00 0.00 2.45 0.91 3.29 0.91 1.40 2.14 0.00 2.63 1.93 0.56
32 0.91 2.77 3.43 0.00 2.45 0.00 0.63 2.42 0.00 1.86 1.26 1.72 2.31 0.00 0.91 3.15 0.39 1.26 1.37 0.00 1.47 2.98 0.00 3.50 2.59 2.63 0.00 2.66 0.00 3.26 3.40 0.77 0.00 2.63 0.00 2.73 1.93 2.17 0.39 0.88 2.35 0.35 0.00 1.09 2.77 0.35 2.28 2.03 0.56 0.42 0.00 0.46 0.74 1.51 0.42 0.00 3.33 0.04 0.32 1.44 3.19 0.00 3.33 2.94 0.46 0.39 0.00 2.59 0.25 3.12 1.54 2.10 0.70 0.74 2.14 0.00 0.00 3.08 0.91 1.09 2.77 1.37 0.95 0.42 2.00 2.45 0.91 0.00 2.94 2.63 0.39 2.42 2.73 0.07 1.12 0.84 0.67 3.47 2.45 0.00
33 2.91 2.14 0.98 2.98 0.00 0.56 1.09 0.00 2.28 2.38 1.68 2.03 2.56 1.82 0.46 2.38 0.00 0.21 0.00 3.36 2.77 1.96 1.30 0.70 0.00 1.82 2.03 1.54 2.17 1.23 0.00 1.58 2.63 0.00 2.91 0.46 2.70 0.00 0.00 0.00 0.56 0.56 0.60 0.77 3.33 3.08 0.56 1.89 0.91 1.75 1.44 2.56 0.00 3.08 1.12 0.53 0.74 0.77 2.63 1.54 1.58 0.00 0.00 0.04 2.45 0.00 3.26 0.46 1.54 0.00 2.73 2.87 0.84 0.81 0.91 1.02 1.75 1.75 3.40 1.58 1.40 2.00 0.00 0.04 0.88 0.00 2.77 2.52 1.40 0.84 1.19 1.79 0.95 0.67 3.12 0.00 2.42 2.84 0.32 0.00
34 1.86 1.58 1.82 0.60 1.65 0.00 1.58 0.00 3.43 0.00 3.36 0.00 0.00 2.87 2.45 1.47 2.73 3.43 0.98 0.00 0.00 2.38 0.00 0.00 3.43 1.44 0.00 3.12 1.23 0.67 1.61 1.75 0.00 2.91 0.00 1.23 2.45 0.00 1.86 0.00 2.59 0.00 2.35 1.82 0.00 0.00 1.68 0.88 1.16 1.44 0.00 0.14 1.72 1.82 2.10 2.24 0.35 2.52 2.66 1.75 0.81 0.00 1.37 0.00 1.02 0.00 0.18 2.42 0.00 2.28 0.00 0.04 1.86 1.51 0.63 0.00 0.00 2.35 0.00 0.11 1.79 2.07 2.28 1.93 1.44 1.93 3.22 2.14 0.00 1.12 2.17 2.21 1.02 0.56 1.96 1.86 1.79 1.33 0.00 1.44
35 0.00 1.89 1.51 1.44 1.44 2.77 0.32 0.00 3.29 1.89 0.00 1.26 1.93 1.89 0.60 2.91 2.17 0.35 0.00 0.98 0.00 0.00 1.82 2.80 0.53 1.58 1.47 3.22 2.87 1.72 0.00 0.39 2.73 0.46 1.23 0.00 2.91 0.74 0.00 0.00 0.00 2.84 3.05 1.23 1.89 0.00 1.82 0.91 0.00 2.28 1.79 3.36 0.28 3.50 3.43 0.32 0.00 2.24 3.29 0.32 0.00 0.35 0.98 1.61 0.00 2.84 1.30 0.00 0.46 1.19 3.19 0.00 2.94 1.72 0.00 1.86 0.00 1.68 0.60 1.68 3.26 1.72 0.00 2.45 0.00 0.00 1.47 2.56 1.68 1.47 0.88 0.00 1.58 2.94 3.40 0.11 3.08 1.89 0.00 1.12
36 2.10 1.26 0.42 1.44 0.00 1.96 1.51 1.09 0.00 2.00 3.15 0.00 0.81 0.84 3.36 1.16 0.00 0.00 1.89 2.98 1.79 1.93 1.47 0.00 3.43 0.04 2.73 2.91 3.01 1.16 1.12 0.00 1.93 2.70 2.45 2.91 0.00 3.19 0.00 0.11 0.00 2.87 0.70 2.21 0.18 0.00 1.75 2.38 3.26 3.29 0.56 3.26 0.00 2.10 1.72 0.00 3.29 0.00 2.70 0.00 2.38 3.05 0.00 0.21 0.91 0.00 0.00 0.70 2.73 2.45 0.00 3.36 3.29 3.47 1.96 0.00 0.00 2.21 0.32 2.59 1.37 0.28 0.32 2.42 2.45 0.00 0.11 2.77 0.00 2.73 0.00 3.12 0.00 2.03 1.33 2.87 0.00 2.10 1.68 3.08
37 1.68 1.58 1.05 3.50 1.37 0.91 1.58 0.00 0.46 2.98 0.07 0.00 1.05 0.00 2.35 2.45 0.00 1.23 2.17 1.02 0.70 3.01 0.00 0.00 2.77 1.54 2.84 0.00 0.77 2.63 2.00 0.00 2.17 0.00 0.00 0.74 3.19 0.00 1.51 2.66 2.35 1.40 0.77 0.00 2.49 0.00 0.00 0.00 2.91 2.31 3.05 2.42 0.00 0.70 3.12 0.00 0.00 2.73 0.11 1.89 1.02 0.35 3.50 2.66 1.47 0.00 2.52 0.77 1.58 2.35 3.47 0.00 0.98 2.49 1.02 0.07 3.15 0.00 0.11 0.00 2.49 3.33 2.56 3.05 0.00 1.30 3.19 1.19 1.58 1.47 0.81 0.32 2.73 0.00 0.00 2.73 3.15 0.00 1.12 0.39
38 3.36 0.00 1.75 1.33 1.93 2.38 0.25 0.00 1.65 0.60 0.60 2.73 0.00 0.00 0.98 0.00 0.00 0.00 2.03 3.08 0.00 3.29 1.12 0.88 2.59 1.51 2.24 2.42 0.91 0.00 1.72 0.28 0.39 0.00 1.86 0.00 0.00 1.51 0.00 0.00 1.58 0.00 0.00 0.00 0.28 0.25 0.00 1.16 1.61 2.24 0.00 2.14 0.00 2.52 2.94 1.40 0.00 2.70 2.49 0.00 0.00 1.75 2.66 0.39 2.77 2.00 0.00 0.00 0.00 2.66 0.00 1.47 2.77 2.45 3.36 2.56 0.60 0.00 0.49 0.32 3.05 2.21 0.00 1.02 0.00 0.49 0.00 2.24 1.33 3.05 0.00 2.73 0.00 2.91 0.70 0.00 3.22 0.00 1.82 3.50
39 1.23 0.91 0.00 1.82 0.00 0.81 1.44 0.42 1.68 1.23 0.14 0.00 3.33 0.00 0.00 1.96 1.30 2.10 1.86 3.12 2.80 0.25 0.74 2.91 0.00 3.01 3.40 2.66 0.46 0.00 0.77 0.00 0.88 0.00 0.00 0.00 0.11 2.66 0.00 0.00 0.63 2.07 3.08 3.12 0.95 0.00 0.04 2.14 0.00 3.26 0.00 0.35 2.56 3.40 3.22 0.00 2.91 2.73 1.23 2.98 0.14 0.32 1.51 1.16 0.84 0.74 0.39 2.56 0.25 2.87 2.38 0.00 3.05 2.10 1.40 0.00 1.79 2.35 0.35 1.26 2.07 0.60 3.36 0.98 2.91 0.00 0.00 0.00 1.96 0.56 3.43 2.28 3.47 3.01 3.01 1.37 2.03 3.22 2.98 0.00
40 2.45 1.19 3.15 0.00 1.75 0.07 0.00 0.98 2.00 2.52 1.19 0.00 1.37 0.00 0.00 0.18 1.58 0.56 0.00 3.47 3.08 3.50 0.63 1.12 0.63 0.00 2.45 1.12 3.15 3.19 3.50 0.00 2.35 0.56 2.59 0.00 0.00 2.35 1.58 0.63 0.00 0.00 0.00 2.21 0.84 0.00 0.00 1.68 0.00 3.12 0.18 1.89 0.53 2.00 2.49 0.00 0.00 0.00 0.00 3.22 0.00 1.26 2.73 0.35 2.63 2.56 1.40 0.67 3.43 0.21 1.47 0.00 0.00 0.53 1.02 1.89 1.40 2.28 0.00 0.18 0.00 0.25 0.00 2.77 0.00 0.00 0.00 0.00 1.26 1.02 0.88 2.94 2.17 3.43 0.00 0.63 0.00 2.73 0.00 2.91
41 1.30 1.79 0.00 1.40 2.77 0.25 2.31 3.40 0.49 2.98 2.87 1.65 0.00 1.82 0.00 2.66 0.91 1.44 2.73 2.24 1.37 2.66 0.07 0.00 3.43 0.00 0.00 3.19 1.33 0.00 1.75 0.00 0.35 0.56 0.00 2.84 2.87 1.40 0.00 2.07 0.00 0.00 0.77 0.00 1.54 0.00 0.00 3.43 2.87 1.51 0.00 1.54 2.28 3.05 1.16 0.00 2.14 0.28 0.00 2.49 1.40 0.28 2.03 2.98 0.00 3.12 1.79 1.96 2.45 1.30 3.15 0.95 1.23 2.07 0.00 0.25 2.45 0.95 0.00 1.05 2.66 3.01 0.00 0.00 0.95 0.46 1.89 1.44 1.65 3.43 3.43 0.00 1.65 0.35 0.00 2.35 0.53 0.00 0.00 3.29
42 2.00 3.22 2.66 0.00 1.72 0.00 0.07 3.29 3.47 3.05 1.40 2.49 0.39 0.00 2.24 3.47 0.00 0.00 2.87 1.68 0.00 1.51 0.00 0.60 1.79 2.80 0.00 0.11 0.56 0.00 0.88 1.75 0.00 0.60 2.35 3.05 0.70 0.77 0.00 3.08 0.00 0.77 0.00 0.00 1.19 2.24 2.28 3.43 3.33 0.00 0.00 1.58 2.28 0.00 3.12 1.23 1.86 2.91 0.25 0.32 3.40 2.73 2.45 1.79 0.60 0.00 3.05 0.00 0.84 0.00 0.60 0.00 0.00 2.28 3.26 3.43 3.22 2.56 1.30 1.16 0.07 0.00 1.96 0.21 3.22 1.09 1.47 0.00 0.53 0.88 1.58 2.52 2.66 2.70 1.30 0.39 0.28 1.58 0.00 1.51
43 0.35 1.72 0.91 1.89 1.86 0.00 0.00 0.00 0.00 2.31 3.19 1.33 2.35 3.36 0.32 0.00 3.01 1.65 1.02 0.46 3.29 0.07 0.88 0.11 0.77 0.00 0.00 1.61 0.14 1.58 0.32 2.63 1.09 0.77 1.82 1.23 2.21 0.00 0.00 3.12 2.21 0.00 0.00 0.00 0.84 0.04 2.03 0.00 3.36 2.03 0.25 3.26 1.16 1.54 0.32 0.00 1.47 0.00 0.18 0.49 0.60 0.28 1.37 2.73 0.39 1.75 0.00 3.33 3.47 1.86 0.00 3.36 0.00 0.46 0.00 1.30 2.94 0.49 0.70 3.22 0.18 1.58 1.54 0.28 3.36 0.07 0.00 2.59 3.50 0.00 2.14 1.86 2.17 0.00 0.00 0.14 0.00 2.56 1.68 2.28
44 3.36 1.44 0.00 3.29 2.35 0.00 0.81 0.00 0.00 1.47 0.74 0.00 3.33 0.00 0.00 2.84 1.30 3.19 2.77 1.58 0.53 0.00 0.00 1.72 2.00 2.56 0.74 0.25 0.21 0.88 1.40 0.11 2.77 3.33 0.00 1.89 0.18 2.49 0.28 0.95 0.84 1.54 1.19 0.84 0.00 1.75 3.08 1.68 1.16 2.91 1.09 1.12 0.84 0.00 0.14 0.60 2.66 2.00 0.00 3.29 0.00 1.26 0.00 2.87 0.00 0.00 1.54 1.16 2.42 3.01 0.95 3.43 2.80 0.60 0.77 3.50 2.35 0.00 3.15 0.81 1.40 2.87 2.66 0.00 0.00 2.31 1.02 1.12 3.01 0.00 2.66 2.24 2.45 0.60 0.00 2.80 1.40 1.23 2.07 0.56
45 3.26 1.86 3.43 3.33 1.58 0.53 0.84 0.95 2.73 0.88 0.39 2.94 0.00 2.66 0.91 0.18 1.51 0.00 0.00 1.68 0.39 0.21 2.84 0.18 2.66 1.93 1.61 0.00 0.95 2.38 2.45 0.00 0.35 3.08 0.00 0.00 0.00 0.00 0.25 0.00 0.00 0.00 2.24 0.04 1.75 0.00 1.54 1.02 2.56 2.07 0.63 0.49 0.77 0.39 0.42 0.67 0.67 1.26 0.00 3.22 3.29 0.00 3.43 0.11 3.36 1.05 2.80 0.00 0.00 0.00 1.02 3.19 0.00 1.61 0.00 1.26 0.04 0.98 0.18 0.00 3.26 1.05 3.08 0.21 3.50 0.49 0.00 2.94 1.09 0.00 1.93 2.03 0.98 2.24 3.33 3.47 1.51 2.17 0.60 2.84
46 0.00 1.72 2.84 1.51 2.14 0.67 0.95 3.47 1.61 1.33 0.53 3.43 0.00 1.02 1.93 0.91 1.05 0.00 3.01 2.38 1.37 0.00 3.01 0.81 2.84 3.01 1.58 0.00 0.98 0.49 2.35 0.14 2.28 0.56 1.68 1.82 1.75 0.00 0.00 0.04 0.00 0.00 2.28 2.03 3.08 1.54 0.00 0.14 0.00 3.36 3.19 3.36 3.36 1.44 0.00 3.22 0.00 0.77 0.77 0.32 0.39 0.00 0.00 0.00 2.94 0.88 0.88 3.08 0.04 3.36 0.00 3.05 0.00 3.15 0.56 2.14 0.67 3.43 0.00 2.94 0.18 2.56 1.05 0.00 2.07 0.28 0.84 0.00 2.03 3.08 3.40 0.00 2.38 1.19 2.17 0.00 1.02 0.35 0.00 0.00
47 0.35 0.14 0.00 2.73 1.09 0.39 1.16 2.59 2.28 2.49 0.00 2.49 3.29 1.54 0.00 0.53 0.88 2.80 2.49 3.19 3.12 1.89 3.08 0.00 0.74 1.05 0.42 2.91 1.44 0.35 3.43 0.00 2.03 1.89 0.88 0.91 2.38 0.00 1.16 2.14 1.68 3.43 3.43 0.00 1.68 1.02 0.14 0.00 3.01 0.28 3.01 0.00 0.00 3.29 0.32 2.87 0.00 0.00 3.50 2.80 3.36 0.18 0.00 0.74 0.00 0.39 3.33 2.59 0.28 3.47 1.54 2.07 0.00 1.79 1.47 1.12 0.70 3.43 2.14 0.00 2.31 0.00 2.70 0.00 3.08 0.00 3.43 0.00 3.36 0.28 1.75 3.47 0.00 0.14 0.00 0.00 1.47 1.37 3.26 2.07
48 1.54 3.01 3.22 2.98 1.19 0.00 0.00 2.24 1.30 0.77 0.28 0.00 0.00 0.00 1.44 1.61 1.16 1.26 1.12 0.00 2.70 3.22 0.32 0.42 1.51 0.84 1.96 2.28 0.67 1.02 1.12 2.21 0.56 0.91 1.16 0.00 3.26 2.91 1.61 0.00 0.00 2.87 3.33 3.36 1.16 2.56 0.00 3.01 0.00 1.33 3.12 0.00 2.14 1.58 2.14 2.91 3.15 1.68 0.84 0.84 2.03 1.72 0.35 0.00 0.91 0.46 2.63 0.00 0.00 0.00 0.00 3.43 3.08 2.31 2.59 0.00 1.72 0.00 2.77 0.00 1.09 1.93 0.00 0.25 1.82 0.32 0.00 2.66 0.00 1.47 0.00 0.11 0.56 1.44 1.40 0.07 3.22 2.07 0.00 1.44
49 0.88 2.77 2.21 2.42 0.00 0.84 0.00 2.00 1.19 2.21 0.00 0.98 0.00 0.53 1.58 1.82 0.39 0.00 2.38 0.00 2.49 1.33 0.53 0.00 2.56 2.56 2.00 2.35 0.04 2.35 1.26 2.49 0.42 1.75 1.44 2.28 3.29 2.31 2.24 3.26 3.12 1.51 0.00 2.03 2.91 2.07 3.36 0.28 1.33 0.00 0.00 3.33 0.84 2.94 0.00 2.73 2.87 0.00 0.91 0.25 2.77 0.00 1.82 3.43 0.70 3.19 0.00 0.18 0.00 0.00 3.29 2.24 1.33 1.72 0.88 1.54 1.75 0.00 2.84 2.10 2.77 0.00 3.33 0.81 0.00 2.77 0.77 0.35 0.00 3.40 1.79 2.63 3.22 3.05 0.00 0.00 1.51 2.94 0.95 2.10
50 1.75 2.31 1.54 0.00 1.86 3.08 1.05 3.08 2.49 1.61 3.40 1.61 0.00 0.00 0.77 1.61 0.56 2.52 3.08 0.00 0.21 0.56 2.28 0.70 0.00 0.53 2.21 0.67 2.17 0.00 0.07 1.02 0.00 1.44 0.00 1.79 0.56 3.05 0.00 0.00 0.18 0.00 0.00 0.25 1.09 0.63 3.19 3.01 3.12 0.00 0.00 2.38 0.00 2.28 0.00 2.17 2.84 3.22 0.00 0.53 3.47 0.70 1.05 2.94 3.15 3.19 0.35 1.33 0.81 3.40 0.00 0.42 2.03 0.00 0.32 0.00 2.07 3.19 0.14 0.56 1.82 1.40 3.47 0.28 1.19 2.07 0.00 0.00 0.49 1.40 0.00 0.00 3.40 3.05 3.01 1.16 2.84 2.87 0.14 0.18
51 0.28 2.66 0.77 0.63 0.00 2.07 2.31 0.91 0.53 1.72 2.70 2.80 0.00 3.08 0.18 0.00 0.00 1.30 0.63 0.00 0.35 0.00 2.17 2.03 1.12 0.00 0.88 1.58 0.00 2.14 2.38 3.26 0.46 2.56 0.14 3.36 3.26 2.42 2.14 0.35 1.89 1.54 1.58 3.26 1.12 0.49 3.36 0.00 0.00 3.33 2.38 0.00 0.07 0.35 2.24 1.40 2.07 2.98 1.96 2.52 0.49 2.31 2.42 1.82 2.87 2.84 1.58 0.00 3.01 0.00 3.08 3.47 2.38 2.63 0.14 0.00 2.21 0.56 0.00 1.30 2.03 1.44 1.96 2.38 0.56 0.00 0.11 0.74 0.53 0.00 0.00 2.59 2.70 0.25 0.81 2.42 0.00 0.00 0.00 2.21
52 0.91 1.16 2.38 0.81 2.14 0.60 0.00 2.52 0.67 1.44 1.68 1.75 3.43 2.56 2.77 0.46 0.04 2.73 0.00 0.00 3.43 0.18 3.36 0.00 0.28 0.88 2.80 0.00 2.59 0.00 0.95 0.00 0.74 0.00 1.72 0.28 0.00 0.00 0.00 2.56 0.53 2.28 2.28 1.16 0.84 0.77 3.36 0.00 2.14 0.84 0.00 0.07 0.00 1.96 2.59 1.58 2.49 0.00 0.00 0.00 2.28 2.66 1.09 1.12 2.45 2.91 0.60 2.17 3.01 0.00 0.35 0.00 1.33 0.00 2.07 0.63 0.60 0.00 2.17 0.00 3.29 1.82 0.91 1.30 0.21 0.28 0.00 0.95 0.00 1.75 0.00 0.00 0.32 0.70 1.26 2.45 0.00 2.49 0.00 0.46
53 0.46 0.00 0.39 1.65 3.01 0.00 2.66 0.00 3.08 0.00 1.02 2.42 1.75 0.18 0.00 0.11 1.19 0.00 0.04 2.59 0.42 3.22 3.22 0.00 0.84 2.63 0.00 0.00 2.91 0.56 0.21 1.86 1.51 3.08 1.82 3.50 2.10 0.70 2.52 3.40 2.00 3.05 0.00 1.54 0.00 0.39 1.44 3.29 1.58 2.94 2.28 0.35 1.96 0.00 2.42 0.00 2.28 1.89 0.21 0.00 0.00 2.35 0.77 0.00 1.40 0.67 0.35 1.47 1.37 0.00 0.00 3.12 0.77 1.61 2.80 1.93 1.30 1.86 1.37 1.37 0.77 2.38 2.21 0.00 0.00 0.00 3.22 1.44 0.74 0.00 0.00 0.88 1.16 0.00 1.61 0.00 2.14 2.28 0.00 1.75
54 3.01 0.53 1.61 3.47 0.00 2.84 0.00 0.25 0.98 1.75 1.86 0.14 0.49 3.36 2.70 2.98 0.11 0.00 0.00 0.00 1.30 3.29 1.65 3.40 0.56 3.15 0.00 0.67 1.72 0.07 0.46 0.00 0.42 1.12 2.10 3.43 1.72 3.12 2.94 3.22 2.49 1.16 3.12 0.32 0.14 0.42 0.00 0.32 2.14 0.00 0.00 2.24 2.59 2.42 0.00 0.00 0.74 1.40 3.08 2.94 0.98 1.86 2.45 0.67 0.00 1.79 1.51 0.77 0.00 0.39 0.00 0.95 0.00 2.91 0.00 1.30 0.70 3.47 1.93 1.75 0.00 2.63 2.21 1.09 2.17 2.87 1.68 2.56 0.00 1.37 1.37 2.94 2.00 2.35 0.49 0.88 0.25 0.00 2.66 1.79
55 0.74 0.00 0.35 1.58 0.00 3.08 2.77 3.43 2.07 3.08 0.95 1.02 2.94 0.00 2.17 0.00 0.00 0.00 0.00 0.84 1.58 0.00 3.08 1.19 2.42 0.77 2.73 2.14 1.89 0.00 1.09 2.31 0.00 0.53 2.24 0.32 0.00 0.00 1.40 0.00 0.00 0.00 1.23 0.00 0.60 0.67 3.22 2.87 2.91 2.73 2.17 1.40 1.58 0.00 0.00 0.00 0.00 1.47 3.47 1.12 1.54 2.73 3.05 3.01 1.26 2.84 2.56 1.02 0.00 0.00 2.70 0.00 1.12 2.66 0.91 0.00 3.05 1.89 0.00 0.49 0.98 1.47 0.91 2.91 0.00 0.63 0.39 0.00 0.25 0.00 0.67 1.54 0.00 3.01 2.45 2.77 0.00 0.00 2.66 1.51
56 2.63 3.26 0.11 1.05 0.49 2.84 3.40 0.00 2.80 0.00 1.19 1.68 0.07 1.05 1.16 1.33 0.00 0.32 0.00 2.00 0.46 3.26 0.00 3.19 0.60 0.00 2.84 2.28 2.91 0.81 0.00 1.33 3.33 0.74 0.35 0.00 3.29 0.00 0.00 2.91 0.00 2.14 1.86 1.47 2.66 0.67 0.00 0.00 3.15 2.87 2.84 2.07 2.49 2.28 0.74 0.00 0.00 0.00 3.22 0.77 0.00 2.56 0.49 2.94 0.00 0.00 0.00 2.73 1.12 0.00 0.00 3.29 0.88 0.00 1.23 2.87 1.75 2.66 2.94 0.25 0.84 1.65 2.21 0.00 0.00 3.40 2.84 0.84 0.00 0.00 0.00 2.31 3.47 0.00 3.40 2.49 0.25 1.23 1.75 1.33
57 0.74 0.00 2.38 0.81 3.26 0.00 0.84 1.51 1.58 0.91 2.66 3.12 0.70 3.19 3.01 0.00 0.46 3.12 2.10 0.70 1.19 1.44 2.35 2.24 2.87 0.63 1.37 0.00 3.40 1.16 1.79 3.08 0.04 0.77 2.52 2.24 0.00 2.73 2.70 2.73 0.00 0.28 2.91 0.00 2.00 1.26 0.77 0.00 1.68 0.00 3.22 2.98 0.00 1.89 1.40 1.47 0.00 0.00 0.00 0.00 2.42 2.03 1.82 2.35 3.29 0.00 3.47 1.44 2.07 0.00 1.93 0.00 0.00 2.56 0.00 3.36 1.61 1.61 3.05 2.70 0.11 2.03 0.00 2.56 0.00 0.00 0.00 0.00 2.66 3.26 0.14 0.00 0.25 0.14 0.00 1.12 3.19 1.44 1.26 2.28
58 2.84 0.00 3.50 0.00 0.00 0.81 2.91 2.45 0.32 0.77 0.42 0.00 0.00 0.00 3.33 0.00 0.00 2.42 3.26 2.03 0.00 2.49 1.23 3.47 0.39 3.43 2.70 0.70 2.35 1.37 0.18 3.19 0.32 2.63 2.66 3.29 2.70 0.11 2.49 1.23 0.00 0.00 0.25 0.18 0.00 0.00 0.77 3.50 0.84 0.91 0.00 1.96 0.00 0.21 3.08 3.47 3.22 0.00 0.00 2.31 0.63 3.15 0.00 0.42 3.29 0.88 0.35 1.09 2.56 0.00 2.24 1.72 3.12 2.00 0.00 1.54 0.07 1.72 2.91 1.26 1.12 0.00 1.61 2.73 1.75 0.21 2.24 0.28 2.94 1.68 3.26 0.32 0.00 2.91 0.88 3.43 1.96 2.17 0.49 1.33
59 0.91 3.19 1.37 2.03 2.00 1.93 0.14 2.66 2.73 0.00 2.14 0.91 2.98 1.86 3.29 1.37 2.66 0.95 0.00 0.77 3.50 0.00 2.80 0.07 0.00 0.14 2.28 0.00 0.00 0.00 1.19 0.49 1.44 1.54 1.75 0.32 0.00 1.89 0.00 2.98 3.22 2.49 0.32 0.49 3.29 3.22 0.32 2.80 0.84 0.25 0.53 2.52 0.00 0.00 2.94 1.12 0.77 0.00 2.31 0.00 0.00 0.07 0.67 0.84 2.10 2.63 0.95 1.19 0.00 0.46 0.14 2.00 1.61 0.46 2.77 1.58 3.12 2.42 0.53 0.00 3.22 3.05 2.38 1.30 2.24 1.61 3.26 2.73 0.35 3.22 1.93 0.00 3.47 1.05 0.25 2.59 0.00 1.19 0.00 3.29
60 0.63 2.84 2.07 0.18 2.87 2.70 0.00 0.00 0.00 2.80 0.00 0.00 2.21 0.00 3.47 0.28 1.40 1.79 1.47 2.59 3.29 0.00 3.01 1.54 1.30 0.42 0.39 0.98 2.73 0.00 0.11 0.60 3.19 1.58 0.81 0.00 2.38 1.02 0.00 0.14 0.00 1.40 3.40 0.60 0.00 3.29 0.39 3.36 2.03 2.77 3.47 0.49 2.28 0.00 0.98 1.54 0.00 2.42 0.63 0.00 0.00 1.44 0.00 0.00 2.42 0.77 0.00 0.81 1.19 2.98 2.52 0.53 1.09 0.00 0.00 1.33 0.00 1.93 2.21 0.00 2.17 2.80 2.42 1.23 1.58 3.12 0.46 0.00 0.21 2.70 0.00 2.98 1.16 2.24 1.47 3.29 3.01 2.70 0.81 1.23
61 0.00 3.43 2.66 1.58 3.19 1.47 0.00 0.46 0.91 1.96 1.26 0.53 2.00 2.73 1.44 0.14 3.29 0.00 0.67 2.38 0.00 0.91 1.47 2.91 1.30 2.45 2.00 3.40 3.12 2.73 0.00 3.33 0.00 0.00 0.00 0.35 3.05 0.35 1.75 0.32 1.26 0.28 2.73 0.28 1.26 0.00 0.00 0.18 1.72 0.00 0.70 2.31 2.66 2.35 1.86 2.73 2.56 2.03 3.15 0.07 1.44 0.00 0.00 0.00 0.67 0.14 1.02 0.00 2.42 0.00 0.00 0.46 0.56 0.63 1.72 0.56 0.00 0.00 2.21 0.07 0.56 0.25 2.42 2.42 3.36 0.00 2.80 0.00 0.00 1.89 2.45 1.96 0.14 3.36 0.00 0.95 2.94 2.10 0.46 2.07
62 0.00 0.74 1.68 2.49 0.25 0.00 0.00 0.00 0.46 0.28 0.63 0.00 2.21 1.37 3.22 0.56 0.84 1.30 1.30 0.67 0.00 0.74 1.09 1.40 2.14 0.95 0.18 1.02 3.12 1.75 2.49 0.53 3.33 0.00 1.37 0.98 0.00 3.50 2.66 1.51 2.73 2.03 2.45 1.37 0.00 3.43 0.00 0.00 0.35 1.82 1.05 2.42 1.09 0.77 2.45 3.05 0.49 1.82 0.00 0.67 0.00 0.00 0.00 2.24 0.00 0.00 0.00 0.00 2.49 2.70 2.63 2.21 0.00 0.46 0.00 1.65 0.70 0.00 3.29 3.40 3.40 0.42 0.00 0.00 0.35 1.23 1.61 0.00 2.21 0.00 0.00 0.84 3.19 0.00 3.29 1.40 0.32 2.70 0.00 0.00
63 0.00 1.82 0.60 1.23 0.60 0.77 1.65 1.79 3.22 1.82 0.11 0.28 0.00 2.56 1.82 0.91 1.16 0.77 2.63 0.00 3.43 1.19 0.70 3.40 1.58 1.75 0.67 0.00 0.00 0.00 1.05 1.19 2.94 0.04 0.00 1.61 0.21 2.66 0.39 1.16 0.35 2.98 1.79 2.73 2.87 0.11 0.00 0.74 0.00 3.43 2.94 1.82 1.12 0.00 0.67 3.01 2.94 2.35 0.42 0.84 0.00 0.00 2.24 0.00 3.22 0.00 0.00 2.28 2.77 1.68 1.68 0.11 1.79 0.11 0.00 0.00 1.58 0.00 1.72 1.65 0.00 0.49 2.84 1.47 0.00 1.37 1.82 2.73 0.18 0.67 0.00 2.31 1.96 0.56 2.84 0.00 3.47 0.00 2.49 0.21
64 0.81 0.00 0.56 0.00 2.21 3.36 3.08 2.42 3.26 0.39 1.79 1.79 1.02 1.65 2.00 0.95 0.63 0.04 0.00 0.00 1.58 0.00 0.77 2.42 1.51 2.28 1.47 0.77 2.98 0.04 1.33 0.00 0.46 2.45 1.02 0.00 0.91 1.47 2.77 0.84 2.63 0.00 0.60 0.39 0.00 3.36 2.94 0.00 0.91 0.70 3.15 2.87 2.45 1.40 0.00 1.26 0.00 3.29 3.29 2.10 2.42 0.67 0.00 3.22 0.00 0.00 3.22 0.49 0.95 0.39 2.66 2.56 0.00 0.04 2.49 0.07 1.79 0.00 2.94 1.02 2.07 0.00 0.00 0.00 0.00 3.05 2.42 2.87 0.00 1.40 0.00 2.14 0.00 0.95 1.47 0.14 1.58 0.00 0.63 0.07
65 1.93 2.14 0.91 0.00 3.33 0.42 0.46 0.07 0.60 3.15 0.00 0.00 0.00 0.07 0.32 0.00 1.02 0.21 0.00 0.00 1.44 1.23 0.49 0.07 1.33 2.49 0.67 2.49 0.70 0.56 2.10 0.00 0.39 0.00 0.00 2.84 0.00 0.00 2.00 0.74 2.56 3.12 0.00 1.75 0.00 1.05 0.88 0.39 0.46 3.19 3.19 2.84 2.91 0.67 1.79 2.84 0.00 0.00 0.88 2.63 0.77 0.14 0.00 0.00 0.00 0.00 1.75 0.00 0.77 1.86 0.00 0.00 0.00 2.21 0.98 2.49 0.98 0.49 0.63 2.94 0.35 1.40 0.00 3.15 0.00 0.35 1.58 0.00 1.33 0.00 0.00 1.54 2.17 3.43 3.29 2.80 0.00 2.56 0.74 3.43
66 1.65 3.29 3.01 1.96 2.24 1.54 1.02 1.89 1.79 3.47 0.63 0.00 3.12 0.00 1.79 0.00 2.00 0.35 0.56 0.00 2.80 3.26 0.00 0.70 2.91 0.00 1.02 1.89 2.03 0.00 2.52 2.98 0.00 3.26 0.18 1.30 0.00 2.52 0.00 0.39 1.40 1.79 3.05 0.00 1.54 2.80 0.88 3.33 2.63 0.00 0.35 1.58 0.60 0.35 1.51 2.56 0.00 3.47 0.35 0.95 0.00 1.02 0.00 0.00 3.22 1.75 0.00 2.21 0.04 0.56 1.37 2.10 1.65 3.05 1.58 1.16 0.00 1.37 3.36 1.72 2.56 1.68 2.24 0.00 0.95 2.98 1.68 0.00 0.32 0.95 3.15 1.89 1.82 2.00 2.14 0.35 0.77 0.04 0.00 2.17
67 0.00 0.00 0.81 3.08 1.68 0.00 0.00 0.00 1.16 2.31 1.82 1.75 0.00 0.77 0.42 0.04 0.00 0.00 1.75 1.26 0.00 0.00 2.38 0.70 3.43 3.05 3.12 0.00 0.00 2.63 3.08 0.56 2.59 0.46 2.42 0.00 0.70 0.77 0.00 2.56 0.67 1.96 0.00 3.33 1.16 0.00 3.08 2.59 0.00 0.18 1.33 0.00 2.17 1.47 0.77 1.02 2.73 1.44 1.09 1.19 0.81 0.00 0.00 2.28 0.49 0.00 2.21 0.00 0.21 1.16 0.00 2.35 2.70 0.49 1.89 0.18 0.07 0.28 0.00 3.36 2.59 0.42 0.84 2.63 0.00 0.46 0.21 1.93 1.82 0.56 0.00 3.08 1.26 0.00 3.08 0.25 0.11 0.14 0.70 0.84
68 0.00 1.02 1.51 3.33 3.01 1.72 0.00 0.00 0.00 0.42 2.91 2.52 0.70 2.56 0.00 0.14 1.30 0.00 1.19 3.01 1.09 1.12 2.84 0.00 2.49 0.84 0.07 0.00 0.00 1.96 2.42 1.12 0.25 1.54 0.00 0.46 2.73 1.58 0.00 0.25 3.43 2.45 0.84 3.47 2.42 0.00 0.04 0.28 0.00 0.00 0.81 3.01 3.01 1.37 0.00 0.00 1.12 2.07 2.56 0.00 1.19 2.42 2.49 2.77 0.95 0.77 0.04 0.21 0.00 2.35 0.00 2.77 2.73 0.74 3.15 1.19 2.31 1.30 0.56 3.19 0.00 3.26 0.00 0.00 0.49 0.00 1.12 1.09 0.00 3.05 1.51 2.49 0.00 1.12 0.00 3.26 1.89 3.05 3.29 1.68
69 0.00 0.00 3.12 1.89 0.95 1.16 0.00 3.29 2.63 0.00 1.23 2.28 3.08 0.00 0.00 0.07 2.38 1.09 0.53 0.00 2.84 0.14 3.43 2.24 3.08 0.18 3.19 3.33 3.43 0.00 0.00 3.05 3.12 0.00 2.28 1.19 2.45 2.35 2.66 2.87 0.21 1.30 0.00 1.86 3.01 0.00 3.36 3.47 0.00 0.00 3.40 0.00 0.00 0.00 0.39 0.00 0.00 0.00 0.00 0.46 2.98 0.00 2.70 1.68 0.39 1.86 0.56 1.16 2.35 0.00 0.00 1.89 2.59 1.30 2.00 3.33 2.56 0.00 0.00 0.00 0.81 2.21 0.32 0.00 2.42 2.10 3.47 0.00 2.17 2.77 0.00 1.72 0.28 2.07 0.42 0.00 2.80 2.21 0.00 0.00
70 0.70 2.10 0.77 0.91 0.67 0.98 1.05 0.35 0.63 3.26 3.47 1.23 0.63 0.18 2.28 1.09 3.43 0.00 0.00 2.21 0.00 3.43 0.95 2.91 0.67 0.60 3.33 3.26 0.46 3.19 0.32 0.00 1.54 2.73 0.00 3.19 0.00 3.47 0.00 2.38 1.47 3.15 0.60 0.00 0.95 1.02 0.00 1.54 0.00 3.29 0.00 3.08 0.35 0.00 0.00 2.70 0.00 1.93 2.24 0.14 2.52 0.00 2.63 1.68 2.66 0.00 1.37 0.00 0.00 0.00 0.00 0.00 3.33 3.43 2.45 0.04 0.74 0.00 1.40 0.00 0.00 3.29 0.00 3.47 2.14 0.00 2.84 3.26 0.00 2.31 0.00 0.67 0.98 3.40 2.73 2.45 0.00 0.42 0.00 0.00
71 2.35 2.52 1.40 0.56 1.47 0.56 0.00 1.44 0.00 2.28 2.77 3.26 0.53 2.84 2.28 0.00 0.00 3.36 2.38 2.21 1.26 0.67 0.00 3.40 1.26 0.00 0.32 0.28 2.52 0.00 1.75 0.00 2.10 2.87 0.04 0.00 3.36 0.00 1.47 0.00 0.00 0.95 0.00 3.36 3.43 3.19 3.05 2.07 3.43 2.24 0.42 3.47 0.00 3.12 0.95 0.00 3.29 0.00 1.72 2.00 0.53 0.46 2.21 0.11 2.56 0.00 2.10 2.35 2.77 1.89 0.00 0.00 0.42 0.49 1.33 0.95 0.84 3.36 1.47 3.22 2.07 3.36 2.10 0.42 2.59 0.04 1.61 2.28 0.18 2.59 1.82 3.19 3.15 1.72 0.88 0.00 0.00 0.00 2.03 0.49
72 3.05 2.21 2.49 2.42 2.17 2.49 3.08 0.00 0.00 0.00 0.04 0.00 1.93 3.12 1.72 3.22 1.05 0.00 3.47 0.00 0.14 0.00 1.19 0.88 0.00 2.17 2.03 0.49 1.89 2.21 0.98 0.56 0.70 0.84 1.86 2.94 3.29 0.98 2.77 3.05 0.00 1.23 0.00 0.00 2.80 0.00 0.00 0.00 3.08 1.33 2.03 2.38 1.33 0.77 0.00 1.12 0.88 0.00 3.12 1.61 1.09 0.56 0.00 1.79 0.00 0.00 1.65 2.70 2.73 2.59 3.33 0.42 0.00 2.59 0.07 0.00 0.00 0.07 0.00 0.42 1.93 2.80 2.52 2.28 0.98 1.89 1.58 1.58 0.49 0.00 2.73 1.51 3.08 0.98 0.00 1.79 0.00 0.81 1.19 0.91
73 0.00 0.56 0.00 3.47 0.00 2.10 0.00 3.01 0.00 0.60 0.00 0.39 2.49 0.67 2.98 3.19 1.61 3.26 1.02 0.00 2.70 0.91 0.00 0.00 0.07 0.07 0.14 0.00 1.93 1.79 0.00 0.00 0.74 0.81 1.51 1.72 3.47 2.49 2.45 2.10 0.53 2.07 2.28 0.46 0.60 1.61 3.15 1.79 2.31 1.72 0.00 2.63 0.00 1.61 2.91 2.66 0.00 2.56 2.00 0.46 0.00 0.63 0.46 0.11 0.04 2.21 3.05 0.49 0.74 1.30 3.43 0.49 2.59 0.00 1.33 0.39 0.25 2.42 3.22 0.95 3.50 0.77 1.37 0.00 0.00 2.84 2.24 0.00 0.00 1.54 0.42 0.00 1.58 1.75 1.37 0.00 3.01 0.00 1.19 0.84
74 0.70 0.77 1.75 2.52 1.40 3.33 2.17 3.19 0.74 0.00 1.23 0.63 0.60 2.42 0.11 0.00 0.95 2.03 3.15 0.00 0.00 3.33 3.05 0.84 1.02 2.66 0.91 0.00 1.30 2.45 1.79 0.00 2.14 0.91 0.63 0.00 1.96 1.02 3.36 1.40 1.02 0.00 3.26 0.00 0.77 0.00 0.56 1.47 2.59 0.88 0.32 0.14 2.07 2.80 0.00 0.91 1.23 0.00 0.00 2.77 0.00 1.72 0.00 0.00 2.49 0.98 1.58 1.89 3.15 2.00 2.45 1.33 0.07 1.33 0.00 0.00 1.16 2.94 3.22 3.50 1.37 2.63 0.00 0.60 0.00 0.14 1.30 2.21 1.09 1.30 1.44 2.52 0.00 0.84 2.38 0.00 1.79 0.88 0.00 2.03
75 1.44 2.07 2.10 1.75 1.16 2.03 3.22 1.86 2.94 0.32 0.00 0.67 2.49 1.40 2.07 0.21 2.14 0.00 0.00 2.21 2.77 2.17 0.70 3.36 2.56 2.35 2.56 2.91 2.10 1.75 0.00 1.61 0.00 1.02 0.00 1.86 0.00 0.07 2.56 0.00 1.89 0.25 3.43 1.30 3.50 1.26 2.14 1.12 0.00 1.54 0.00 0.00 0.63 1.93 1.30 0.00 2.87 3.36 1.54 1.58 1.33 0.56 1.65 0.00 0.07 2.49 1.16 0.18 1.19 3.33 0.04 0.95 0.00 0.39 0.00 0.00 2.63 2.35 3.12 1.72 0.67 0.00 0.32 0.00 0.00 0.00 2.07 2.73 0.00 0.00 0.00 1.09 1.96 2.77 1.58 0.07 2.84 0.00 0.00 0.00
76 2.70 1.37 1.19 2.49 1.86 2.59 0.91 0.00 2.80 1.23 0.00 1.26 0.00 0.70 1.12 1.65 1.51 0.00 0.56 2.91 1.89 0.00 0.53 1.65 0.28 0.00 1.86 2.87 0.00 0.00 0.00 2.91 0.00 1.75 0.00 0.00 0.00 3.15 0.60 1.79 1.40 2.45 3.22 2.94 2.35 0.04 0.67 0.70 1.72 1.75 2.07 2.21 0.60 1.30 0.70 3.05 1.75 1.61 0.07 3.12 0.00 0.00 0.70 1.58 1.79 0.98 0.00 0.07 2.31 2.56 0.74 0.84 0.00 0.25 1.16 2.63 0.00 0.00 0.00 0.95 0.95 0.63 3.29 0.25 1.82 0.88 1.79 0.00 0.00 2.28 2.35 0.00 2.63 0.00 0.70 1.40 3.15 2.42 0.25 0.00
77 1.75 0.00 2.98 1.16 1.51 1.75 0.00 2.63 3.15 1.37 0.46 1.47 0.00 1.44 2.66 0.00 0.00 2.91 1.44 2.87 1.51 1.16 0.00 0.07 1.40 3.26 0.28 1.09 1.68 1.09 0.98 0.00 3.08 1.75 2.35 1.68 2.21 0.00 0.00 2.35 2.28 0.95 2.56 0.49 0.00 0.98 3.43 3.43 0.00 0.00 3.19 0.56 0.00 1.86 3.47 1.89 2.66 1.61 1.72 2.42 1.93 0.00 0.00 0.00 0.00 0.49 1.37 0.28 1.30 0.00 0.00 3.36 0.07 2.42 2.94 2.35 0.00 0.00 0.00 0.28 1.02 0.70 0.84 0.00 0.00 2.59 2.91 3.08 1.37 3.50 0.00 2.66 0.00 2.21 0.00 0.00 0.00 2.45 3.50 0.00
78 2.07 0.00 0.53 2.84 1.09 0.70 0.60 0.00 0.49 0.00 0.00 1.65 1.75 0.00 3.15 0.32 0.63 0.98 2.80 0.00 0.00 3.26 0.77 0.00 0.77 2.59 2.10 2.63 3.12 2.42 1.54 0.00 0.91 3.40 0.00 0.60 0.32 0.11 0.49 0.35 0.00 0.00 1.30 0.70 3.15 0.18 0.00 2.14 2.77 2.84 0.14 0.00 2.17 1.37 1.93 0.00 2.94 3.05 2.91 0.53 2.21 2.21 3.29 1.72 2.94 0.63 3.36 0.00 0.56 0.00 1.40 1.47 0.00 3.22 3.22 3.12 0.00 0.00 0.00 0.04 3.19 0.98 0.00 0.21 3.33 0.70 0.67 1.75 0.88 1.82 2.35 1.12 1.23 0.63 0.18 0.00 1.12 0.00 1.72 2.66
79 0.00 2.24 2.66 0.00 3.05 0.00 2.98 2.45 0.00 0.35 0.67 0.00 0.74 0.63 0.46 0.63 0.00 0.00 0.39 2.63 1.40 0.14 0.00 3.43 1.47 3.26 0.00 0.00 1.09 0.35 0.00 1.51 1.09 1.58 0.11 1.68 2.59 0.00 0.32 1.26 0.18 1.05 1.16 3.22 0.81 0.00 2.94 0.00 0.00 2.10 0.56 1.30 0.00 1.37 1.75 0.49 0.25 2.70 1.26 0.00 0.00 0.07 3.40 1.65 1.02 2.94 1.72 3.36 3.19 0.00 0.00 3.22 0.42 0.95 3.50 1.72 0.95 0.28 0.04 0.00 0.00 0.00 0.00 3.36 1.58 0.56 0.00 0.00 0.00 0.11 1.93 0.00 0.00 0.00 2.63 1.40 2.94 0.00 2.21 0.60
80 0.00 0.11 0.46 1.51 1.47 0.00 2.14 0.00 1.68 0.00 0.21 0.28 1.61 0.39 0.00 1.79 2.63 0.70 2.38 3.43 0.00 1.12 0.67 0.81 0.00 2.21 3.33 0.00 3.40 1.68 1.65 0.00 2.77 1.40 1.79 3.26 1.37 2.49 3.05 2.07 0.00 2.66 0.07 0.18 1.40 3.26 0.18 2.31 1.09 2.77 1.82 2.03 3.29 0.77 0.00 0.98 0.84 0.11 1.12 3.22 2.17 0.56 3.40 0.00 2.07 0.35 2.56 2.59 0.00 0.81 0.00 2.07 1.93 3.50 1.37 0.67 0.95 1.02 3.19 0.00 0.00 1.02 1.05 1.19 2.07 0.91 0.35 3.36 2.73 1.23 0.00 1.54 0.00 1.02 0.00 1.30 0.28 0.00 0.00 0.04
81 1.58 1.86 0.39 2.00 3.29 2.03 1.44 1.79 0.70 0.21 0.00 1.61 0.67 2.59 1.09 0.00 3.15 2.91 0.53 0.00 0.56 0.00 2.42 2.38 0.00 0.28 3.43 3.43 2.84 0.00 3.08 1.82 1.37 2.00 2.07 1.72 0.28 3.33 2.21 0.60 0.25 3.01 0.00 1.58 2.87 1.05 2.56 0.00 1.93 0.00 1.40 1.44 1.82 2.38 2.63 1.47 1.65 2.03 0.00 3.05 2.80 0.25 0.42 0.49 0.00 1.40 1.68 0.42 3.26 2.21 3.29 3.36 2.80 0.77 2.63 0.00 0.63 0.70 0.98 0.00 1.02 0.00 0.00 3.05 1.68 2.77 1.75 0.42 0.88 2.28 3.26 0.00 0.00 1.96 0.84 0.67 2.66 0.00 1.05 1.96
82 2.98 1.26 2.56 1.79 0.63 2.63 0.00 0.00 0.88 0.00 0.70 1.47 1.33 0.00 1.96 0.00 1.68 2.77 1.58 2.91 1.58 0.00 1.40 3.12 0.77 2.98 1.40 2.56 2.52 2.24 2.91 0.00 0.95 0.00 2.28 0.00 0.32 2.56 0.00 3.36 0.00 0.00 1.96 1.54 2.66 3.08 1.05 2.70 0.00 3.33 3.47 1.96 0.91 2.21 2.21 0.91 2.21 0.00 1.61 2.38 2.42 2.42 0.00 2.84 0.00 0.00 2.24 0.84 0.00 0.32 0.00 2.10 2.52 1.37 0.00 0.32 3.29 0.84 0.00 0.00 1.05 0.00 0.00 2.17 3.08 0.98 3.29 0.98 1.79 0.00 0.60 0.07 0.00 3.43 0.00 2.91 3.36 0.04 0.00 1.26
83 3.19 0.00 0.98 2.73 1.09 2.00 0.00 3.22 2.14 1.37 0.00 3.22 0.74 0.00 0.39 1.68 2.98 1.16 1.05 2.38 1.82 0.67 0.00 1.61 1.79 0.00 2.00 2.80 0.00 0.70 0.60 0.00 0.42 0.04 1.93 2.45 2.42 3.05 1.02 0.98 2.77 0.00 0.21 0.28 0.00 0.21 0.00 0.00 0.25 0.81 0.28 2.38 1.30 0.00 1.09 2.91 0.00 2.56 2.73 1.30 1.23 2.42 0.00 1.47 0.00 3.15 0.00 2.63 0.00 0.00 3.47 0.42 2.28 0.00 0.60 0.00 0.25 0.00 0.21 3.36 1.19 3.05 2.17 0.00 1.89 3.22 3.29 0.91 0.00 0.63 0.67 2.07 2.03 0.00 1.02 0.28 0.77 1.40 0.00 2.66
84 0.39 0.07 2.94 0.74 0.84 1.37 0.00 0.00 0.00 0.00 0.00 0.00 1.68 1.54 1.09 2.87 0.00 0.11 0.00 2.45 0.00 1.12 3.33 0.00 0.00 1.02 0.35 2.42 0.21 0.00 2.03 1.72 2.00 0.88 1.44 0.00 2.45 0.00 0.00 2.91 0.00 0.95 3.22 3.36 0.00 3.50 2.07 3.08 1.82 0.00 1.19 0.56 0.21 0.00 2.17 0.00 0.00 0.00 1.75 2.24 1.58 3.36 0.35 0.00 0.00 0.00 0.95 0.00 0.49 2.42 2.14 2.59 0.98 0.00 0.00 0.00 1.82 0.00 3.33 1.58 2.07 1.68 3.08 1.89 0.00 1.26 0.63 2.91 2.00 0.07 0.46 3.22 0.14 0.53 1.26 0.00 2.10 3.22 0.88 1.40
85 0.00 2.63 3.19 0.00 0.00 0.00 0.00 2.07 0.00 0.74 1.26 0.00 1.51 1.54 0.25 1.54 0.00 0.63 0.00 0.42 3.15 1.61 1.51 0.81 2.35 0.70 2.94 0.00 0.63 0.67 0.74 0.70 2.45 0.00 1.93 0.00 0.00 1.30 0.49 0.00 0.00 0.46 1.09 0.07 2.31 0.49 0.28 0.00 0.32 2.77 2.07 0.00 0.28 0.00 2.87 0.63 3.40 0.00 0.21 1.61 3.12 0.00 1.23 1.37 3.05 0.35 2.98 0.46 0.00 2.10 0.00 0.04 1.89 2.84 0.14 0.00 0.88 2.59 0.70 0.56 0.91 2.77 0.98 3.22 1.26 0.00 0.00 2.17 0.00 2.28 2.84 0.00 0.00 0.00 1.54 2.63 0.74 0.35 1.51 2.03
86 1.33 0.00 2.21 2.63 1.89 2.87 1.47 2.38 0.00 1.26 0.88 0.95 0.91 0.25 3.47 2.94 1.58 2.98 0.14 0.07 1.37 3.15 2.70 0.21 2.59 0.46 0.49 1.19 0.46 3.26 0.81 0.35 0.91 2.77 3.22 1.47 0.11 3.19 0.00 0.00 0.00 1.89 1.47 0.00 1.02 0.00 0.84 3.43 0.00 0.77 0.00 0.11 0.00 3.22 1.68 0.39 2.84 0.00 2.24 3.26 0.46 2.80 1.61 1.82 2.42 1.58 1.68 0.21 1.12 3.47 2.84 1.61 1.58 2.24 1.30 2.07 1.79 2.91 0.67 0.00 0.35 1.75 3.29 3.29 0.63 0.00 0.00 0.81 0.00 2.66 0.60 3.19 2.00 0.00 2.35 0.00 2.66 1.30 0.49 3.19
87 1.54 0.91 2.10 0.00 0.00 3.12 0.91 1.23 1.96 3.08 2.52 0.00 3.08 3.29 2.49 1.65 2.24 1.47 3.29 0.00 1.82 2.94 3.43 1.05 0.00 2.52 2.94 2.24 3.15 2.70 0.00 2.35 0.00 2.52 2.14 2.56 2.77 1.19 2.24 0.00 0.00 1.44 0.00 2.59 1.12 2.94 0.00 0.00 2.66 0.35 0.00 0.74 0.95 1.44 2.56 0.00 0.84 0.00 0.28 2.73 0.00 0.00 0.00 2.73 2.87 0.00 0.00 1.93 1.09 0.00 3.26 2.28 1.58 0.00 2.21 2.73 0.00 3.08 1.75 0.00 3.36 0.42 0.98 0.91 2.91 2.17 0.81 0.00 2.59 2.28 0.00 2.00 2.10 0.21 0.00 3.43 3.01 0.00 2.42 0.00
88 0.00 3.36 3.01 2.45 0.00 0.00 0.00 0.98 1.86 2.07 0.49 2.38 3.26 2.91 1.09 0.00 0.98 0.00 3.40 0.25 0.00 0.00 0.14 1.75 0.00 2.66 1.96 0.00 2.84 1.05 0.81 0.00 2.94 1.40 0.00 1.68 0.00 1.58 1.33 1.96 1.26 1.65 0.53 3.50 3.01 1.09 2.03 3.36 0.00 0.00 0.49 0.53 0.00 0.74 0.00 0.25 0.00 2.66 2.94 0.35 0.21 0.00 2.21 0.18 0.00 1.33 0.32 1.82 0.00 2.17 0.00 0.18 0.49 0.00 1.09 0.00 0.00 1.37 0.88 0.00 2.73 0.88 1.79 0.00 2.00 0.00 0.00 2.59 0.00 0.32 0.35 1.96 2.52 0.07 1.23 1.05 2.91 2.21 2.91 0.67
89 0.00 1.54 1.37 0.00 2.77 3.05 1.16 0.39 2.14 0.00 0.00 0.00 1.40 1.02 2.77 1.16 3.43 0.00 0.00 0.21 0.00 0.00 0.00 0.00 2.10 1.96 2.24 2.17 0.00 2.35 2.91 0.00 2.63 0.84 1.12 1.47 2.73 1.47 3.05 0.56 1.02 3.43 0.88 0.00 0.00 0.00 3.08 0.28 1.47 3.40 1.40 0.00 1.75 0.00 1.37 0.00 0.00 3.26 1.68 3.22 2.70 1.89 0.00 0.67 1.40 0.00 0.95 0.56 3.05 2.77 2.31 2.59 0.00 1.54 1.30 0.00 2.28 3.50 1.82 0.11 1.23 2.28 0.00 0.63 0.07 2.28 2.66 2.28 0.32 0.00 3.15 1.09 0.32 0.00 2.24 0.95 2.00 2.87 1.40 0.04
90 0.00 0.00 0.00 0.35 3.36 0.18 2.63 2.70 3.43 0.00 2.94 2.14 0.00 2.77 1.65 0.39 0.00 1.54 1.68 0.63 3.40 0.00 2.45 0.25 0.81 1.82 2.35 0.39 0.00 1.23 0.00 2.45 0.39 1.19 2.17 0.88 0.00 0.81 0.00 3.43 0.88 3.43 1.58 2.14 2.66 1.93 3.40 1.75 0.00 1.79 0.00 0.00 0.00 0.00 1.37 0.67 0.00 0.14 3.26 1.93 0.00 2.45 0.00 0.00 0.00 0.00 3.15 0.00 1.51 0.00 0.00 1.82 2.73 0.42 1.44 0.00 2.35 0.00 2.35 1.93 0.00 3.26 0.60 0.67 0.46 2.84 0.60 0.00 0.35 3.15 0.00 0.00 1.16 0.84 1.58 0.81 0.84 2.70 3.36 2.77
91 0.42 1.72 0.49 1.33 3.08 0.00 3.05 0.21 1.16 0.74 0.00 1.37 0.00 3.19 3.15 0.28 1.65 0.77 0.00 2.77 3.50 0.46 0.91 2.03 0.00 0.25 1.44 0.00 3.29 1.12 0.00 0.91 2.42 1.79 2.21 0.00 3.12 0.32 2.73 2.28 2.94 0.00 2.52 1.86 2.24 2.03 0.00 3.47 0.11 2.63 0.00 2.59 0.00 0.88 2.94 1.54 2.31 0.00 0.32 0.00 2.98 1.96 0.84 2.31 2.14 1.54 1.89 3.08 2.49 1.72 0.67 3.19 1.51 0.00 2.52 1.09 0.00 2.66 1.12 0.00 1.54 0.00 0.07 2.07 3.22 0.00 3.19 2.00 1.96 1.09 0.00 0.00 0.00 1.68 0.00 0.00 1.47 0.07 0.00 1.51
92 0.77 2.94 1.75 0.63 0.00 3.26 0.67 2.98 2.03 1.86 3.08 1.82 2.84 2.77 2.45 2.77 3.22 0.00 2.21 2.59 1.86 0.39 0.00 0.53 0.77 0.00 0.81 1.33 1.75 2.31 1.72 3.29 2.73 0.95 1.02 1.58 0.00 2.73 0.00 3.47 2.17 1.65 2.66 2.17 2.45 0.98 2.38 0.00 0.56 3.22 3.40 2.70 0.32 1.16 2.00 0.00 3.47 0.25 0.00 3.47 1.16 0.14 3.19 1.96 0.00 2.17 1.82 1.26 0.00 0.28 0.98 3.15 3.08 1.58 0.00 1.96 2.63 0.00 1.23 0.00 0.00 0.00 0.00 2.03 0.14 0.00 2.00 2.10 2.52 0.32 1.16 0.00 0.00 1.86 0.88 0.67 2.59 2.10 0.25 3.43
93 0.00 1.26 0.00 0.70 1.93 2.45 0.98 0.32 1.86 2.87 0.04 2.52 0.00 0.00 0.67 2.24 2.77 0.98 2.31 0.00 0.56 0.00 0.70 2.10 0.60 0.56 2.03 1.65 3.05 0.35 2.77 0.91 0.07 0.67 0.56 2.94 2.03 0.00 2.91 3.01 3.43 0.35 2.70 0.00 0.60 2.24 1.19 0.14 1.44 3.05 3.05 0.25 0.70 0.00 2.35 3.01 0.00 0.14 2.91 1.05 2.24 3.36 0.00 0.56 0.95 3.43 2.00 0.00 1.12 2.07 3.40 1.72 0.98 1.75 0.84 2.77 0.00 2.21 0.63 0.00 1.02 1.96 3.43 0.00 0.53 0.00 0.00 0.21 0.07 0.00 0.84 1.68 1.86 0.00 1.93 2.35 1.51 2.38 1.82 3.29
94 1.89 1.58 0.35 0.00 0.00 0.00 0.00 2.73 1.82 2.45 3.08 1.47 3.50 0.00 1.79 0.21 2.42 2.42 2.07 0.91 1.19 2.98 2.42 3.01 2.94 3.43 1.30 2.73 1.58 1.26 0.18 1.40 1.12 3.12 1.96 3.40 1.33 0.00 0.70 3.01 0.00 0.00 1.30 0.00 0.00 3.33 2.17 0.00 1.40 0.00 3.01 0.81 1.26 1.61 0.49 2.45 3.40 0.00 0.88 0.25 1.47 0.00 3.29 2.84 1.47 3.29 2.14 3.08 0.00 0.42 2.73 0.88 0.00 1.37 2.38 1.58 0.70 0.00 0.18 2.63 0.00 0.84 0.00 1.02 1.26 1.54 2.35 0.00 1.23 2.24 1.58 0.00 0.88 1.93 0.00 0.07 0.00 2.91 2.38 0.18
95 0.00 2.98 3.29 1.86 0.00 2.56 0.00 2.28 2.59 0.60 0.00 3.50 0.00 0.63 0.00 0.00 0.00 0.00 1.86 0.63 1.89 1.51 0.81 3.01 3.22 0.84 0.53 1.75 0.53 0.00 3.26 2.14 0.84 0.00 1.86 0.11 2.87 2.73 0.00 1.37 0.63 2.35 0.39 0.14 2.80 3.47 0.00 0.00 0.07 0.00 1.16 2.42 2.45 0.00 0.88 2.77 2.49 1.12 3.43 2.59 3.29 0.95 1.40 0.00 0.14 2.80 0.35 0.25 3.26 0.00 2.45 0.00 1.79 0.00 0.00 0.07 1.40 0.00 0.00 1.40 1.30 0.67 2.91 0.28 0.00 2.63 0.00 3.43 1.05 0.95 0.81 0.00 0.67 2.35 0.07 0.00 2.77 1.40 2.14 0.14
96 0.00 0.07 2.91 2.31 3.22 2.98 1.89 0.25 1.93 1.72 2.31 0.07 2.52 2.35 0.53 0.00 3.08 0.18 3.43 0.00 0.00 1.33 0.67 1.40 0.49 0.00 2.31 0.14 0.77 2.21 3.43 0.00 0.67 2.42 1.79 3.08 0.00 3.15 3.22 2.03 0.00 0.53 0.28 0.00 1.40 1.51 1.02 1.47 3.22 1.51 2.84 0.00 0.00 2.14 0.25 0.00 0.25 3.19 1.96 0.00 3.01 2.94 0.32 3.47 1.58 0.00 0.77 0.11 1.89 2.80 0.00 0.00 0.00 3.01 1.79 2.84 3.15 0.00 1.12 2.94 0.28 2.66 3.36 0.77 2.10 0.74 2.66 3.01 2.91 2.00 0.84 1.47 2.59 1.51 0.00 2.77 0.00 1.23 1.23 3.29
97 3.01 0.28 1.68 3.47 0.00 3.47 2.87 1.82 1.68 0.00 3.47 3.47 3.50 0.32 2.03 1.16 3.47 2.73 0.00 0.49 3.36 2.21 2.66 2.14 3.43 0.32 0.21 3.33 0.11 2.63 0.00 2.63 3.47 2.84 1.33 1.89 2.10 0.00 0.00 3.22 2.73 0.00 1.58 2.56 1.23 2.17 0.35 1.37 2.07 2.94 2.87 0.00 2.49 2.28 0.00 0.00 1.23 1.44 2.17 1.19 2.70 2.10 2.70 0.00 0.00 2.56 0.04 0.14 3.05 2.21 0.42 0.00 0.81 0.00 0.88 0.00 2.42 2.45 0.00 0.00 0.00 0.00 0.04 1.40 3.22 0.35 1.30 0.00 2.21 2.87 2.70 0.07 2.10 2.38 2.91 1.40 1.23 0.00 3.40 0.00
98 1.12 2.80 1.54 2.24 0.77 0.60 0.00 0.00 0.00 0.46 0.98 1.26 1.79 2.66 0.42 0.67 3.22 1.26 2.98 1.40 2.38 2.07 0.00 0.74 3.01 0.00 0.00 2.52 0.00 1.68 1.37 1.93 2.45 0.32 0.00 0.00 1.68 1.12 1.82 2.98 0.00 0.00 0.00 1.68 2.07 0.60 0.00 3.26 0.00 0.95 0.14 0.00 0.00 0.00 2.66 2.66 1.75 1.26 0.49 0.00 0.81 0.46 0.00 2.49 0.63 0.74 0.00 0.70 3.29 0.00 0.00 2.03 1.19 1.19 0.00 0.00 0.25 3.50 1.72 2.21 0.00 1.05 0.00 0.00 0.88 1.51 0.49 2.42 2.91 1.40 3.36 0.00 0.25 1.82 2.38 2.14 1.23 3.40 0.00 2.31
99 1.75 2.63 0.35 1.58 1.75 1.89 1.68 0.56 0.00 0.77 1.93 2.56 1.89 0.00 0.91 2.07 0.00 0.00 0.00 3.43 1.89 0.91 1.30 0.00 2.17 3.19 1.26 0.00 1.72 0.60 2.98 0.56 0.00 0.00 1.44 1.12 3.08 0.39 3.50 0.00 2.91 3.29 1.51 2.28 0.56 2.84 0.00 2.07 1.44 2.10 0.18 2.21 0.46 1.75 1.79 1.51 1.33 2.28 1.33 3.29 1.23 2.07 0.00 0.21 0.07 3.43 2.17 0.84 1.68 0.00 0.00 0.49 0.91 0.84 2.03 0.00 0.00 0.00 2.66 0.60 0.04 1.96 1.26 2.66 1.40 2.03 3.19 0.00 0.67 0.04 2.77 1.51 3.43 3.29 0.18 0.14 3.29 0.00 2.31 0.00

ITEMS
nominal_profits 55.00 15.00 11.00 0.00 52.00 72.00 91.00 1.00 0.00 15.00 43.00 69.00 0.00 0.00 94.00 91.00 48.00 0.00 0.00 84.00 75.00 0.00 81.00 69.00 62.00 76.00 33.00 38.00 11.00 81.00 0.00 8.00 100.00 24.00 0.00 0.00 73.00 0.00 18.00 92.00 27.00 33.00 0.00 23.00 0.00 0.00 67.00 85.00 56.00 15.00 16.00 38.00 46.00 0.00 0.00 57.00 23.00 0.00 0.00 56.00 0.00 57.00 0.00 0.00 47.00 55.00 75.00 0.00 40.00 35.00 4.00 8.00 0.00 19.00 0.00 0.00 51.00 100.00 13.00 63.00 4.00 25.00 78.00 37.00 0.00 0.00 0.00 0.00 89.00 35.00 93.00 24.00 95.00 82.00 3.00 23.00 0.00 0.00 72.00 61.00
weights 6 14 21 36 19 50 6 17 22 12 29 28 18 24 48 9 26 12 11 3 44 24 27 36 4 4 43 8 15 33 25 5 12 41 22 45 10 38 37 49 11 3 31 35 22 33 30 50 24 50 23 46 26 14 12 15 41 46 10 18 14 47 8 29 50 13 13 12 26 38 2 4 41 13 41 42 48 9 39 35 12 48 1 4 21 43 16 19 1 36 20 47 45 44 18 27 50 25 31 4
capacity 2466
k_max 99

COMMENTS
original_pairwise_profits
0 0.00 35.00 5.00 95.00 0.00 78.00 11.00 43.00 83.00 0.00 22.00 57.00 38.00 0.00 0.00 4.00 87.00 0.00 0.00 0.00 48.00 0.00 0.00 0.00 21.00 0.00 40.00 26.00 50.00 7.00 71.00 3.00 26.00 83.00 53.00 0.00 60.00 48.00 96.00 35.00 70.00 37.00 57.00 10.00 96.00 93.00 0.00 10.00 44.00 25.00 50.00 8.00 26.00 13.00 86.00 21.00 75.00 21.00 81.00 26.00 18.00 0.00 0.00 0.00 23.00 55.00 47.00 0.00 0.00 0.00 20.00 67.00 87.00 0.00 20.00 41.00 77.00 50.00 59.00 0.00 0.00 45.00 85.00 91.00 11.00 0.00 38.00 44.00 0.00 0.00 0.00 12.00 22.00 0.00 54.00 0.00 0.00 86.00 32.00 50.00
1 35.00 0.00 93.00 31.00 99.00 24.00 63.00 0.00 0.00 4.00 62.00 99.00 31.00 52.00 63.00 0.00 50.00 0.00 18.00 0.00 13.00 43.00 36.00 23.00 63.00 0.00 93.00 0.00 0.00 68.00 14.00 2.00 79.00 61.00 45.00 54.00 36.00 45.00 0.00 26.00 34.00 51.00 92.00 49.00 41.00 53.00 49.00 4.00 86.00 79.00 66.00 76.00 33.00 0.00 15.00 0.00 93.00 0.00 0.00 91.00 81.00 98.00 21.00 52.00 0.00 61.00 94.00 0.00 29.00 0.00 60.00 72.00 63.00 16.00 22.00 59.00 39.00 0.00 0.00 64.00 3.00 53.00 36.00 0.00 2.00 75.00 0.00 26.00 96.00 44.00 0.00 49.00 84.00 36.00 45.00 85.00 2.00 8.00 80.00 75.00
2 5.00 93.00 0.00 35.00 0.00 7.00 0.00 78.00 54.00 8.00 44.00 0.00 69.00 93.00 0.00 21.00 33.00 0.00 73.00 28.00 57.00 5.00 40.00 48.00 17.00 71.00 0.00 0.00 0.00 87.00 90.00 88.00 98.00 28.00 52.00 43.00 12.00 30.00 50.00 0.00 90.00 0.00 76.00 26.00 0.00 98.00 81.00 0.00 92.00 63.00 44.00 22.00 68.00 11.00 46.00 10.00 3.00 68.00 100.00 39.00 59.00 76.00 48.00 17.00 16.00 26.00 86.00 23.00 43.00 89.00 22.00 40.00 71.00 0.00 50.00 60.00 34.00 85.00 15.00 76.00 13.00 11.00 73.00 28.00 84.00 91.00 63.00 60.00 86.00 39.00 0.00 14.00 50.00 0.00 10.00 94.00 83.00 48.00 44.00 10.00
3 95.00 31.00 35.00 0.00 26.00 0.00 72.00 38.00 0.00 0.00 30.00 42.00 34.00 25.00 33.00 8.00 0.00 58.00 100.00 76.00 25.00 78.00 19.00 32.00 11.00 79.00 0.00 0.00 33.00 19.00 77.00 82.00 0.00 85.00 17.00 41.00 41.00 100.00 38.00 52.00 0.00 40.00 0.00 54.00 94.00 95.00 43.00 78.00 85.00 69.00 0.00 18.00 23.00 47.00 99.00 45.00 30.00 23.00 0.00 58.00 5.00 45.00 71.00 35.00 0.00 0.00 56.00 88.00 95.00 54.00 26.00 16.00 69.00 99.00 72.00 50.00 71.00 33.00 81.00 0.00 43.00 57.00 51.00 78.00 21.00 0.00 75.00 0.00 70.00 0.00 10.00 38.00 18.00 20.00 0.00 53.00 66.00 99.00 64.00 45.00
4 0.00 99.00 0.00 26.00 0.00 0.00 46.00 81.00 7.00 23.00 0.00 5.00 0.00 76.00 29.00 7.00 95.00 1.00 83.00 37.00 31.00 41.00 7.00 22.00 33.00 18.00 92.00 56.00 69.00 87.00 94.00 66.00 70.00 0.00 47.00 41.00 0.00 39.00 55.00 0.00 50.00 79.00 49.00 53.00 67.00 45.00 61.00 31.00 34.00 0.00 53.00 0.00 61.00 86.00 0.00 0.00 14.00 93.00 0.00 57.00 82.00 91.00 7.00 17.00 63.00 95.00 64.00 48.00 86.00 27.00 19.00 42.00 62.00 0.00 40.00 33.00 53.00 43.00 31.00 87.00 42.00 94.00 18.00 31.00 24.00 0.00 54.00 0.00 0.00 79.00 96.00 88.00 0.00 55.00 0.00 0.00 92.00 0.00 22.00 50.00
5 78.00 24.00 7.00 0.00 0.00 0.00 0.00 4.00 98.00 95.00 0.00 95.00 24.00 33.00 30.00 74.00 28.00 61.00 61.00 0.00 54.00 67.00 20.00 0.00 0.00 88.00 44.00 7.00 30.00 100.00 49.00 64.00 0.00 16.00 0.00 79.00 56.00 26.00 68.00 23.00 2.00 7.00 0.00 0.00 0.00 15.00 19.00 11.00 0.00 24.00 88.00 59.00 17.00 0.00 81.00 88.00 81.00 0.00 23.00 55.00 77.00 42.00 0.00 22.00 96.00 12.00 44.00 0.00 49.00 33.00 28.00 16.00 71.00 60.00 95.00 58.00 74.00 50.00 20.00 0.00 0.00 58.00 75.00 57.00 39.00 0.00 82.00 89.00 0.00 87.00 5.00 0.00 93.00 70.00 0.00 73.00 85.00 99.00 17.00 54.00
6 11.00 63.00 0.00 72.00 46.00 0.00 0.00 82.00 82.00 55.00 80.00 16.00 19.00 0.00 41.00 0.00 49.00 43.00 18.00 0.00 87.00 24.00 45.00 13.00 40.00 0.00 24.00 0.00 21.00 13.00 71.00 94.00 18.00 31.00 45.00 9.00 43.00 45.00 7.00 41.00 0.00 66.00 2.00 0.00 23.00 24.00 27.00 33.00 0.00 0.00 30.00 66.00 0.00 76.00 0.00 79.00 97.00 24.00 83.00 4.00 0.00 0.00 0.00 47.00 88.00 13.00 29.00 0.00 0.00 0.00 30.00 0.00 88.00 0.00 62.00 92.00 26.00 0.00 17.00 85.00 61.00 41.00 0.00 0.00 0.00 0.00 42.00 26.00 0.00 33.00 75.00 87.00 19.00 28.00 0.00 0.00 54.00 82.00 0.00 48.00
7 43.00 0.00 78.00 38.00 81.00 4.00 82.00 0.00 85.00 52.00 49.00 0.00 12.00 2.00 84.00 0.00 73.00 0.00 0.00 83.00 0.00 2.00 5.00 72.00 11.00 5.00 100.00 28.00 5.00 77.00 13.00 27.00 69.00 0.00 0.00 0.00 31.00 0.00 0.00 12.00 28.00 97.00 94.00 0.00 0.00 27.00 99.00 74.00 64.00 57.00 88.00 26.00 72.00 0.00 7.00 98.00 0.00 43.00 70.00 76.00 0.00 13.00 0.00 51.00 69.00 2.00 54.00 0.00 0.00 94.00 10.00 41.00 0.00 86.00 91.00 53.00 0.00 75.00 0.00 70.00 0.00 51.00 0.00 92.00 0.00 59.00 68.00 35.00 28.00 11.00 77.00 6.00 85.00 9.00 78.00 65.00 7.00 52.00 0.00 16.00
8 83.00 0.00 54.00 0.00 7.00 98.00 82.00 85.00 0.00 15.00 0.00 15.00 0.00 56.00 85.00 0.00 38.00 12.00 73.00 20.00 0.00 13.00 88.00 89.00 0.00 18.00 0.00 0.00 78.00 20.00 13.00 65.00 0.00 65.00 98.00 94.00 0.00 13.00 47.00 48.00 57.00 14.00 99.00 0.00 0.00 78.00 46.00 65.00 37.00 34.00 71.00 15.00 19.00 88.00 28.00 59.00 80.00 45.00 9.00 78.00 0.00 26.00 13.00 92.00 93.00 17.00 51.00 33.00 0.00 75.00 18.00 0.00 0.00 0.00 21.00 84.00 80.00 90.00 14.00 0.00 48.00 20.00 25.00 61.00 0.00 0.00 0.00 56.00 53.00 61.00 98.00 33.00 58.00 53.00 52.00 74.00 55.00 48.00 0.00 0.00
9 0.00 4.00 8.00 0.00 23.00 95.00 55.00 52.00 15.00 0.00 23.00 23.00 37.00 11.00 43.00 82.00 0.00 93.00 0.00 0.00 97.00 0.00 24.00 0.00 2.00 0.00 9.00 86.00 86.00 0.00 71.00 69.00 53.00 68.00 0.00 54.00 57.00 85.00 17.00 35.00 72.00 85.00 87.00 66.00 42.00 25.00 38.00 71.00 22.00 63.00 46.00 49.00 41.00 0.00 50.00 88.00 0.00 26.00 22.00 0.00 80.00 56.00 8.00 52.00 11.00 90.00 99.00 66.00 12.00 0.00 93.00 65.00 0.00 17.00 0.00 9.00 35.00 39.00 0.00 10.00 0.00 6.00 0.00 39.00 0.00 21.00 36.00 88.00 59.00 0.00 0.00 21.00 53.00 82.00 70.00 17.00 49.00 0.00 13.00 22.00
10 22.00 62.00 44.00 30.00 0.00 0.00 80.00 49.00 0.00 23.00 0.00 33.00 85.00 52.00 45.00 56.00 5.00 64.00 19.00 9.00 23.00 0.00 89.00 8.00 0.00 49.00 30.00 57.00 0.00 98.00 71.00 94.00 36.00 48.00 96.00 0.00 90.00 2.00 17.00 4.00 34.00 82.00 40.00 91.00 21.00 11.00 15.00 0.00 8.00 0.00 97.00 77.00 48.00 29.00 53.00 27.00 34.00 76.00 12.00 61.00 0.00 36.00 18.00 3.00 51.00 0.00 18.00 52.00 83.00 35.00 99.00 79.00 1.00 0.00 35.00 0.00 0.00 13.00 0.00 19.00 6.00 0.00 20.00 0.00 0.00 36.00 25.00 72.00 14.00 0.00 84.00 0.00 88.00 1.00 88.00 0.00 66.00 99.00 28.00 55.00
11 57.00 99.00 0.00 42.00 5.00 95.00 16.00 0.00 15.00 23.00 33.00 0.00 96.00 18.00 4.00 85.00 0.00 0.00 70.00 41.00 51.00 53.00 0.00 47.00 0.00 50.00 92.00 34.00 0.00 65.00 70.00 74.00 49.00 58.00 0.00 36.00 0.00 0.00 78.00 0.00 0.00 47.00 71.00 38.00 0.00 84.00 98.00 71.00 0.00 28.00 46.00 80.00 50.00 69.00 4.00 29.00 48.00 89.00 0.00 26.00 0.00 15.00 0.00 8.00 51.00 0.00 0.00 50.00 72.00 65.00 35.00 93.00 0.00 11.00 18.00 19.00 36.00 42.00 47.00 0.00 8.00 46.00 42.00 92.00 0.00 0.00 27.00 0.00 68.00 0.00 61.00 39.00 52.00 72.00 42.00 100.00 2.00 99.00 36.00 73.00
12 38.00 31.00 69.00 34.00 0.00 24.00 19.00 12.00 0.00 37.00 85.00 96.00 0.00 35.00 37.00 76.00 61.00 81.00 10.00 0.00 0.00 73.00 13.00 68.00 80.00 52.00 98.00 40.00 6.00 32.00 0.00 72.00 66.00 73.00 0.00 55.00 23.00 30.00 0.00 95.00 39.00 0.00 11.00 67.00 95.00 0.00 0.00 94.00 0.00 0.00 0.00 0.00 98.00 50.00 14.00 84.00 2.00 20.00 0.00 85.00 63.00 57.00 63.00 0.00 29.00 0.00 89.00 0.00 20.00 88.00 18.00 15.00 55.00 71.00 17.00 71.00 0.00 0.00 50.00 21.00 46.00 19.00 38.00 21.00 48.00 43.00 26.00 88.00 93.00 40.00 0.00 0.00 81.00 0.00 100.00 0.00 72.00 100.00 51.00 54.00
13 0.00 52.00 93.00 25.00 76.00 33.00 0.00 2.00 56.00 11.00 52.00 18.00 35.00 0.00 36.00 56.00 87.00 47.00 67.00 75.00 1.00 78.00 54.00 0.00 89.00 12.00 0.00 0.00 95.00 84.00 52.00 0.00 0.00 52.00 82.00 54.00 24.00 0.00 0.00 0.00 0.00 52.00 0.00 96.00 0.00 76.00 29.00 44.00 0.00 15.00 0.00 88.00 73.00 5.00 96.00 0.00 30.00 91.00 0.00 53.00 0.00 78.00 39.00 73.00 47.00 2.00 0.00 22.00 73.00 0.00 5.00 81.00 89.00 19.00 69.00 40.00 20.00 41.00 0.00 18.00 11.00 74.00 0.00 0.00 44.00 44.00 7.00 94.00 83.00 29.00 79.00 91.00 79.00 0.00 0.00 18.00 67.00 9.00 76.00 0.00
14 0.00 63.00 0.00 33.00 29.00 30.00 41.00 84.00 85.00 43.00 45.00 4.00 37.00 36.00 0.00 0.00 0.00 0.00 98.00 15.00 95.00 10.00 38.00 85.00 23.00 80.00 70.00 24.00 0.00 41.00 0.00 74.00 26.00 13.00 70.00 17.00 96.00 67.00 28.00 0.00 0.00 0.00 64.00 9.00 0.00 26.00 55.00 0.00 41.00 45.00 22.00 5.00 79.00 0.00 77.00 62.00 33.00 86.00 95.00 94.00 99.00 41.00 92.00 52.00 57.00 9.00 51.00 12.00 0.00 0.00 65.00 65.00 49.00 85.00 3.00 59.00 32.00 76.00 90.00 13.00 0.00 31.00 56.00 11.00 31.00 7.00 99.00 71.00 31.00 79.00 47.00 90.00 70.00 19.00 51.00 0.00 15.00 58.00 12.00 26.00
15 4.00 0.00 21.00 8.00 7.00 74.00 0.00 0.00 0.00 82.00 56.00 85.00 76.00 56.00 0.00 0.00 98.00 0.00 85.00 0.00 64.00 36.00 82.00 12.00 84.00 26.00 53.00 0.00 0.00 0.00 38.00 0.00 90.00 68.00 42.00 83.00 33.00 70.00 0.00 56.00 5.00 76.00 99.00 0.00 81.00 5.00 26.00 15.00 46.00 52.00 46.00 0.00 13.00 3.00 85.00 0.00 38.00 0.00 0.00 39.00 8.00 4.00 16.00 26.00 27.00 0.00 0.00 1.00 4.00 2.00 31.00 0.00 92.00 91.00 0.00 6.00 47.00 0.00 9.00 18.00 51.00 0.00 0.00 48.00 82.00 44.00 84.00 47.00 0.00 33.00 11.00 8.00 79.00 64.00 6.00 0.00 0.00 33.00 19.00 59.00
16 87.00 50.00 33.00 0.00 95.00 28.00 49.00 73.00 38.00 0.00 5.00 0.00 61.00 87.00 0.00 98.00 0.00 96.00 39.00 0.00 24.00 96.00 0.00 49.00 0.00 71.00 83.00 78.00 19.00 90.00 51.00 78.00 11.00 0.00 78.00 62.00 0.00 0.00 0.00 37.00 45.00 26.00 0.00 86.00 37.00 43.00 30.00 25.00 33.00 11.00 16.00 0.00 1.00 34.00 3.00 0.00 0.00 13.00 0.00 76.00 40.00 94.00 24.00 33.00 18.00 29.00 57.00 0.00 37.00 68.00 98.00 0.00 30.00 46.00 27.00 61.00 43.00 0.00 18.00 0.00 75.00 90.00 48.00 85.00 0.00 0.00 45.00 64.00 28.00 98.00 0.00 47.00 92.00 79.00 69.00 0.00 88.00 99.00 92.00 0.00
17 0.00 0.00 0.00 58.00 1.00 61.00 43.00 0.00 12.00 93.00 64.00 0.00 81.00 47.00 0.00 0.00 96.00 0.00 28.00 33.00 0.00 51.00 57.00 29.00 45.00 0.00 14.00 84.00 88.00 2.00 18.00 6.00 36.00 6.00 98.00 10.00 0.00 35.00 0.00 60.00 16.00 41.00 0.00 47.00 91.00 0.00 0.00 80.00 36.00 0.00 72.00 37.00 78.00 0.00 0.00 0.00 9.00 89.00 69.00 27.00 51.00 0.00 37.00 22.00 1.00 6.00 10.00 0.00 0.00 31.00 0.00 96.00 0.00 93.00 58.00 0.00 0.00 83.00 28.00 0.00 20.00 83.00 79.00 33.00 3.00 18.00 85.00 42.00 0.00 0.00 44.00 22.00 0.00 28.00 69.00 0.00 5.00 78.00 36.00 0.00
18 0.00 18.00 73.00 100.00 83.00 61.00 18.00 0.00 73.00 0.00 19.00 70.00 10.00 67.00 98.00 85.00 39.00 28.00 0.00 32.00 0.00 68.00 86.00 46.00 85.00 56.00 37.00 0.00 0.00 0.00 0.00 48.00 39.00 0.00 28.00 0.00 54.00 62.00 58.00 53.00 0.00 78.00 82.00 29.00 79.00 0.00 86.00 71.00 32.00 68.00 88.00 18.00 0.00 1.00 0.00 0.00 0.00 60.00 93.00 0.00 42.00 19.00 37.00 75.00 0.00 0.00 16.00 50.00 34.00 15.00 0.00 68.00 99.00 29.00 90.00 0.00 16.00 41.00 80.00 11.00 68.00 15.00 45.00 30.00 0.00 0.00 4.00 94.00 97.00 0.00 48.00 0.00 63.00 66.00 59.00 53.00 98.00 0.00 85.00 0.00
19 0.00 0.00 28.00 76.00 37.00 0.00 0.00 83.00 20.00 0.00 9.00 41.00 0.00 75.00 15.00 0.00 0.00 33.00 32.00 0.00 39.00 25.00 67.00 21.00 93.00 0.00 0.00 84.00 0.00 50.00 0.00 0.00 0.00 96.00 0.00 28.00 85.00 29.00 88.00 89.00 99.00 64.00 48.00 13.00 45.00 48.00 68.00 91.00 0.00 0.00 0.00 0.00 0.00 74.00 0.00 24.00 57.00 20.00 58.00 22.00 74.00 68.00 19.00 0.00 0.00 0.00 0.00 36.00 86.00 0.00 63.00 63.00 0.00 0.00 0.00 63.00 83.00 82.00 0.00 75.00 98.00 0.00 83.00 68.00 70.00 12.00 2.00 0.00 7.00 6.00 18.00 79.00 74.00 0.00 26.00 18.00 0.00 14.00 40.00 98.00
20 48.00 13.00 57.00 25.00 31.00 54.00 87.00 0.00 0.00 97.00 23.00 51.00 0.00 1.00 95.00 64.00 24.00 0.00 0.00 39.00 0.00 43.00 47.00 6.00 93.00 4.00 10.00 14.00 81.00 0.00 89.00 98.00 42.00 79.00 0.00 0.00 51.00 20.00 0.00 80.00 88.00 39.00 0.00 94.00 15.00 11.00 39.00 89.00 77.00 71.00 6.00 10.00 98.00 12.00 37.00 45.00 13.00 34.00 0.00 100.00 94.00 0.00 0.00 98.00 45.00 41.00 80.00 0.00 31.00 81.00 0.00 36.00 4.00 77.00 0.00 79.00 54.00 43.00 0.00 40.00 0.00 16.00 45.00 52.00 0.00 90.00 39.00 52.00 0.00 0.00 97.00 100.00 53.00 16.00 34.00 54.00 0.00 96.00 68.00 54.00
21 0.00 43.00 5.00 78.00 41.00 67.00 24.00 2.00 13.00 0.00 0.00 53.00 73.00 78.00 10.00 36.00 96.00 51.00 68.00 25.00 43.00 0.00 0.00 0.00 50.00 50.00 62.00 3.00 62.00 31.00 85.00 84.00 85.00 56.00 68.00 0.00 55.00 86.00 94.00 7.00 100.00 76.00 43.00 2.00 0.00 6.00 0.00 54.00 92.00 38.00 16.00 0.00 5.00 92.00 94.00 0.00 93.00 41.00 71.00 0.00 0.00 26.00 21.00 34.00 0.00 35.00 93.00 0.00 32.00 4.00 98.00 19.00 0.00 26.00 95.00 62.00 0.00 33.00 93.00 4.00 32.00 0.00 0.00 19.00 32.00 46.00 90.00 84.00 0.00 0.00 0.00 13.00 11.00 0.00 85.00 43.00 38.00 63.00 59.00 26.00
22 0.00 36.00 40.00 19.00 7.00 20.00 45.00 5.00 88.00 24.00 89.00 0.00 13.00 54.00 38.00 82.00 0.00 57.00 86.00 67.00 47.00 0.00 0.00 0.00 37.00 61.00 13.00 10.00 59.00 65.00 67.00 0.00 0.00 37.00 0.00 52.00 42.00 0.00 32.00 21.00 18.00 2.00 0.00 25.00 0.00 81.00 86.00 88.00 9.00 15.00 65.00 62.00 96.00 92.00 47.00 88.00 0.00 67.00 35.00 80.00 86.00 42.00 31.00 20.00 22.00 14.00 0.00 68.00 81.00 98.00 27.00 0.00 34.00 0.00 87.00 20.00 15.00 0.00 22.00 0.00 19.00 69.00 40.00 0.00 95.00 43.00 77.00 98.00 4.00 0.00 70.00 26.00 0.00 20.00 69.00 23.00 19.00 76.00 0.00 37.00
23 0.00 23.00 48.00 32.00 22.00 0.00 13.00 72.00 89.00 0.00 8.00 47.00 68.00 0.00 85.00 12.00 49.00 29.00 46.00 21.00 6.00 0.00 0.00 0.00 18.00 91.00 58.00 0.00 41.00 0.00 50.00 89.00 100.00 20.00 0.00 80.00 0.00 0.00 25.00 83.00 32.00 0.00 17.00 3.00 49.00 5.00 23.00 0.00 12.00 0.00 20.00 58.00 0.00 0.00 97.00 34.00 91.00 64.00 99.00 2.00 44.00 83.00 40.00 97.00 69.00 2.00 20.00 20.00 0.00 64.00 83.00 97.00 25.00 0.00 24.00 96.00 47.00 2.00 0.00 98.00 23.00 68.00 89.00 46.00 0.00 23.00 6.00 30.00 50.00 0.00 7.00 58.00 15.00 60.00 86.00 86.00 40.00 61.00 21.00 0.00
24 21.00 63.00 17.00 11.00 33.00 0.00 40.00 11.00 0.00 2.00 0.00 0.00 80.00 89.00 23.00 84.00 0.00 45.00 85.00 93.00 93.00 50.00 37.00 18.00 0.00 56.00 11.00 97.00 65.00 85.00 4.00 0.00 74.00 0.00 98.00 15.00 98.00 79.00 74.00 0.00 18.00 98.00 51.00 22.00 57.00 76.00 81.00 21.00 43.00 73.00 0.00 32.00 8.00 24.00 16.00 69.00 17.00 82.00 11.00 0.00 37.00 37.00 61.00 45.00 43.00 38.00 83.00 98.00 71.00 88.00 19.00 36.00 0.00 2.00 29.00 73.00 8.00 40.00 22.00 42.00 0.00 0.00 22.00 51.00 0.00 67.00 74.00 0.00 0.00 60.00 23.00 0.00 22.00 17.00 84.00 92.00 14.00 98.00 86.00 62.00
25 0.00 0.00 71.00 79.00 18.00 88.00 0.00 5.00 18.00 0.00 49.00 50.00 52.00 12.00 80.00 26.00 71.00 0.00 56.00 0.00 4.00 50.00 61.00 91.00 56.00 0.00 79.00 5.00 10.00 72.00 40.00 0.00 75.00 52.00 41.00 45.00 1.00 44.00 43.00 86.00 0.00 0.00 80.00 0.00 73.00 55.00 86.00 30.00 24.00 73.00 15.00 0.00 25.00 75.00 90.00 22.00 0.00 18.00 98.00 4.00 12.00 70.00 27.00 50.00 65.00 71.00 0.00 87.00 24.00 5.00 17.00 0.00 62.00 2.00 76.00 67.00 0.00 93.00 74.00 93.00 63.00 8.00 85.00 0.00 29.00 20.00 13.00 72.00 76.00 56.00 52.00 7.00 0.00 16.00 98.00 24.00 0.00 9.00 0.00 91.00
26 40.00 93.00 0.00 0.00 92.00 44.00 24.00 100.00 0.00 9.00 30.00 92.00 98.00 0.00 70.00 53.00 83.00 14.00 37.00 0.00 10.00 62.00 13.00 58.00 11.00 79.00 0.00 70.00 0.00 0.00 94.00 32.00 0.00 58.00 0.00 42.00 78.00 81.00 64.00 97.00 70.00 0.00 0.00 0.00 21.00 46.00 45.00 12.00 56.00 57.00 63.00 25.00 80.00 0.00 0.00 78.00 81.00 39.00 77.00 65.00 11.00 57.00 5.00 19.00 42.00 19.00 29.00 89.00 2.00 91.00 95.00 9.00 58.00 4.00 26.00 73.00 53.00 8.00 60.00 0.00 95.00 98.00 40.00 57.00 10.00 84.00 14.00 84.00 56.00 64.00 67.00 41.00 23.00 58.00 37.00 15.00 66.00 6.00 0.00 36.00
27 26.00 0.00 0.00 0.00 56.00 7.00 0.00 28.00 0.00 86.00 57.00 34.00 40.00 0.00 24.00 0.00 78.00 84.00 0.00 84.00 14.00 3.00 10.00 0.00 97.00 5.00 70.00 0.00 0.00 88.00 13.00 37.00 76.00 44.00 89.00 92.00 83.00 0.00 69.00 76.00 32.00 91.00 3.00 46.00 7.00 0.00 0.00 83.00 65.00 67.00 19.00 45.00 0.00 0.00 19.00 61.00 65.00 0.00 20.00 0.00 28.00 97.00 29.00 0.00 22.00 71.00 54.00 0.00 0.00 95.00 93.00 8.00 14.00 0.00 0.00 83.00 82.00 31.00 75.00 0.00 0.00 98.00 73.00 80.00 69.00 0.00 34.00 64.00 0.00 62.00 11.00 0.00 38.00 47.00 78.00 50.00 4.00 95.00 72.00 0.00
28 50.00 0.00 0.00 33.00 69.00 30.00 21.00 5.00 78.00 86.00 0.00 0.00 6.00 95.00 0.00 0.00 19.00 88.00 0.00 0.00 81.00 62.00 59.00 41.00 65.00 10.00 0.00 0.00 0.00 0.00 0.00 60.00 0.00 62.00 35.00 82.00 86.00 22.00 26.00 13.00 90.00 38.00 16.00 4.00 6.00 27.00 28.00 41.00 19.00 1.00 62.00 0.00 74.00 83.00 49.00 54.00 83.00 97.00 67.00 0.00 78.00 89.00 89.00 0.00 85.00 20.00 58.00 0.00 0.00 98.00 13.00 72.00 54.00 55.00 37.00 60.00 0.00 48.00 89.00 31.00 97.00 81.00 72.00 0.00 6.00 18.00 13.00 90.00 81.00 0.00 0.00 94.00 50.00 87.00 45.00 15.00 22.00 3.00 0.00 49.00
29 7.00 68.00 87.00 19.00 87.00 100.00 13.00 77.00 20.00 0.00 98.00 65.00 32.00 84.00 41.00 0.00 90.00 2.00 0.00 50.00 0.00 31.00 65.00 0.00 85.00 72.00 0.00 88.00 0.00 0.00 0.00 98.00 93.00 35.00 19.00 49.00 33.00 75.00 0.00 0.00 91.00 0.00 0.00 45.00 25.00 68.00 14.00 10.00 29.00 67.00 0.00 61.00 0.00 16.00 2.00 0.00 23.00 33.00 39.00 0.00 0.00 78.00 50.00 0.00 1.00 16.00 0.00 75.00 56.00 0.00 91.00 0.00 63.00 51.00 70.00 50.00 0.00 31.00 69.00 10.00 48.00 0.00 64.00 20.00 0.00 19.00 93.00 77.00 30.00 67.00 35.00 32.00 66.00 10.00 36.00 0.00 63.00 75.00 48.00 17.00
30 71.00 14.00 90.00 77.00 94.00 49.00 71.00 13.00 13.00 71.00 71.00 70.00 0.00 52.00 0.00 38.00 51.00 18.00 0.00 0.00 89.00 85.00 67.00 50.00 4.00 40.00 94.00 13.00 0.00 0.00 0.00 40.00 97.00 0.00 46.00 0.00 32.00 57.00 49.00 22.00 100.00 50.00 25.00 9.00 40.00 70.00 67.00 98.00 32.00 36.00 2.00 68.00 27.00 6.00 13.00 31.00 0.00 51.00 5.00 34.00 3.00 0.00 71.00 30.00 38.00 60.00 72.00 88.00 69.00 0.00 9.00 50.00 28.00 0.00 51.00 0.00 0.00 28.00 44.00 0.00 47.00 88.00 83.00 17.00 58.00 21.00 23.00 0.00 23.00 83.00 0.00 0.00 49.00 79.00 5.00 93.00 98.00 0.00 39.00 85.00
31 3.00 2.00 88.00 82.00 66.00 64.00 94.00 27.00 65.00 69.00 94.00 74.00 72.00 0.00 74.00 0.00 78.00 6.00 48.00 0.00 98.00 84.00 0.00 89.00 0.00 0.00 32.00 37.00 60.00 98.00 40.00 0.00 22.00 45.00 50.00 11.00 0.00 0.00 8.00 0.00 0.00 0.00 50.00 75.00 3.00 0.00 4.00 0.00 63.00 71.00 29.00 93.00 0.00 53.00 0.00 66.00 38.00 88.00 91.00 14.00 17.00 95.00 15.00 34.00 0.00 0.00 85.00 16.00 32.00 87.00 0.00 0.00 16.00 0.00 0.00 46.00 83.00 0.00 0.00 43.00 0.00 52.00 0.00 0.00 49.00 20.00 10.00 67.00 0.00 0.00 70.00 26.00 94.00 26.00 40.00 61.00 0.00 75.00 55.00 16.00
32 26.00 79.00 98.00 0.00 70.00 0.00 18.00 69.00 0.00 53.00 36.00 49.00 66.00 0.00 26.00 90.00 11.00 36.00 39.00 0.00 42.00 85.00 0.00 100.00 74.00 75.00 0.00 76.00 0.00 93.00 97.00 22.00 0.00 75.00 0.00 78.00 55.00 62.00 11.00 25.00 67.00 10.00 0.00 31.00 79.00 10.00 65.00 58.00 16.00 12.00 0.00 13.00 21.00 43.00 12.00 0.00 95.00 1.00 9.00 41.00 91.00 0.00 95.00 84.00 13.00 11.00 0.00 74.00 7.00 89.00 44.00 60.00 20.00 21.00 61.00 0.00 0.00 88.00 26.00 31.00 79.00 39.00 27.00 12.00 57.00 70.00 26.00 0.00 84.00 75.00 11.00 69.00 78.00 2.00 32.00 24.00 19.00 99.00 70.00 0.00
33 83.00 61.00 28.00 85.00 0.00 16.00 31.00 0.00 65.00 68.00 48.00 58.00 73.00 52.00 13.00 68.00 0.00 6.00 0.00 96.00 79.00 56.00 37.00 20.00 0.00 52.00 58.00 44.00 62.00 35.00 0.00 45.00 75.00 0.00 83.00 13.00 77.00 0.00 0.00 0.00 16.00 16.00 17.00 22.00 95.00 88.00 16.00 54.00 26.00 50.00 41.00 73.00 0.00 88.00 32.00 15.00 21.00 22.00 75.00 44.00 45.00 0.00 0.00 1.00 70.00 0.00 93.00 13.00 44.00 0.00 78.00 82.00 24.00 23.00 26.00 29.00 50.00 50.00 97.00 45.00 40.00 57.00 0.00 1.00 25.00 0.00 79.00 72.00 40.00 24.00 34.00 51.00 27.00 19.00 89.00 0.00 69.00 81.00 9.00 0.00
34 53.00 45.00 52.00 17.00 47.00 0.00 45.00 0.00 98.00 0.00 96.00 0.00 0.00 82.00 70.00 42.00 78.00 98.00 28.00 0.00 0.00 68.00 0.00 0.00 98.00 41.00 0.00 89.00 35.00 19.00 46.00 50.00 0.00 83.00 0.00 35.00 70.00 0.00 53.00 0.00 74.00 0.00 67.00 52.00 0.00 0.00 48.00 25.00 33.00 41.00 0.00 4.00 49.00 52.00 60.00 64.00 10.00 72.00 76.00 50.00 23.00 0.00 39.00 0.00 29.00 0.00 5.00 69.00 0.00 65.00 0.00 1.00 53.00 43.00 18.00 0.00 0.00 67.00 0.00 3.00 51.00 59.00 65.00 55.00 41.00 55.00 92.00 61.00 0.00 32.00 62.00 63.00 29.00 16.00 56.00 53.00 51.00 38.00 0.00 41.00
35 0.00 54.00 43.00 41.00 41.00 79.00 9.00 0.00 94.00 54.00 0.00 36.00 55.00 54.00 17.00 83.00 62.00 10.00 0.00 28.00 0.00 0.00 52.00 80.00 15.00 45.00 42.00 92.00 82.00 49.00 0.00 11.00 78.00 13.00 35.00 0.00 83.00 21.00 0.00 0.00 0.00 81.00 87.00 35.00 54.00 0.00 52.00 26.00 0.00 65.00 51.00 96.00 8.00 100.00 98.00 9.00 0.00 64.00 94.00 9.00 0.00 10.00 28.00 46.00 0.00 81.00 37.00 0.00 13.00 34.00 91.00 0.00 84.00 49.00 0.00 53.00 0.00 48.00 17.00 48.00 93.00 49.00 0.00 70.00 0.00 0.00 42.00 73.00 48.00 42.00 25.00 0.00 45.00 84.00 97.00 3.00 88.00 54.00 0.00 32.00
36 60.00 36.00 12.00 41.00 0.00 56.00 43.00 31.00 0.00 57.00 90.00 0.00 23.00 24.00 96.00 33.00 0.00 0.00 54.00 85.00 51.00 55.00 42.00 0.00 98.00 1.00 78.00 83.00 86.00 33.00 32.00 0.00 55.00 77.00 70.00 83.00 0.00 91.00 0.00 3.00 0.00 82.00 20.00 63.00 5.00 0.00 50.00 68.00 93.00 94.00 16.00 93.00 0.00 60.00 49.00 0.00 94.00 0.00 77.00 0.00 68.00 87.00 0.00 6.00 26.00 0.00 0.00 20.00 78.00 70.00 0.00 96.00 94.00 99.00 56.00 0.00 0.00 63.00 9.00 74.00 39.00 8.00 9.00 69.00 70.00 0.00 3.00 79.00 0.00 78.00 0.00 89.00 0.00 58.00 38.00 82.00 0.00 60.00 48.00 88.00
37 48.00 45.00 30.00 100.00 39.00 26.00 45.00 0.00 13.00 85.00 2.00 0.00 30.00 0.00 67.00 70.00 0.00 35.00 62.00 29.00 20.00 86.00 0.00 0.00 79.00 44.00 81.00 0.00 22.00 75.00 57.00 0.00 62.00 0.00 0.00 21.00 91.00 0.00 43.00 76.00 67.00 40.00 22.00 0.00 71.00 0.00 0.00 0.00 83.00 66.00 87.00 69.00 0.00 20.00 89.00 0.00 0.00 78.00 3.00 54.00 29.00 10.00 100.00 76.00 42.00 0.00 72.00 22.00 45.00 67.00 99.00 0.00 28.00 71.00 29.00 2.00 90.00 0.00 3.00 0.00 71.00 95.00 73.00 87.00 0.00 37.00 91.00 34.00 45.00 42.00 23.00 9.00 78.00 0.00 0.00 78.00 90.00 0.00 32.00 11.00
38 96.00 0.00 50.00 38.00 55.00 68.00 7.00 0.00 47.00 17.00 17.00 78.00 0.00 0.00 28.00 0.00 0.00 0.00 58.00 88.00 0.00 94.00 32.00 25.00 74.00 43.00 64.00 69.00 26.00 0.00 49.00 8.00 11.00 0.00 53.00 0.00 0.00 43.00 0.00 0.00 45.00 0.00 0.00 0.00 8.00 7.00 0.00 33.00 46.00 64.00 0.00 61.00 0.00 72.00 84.00 40.00 0.00 77.00 71.00 0.00 0.00 50.00 76.00 11.00 79.00 57.00 0.00 0.00 0.00 76.00 0.00 42.00 79.00 70.00 96.00 73.00 17.00 0.00 14.00 9.00 87.00 63.00 0.00 29.00 0.00 14.00 0.00 64.00 38.00 87.00 0.00 78.00 0.00 83.00 20.00 0.00 92.00 0.00 52.00 100.00
39 35.00 26.00 0.00 52.00 0.00 23.00 41.00 12.00 48.00 35.00 4.00 0.00 95.00 0.00 0.00 56.00 37.00 60.00 53.00 89.00 80.00 7.00 21.00 83.00 0.00 86.00 97.00 76.00 13.00 0.00 22.00 0.00 25.00 0.00 0.00 0.00 3.00 76.00 0.00 0.00 18.00 59.00 88.00 89.00 27.00 0.00 1.00 61.00 0.00 93.00 0.00 10.00 73.00 97.00 92.00 0.00 83.00 78.00 35.00 85.00 4.00 9.00 43.00 33.00 24.00 21.00 11.00 73.00 7.00 82.00 68.00 0.00 87.00 60.00 40.00 0.00 51.00 67.00 10.00 36.00 59.00 17.00 96.00 28.00 83.00 0.00 0.00 0.00 56.00 16.00 98.00 65.00 99.00 86.00 86.00 39.00 58.00 92.00 85.00 0.00
40 70.00 34.00 90.00 0.00 50.00 2.00 0.00 28.00 57.00 72.00 34.00 0.00 39.00 0.00 0.00 5.00 45.00 16.00 0.00 99.00 88.00 100.00 18.00 32.00 18.00 0.00 70.00 32.00 90.00 91.00 100.00 0.00 67.00 16.00 74.00 0.00 0.00 67.00 45.00 18.00 0.00 0.00 0.00 63.00 24.00 0.00 0.00 48.00 0.00 89.00 5.00 54.00 15.00 57.00 71.00 0.00 0.00 0.00 0.00 92.00 0.00 36.00 78.00 10.00 75.00 73.00 40.00 19.00 98.00 6.00 42.00 0.00 0.00 15.00 29.00 54.00 40.00 65.00 0.00 5.00 0.00 7.00 0.00 79.00 0.00 0.00 0.00 0.00 36.00 29.00 25.00 84.00 62.00 98.00 0.00 18.00 0.00 78.00 0.00 83.00
41 37.00 51.00 0.00 40.00 79.00 7.00 66.00 97.00 14.00 85.00 82.00 47.00 0.00 52.00 0.00 76.00 26.00 41.00 78.00 64.00 39.00 76.00 2.00 0.00 98.00 0.00 0.00 91.00 38.00 0.00 50.00 0.00 10.00 16.00 0.00 81.00 82.00 40.00 0.00 59.00 0.00 0.00 22.00 0.00 44.00 0.00 0.00 98.00 82.00 43.00 0.00 44.00 65.00 87.00 33.00 0.00 61.00 8.00 0.00 71.00 40.00 8.00 58.00 85.00 0.00 89.00 51.00 56.00 70.00 37.00 90.00 27.00 35.00 59.00 0.00 7.00 70.00 27.00 0.00 30.00 76.00 86.00 0.00 0.00 27.00 13.00 54.00 41.00 47.00 98.00 98.00 0.00 47.00 10.00 0.00 67.00 15.00 0.00 0.00 94.00
42 57.00 92.00 76.00 0.00 49.00 0.00 2.00 94.00 99.00 87.00 40.00 71.00 11.00 0.00 64.00 99.00 0.00 0.00 82.00 48.00 0.00 43.00 0.00 17.00 51.00 80.00 0.00 3.00 16.00 0.00 25.00 50.00 0.00 17.00 67.00 87.00 20.00 22.00 0.00 88.00 0.00 22.00 0.00 0.00 34.00 64.00 65.00 98.00 95.00 0.00 0.00 45.00 65.00 0.00 89.00 35.00 53.00 83.00 7.00 9.00 97.00 78.00 70.00 51.00 17.00 0.00 87.00 0.00 24.00 0.00 17.00 0.00 0.00 65.00 93.00 98.00 92.00 73.00 37.00 33.00 2.00 0.00 56.00 6.00 92.00 31.00 42.00 0.00 15.00 25.00 45.00 72.00 76.00 77.00 37.00 11.00 8.00 45.00 0.00 43.00
43 10.00 49.00 26.00 54.00 53.00 0.00 0.00 0.00 0.00 66.00 91.00 38.00 67.00 96.00 9.00 0.00 86.00 47.00 29.00 13.00 94.00 2.00 25.00 3.00 22.00 0.00 0.00 46.00 4.00 45.00 9.00 75.00 31.00 22.00 52.00 35.00 63.00 0.00 0.00 89.00 63.00 0.00 0.00 0.00 24.00 1.00 58.00 0.00 96.00 58.00 7.00 93.00 33.00 44.00 9.00 0.00 42.00 0.00 5.00 14.00 17.00 8.00 39.00 78.00 11.00 50.00 0.00 95.00 99.00 53.00 0.00 96.00 0.00 13.00 0.00 37.00 84.00 14.00 20.00 92.00 5.00 45.00 44.00 8.00 96.00 2.00 0.00 74.00 100.00 0.00 61.00 53.00 62.00 0.00 0.00 4.00 0.00 73.00 48.00 65.00
44 96.00 41.00 0.00 94.00 67.00 0.00 23.00 0.00 0.00 42.00 21.00 0.00 95.00 0.00 0.00 81.00 37.00 91.00 79.00 45.00 15.00 0.00 0.00 49.00 57.00 73.00 21.00 7.00 6.00 25.00 40.00 3.00 79.00 95.00 0.00 54.00 5.00 71.00 8.00 27.00 24.00 44.00 34.00 24.00 0.00 50.00 88.00 48.00 33.00 83.00 31.00 32.00 24.00 0.00 4.00 17.00 76.00 57.00 0.00 94.00 0.00 36.00 0.00 82.00 0.00 0.00 44.00 33.00 69.00 86.00 27.00 98.00 80.00 17.00 22.00 100.00 67.00 0.00 90.00 23.00 40.00 82.00 76.00 0.00 0.00 66.00 29.00 32.00 86.00 0.00 76.00 64.00 70.00 17.00 0.00 80.00 40.00 35.00 59.00 16.00
45 93.00 53.00 98.00 95.00 45.00 15.00 24.00 27.00 78.00 25.00 11.00 84.00 0.00 76.00 26.00 5.00 43.00 0.00 0.00 48.00 11.00 6.00 81.00 5.00 76.00 55.00 46.00 0.00 27.00 68.00 70.00 0.00 10.00 88.00 0.00 0.00 0.00 0.00 7.00 0.00 0.00 0.00 64.00 1.00 50.00 0.00 44.00 29.00 73.00 59.00 18.00 14.00 22.00 11.00 12.00 19.00 19.00 36.00 0.00 92.00 94.00 0.00 98.00 3.00 96.00 30.00 80.00 0.00 0.00 0.00 29.00 91.00 0.00 46.00 0.00 36.00 1.00 28.00 5.00 0.00 93.00 30.00 88.00 6.00 100.00 14.00 0.00 84.00 31.00 0.00 55.00 58.00 28.00 64.00 95.00 99.00 43.00 62.00 17.00 81.00
46 0.00 49.00 81.00 43.00 61.00 19.00 27.00 99.00 46.00 38.00 15.00 98.00 0.00 29.00 55.00 26.00 30.00 0.00 86.00 68.00 39.00 0.00 86.00 23.00 81.00 86.00 45.00 0.00 28.00 14.00 67.00 4.00 65.00 16.00 48.00 52.00 50.00 0.00 0.00 1.00 0.00 0.00 65.00 58.00 88.00 44.00 0.00 4.00 0.00 96.00 91.00 96.00 96.00 41.00 0.00 92.00 0.00 22.00 22.00 9.00 11.00 0.00 0.00 0.00 84.00 25.00 25.00 88.00 1.00 96.00 0.00 87.00 0.00 90.00 16.00 61.00 19.00 98.00 0.00 84.00 5.00 73.00 30.00 0.00 59.00 8.00 24.00 0.00 58.00 88.00 97.00 0.00 68.00 34.00 62.00 0.00 29.00 10.00 0.00 0.00
47 10.00 4.00 0.00 78.00 31.00 11.00 33.00 74.00 65.00 71.00 0.00 71.00 94.00 44.00 0.00 15.00 25.00 80.00 71.00 91.00 89.00 54.00 88.00 0.00 21.00 30.00 12.00 83.00 41.00 10.00 98.00 0.00 58.00 54.00 25.00 26.00 68.00 0.00 33.00 61.00 48.00 98.00 98.00 0.00 48.00 29.00 4.00 0.00 86.00 8.00 86.00 0.00 0.00 94.00 9.00 82.00 0.00 0.00 100.00 80.00 96.00 5.00 0.00 21.00 0.00 11.00 95.00 74.00 8.00 99.00 44.00 59.00 0.00 51.00 42.00 32.00 20.00 98.00 61.00 0.00 66.00 0.00 77.00 0.00 88.00 0.00 98.00 0.00 96.00 8.00 50.00 99.00 0.00 4.00 0.00 0.00 42.00 39.00 93.00 59.00
48 44.00 86.00 92.00 85.00 34.00 0.00 0.00 64.00 37.00 22.00 8.00 0.00 0.00 0.00 41.00 46.00 33.00 36.00 32.00 0.00 77.00 92.00 9.00 12.00 43.00 24.00 56.00 65.00 19.00 29.00 32.00 63.00 16.00 26.00 33.00 0.00 93.00 83.00 46.00 0.00 0.00 82.00 95.00 96.00 33.00 73.00 0.00 86.00 0.00 38.00 89.00 0.00 61.00 45.00 61.00 83.00 90.00 48.00 24.00 24.00 58.00 49.00 10.00 0.00 26.00 13.00 75.00 0.00 0.00 0.00 0.00 98.00 88.00 66.00 74.00 0.00 49.00 0.00 79.00 0.00 31.00 55.00 0.00 7.00 52.00 9.00 0.00 76.00 0.00 42.00 0.00 3.00 16.00 41.00 40.00 2.00 92.00 59.00 0.00 41.00
49 25.00 79.00 63.00 69.00 0.00 24.00 0.00 57.00 34.00 63.00 0.00 28.00 0.00 15.00 45.00 52.00 11.00 0.00 68.00 0.00 71.00 38.00 15.00 0.00 73.00 73.00 57.00 67.00 1.00 67.00 36.00 71.00 12.00 50.00 41.00 65.00 94.00 66.00 64.00 93.00 89.00 43.00 0.00 58.00 83.00 59.00 96.00 8.00 38.00 0.00 0.00 95.00 24.00 84.00 0.00 78.00 82.00 0.00 26.00 7.00 79.00 0.00 52.00 98.00 20.00 91.00 0.00 5.00 0.00 0.00 94.00 64.00 38.00 49.00 25.00 44.00 50.00 0.00 81.00 60.00 79.00 0.00 95.00 23.00 0.00 79.00 22.00 10.00 0.00 97.00 51.00 75.00 92.00 87.00 0.00 0.00 43.00 84.00 27.00 60.00
50 50.00 66.00 44.00 0.00 53.00 88.00 30.00 88.00 71.00 46.00 97.00 46.00 0.00 0.00 22.00 46.00 16.00 72.00 88.00 0.00 6.00 16.00 65.00 20.00 0.00 15.00 63.00 19.00 62.00 0.00 2.00 29.00 0.00 41.00 0.00 51.00 16.00 87.00 0.00 0.00 5.00 0.00 0.00 7.00 31.00 18.00 91.00 86.00 89.00 0.00 0.00 68.00 0.00 65.00 0.00 62.00 81.00 92.00 0.00 15.00 99.00 20.00 30.00 84.00 90.00 91.00 10.00 38.00 23.00 97.00 0.00 12.00 58.00 0.00 9.00 0.00 59.00 91.00 4.00 16.00 52.00 40.00 99.00 8.00 34.00 59.00 0.00 0.00 14.00 40.00 0.00 0.00 97.00 87.00 86.00 33.00 81.00 82.00 4.00 5.00
51 8.00 76.00 22.00 18.00 0.00 59.00 66.00 26.00 15.00 49.00 77.00 80.00 0.00 88.00 5.00 0.00 0.00 37.00 18.00 0.00 10.00 0.00 62.00 58.00 32.00 0.00 25.00 45.00 0.00 61.00 68.00 93.00 13.00 73.00 4.00 96.00 93.00 69.00 61.00 10.00 54.00 44.00 45.00 93.00 32.00 14.00 96.00 0.00 0.00 95.00 68.00 0.00 2.00 10.00 64.00 40.00 59.00 85.00 56.00 72.00 14.00 66.00 69.00 52.00 82.00 81.00 45.00 0.00 86.00 0.00 88.00 99.00 68.00 75.00 4.00 0.00 63.00 16.00 0.00 37.00 58.00 41.00 56.00 68.00 16.00 0.00 3.00 21.00 15.00 0.00 0.00 74.00 77.00 7.00 23.00 69.00 0.00 0.00 0.00 63.00
52 26.00 33.00 68.00 23.00 61.00 17.00 0.00 72.00 19.00 41.00 48.00 50.00 98.00 73.00 79.00 13.00 1.00 78.00 0.00 0.00 98.00 5.00 96.00 0.00 8.00 25.00 80.00 0.00 74.00 0.00 27.00 0.00 21.00 0.00 49.00 8.00 0.00 0.00 0.00 73.00 15.00 65.00 65.00 33.00 24.00 22.00 96.00 0.00 61.00 24.00 0.00 2.00 0.00 56.00 74.00 45.00 71.00 0.00 0.00 0.00 65.00 76.00 31.00 32.00 70.00 83.00 17.00 62.00 86.00 0.00 10.00 0.00 38.00 0.00 59.00 18.00 17.00 0.00 62.00 0.00 94.00 52.00 26.00 37.00 6.00 8.00 0.00 27.00 0.00 50.00 0.00 0.00 9.00 20.00 36.00 70.00 0.00 71.00 0.00 13.00
53 13.00 0.00 11.00 47.00 86.00 0.00 76.00 0.00 88.00 0.00 29.00 69.00 50.00 5.00 0.00 3.00 34.00 0.00 1.00 74.00 12.00 92.00 92.00 0.00 24.00 75.00 0.00 0.00 83.00 16.00 6.00 53.00 43.00 88.00 52.00 100.00 60.00 20.00 72.00 97.00 57.00 87.00 0.00 44.00 0.00 11.00 41.00 94.00 45.00 84.00 65.00 10.00 56.00 0.00 69.00 0.00 65.00 54.00 6.00 0.00 0.00 67.00 22.00 0.00 40.00 19.00 10.00 42.00 39.00 0.00 0.00 89.00 22.00 46.00 80.00 55.00 37.00 53.00 39.00 39.00 22.00 68.00 63.00 0.00 0.00 0.00 92.00 41.00 21.00 0.00 0.00 25.00 33.00 0.00 46.00 0.00 61.00 65.00 0.00 50.00
54 86.00 15.00 46.00 99.00 0.00 81.00 0.00 7.00 28.00 50.00 53.00 4.00 14.00 96.00 77.00 85.00 3.00 0.00 0.00 0.00 37.00 94.00 47.00 97.00 16.00 90.00 0.00 19.00 49.00 2.00 13.00 0.00 12.00 32.00 60.00 98.00 49.00 89.00 84.00 92.00 71.00 33.00 89.00 9.00 4.00 12.00 0.00 9.00 61.00 0.00 0.00 64.00 74.00 69.00 0.00 0.00 21.00 40.00 88.00 84.00 28.00 53.00 70.00 19.00 0.00 51.00 43.00 22.00 0.00 11.00 0.00 27.00 0.00 83.00 0.00 37.00 20.00 99.00 55.00 50.00 0.00 75.00 63.00 31.00 62.00 82.00 48.00 73.00 0.00 39.00 39.00 84.00 57.00 67.00 14.00 25.00 7.00 0.00 76.00 51.00
55 21.00 0.00 10.00 45.00 0.00 88.00 79.00 98.00 59.00 88.00 27.00 29.00 84.00 0.00 62.00 0.00 0.00 0.00 0.00 24.00 45.00 0.00 88.00 34.00 69.00 22.00 78.00 61.00 54.00 0.00 31.00 66.00 0.00 15.00 64.00 9.00 0.00 0.00 40.00 0.00 0.00 0.00 35.00 0.00 17.00 19.00 92.00 82.00 83.00 78.00 62.00 40.00 45.00 0.00 0.00 0.00 0.00 42.00 99.00 32.00 44.00 78.00 87.00 86.00 36.00 81.00 73.00 29.00 0.00 0.00 77.00 0.00 32.00 76.00 26.00 0.00 87.00 54.00 0.00 14.00 28.00 42.00 26.00 83.00 0.00 18.00 11.00 0.00 7.00 0.00 19.00 44.00 0.00 86.00 70.00 79.00 0.00 0.00 76.00 43.00
56 75.00 93.00 3.00 30.00 14.00 81.00 97.00 0.00 80.00 0.00 34.00 48.00 2.00 30.00 33.00 38.00 0.00 9.00 0.00 57.00 13.00 93.00 0.00 91.00 17.00 0.00 81.00 65.00 83.00 23.00 0.00 38.00 95.00 21.00 10.00 0.00 94.00 0.00 0.00 83.00 0.00 61.00 53.00 42.00 76.00 19.00 0.00 0.00 90.00 82.00 81.00 59.00 71.00 65.00 21.00 0.00 0.00 0.00 92.00 22.00 0.00 73.00 14.00 84.00 0.00 0.00 0.00 78.00 32.00 0.00 0.00 94.00 25.00 0.00 35.00 82.00 50.00 76.00 84.00 7.00 24.00 47.00 63.00 0.00 0.00 97.00 81.00 24.00 0.00 0.00 0.00 66.00 99.00 0.00 97.00 71.00 7.00 35.00 50.00 38.00
57 21.00 0.00 68.00 23.00 93.00 0.00 24.00 43.00 45.00 26.00 76.00 89.00 20.00 91.00 86.00 0.00 13.00 89.00 60.00 20.00 34.00 41.00 67.00 64.00 82.00 18.00 39.00 0.00 97.00 33.00 51.00 88.00 1.00 22.00 72.00 64.00 0.00 78.00 77.00 78.00 0.00 8.00 83.00 0.00 57.00 36.00 22.00 0.00 48.00 0.00 92.00 85.00 0.00 54.00 40.00 42.00 0.00 0.00 0.00 0.00 69.00 58.00 52.00 67.00 94.00 0.00 99.00 41.00 59.00 0.00 55.00 0.00 0.00 73.00 0.00 96.00 46.00 46.00 87.00 77.00 3.00 58.00 0.00 73.00 0.00 0.00 0.00 0.00 76.00 93.00 4.00 0.00 7.00 4.00 0.00 32.00 91.00 41.00 36.00 65.00
58 81.00 0.00 100.00 0.00 0.00 23.00 83.00 70.00 9.00 22.00 12.00 0.00 0.00 0.00 95.00 0.00 0.00 69.00 93.00 58.00 0.00 71.00 35.00 99.00 11.00 98.00 77.00 20.00 67.00 39.00 5.00 91.00 9.00 75.00 76.00 94.00 77.00 3.00 71.00 35.00 0.00 0.00 7.00 5.00 0.00 0.00 22.00 100.00 24.00 26.00 0.00 56.00 0.00 6.00 88.00 99.00 92.00 0.00 0.00 66.00 18.00 90.00 0.00 12.00 94.00 25.00 10.00 31.00 73.00 0.00 64.00 49.00 89.00 57.00 0.00 44.00 2.00 49.00 83.00 36.00 32.00 0.00 46.00 78.00 50.00 6.00 64.00 8.00 84.00 48.00 93.00 9.00 0.00 83.00 25.00 98.00 56.00 62.00 14.00 38.00
59 26.00 91.00 39.00 58.00 57.00 55.00 4.00 76.00 78.00 0.00 61.00 26.00 85.00 53.00 94.00 39.00 76.00 27.00 0.00 22.00 100.00 0.00 80.00 2.00 0.00 4.00 65.00 0.00 0.00 0.00 34.00 14.00 41.00 44.00 50.00 9.00 0.00 54.00 0.00 85.00 92.00 71.00 9.00 14.00 94.00 92.00 9.00 80.00 24.00 7.00 15.00 72.00 0.00 0.00 84.00 32.00 22.00 0.00 66.00 0.00 0.00 2.00 19.00 24.00 60.00 75.00 27.00 34.00 0.00 13.00 4.00 57.00 46.00 13.00 79.00 45.00 89.00 69.00 15.00 0.00 92.00 87.00 68.00 37.00 64.00 46.00 93.00 78.00 10.00 92.00 55.00 0.00 99.00 30.00 7.00 74.00 0.00 34.00 0.00 94.00
60 18.00 81.00 59.00 5.00 82.00 77.00 0.00 0.00 0.00 80.00 0.00 0.00 63.00 0.00 99.00 8.00 40.00 51.00 42.00 74.00 94.00 0.00 86.00 44.00 37.00 12.00 11.00 28.00 78.00 0.00 3.00 17.00 91.00 45.00 23.00 0.00 68.00 29.00 0.00 4.00 0.00 40.00 97.00 17.00 0.00 94.00 11.00 96.00 58.00 79.00 99.00 14.00 65.00 0.00 28.00 44.00 0.00 69.00 18.00 0.00 0.00 41.00 0.00 0.00 69.00 22.00 0.00 23.00 34.00 85.00 72.00 15.00 31.00 0.00 0.00 38.00 0.00 55.00 63.00 0.00 62.00 80.00 69.00 35.00 45.00 89.00 13.00 0.00 6.00 77.00 0.00 85.00 33.00 64.00 42.00 94.00 86.00 77.00 23.00 35.00
61 0.00 98.00 76.00 45.00 91.00 42.00 0.00 13.00 26.00 56.00 36.00 15.00 57.00 78.00 41.00 4.00 94.00 0.00 19.00 68.00 0.00 26.00 42.00 83.00 37.00 70.00 57.00 97.00 89.00 78.00 0.00 95.00 0.00 0.00 0.00 10.00 87.00 10.00 50.00 9.00 36.00 8.00 78.00 8.00 36.00 0.00 0.00 5.00 49.00 0.00 20.00 66.00 76.00 67.00 53.00 78.00 73.00 58.00 90.00 2.00 41.00 0.00 0.00 0.00 19.00 4.00 29.00 0.00 69.00 0.00 0.00 13.00 16.00 18.00 49.00 16.00 0.00 0.00 63.00 2.00 16.00 7.00 69.00 69.00 96.00 0.00 80.00 0.00 0.00 54.00 70.00 56.00 4.00 96.00 0.00 27.00 84.00 60.00 13.00 59.00
62 0.00 21.00 48.00 71.00 7.00 0.00 0.00 0.00 13.00 8.00 18.00 0.00 63.00 39.00 92.00 16.00 24.00 37.00 37.00 19.00 0.00 21.00 31.00 40.00 61.00 27.00 5.00 29.00 89.00 50.00 71.00 15.00 95.00 0.00 39.00 28.00 0.00 100.00 76.00 43.00 78.00 58.00 70.00 39.00 0.00 98.00 0.00 0.00 10.00 52.00 30.00 69.00 31.00 22.00 70.00 87.00 14.00 52.00 0.00 19.00 0.00 0.00 0.00 64.00 0.00 0.00 0.00 0.00 71.00 77.00 75.00 63.00 0.00 13.00 0.00 47.00 20.00 0.00 94.00 97.00 97.00 12.00 0.00 0.00 10.00 35.00 46.00 0.00 63.00 0.00 0.00 24.00 91.00 0.00 94.00 40.00 9.00 77.00 0.00 0.00
63 0.00 52.00 17.00 35.00 17.00 22.00 47.00 51.00 92.00 52.00 3.00 8.00 0.00 73.00 52.00 26.00 33.00 22.00 75.00 0.00 98.00 34.00 20.00 97.00 45.00 50.00 19.00 0.00 0.00 0.00 30.00 34.00 84.00 1.00 0.00 46.00 6.00 76.00 11.00 33.00 10.00 85.00 51.00 78.00 82.00 3.00 0.00 21.00 0.00 98.00 84.00 52.00 32.00 0.00 19.00 86.00 84.00 67.00 12.00 24.00 0.00 0.00 64.00 0.00 92.00 0.00 0.00 65.00 79.00 48.00 48.00 3.00 51.00 3.00 0.00 0.00 45.00 0.00 49.00 47.00 0.00 14.00 81.00 42.00 0.00 39.00 52.00 78.00 5.00 19.00 0.00 66.00 56.00 16.00 81.00 0.00 99.00 0.00 71.00 6.00
64 23.00 0.00 16.00 0.00 63.00 96.00 88.00 69.00 93.00 11.00 51.00 51.00 29.00 47.00 57.00 27.00 18.00 1.00 0.00 0.00 45.00 0.00 22.00 69.00 43.00 65.00 42.00 22.00 85.00 1.00 38.00 0.00 13.00 70.00 29.00 0.00 26.00 42.00 79.00 24.00 75.00 0.00 17.00 11.00 0.00 96.00 84.00 0.00 26.00 20.00 90.00 82.00 70.00 40.00 0.00 36.00 0.00 94.00 94.00 60.00 69.00 19.00 0.00 92.00 0.00 0.00 92.00 14.00 27.00 11.00 76.00 73.00 0.00 1.00 71.00 2.00 51.00 0.00 84.00 29.00 59.00 0.00 0.00 0.00 0.00 87.00 69.00 82.00 0.00 40.00 0.00 61.00 0.00 27.00 42.00 4.00 45.00 0.00 18.00 2.00
65 55.00 61.00 26.00 0.00 95.00 12.00 13.00 2.00 17.00 90.00 0.00 0.00 0.00 2.00 9.00 0.00 29.00 6.00 0.00 0.00 41.00 35.00 14.00 2.00 38.00 71.00 19.00 71.00 20.00 16.00 60.00 0.00 11.00 0.00 0.00 81.00 0.00 0.00 57.00 21.00 73.00 89.00 0.00 50.00 0.00 30.00 25.00 11.00 13.00 91.00 91.00 81.00 83.00 19.00 51.00 81.00 0.00 0.00 25.00 75.00 22.00 4.00 0.00 0.00 0.00 0.00 50.00 0.00 22.00 53.00 0.00 0.00 0.00 63.00 28.00 71.00 28.00 14.00 18.00 84.00 10.00 40.00 0.00 90.00 0.00 10.00 45.00 0.00 38.00 0.00 0.00 44.00 62.00 98.00 94.00 80.00 0.00 73.00 21.00 98.00
66 47.00 94.00 86.00 56.00 64.00 44.00 29.00 54.00 51.00 99.00 18.00 0.00 89.00 0.00 51.00 0.00 57.00 10.00 16.00 0.00 80.00 93.00 0.00 20.00 83.00 0.00 29.00 54.00 58.00 0.00 72.00 85.00 0.00 93.00 5.00 37.00 0.00 72.00 0.00 11.00 40.00 51.00 87.00 0.00 44.00 80.00 25.00 95.00 75.00 0.00 10.00 45.00 17.00 10.00 43.00 73.00 0.00 99.00 10.00 27.00 0.00 29.00 0.00 0.00 92.00 50.00 0.00 63.00 1.00 16.00 39.00 60.00 47.00 87.00 45.00 33.00 0.00 39.00 96.00 49.00 73.00 48.00 64.00 0.00 27.00 85.00 48.00 0.00 9.00 27.00 90.00 54.00 52.00 57.00 61.00 10.00 22.00 1.00 0.00 62.00
67 0.00 0.00 23.00 88.00 48.00 0.00 0.00 0.00 33.00 66.00 52.00 50.00 0.00 22.00 12.00 1.00 0.00 0.00 50.00 36.00 0.00 0.00 68.00 20.00 98.00 87.00 89.00 0.00 0.00 75.00 88.00 16.00 74.00 13.00 69.00 0.00 20.00 22.00 0.00 73.00 19.00 56.00 0.00 95.00 33.00 0.00 88.00 74.00 0.00 5.00 38.00 0.00 62.00 42.00 22.00 29.00 78.00 41.00 31.00 34.00 23.00 0.00 0.00 65.00 14.00 0.00 63.00 0.00 6.00 33.00 0.00 67.00 77.00 14.00 54.00 5.00 2.00 8.00 0.00 96.00 74.00 12.00 24.00 75.00 0.00 13.00 6.00 55.00 52.00 16.00 0.00 88.00 36.00 0.00 88.00 7.00 3.00 4.00 20.00 24.00
68 0.00 29.00 43.00 95.00 86.00 49.00 0.00 0.00 0.00 12.00 83.00 72.00 20.00 73.00 0.00 4.00 37.00 0.00 34.00 86.00 31.00 32.00 81.00 0.00 71.00 24.00 2.00 0.00 0.00 56.00 69.00 32.00 7.00 44.00 0.00 13.00 78.00 45.00 0.00 7.00 98.00 70.00 24.00 99.00 69.00 0.00 1.00 8.00 0.00 0.00 23.00 86.00 86.00 39.00 0.00 0.00 32.00 59.00 73.00 0.00 34.00 69.00 71.00 79.00 27.00 22.00 1.00 6.00 0.00 67.00 0.00 79.00 78.00 21.00 90.00 34.00 66.00 37.00 16.00 91.00 0.00 93.00 0.00 0.00 14.00 0.00 32.00 31.00 0.00 87.00 43.00 71.00 0.00 32.00 0.00 93.00 54.00 87.00 94.00 48.00
69 0.00 0.00 89.00 54.00 27.00 33.00 0.00 94.00 75.00 0.00 35.00 65.00 88.00 0.00 0.00 2.00 68.00 31.00 15.00 0.00 81.00 4.00 98.00 64.00 88.00 5.00 91.00 95.00 98.00 0.00 0.00 87.00 89.00 0.00 65.00 34.00 70.00 67.00 76.00 82.00 6.00 37.00 0.00 53.00 86.00 0.00 96.00 99.00 0.00 0.00 97.00 0.00 0.00 0.00 11.00 0.00 0.00 0.00 0.00 13.00 85.00 0.00 77.00 48.00 11.00 53.00 16.00 33.00 67.00 0.00 0.00 54.00 74.00 37.00 57.00 95.00 73.00 0.00 0.00 0.00 23.00 63.00 9.00 0.00 69.00 60.00 99.00 0.00 62.00 79.00 0.00 49.00 8.00 59.00 12.00 0.00 80.00 63.00 0.00 0.00
70 20.00 60.00 22.00 26.00 19.00 28.00 30.00 10.00 18.00 93.00 99.00 35.00 18.00 5.00 65.00 31.00 98.00 0.00 0.00 63.00 0.00 98.00 27.00 83.00 19.00 17.00 95.00 93.00 13.00 91.00 9.00 0.00 44.00 78.00 0.00 91.00 0.00 99.00 0.00 68.00 42.00 90.00 17.00 0.00 27.00 29.00 0.00 44.00 0.00 94.00 0.00 88.00 10.00 0.00 0.00 77.00 0.00 55.00 64.00 4.00 72.00 0.00 75.00 48.00 76.00 0.00 39.00 0.00 0.00 0.00 0.00 0.00 95.00 98.00 70.00 1.00 21.00 0.00 40.00 0.00 0.00 94.00 0.00 99.00 61.00 0.00 81.00 93.00 0.00 66.00 0.00 19.00 28.00 97.00 78.00 70.00 0.00 12.00 0.00 0.00
71 67.00 72.00 40.00 16.00 42.00 16.00 0.00 41.00 0.00 65.00 79.00 93.00 15.00 81.00 65.00 0.00 0.00 96.00 68.00 63.00 36.00 19.00 0.00 97.00 36.00 0.00 9.00 8.00 72.00 0.00 50.00 0.00 60.00 82.00 1.00 0.00 96.00 0.00 42.00 0.00 0.00 27.00 0.00 96.00 98.00 91.00 87.00 59.00 98.00 64.00 12.00 99.00 0.00 89.00 27.00 0.00 94.00 0.00 49.00 57.00 15.00 13.00 63.00 3.00 73.00 0.00 60.00 67.00 79.00 54.00 0.00 0.00 12.00 14.00 38.00 27.00 24.00 96.00 42.00 92.00 59.00 96.00 60.00 12.00 74.00 1.00 46.00 65.00 5.00 74.00 52.00 91.00 90.00 49.00 25.00 0.00 0.00 0.00 58.00 14.00
72 87.00 63.00 71.00 69.00 62.00 71.00 88.00 0.00 0.00 0.00 1.00 0.00 55.00 89.00 49.00 92.00 30.00 0.00 99.00 0.00 4.00 0.00 34.00 25.00 0.00 62.00 58.00 14.00 54.00 63.00 28.00 16.00 20.00 24.00 53.00 84.00 94.00 28.00 79.00 87.00 0.00 35.00 0.00 0.00 80.00 0.00 0.00 0.00 88.00 38.00 58.00 68.00 38.00 22.00 0.00 32.00 25.00 0.00 89.00 46.00 31.00 16.00 0.00 51.00 0.00 0.00 47.00 77.00 78.00 74.00 95.00 12.00 0.00 74.00 2.00 0.00 0.00 2.00 0.00 12.00 55.00 80.00 72.00 65.00 28.00 54.00 45.00 45.00 14.00 0.00 78.00 43.00 88.00 28.00 0.00 51.00 0.00 23.00 34.00 26.00
73 0.00 16.00 0.00 99.00 0.00 60.00 0.00 86.00 0.00 17.00 0.00 11.00 71.00 19.00 85.00 91.00 46.00 93.00 29.00 0.00 77.00 26.00 0.00 0.00 2.00 2.00 4.00 0.00 55.00 51.00 0.00 0.00 21.00 23.00 43.00 49.00 99.00 71.00 70.00 60.00 15.00 59.00 65.00 13.00 17.00 46.00 90.00 51.00 66.00 49.00 0.00 75.00 0.00 46.00 83.00 76.00 0.00 73.00 57.00 13.00 0.00 18.00 13.00 3.00 1.00 63.00 87.00 14.00 21.00 37.00 98.00 14.00 74.00 0.00 38.00 11.00 7.00 69.00 92.00 27.00 100.00 22.00 39.00 0.00 0.00 81.00 64.00 0.00 0.00 44.00 12.00 0.00 45.00 50.00 39.00 0.00 86.00 0.00 34.00 24.00
74 20.00 22.00 50.00 72.00 40.00 95.00 62.00 91.00 21.00 0.00 35.00 18.00 17.00 69.00 3.00 0.00 27.00 58.00 90.00 0.00 0.00 95.00 87.00 24.00 29.00 76.00 26.00 0.00 37.00 70.00 51.00 0.00 61.00 26.00 18.00 0.00 56.00 29.00 96.00 40.00 29.00 0.00 93.00 0.00 22.00 0.00 16.00 42.00 74.00 25.00 9.00 4.00 59.00 80.00 0.00 26.00 35.00 0.00 0.00 79.00 0.00 49.00 0.00 0.00 71.00 28.00 45.00 54.00 90.00 57.00 70.00 38.00 2.00 38.00 0.00 0.00 33.00 84.00 92.00 100.00 39.00 75.00 0.00 17.00 0.00 4.00 37.00 63.00 31.00 37.00 41.00 72.00 0.00 24.00 68.00 0.00 51.00 25.00 0.00 58.00
75 41.00 59.00 60.00 50.00 33.00 58.00 92.00 53.00 84.00 9.00 0.00 19.00 71.00 40.00 59.00 6.00 61.00 0.00 0.00 63.00 79.00 62.00 20.00 96.00 73.00 67.00 73.00 83.00 60.00 50.00 0.00 46.00 0.00 29.00 0.00 53.00 0.00 2.00 73.00 0.00 54.00 7.00 98.00 37.00 100.00 36.00 61.00 32.00 0.00 44.00 0.00 0.00 18.00 55.00 37.00 0.00 82.00 96.00 44.00 45.00 38.00 16.00 47.00 0.00 2.00 71.00 33.00 5.00 34.00 95.00 1.00 27.00 0.00 11.00 0.00 0.00 75.00 67.00 89.00 49.00 19.00 0.00 9.00 0.00 0.00 0.00 59.00 78.00 0.00 0.00 0.00 31.00 56.00 79.00 45.00 2.00 81.00 0.00 0.00 0.00
76 77.00 39.00 34.00 71.00 53.00 74.00 26.00 0.00 80.00 35.00 0.00 36.00 0.00 20.00 32.00 47.00 43.00 0.00 16.00 83.00 54.00 0.00 15.00 47.00 8.00 0.00 53.00 82.00 0.00 0.00 0.00 83.00 0.00 50.00 0.00 0.00 0.00 90.00 17.00 51.00 40.00 70.00 92.00 84.00 67.00 1.00 19.00 20.00 49.00 50.00 59.00 63.00 17.00 37.00 20.00 87.00 50.00 46.00 2.00 89.00 0.00 0.00 20.00 45.00 51.00 28.00 0.00 2.00 66.00 73.00 21.00 24.00 0.00 7.00 33.00 75.00 0.00 0.00 0.00 27.00 27.00 18.00 94.00 7.00 52.00 25.00 51.00 0.00 0.00 65.00 67.00 0.00 75.00 0.00 20.00 40.00 90.00 69.00 7.00 0.00
77 50.00 0.00 85.00 33.00 43.00 50.00 0.00 75.00 90.00 39.00 13.00 42.00 0.00 41.00 76.00 0.00 0.00 83.00 41.00 82.00 43.00 33.00 0.00 2.00 40.00 93.00 8.00 31.00 48.00 31.00 28.00 0.00 88.00 50.00 67.00 48.00 63.00 0.00 0.00 67.00 65.00 27.00 73.00 14.00 0.00 28.00 98.00 98.00 0.00 0.00 91.00 16.00 0.00 53.00 99.00 54.00 76.00 46.00 49.00 69.00 55.00 0.00 0.00 0.00 0.00 14.00 39.00 8.00 37.00 0.00 0.00 96.00 2.00 69.00 84.00 67.00 0.00 0.00 0.00 8.00 29.00 20.00 24.00 0.00 0.00 74.00 83.00 88.00 39.00 100.00 0.00 76.00 0.00 63.00 0.00 0.00 0.00 70.00 100.00 0.00
78 59.00 0.00 15.00 81.00 31.00 20.00 17.00 0.00 14.00 0.00 0.00 47.00 50.00 0.00 90.00 9.00 18.00 28.00 80.00 0.00 0.00 93.00 22.00 0.00 22.00 74.00 60.00 75.00 89.00 69.00 44.00 0.00 26.00 97.00 0.00 17.00 9.00 3.00 14.00 10.00 0.00 0.00 37.00 20.00 90.00 5.00 0.00 61.00 79.00 81.00 4.00 0.00 62.00 39.00 55.00 0.00 84.00 87.00 83.00 15.00 63.00 63.00 94.00 49.00 84.00 18.00 96.00 0.00 16.00 0.00 40.00 42.00 0.00 92.00 92.00 89.00 0.00 0.00 0.00 1.00 91.00 28.00 0.00 6.00 95.00 20.00 19.00 50.00 25.00 52.00 67.00 32.00 35.00 18.00 5.00 0.00 32.00 0.00 49.00 76.00
79 0.00 64.00 76.00 0.00 87.00 0.00 85.00 70.00 0.00 10.00 19.00 0.00 21.00 18.00 13.00 18.00 0.00 0.00 11.00 75.00 40.00 4.00 0.00 98.00 42.00 93.00 0.00 0.00 31.00 10.00 0.00 43.00 31.00 45.00 3.00 48.00 74.00 0.00 9.00 36.00 5.00 30.00 33.00 92.00 23.00 0.00 84.00 0.00 0.00 60.00 16.00 37.00 0.00 39.00 50.00 14.00 7.00 77.00 36.00 0.00 0.00 2.00 97.00 47.00 29.00 84.00 49.00 96.00 91.00 0.00 0.00 92.00 12.00 27.00 100.00 49.00 27.00 8.00 1.00 0.00 0.00 0.00 0.00 96.00 45.00 16.00 0.00 0.00 0.00 3.00 55.00 0.00 0.00 0.00 75.00 40.00 84.00 0.00 63.00 17.00
80 0.00 3.00 13.00 43.00 42.00 0.00 61.00 0.00 48.00 0.00 6.00 8.00 46.00 11.00 0.00 51.00 75.00 20.00 68.00 98.00 0.00 32.00 19.00 23.00 0.00 63.00 95.00 0.00 97.00 48.00 47.00 0.00 79.00 40.00 51.00 93.00 39.00 71.00 87.00 59.00 0.00 76.00 2.00 5.00 40.00 93.00 5.00 66.00 31.00 79.00 52.00 58.00 94.00 22.00 0.00 28.00 24.00 3.00 32.00 92.00 62.00 16.00 97.00 0.00 59.00 10.00 73.00 74.00 0.00 23.00 0.00 59.00 55.00 100.00 39.00 19.00 27.00 29.00 91.00 0.00 0.00 29.00 30.00 34.00 59.00 26.00 10.00 96.00 78.00 35.00 0.00 44.00 0.00 29.00 0.00 37.00 8.00 0.00 0.00 1.00
81 45.00 53.00 11.00 57.00 94.00 58.00 41.00 51.00 20.00 6.00 0.00 46.00 19.00 74.00 31.00 0.00 90.00 83.00 15.00 0.00 16.00 0.00 69.00 68.00 0.00 8.00 98.00 98.00 81.00 0.00 88.00 52.00 39.00 57.00 59.00 49.00 8.00 95.00 63.00 17.00 7.00 86.00 0.00 45.00 82.00 30.00 73.00 0.00 55.00 0.00 40.00 41.00 52.00 68.00 75.00 42.00 47.00 58.00 0.00 87.00 80.00 7.00 12.00 14.00 0.00 40.00 48.00 12.00 93.00 63.00 94.00 96.00 80.00 22.00 75.00 0.00 18.00 20.00 28.00 0.00 29.00 0.00 0.00 87.00 48.00 79.00 50.00 12.00 25.00 65.00 93.00 0.00 0.00 56.00 24.00 19.00 76.00 0.00 30.00 56.00
82 85.00 36.00 73.00 51.00 18.00 75.00 0.00 0.00 25.00 0.00 20.00 42.00 38.00 0.00 56.00 0.00 48.00 79.00 45.00 83.00 45.00 0.00 40.00 89.00 22.00 85.00 40.00 73.00 72.00 64.00 83.00 0.00 27.00 0.00 65.00 0.00 9.00 73.00 0.00 96.00 0.00 0.00 56.00 44.00 76.00 88.00 30.00 77.00 0.00 95.00 99.00 56.00 26.00 63.00 63.00 26.00 63.00 0.00 46.00 68.00 69.00 69.00 0.00 81.00 0.00 0.00 64.00 24.00 0.00 9.00 0.00 60.00 72.00 39.00 0.00 9.00 94.00 24.00 0.00 0.00 30.00 0.00 0.00 62.00 88.00 28.00 94.00 28.00 51.00 0.00 17.00 2.00 0.00 98.00 0.00 83.00 96.00 1.00 0.00 36.00
83 91.00 0.00 28.00 78.00 31.00 57.00 0.00 92.00 61.00 39.00 0.00 92.00 21.00 0.00 11.00 48.00 85.00 33.00 30.00 68.00 52.00 19.00 0.00 46.00 51.00 0.00 57.00 80.00 0.00 20.00 17.00 0.00 12.00 1.00 55.00 70.00 69.00 87.00 29.00 28.00 79.00 0.00 6.00 8.00 0.00 6.00 0.00 0.00 7.00 23.00 8.00 68.00 37.00 0.00 31.00 83.00 0.00 73.00 78.00 37.00 35.00 69.00 0.00 42.00 0.00 90.00 0.00 75.00 0.00 0.00 99.00 12.00 65.00 0.00 17.00 0.00 7.00 0.00 6.00 96.00 34.00 87.00 62.00 0.00 54.00 92.00 94.00 26.00 0.00 18.00 19.00 59.00 58.00 0.00 29.00 8.00 22.00 40.00 0.00 76.00
84 11.00 2.00 84.00 21.00 24.00 39.00 0.00 0.00 0.00 0.00 0.00 0.00 48.00 44.00 31.00 82.00 0.00 3.00 0.00 70.00 0.00 32.00 95.00 0.00 0.00 29.00 10.00 69.00 6.00 0.00 58.00 49.00 57.00 25.00 41.00 0.00 70.00 0.00 0.00 83.00 0.00 27.00 92.00 96.00 0.00 100.00 59.00 88.00 52.00 0.00 34.00 16.00 6.00 0.00 62.00 0.00 0.00 0.00 50.00 64.00 45.00 96.00 10.00 0.00 0.00 0.00 27.00 0.00 14.00 69.00 61.00 74.00 28.00 0.00 0.00 0.00 52.00 0.00 95.00 45.00 59.00 48.00 88.00 54.00 0.00 36.00 18.00 83.00 57.00 2.00 13.00 92.00 4.00 15.00 36.00 0.00 60.00 92.00 25.00 40.00
85 0.00 75.00 91.00 0.00 0.00 0.00 0.00 59.00 0.00 21.00 36.00 0.00 43.00 44.00 7.00 44.00 0.00 18.00 0.00 12.00 90.00 46.00 43.00 23.00 67.00 20.00 84.00 0.00 18.00 19.00 21.00 20.00 70.00 0.00 55.00 0.00 0.00 37.00 14.00 0.00 0.00 13.00 31.00 2.00 66.00 14.00 8.00 0.00 9.00 79.00 59.00 0.00 8.00 0.00 82.00 18.00 97.00 0.00 6.00 46.00 89.00 0.00 35.00 39.00 87.00 10.00 85.00 13.00 0.00 60.00 0.00 1.00 54.00 81.00 4.00 0.00 25.00 74.00 20.00 16.00 26.00 79.00 28.00 92.00 36.00 0.00 0.00 62.00 0.00 65.00 81.00 0.00 0.00 0.00 44.00 75.00 21.00 10.00 43.00 58.00
86 38.00 0.00 63.00 75.00 54.00 82.00 42.00 68.00 0.00 36.00 25.00 27.00 26.00 7.00 99.00 84.00 45.00 85.00 4.00 2.00 39.00 90.00 77.00 6.00 74.00 13.00 14.00 34.00 13.00 93.00 23.00 10.00 26.00 79.00 92.00 42.00 3.00 91.00 0.00 0.00 0.00 54.00 42.00 0.00 29.00 0.00 24.00 98.00 0.00 22.00 0.00 3.00 0.00 92.00 48.00 11.00 81.00 0.00 64.00 93.00 13.00 80.00 46.00 52.00 69.00 45.00 48.00 6.00 32.00 99.00 81.00 46.00 45.00 64.00 37.00 59.00 51.00 83.00 19.00 0.00 10.00 50.00 94.00 94.00 18.00 0.00 0.00 23.00 0.00 76.00 17.00 91.00 57.00 0.00 67.00 0.00 76.00 37.00 14.00 91.00
87 44.00 26.00 60.00 0.00 0.00 89.00 26.00 35.00 56.00 88.00 72.00 0.00 88.00 94.00 71.00 47.00 64.00 42.00 94.00 0.00 52.00 84.00 98.00 30.00 0.00 72.00 84.00 64.00 90.00 77.00 0.00 67.00 0.00 72.00 61.00 73.00 79.00 34.00 64.00 0.00 0.00 41.00 0.00 74.00 32.00 84.00 0.00 0.00 76.00 10.00 0.00 21.00 27.00 41.00 73.00 0.00 24.00 0.00 8.00 78.00 0.00 0.00 0.00 78.00 82.00 0.00 0.00 55.00 31.00 0.00 93.00 65.00 45.00 0.00 63.00 78.00 0.00 88.00 50.00 0.00 96.00 12.00 28.00 26.00 83.00 62.00 23.00 0.00 74.00 65.00 0.00 57.00 60.00 6.00 0.00 98.00 86.00 0.00 69.00 0.00
88 0.00 96.00 86.00 70.00 0.00 0.00 0.00 28.00 53.00 59.00 14.00 68.00 93.00 83.00 31.00 0.00 28.00 0.00 97.00 7.00 0.00 0.00 4.00 50.00 0.00 76.00 56.00 0.00 81.00 30.00 23.00 0.00 84.00 40.00 0.00 48.00 0.00 45.00 38.00 56.00 36.00 47.00 15.00 100.00 86.00 31.00 58.00 96.00 0.00 0.00 14.00 15.00 0.00 21.00 0.00 7.00 0.00 76.00 84.00 10.00 6.00 0.00 63.00 5.00 0.00 38.00 9.00 52.00 0.00 62.00 0.00 5.00 14.00 0.00 31.00 0.00 0.00 39.00 25.00 0.00 78.00 25.00 51.00 0.00 57.00 0.00 0.00 74.00 0.00 9.00 10.00 56.00 72.00 2.00 35.00 30.00 83.00 63.00 83.00 19.00
89 0.00 44.00 39.00 0.00 79.00 87.00 33.00 11.00 61.00 0.00 0.00 0.00 40.00 29.00 79.00 33.00 98.00 0.00 0.00 6.00 0.00 0.00 0.00 0.00 60.00 56.00 64.00 62.00 0.00 67.00 83.00 0.00 75.00 24.00 32.00 42.00 78.00 42.00 87.00 16.00 29.00 98.00 25.00 0.00 0.00 0.00 88.00 8.00 42.00 97.00 40.00 0.00 50.00 0.00 39.00 0.00 0.00 93.00 48.00 92.00 77.00 54.00 0.00 19.00 40.00 0.00 27.00 16.00 87.00 79.00 66.00 74.00 0.00 44.00 37.00 0.00 65.00 100.00 52.00 3.00 35.00 65.00 0.00 18.00 2.00 65.00 76.00 65.00 9.00 0.00 90.00 31.00 9.00 0.00 64.00 27.00 57.00 82.00 40.00 1.00
90 0.00 0.00 0.00 10.00 96.00 5.00 75.00 77.00 98.00 0.00 84.00 61.00 0.00 79.00 47.00 11.00 0.00 44.00 48.00 18.00 97.00 0.00 70.00 7.00 23.00 52.00 67.00 11.00 0.00 35.00 0.00 70.00 11.00 34.00 62.00 25.00 0.00 23.00 0.00 98.00 25.00 98.00 45.00 61.00 76.00 55.00 97.00 50.00 0.00 51.00 0.00 0.00 0.00 0.00 39.00 19.00 0.00 4.00 93.00 55.00 0.00 70.00 0.00 0.00 0.00 0.00 90.00 0.00 43.00 0.00 0.00 52.00 78.00 12.00 41.00 0.00 67.00 0.00 67.00 55.00 0.00 93.00 17.00 19.00 13.00 81.00 17.00 0.00 10.00 90.00 0.00 0.00 33.00 24.00 45.00 23.00 24.00 77.00 96.00 79.00
91 12.00 49.00 14.00 38.00 88.00 0.00 87.00 6.00 33.00 21.00 0.00 39.00 0.00 91.00 90.00 8.00 47.00 22.00 0.00 79.00 100.00 13.00 26.00 58.00 0.00 7.00 41.00 0.00 94.00 32.00 0.00 26.00 69.00 51.00 63.00 0.00 89.00 9.00 78.00 65.00 84.00 0.00 72.00 53.00 64.00 58.00 0.00 99.00 3.00 75.00 0.00 74.00 0.00 25.00 84.00 44.00 66.00 0.00 9.00 0.00 85.00 56.00 24.00 66.00 61.00 44.00 54.00 88.00 71.00 49.00 19.00 91.00 43.00 0.00 72.00 31.00 0.00 76.00 32.00 0.00 44.00 0.00 2.00 59.00 92.00 0.00 91.00 57.00 56.00 31.00 0.00 0.00 0.00 48.00 0.00 0.00 42.00 2.00 0.00 43.00
92 22.00 84.00 50.00 18.00 0.00 93.00 19.00 85.00 58.00 53.00 88.00 52.00 81.00 79.00 70.00 79.00 92.00 0.00 63.00 74.00 53.00 11.00 0.00 15.00 22.00 0.00 23.00 38.00 50.00 66.00 49.00 94.00 78.00 27.00 29.00 45.00 0.00 78.00 0.00 99.00 62.00 47.00 76.00 62.00 70.00 28.00 68.00 0.00 16.00 92.00 97.00 77.00 9.00 33.00 57.00 0.00 99.00 7.00 0.00 99.00 33.00 4.00 91.00 56.00 0.00 62.00 52.00 36.00 0.00 8.00 28.00 90.00 88.00 45.00 0.00 56.00 75.00 0.00 35.00 0.00 0.00 0.00 0.00 58.00 4.00 0.00 57.00 60.00 72.00 9.00 33.00 0.00 0.00 53.00 25.00 19.00 74.00 60.00 7.00 98.00
93 0.00 36.00 0.00 20.00 55.00 70.00 28.00 9.00 53.00 82.00 1.00 72.00 0.00 0.00 19.00 64.00 79.00 28.00 66.00 0.00 16.00 0.00 20.00 60.00 17.00 16.00 58.00 47.00 87.00 10.00 79.00 26.00 2.00 19.00 16.00 84.00 58.00 0.00 83.00 86.00 98.00 10.00 77.00 0.00 17.00 64.00 34.00 4.00 41.00 87.00 87.00 7.00 20.00 0.00 67.00 86.00 0.00 4.00 83.00 30.00 64.00 96.00 0.00 16.00 27.00 98.00 57.00 0.00 32.00 59.00 97.00 49.00 28.00 50.00 24.00 79.00 0.00 63.00 18.00 0.00 29.00 56.00 98.00 0.00 15.00 0.00 0.00 6.00 2.00 0.00 24.00 48.00 53.00 0.00 55.00 67.00 43.00 68.00 52.00 94.00
94 54.00 45.00 10.00 0.00 0.00 0.00 0.00 78.00 52.00 70.00 88.00 42.00 100.00 0.00 51.00 6.00 69.00 69.00 59.00 26.00 34.00 85.00 69.00 86.00 84.00 98.00 37.00 78.00 45.00 36.00 5.00 40.00 32.00 89.00 56.00 97.00 38.00 0.00 20.00 86.00 0.00 0.00 37.00 0.00 0.00 95.00 62.00 0.00 40.00 0.00 86.00 23.00 36.00 46.00 14.00 70.00 97.00 0.00 25.00 7.00 42.00 0.00 94.00 81.00 42.00 94.00 61.00 88.00 0.00 12.00 78.00 25.00 0.00 39.00 68.00 45.00 20.00 0.00 5.00 75.00 0.00 24.00 0.00 29.00 36.00 44.00 67.00 0.00 35.00 64.00 45.00 0.00 25.00 55.00 0.00 2.00 0.00 83.00 68.00 5.00
95 0.00 85.00 94.00 53.00 0.00 73.00 0.00 65.00 74.00 17.00 0.00 100.00 0.00 18.00 0.00 0.00 0.00 0.00 53.00 18.00 54.00 43.00 23.00 86.00 92.00 24.00 15.00 50.00 15.00 0.00 93.00 61.00 24.00 0.00 53.00 3.00 82.00 78.00 0.00 39.00 18.00 67.00 11.00 4.00 80.00 99.00 0.00 0.00 2.00 0.00 33.00 69.00 70.00 0.00 25.00 79.00 71.00 32.00 98.00 74.00 94.00 27.00 40.00 0.00 4.00 80.00 10.00 7.00 93.00 0.00 70.00 0.00 51.00 0.00 0.00 2.00 40.00 0.00 0.00 40.00 37.00 19.00 83.00 8.00 0.00 75.00 0.00 98.00 30.00 27.00 23.00 0.00 19.00 67.00 2.00 0.00 79.00 40.00 61.00 4.00
96 0.00 2.00 83.00 66.00 92.00 85.00 54.00 7.00 55.00 49.00 66.00 2.00 72.00 67.00 15.00 0.00 88.00 5.00 98.00 0.00 0.00 38.00 19.00 40.00 14.00 0.00 66.00 4.00 22.00 63.00 98.00 0.00 19.00 69.00 51.00 88.00 0.00 90.00 92.00 58.00 0.00 15.00 8.00 0.00 40.00 43.00 29.00 42.00 92.00 43.00 81.00 0.00 0.00 61.00 7.00 0.00 7.00 91.00 56.00 0.00 86.00 84.00 9.00 99.00 45.00 0.00 22.00 3.00 54.00 80.00 0.00 0.00 0.00 86.00 51.00 81.00 90.00 0.00 32.00 84.00 8.00 76.00 96.00 22.00 60.00 21.00 76.00 86.00 83.00 57.00 24.00 42.00 74.00 43.00 0.00 79.00 0.00 35.00 35.00 94.00
97 86.00 8.00 48.00 99.00 0.00 99.00 82.00 52.00 48.00 0.00 99.00 99.00 100.00 9.00 58.00 33.00 99.00 78.00 0.00 14.00 96.00 63.00 76.00 61.00 98.00 9.00 6.00 95.00 3.00 75.00 0.00 75.00 99.00 81.00 38.00 54.00 60.00 0.00 0.00 92.00 78.00 0.00 45.00 73.00 35.00 62.00 10.00 39.00 59.00 84.00 82.00 0.00 71.00 65.00 0.00 0.00 35.00 41.00 62.00 34.00 77.00 60.00 77.00 0.00 0.00 73.00 1.00 4.00 87.00 63.00 12.00 0.00 23.00 0.00 25.00 0.00 69.00 70.00 0.00 0.00 0.00 0.00 1.00 40.00 92.00 10.00 37.00 0.00 63.00 82.00 77.00 2.00 60.00 68.00 83.00 40.00 35.00 0.00 97.00 0.00
98 32.00 80.00 44.00 64.00 22.00 17.00 0.00 0.00 0.00 13.00 28.00 36.00 51.00 76.00 12.00 19.00 92.00 36.00 85.00 40.00 68.00 59.00 0.00 21.00 86.00 0.00 0.00 72.00 0.00 48.00 39.00 55.00 70.00 9.00 0.00 0.00 48.00 32.00 52.00 85.00 0.00 0.00 0.00 48.00 59.00 17.00 0.00 93.00 0.00 27.00 4.00 0.00 0.00 0.00 76.00 76.00 50.00 36.00 14.00 0.00 23.00 13.00 0.00 71.00 18.00 21.00 0.00 20.00 94.00 0.00 0.00 58.00 34.00 34.00 0.00 0.00 7.00 100.00 49.00 63.00 0.00 30.00 0.00 0.00 25.00 43.00 14.00 69.00 83.00 40.00 96.00 0.00 7.00 52.00 68.00 61.00 35.00 97.00 0.00 66.00
99 50.00 75.00 10.00 45.00 50.00 54.00 48.00 16.00 0.00 22.00 55.00 73.00 54.00 0.00 26.00 59.00 0.00 0.00 0.00 98.00 54.00 26.00 37.00 0.00 62.00 91.00 36.00 0.00 49.00 17.00 85.00 16.00 0.00 0.00 41.00 32.00 88.00 11.00 100.00 0.00 83.00 94.00 43.00 65.00 16.00 81.00 0.00 59.00 41.00 60.00 5.00 63.00 13.00 50.00 51.00 43.00 38.00 65.00 38.00 94.00 35.00 59.00 0.00 6.00 2.00 98.00 62.00 24.00 48.00 0.00 0.00 14.00 26.00 24.00 58.00 0.00 0.00 0.00 76.00 17.00 1.00 56.00 36.00 76.00 40.00 58.00 91.00 0.00 19.00 1.00 79.00 43.00 98.00 94.00 5.00 4.00 94.00 0.00 66.00 0.00
mcp_obj 99
mcp_gap 0
mcp_x 1 1 1 1 1 1 1 1 1 1 1 1 1 1 1 1 1 1 1 1 1 1 1 1 1 1 1 1 1 1 1 1 1 1 1 1 1 1 1 1 1 1 1 1 1 1 1 1 1 1 1 1 1 1 1 1 1 1 1 1 1 0 1 1 1 1 1 1 1 1 1 1 1 1 1 1 1 1 1 1 1 1 1 1 1 1 1 1 1 1 1 1 1 1 1 1 1 1 1 1
