NAME N100_rc_0.7_rGamma_1_dc_0.035_dGamma_0.0005_jeu_100_50_10.txt
NUM_ITEMS 100
SOURCE r_100_50_10
PARAMETERS
r_c 0.7
r_Gamma 1
d_c 0.035
d_Gamma 0.0005

BOUNDS
c_lb 0.00
c_ub 175.19
Gamma_lb 21
Gamma_ub 25
B_i_1_lb 0.00 0.00 0.00 0.00 0.00 0.00 0.00 0.00 0.00 0.00 0.00 0.00 0.00 0.00 0.00 0.00 0.00 0.00 0.00 0.00 0.00 0.00 0.00 0.00 0.00 0.00 0.00 0.00 0.00 0.00 0.00 0.00 0.00 0.00 0.00 0.00 0.00 0.00 0.00 0.00 0.00 0.00 0.00 0.00 0.00 0.00 0.00 0.00 0.00 0.00 0.00 0.00 0.00 0.00 0.00 0.00 0.00 0.00 0.00 0.00 0.00 0.00 0.00 0.00 0.00 0.00 0.00 0.00 0.00 0.00 0.00 0.00 0.00 0.00 0.00 0.00 0.00 0.00 0.00 0.00 0.00 0.00 0.00 0.00 0.00 0.00 0.00 0.00 0.00 0.00 0.00 0.00 0.00 0.00 0.00 0.00 0.00 0.00 0.00 0.00
B_i_1_ub 90.58 94.29 74.44 69.25 88.43 85.32 70.72 81.02 91.55 101.66 74.69 89.68 100.69 103.20 84.41 76.12 90.60 86.83 97.24 95.55 86.10 92.44 111.76 91.80 97.62 74.49 90.93 101.68 77.83 87.03 83.38 109.57 97.83 105.89 90.08 110.52 80.22 63.31 89.75 77.68 88.79 82.21 82.86 94.17 84.81 82.14 100.86 90.36 84.80 101.10 87.59 77.05 77.67 73.32 105.42 80.47 101.56 80.72 86.58 68.18 81.34 70.69 68.96 103.37 79.09 100.94 70.99 81.06 93.30 78.43 103.11 73.74 105.90 79.82 111.70 105.83 74.91 73.98 91.76 72.21 92.85 98.81 90.57 78.61 98.22 77.23 103.48 64.36 69.41 96.71 102.11 91.37 81.93 76.97 111.48 86.67 92.32 84.93 90.07 88.81
B_i_0_lb 0.00 0.00 0.00 0.00 0.00 0.00 0.00 0.00 0.00 0.00 0.00 0.00 0.00 0.00 0.00 0.00 0.00 0.00 0.00 0.00 0.00 0.00 0.00 0.00 0.00 0.00 0.00 0.00 0.00 0.00 0.00 0.00 0.00 0.00 0.00 0.00 0.00 0.00 0.00 0.00 0.00 0.00 0.00 0.00 0.00 0.00 0.00 0.00 0.00 0.00 0.00 0.00 0.00 0.00 0.00 0.00 0.00 0.00 0.00 0.00 0.00 0.00 0.00 0.00 0.00 0.00 0.00 0.00 0.00 0.00 0.00 0.00 0.00 0.00 0.00 0.00 0.00 0.00 0.00 0.00 0.00 0.00 0.00 0.00 0.00 0.00 0.00 0.00 0.00 0.00 0.00 0.00 0.00 0.00 0.00 0.00 0.00 0.00 0.00 0.00
B_i_0_ub 90.58 94.29 74.44 69.25 88.43 85.32 70.72 81.02 91.55 101.66 74.69 89.68 100.69 103.20 84.41 76.12 90.60 86.83 97.24 95.55 86.10 92.44 111.76 91.80 97.62 74.49 90.93 101.68 77.83 87.03 83.38 109.57 97.83 105.89 90.08 110.52 80.22 63.31 89.75 77.68 88.79 82.21 82.86 94.17 84.81 82.14 100.86 90.36 84.80 101.10 87.59 77.05 77.67 73.32 105.42 80.47 101.56 80.72 86.58 68.18 81.34 70.69 68.96 103.37 79.09 100.94 70.99 81.06 93.30 78.43 103.11 73.74 105.90 79.82 111.70 105.83 74.91 73.98 91.76 72.21 92.85 98.81 90.57 78.61 98.22 77.23 103.48 64.36 69.41 96.71 102.11 91.37 81.93 76.97 111.48 86.67 92.32 84.93 90.07 88.81
c_i_1_lb 0.00 0.00 43.40 0.00 35.00 59.50 0.00 67.20 0.00 42.00 0.00 0.00 0.00 0.00 43.40 0.00 0.00 0.00 0.00 32.90 7.70 20.30 23.10 0.00 0.00 0.00 62.30 0.00 50.40 45.50 11.20 23.10 0.00 69.30 25.90 1.40 0.00 0.00 37.80 0.00 0.00 2.80 46.90 40.60 14.70 0.00 56.00 2.10 0.00 0.00 0.00 28.70 50.40 40.60 0.00 23.80 0.00 4.90 17.50 0.00 0.00 0.00 0.00 21.70 0.00 0.00 0.00 0.00 13.30 22.40 43.40 0.00 15.40 51.80 0.00 0.00 0.00 0.00 0.00 0.00 3.50 66.50 16.80 54.60 0.00 0.00 41.30 0.00 0.00 0.00 25.90 0.00 8.40 0.00 0.00 36.40 0.00 0.00 0.00 0.00
c_i_1_ub 90.58 94.29 117.84 69.25 123.43 144.82 70.72 148.22 91.55 143.66 74.69 89.68 100.69 103.20 127.81 76.12 90.60 86.83 97.24 128.45 93.80 112.74 134.86 91.80 97.62 74.49 153.23 101.68 128.23 132.53 94.58 132.67 97.83 175.19 115.98 111.92 80.22 63.31 127.55 77.68 88.79 85.01 129.76 134.77 99.51 82.14 156.86 92.46 84.80 101.10 87.59 105.75 128.07 113.92 105.42 104.27 101.56 85.62 104.08 68.18 81.34 70.69 68.96 125.07 79.09 100.94 70.99 81.06 106.60 100.83 146.51 73.74 121.30 131.62 111.70 105.83 74.91 73.98 91.76 72.21 96.35 165.31 107.37 133.21 98.22 77.23 144.78 64.36 69.41 96.71 128.01 91.37 90.33 76.97 111.48 123.07 92.32 84.93 90.07 88.81
c_i_0_lb 0.00 0.00 43.40 0.00 35.00 59.50 0.00 67.20 0.00 42.00 0.00 0.00 0.00 0.00 43.40 0.00 0.00 0.00 0.00 32.90 7.70 20.30 23.10 0.00 0.00 0.00 62.30 0.00 50.40 45.50 11.20 23.10 0.00 69.30 25.90 1.40 0.00 0.00 37.80 0.00 0.00 2.80 46.90 40.60 14.70 0.00 56.00 2.10 0.00 0.00 0.00 28.70 50.40 40.60 0.00 23.80 0.00 4.90 17.50 0.00 0.00 0.00 0.00 21.70 0.00 0.00 0.00 0.00 13.30 22.40 43.40 0.00 15.40 51.80 0.00 0.00 0.00 0.00 0.00 0.00 3.50 66.50 16.80 54.60 0.00 0.00 41.30 0.00 0.00 0.00 25.90 0.00 8.40 0.00 0.00 36.40 0.00 0.00 0.00 0.00
c_i_0_ub 90.58 94.29 117.84 69.25 123.43 144.82 70.72 148.22 91.55 143.66 74.69 89.68 100.69 103.20 127.81 76.12 90.60 86.83 97.24 128.45 93.80 112.74 134.86 91.80 97.62 74.49 153.23 101.68 128.23 132.53 94.58 132.67 97.83 175.19 115.98 111.92 80.22 63.31 127.55 77.68 88.79 85.01 129.76 134.77 99.51 82.14 156.86 92.46 84.80 101.10 87.59 105.75 128.07 113.92 105.42 104.27 101.56 85.62 104.08 68.18 81.34 70.69 68.96 125.07 79.09 100.94 70.99 81.06 106.60 100.83 146.51 73.74 121.30 131.62 111.70 105.83 74.91 73.98 91.76 72.21 96.35 165.31 107.37 133.21 98.22 77.23 144.78 64.36 69.41 96.71 128.01 91.37 90.33 76.97 111.48 123.07 92.32 84.93 90.07 88.81
c_1_lb 0.00
c_1_ub 175.19
c_0_lb 0.00
c_0_ub 175.19

BOUND_TIMES
k_max_time 0.003768
Gamma_ub_time 0.000116
B_i_1_lb_time 0.006040
B_i_1_ub_time 0.006292
B_i_0_lb_time 0.006285
B_i_0_ub_time 0.006390

DDRO_PARAMETERS
a_0 21
b_0i 0 0 0 0 0 0 0 0 0 0 0 0 0 0 0 0 0 0 0 0 0 0 1 0 0 0 0 0 0 0 0 0 0 0 0 1 0 0 0 0 0 0 0 0 0 0 0 0 0 0 0 0 0 0 0 0 0 0 0 0 0 0 0 0 0 0 0 0 0 0 0 0 0 0 1 0 0 0 0 0 0 0 0 0 0 0 0 0 0 0 0 0 0 0 1 0 0 0 0 0
a_i 0.00 0.00 43.40 0.00 35.00 59.50 0.00 67.20 0.00 42.00 0.00 0.00 0.00 0.00 43.40 0.00 0.00 0.00 0.00 32.90 7.70 20.30 23.10 0.00 0.00 0.00 62.30 0.00 50.40 45.50 11.20 23.10 0.00 69.30 25.90 1.40 0.00 0.00 37.80 0.00 0.00 2.80 46.90 40.60 14.70 0.00 56.00 2.10 0.00 0.00 0.00 28.70 50.40 40.60 0.00 23.80 0.00 4.90 17.50 0.00 0.00 0.00 0.00 21.70 0.00 0.00 0.00 0.00 13.30 22.40 43.40 0.00 15.40 51.80 0.00 0.00 0.00 0.00 0.00 0.00 3.50 66.50 16.80 54.60 0.00 0.00 41.30 0.00 0.00 0.00 25.90 0.00 8.40 0.00 0.00 36.40 0.00 0.00 0.00 0.00
b_ij
0 0.00 1.23 0.53 0.00 3.43 0.00 3.01 1.93 1.51 0.00 2.21 0.00 0.00 2.03 0.00 0.00 0.00 0.00 0.35 2.45 3.43 2.80 0.00 0.00 0.18 1.30 0.00 0.00 0.00 0.00 1.96 0.00 0.00 0.00 3.50 2.42 0.00 0.00 1.37 1.37 0.53 0.00 3.05 0.91 1.93 3.40 0.00 0.00 0.00 0.00 1.68 0.00 0.00 0.00 0.00 0.00 1.79 0.00 2.80 0.00 0.00 0.00 1.72 0.00 0.00 2.70 0.98 2.63 0.00 0.00 0.00 1.72 0.00 0.67 2.70 0.00 1.12 0.00 0.00 0.53 0.00 0.00 2.31 0.00 1.65 0.00 2.80 3.05 3.29 0.00 0.00 0.04 0.00 0.21 3.47 0.00 3.22 1.23 0.00 1.44
1 1.23 0.00 2.59 0.00 0.74 0.00 0.00 1.16 1.30 2.70 0.00 2.45 1.54 2.91 0.18 0.11 0.00 0.00 3.19 0.25 0.00 0.00 2.94 3.50 0.00 0.00 1.72 0.00 0.00 0.28 1.58 2.84 0.00 1.12 1.02 0.00 0.00 0.00 0.00 0.00 1.72 1.09 3.47 1.02 2.28 0.00 2.24 0.00 1.68 0.00 2.52 0.00 2.21 0.00 1.54 2.87 0.00 0.95 2.35 0.00 0.00 0.00 0.00 0.00 0.21 1.58 0.00 2.31 1.51 0.00 0.70 0.00 0.00 0.00 3.33 0.00 0.00 1.47 0.00 2.80 0.00 1.05 2.80 0.00 0.00 0.00 1.33 0.00 0.81 3.29 0.00 2.70 0.00 0.00 2.98 0.56 0.00 0.00 3.22 0.35
2 0.53 2.59 0.00 0.00 1.68 0.00 0.00 0.60 1.19 1.51 0.00 0.00 0.81 0.00 1.68 0.53 0.00 0.04 0.00 1.68 0.00 0.00 2.03 1.02 0.00 0.00 1.82 2.10 0.04 1.89 0.63 0.00 2.24 2.73 0.00 2.66 2.52 0.00 0.00 0.00 0.00 2.42 0.84 0.60 0.00 0.00 1.05 2.98 0.00 0.00 0.00 0.00 0.00 0.00 0.00 2.63 0.00 0.00 1.65 0.00 0.00 0.00 0.00 0.00 1.96 0.00 3.43 1.19 0.00 0.00 0.00 0.14 0.00 0.81 3.08 1.51 0.00 0.00 0.91 0.00 0.00 3.33 0.53 0.00 1.12 0.00 0.00 0.00 1.26 2.98 0.00 1.12 0.00 0.00 2.63 0.00 0.49 0.00 0.00 3.26
3 0.00 0.00 0.00 0.00 0.00 0.00 0.00 0.00 1.65 0.00 0.00 0.00 0.70 0.00 0.00 0.00 0.77 0.00 0.00 0.00 0.53 0.42 0.91 0.00 2.63 0.00 0.00 0.63 0.00 0.98 0.00 1.05 0.00 0.00 0.00 0.00 2.59 0.00 0.00 0.00 0.77 0.74 1.82 3.15 1.23 0.11 2.00 2.80 1.05 2.35 0.00 2.14 0.00 1.86 0.00 0.00 0.00 1.33 1.72 0.00 0.00 0.00 2.24 2.14 0.00 3.33 2.94 2.66 0.00 0.00 1.51 0.00 0.00 0.00 0.00 0.00 0.14 0.84 2.24 0.00 2.70 0.46 0.00 2.21 1.05 0.00 0.14 0.00 0.56 3.15 0.35 0.00 0.39 0.00 0.00 3.50 0.77 0.00 0.00 0.00
4 3.43 0.74 1.68 0.00 0.00 0.49 0.00 0.00 3.33 0.00 2.49 2.21 0.00 0.00 1.79 0.04 0.00 1.58 0.00 0.84 1.86 2.56 0.00 1.68 3.33 0.00 2.45 2.63 0.00 0.25 0.00 0.00 0.00 0.00 0.00 0.39 1.89 2.42 2.66 0.00 0.84 1.26 0.00 3.12 2.77 0.53 0.00 0.00 3.47 3.08 0.00 0.00 2.03 0.00 0.00 0.00 0.28 0.60 2.14 1.44 0.00 1.02 0.00 0.00 0.00 1.16 0.00 0.00 0.00 0.11 0.00 1.54 1.58 3.26 1.82 0.67 0.00 2.21 0.00 0.00 1.72 2.66 0.00 0.00 0.00 0.21 1.79 0.00 0.00 0.70 0.00 1.68 0.00 0.00 0.00 0.00 0.00 2.56 0.00 1.44
5 0.00 0.00 0.00 0.00 0.49 0.00 0.00 0.00 2.63 1.68 0.00 0.00 0.00 0.25 0.00 0.46 0.00 2.70 2.77 0.84 0.53 0.00 0.00 0.00 0.00 0.00 0.00 0.00 0.25 2.70 2.56 1.65 0.88 0.67 0.07 2.38 0.00 2.17 2.45 0.00 1.82 0.00 2.14 2.03 1.82 2.87 0.00 0.00 0.00 1.58 2.07 0.91 0.00 3.08 2.63 0.00 1.93 0.81 1.54 0.00 0.18 0.00 0.00 2.00 0.00 0.00 0.00 0.00 0.00 0.00 2.63 0.00 1.02 0.00 3.50 0.00 2.49 0.14 0.49 0.00 0.67 2.91 0.00 0.00 0.00 0.00 2.77 0.00 0.91 1.30 2.70 0.00 0.00 1.02 0.39 3.47 0.00 3.12 0.00 0.25
6 3.01 0.00 0.00 0.00 0.00 0.00 0.00 0.00 0.00 0.00 0.14 0.00 0.00 2.52 1.54 0.00 0.56 0.00 0.00 1.75 0.74 0.00 0.00 0.00 2.38 0.00 0.00 2.70 0.00 3.43 3.50 0.00 1.93 1.47 0.00 0.00 1.19 0.81 0.00 0.00 1.82 0.00 0.98 2.03 0.32 1.12 0.00 0.00 1.68 0.00 0.00 1.40 0.00 0.00 3.43 0.25 2.52 1.02 1.02 2.00 0.00 0.00 0.00 2.49 0.00 0.77 0.00 0.00 0.00 0.00 0.00 0.00 0.00 2.24 0.00 0.00 0.00 0.42 2.35 3.19 0.00 0.46 0.00 0.00 1.65 2.63 1.93 0.00 2.17 0.25 2.49 0.00 0.00 0.28 0.00 0.00 0.14 0.00 0.00 0.00
7 1.93 1.16 0.60 0.00 0.00 0.00 0.00 0.00 0.00 0.00 0.00 0.00 0.00 0.46 0.88 1.82 0.00 3.05 0.00 2.63 0.11 0.60 0.00 2.52 0.00 0.56 0.00 0.00 1.26 0.84 0.00 3.01 2.38 1.82 2.49 0.42 0.00 0.00 0.00 3.19 0.00 0.00 1.93 0.00 0.00 0.28 0.00 0.00 0.00 0.00 2.63 2.00 3.29 0.00 0.00 0.00 0.00 0.04 1.51 2.00 0.00 0.00 0.00 0.00 1.02 1.86 2.07 1.19 0.00 1.58 1.54 1.33 0.98 2.84 0.00 2.14 0.70 0.46 0.00 0.00 2.35 0.00 0.00 2.28 0.00 0.00 0.00 0.84 0.00 0.00 0.60 0.00 0.00 1.82 0.00 0.91 0.00 2.80 3.50 2.80
8 1.51 1.30 1.19 1.65 3.33 2.63 0.00 0.00 0.00 0.00 0.53 1.44 3.33 2.07 0.00 3.08 0.00 2.70 0.35 3.01 0.00 2.14 3.36 0.00 0.91 1.26 0.42 0.00 1.61 0.00 0.00 0.84 0.00 0.00 0.00 0.00 0.35 0.00 0.32 2.98 0.00 1.47 0.00 0.00 0.00 0.00 2.73 0.95 0.00 2.80 0.00 0.00 2.07 2.77 0.00 0.00 0.00 0.00 0.00 0.74 2.94 0.00 0.00 2.07 0.67 0.00 2.91 1.19 3.12 0.00 0.28 0.00 0.00 0.00 0.00 0.00 0.00 0.00 0.00 2.35 2.66 0.00 0.35 2.14 3.29 0.00 0.00 0.00 0.00 2.49 1.93 0.00 2.45 0.00 1.19 0.00 0.00 0.88 0.00 2.80
9 0.00 2.70 1.51 0.00 0.00 1.68 0.00 0.00 0.00 0.00 3.19 0.00 2.63 0.00 0.00 1.65 0.00 1.89 0.00 0.00 3.50 1.47 0.00 1.89 0.00 2.49 0.00 0.32 1.37 2.31 3.43 0.00 2.10 0.42 1.72 2.21 0.00 0.00 0.00 0.00 0.00 0.84 2.17 0.00 0.00 0.00 2.59 0.00 2.14 0.56 2.94 3.43 0.00 1.09 0.28 0.21 0.00 1.65 0.00 0.00 1.86 0.00 2.63 0.00 0.00 1.19 0.18 2.87 0.00 3.15 0.00 0.00 0.00 0.49 0.00 2.49 0.77 1.02 3.19 0.00 1.68 1.05 0.56 2.21 2.91 3.36 0.00 0.00 3.15 0.00 1.61 2.07 1.79 0.00 1.93 0.00 2.00 0.00 0.28 0.84
10 2.21 0.00 0.00 0.00 2.49 0.00 0.14 0.00 0.53 3.19 0.00 0.00 1.93 3.05 0.00 0.00 0.18 0.00 1.82 0.00 1.26 0.00 1.09 0.25 0.00 3.40 0.00 0.00 0.00 0.00 0.00 0.00 0.00 3.33 0.46 0.00 0.00 0.00 3.26 0.00 0.00 0.00 0.00 0.00 0.81 1.05 0.00 1.75 0.00 1.96 2.28 0.00 0.00 1.68 3.01 2.07 0.18 0.00 0.00 0.46 0.00 0.46 0.00 1.33 0.00 0.07 3.26 0.00 0.00 0.00 0.00 2.45 2.73 0.00 0.74 0.00 0.00 0.07 0.28 2.80 0.00 0.46 0.00 0.00 0.39 1.79 0.32 0.00 2.45 0.00 0.00 2.35 0.00 0.00 3.50 3.47 0.00 1.05 0.00 0.88
11 0.00 2.45 0.00 0.00 2.21 0.00 0.00 0.00 1.44 0.00 0.00 0.00 0.95 0.00 1.23 0.00 0.00 3.22 1.68 2.49 0.74 1.40 1.61 0.00 1.02 1.89 2.24 0.00 0.00 0.00 3.33 0.00 2.77 0.00 1.40 0.00 0.04 3.15 0.98 0.00 0.00 1.05 0.00 1.30 0.00 0.53 0.14 0.00 0.35 0.00 0.00 0.28 0.00 3.47 0.00 2.63 0.00 0.00 0.00 3.22 0.00 0.00 0.00 0.95 0.00 1.89 0.00 0.00 3.33 1.75 1.37 1.61 3.40 0.56 1.89 0.00 0.00 0.00 3.26 0.00 3.36 0.77 0.00 0.00 0.00 0.00 0.63 1.51 2.66 2.91 0.00 1.05 0.00 2.07 3.05 0.00 0.00 1.19 1.26 0.00
12 0.00 1.54 0.81 0.70 0.00 0.00 0.00 0.00 3.33 2.63 1.93 0.95 0.00 0.28 0.00 0.00 0.00 2.80 0.00 0.00 2.56 1.26 0.00 0.11 1.93 0.00 0.00 0.00 0.00 0.00 0.00 0.00 1.65 0.42 0.49 3.40 1.96 0.00 0.32 0.00 0.39 1.75 0.00 0.00 2.35 0.00 0.00 1.19 0.95 2.35 0.98 3.08 2.63 0.00 3.36 0.00 3.43 3.19 0.00 2.07 0.00 0.00 3.05 0.00 1.58 2.31 0.00 0.00 2.87 3.19 1.02 1.75 1.09 0.00 0.00 0.00 0.00 0.67 0.00 0.00 0.00 0.00 2.87 2.87 2.84 0.00 1.37 1.54 2.80 0.35 0.00 2.24 1.54 0.00 3.08 0.00 1.26 0.53 0.00 3.08
13 2.03 2.91 0.00 0.00 0.00 0.25 2.52 0.46 2.07 0.00 3.05 0.00 0.28 0.00 0.00 0.00 1.16 1.93 1.33 2.73 0.00 1.75 2.94 0.00 0.00 2.21 0.00 3.43 0.00 1.68 2.14 1.82 0.00 0.77 0.00 0.00 1.68 0.00 0.00 0.00 0.98 0.00 0.00 0.00 2.31 3.19 0.56 0.98 0.98 0.00 2.35 0.35 1.40 2.98 0.91 0.07 0.00 0.00 0.00 0.14 0.18 2.10 1.05 0.00 0.00 1.47 0.95 1.75 0.00 0.00 2.38 0.00 3.12 1.02 3.36 0.00 1.19 1.37 0.39 3.22 2.45 3.15 0.60 0.00 1.72 0.42 3.19 0.00 0.14 2.77 2.45 0.00 0.00 1.23 2.80 0.53 0.00 0.00 1.86 0.00
14 0.00 0.18 1.68 0.00 1.79 0.00 1.54 0.88 0.00 0.00 0.00 1.23 0.00 0.00 0.00 0.32 1.30 0.00 0.53 0.00 0.95 0.39 2.35 0.00 2.84 0.00 0.00 2.45 0.00 0.00 1.37 0.00 3.40 3.08 0.00 2.10 0.00 0.00 1.37 0.00 0.00 0.00 0.60 3.29 0.35 0.60 1.09 0.00 0.00 0.00 0.39 0.81 0.00 0.00 1.79 0.00 0.18 0.28 0.00 0.00 0.00 0.74 1.44 0.00 3.40 0.00 0.00 2.10 0.46 1.72 1.75 0.32 1.51 1.96 2.00 2.35 0.88 0.49 3.05 0.00 0.11 2.66 3.05 0.00 1.58 0.00 0.00 0.00 0.00 2.80 2.77 0.00 0.00 0.00 2.63 0.60 0.00 0.00 1.86 3.05
15 0.00 0.11 0.53 0.00 0.04 0.46 0.00 1.82 3.08 1.65 0.00 0.00 0.00 0.00 0.32 0.00 0.42 2.28 3.36 0.00 0.00 0.00 2.45 0.00 0.00 0.00 0.00 1.86 1.93 0.00 2.42 1.89 0.00 0.00 0.91 0.32 3.50 0.00 0.00 0.00 0.00 0.00 3.05 0.00 0.00 0.00 2.70 0.25 3.01 0.67 0.04 1.72 0.00 2.28 1.86 1.47 0.00 2.35 0.63 0.00 0.56 0.00 1.75 3.01 0.00 0.00 0.00 0.00 0.00 0.00 1.79 0.42 0.00 0.00 3.36 0.00 0.00 0.00 1.30 0.00 0.88 0.00 0.00 3.12 0.00 0.00 2.84 0.00 0.00 0.00 0.00 0.25 0.00 0.00 2.87 0.00 2.70 1.89 0.00 0.00
16 0.00 0.00 0.00 0.77 0.00 0.00 0.56 0.00 0.00 0.00 0.18 0.00 0.00 1.16 1.30 0.42 0.00 0.00 1.47 0.00 0.00 0.56 0.00 0.00 0.00 0.00 0.84 1.23 0.00 0.00 0.00 0.00 0.39 3.47 0.67 2.66 2.52 0.18 0.00 1.12 0.00 2.42 2.80 2.45 0.00 0.00 3.47 2.98 0.00 1.79 3.01 0.00 0.98 0.04 0.14 0.56 0.00 0.00 0.00 2.59 2.10 2.03 1.89 0.00 1.93 1.23 0.00 0.00 0.00 0.21 0.00 0.70 2.45 2.28 1.23 2.91 1.75 0.00 1.86 0.00 0.46 3.01 0.46 0.00 3.12 0.00 3.50 0.00 0.00 0.77 0.53 1.75 2.59 0.00 1.86 0.91 0.77 1.33 2.70 1.54
17 0.00 0.00 0.04 0.00 1.58 2.70 0.00 3.05 2.70 1.89 0.00 3.22 2.80 1.93 0.00 2.28 0.00 0.00 0.28 0.00 2.21 0.00 3.22 0.18 0.42 0.67 0.00 0.00 1.23 0.00 1.58 3.22 0.00 0.00 0.00 0.00 1.23 0.00 1.19 0.18 0.42 1.54 0.00 0.00 0.00 0.00 0.00 3.12 3.33 0.00 0.28 3.33 0.95 0.00 0.00 0.00 1.44 3.26 0.00 0.00 0.00 0.21 1.09 0.00 2.52 3.26 0.04 2.14 0.46 1.58 2.56 0.00 0.00 0.00 0.00 1.30 0.39 0.63 0.00 0.00 0.00 2.24 0.00 0.00 2.70 2.24 0.00 0.46 0.00 0.00 0.00 0.00 0.00 0.00 1.44 0.00 2.84 0.00 3.26 0.00
18 0.35 3.19 0.00 0.00 0.00 2.77 0.00 0.00 0.35 0.00 1.82 1.68 0.00 1.33 0.53 3.36 1.47 0.28 0.00 0.35 1.47 1.54 0.60 0.32 0.00 0.00 0.00 2.21 1.65 2.52 0.00 1.40 0.95 0.46 0.00 0.00 1.02 2.28 0.00 2.03 0.00 0.00 0.00 0.53 0.00 2.21 1.54 0.00 0.00 0.95 2.73 1.05 0.00 2.77 0.00 3.40 0.00 3.05 0.00 2.45 1.33 2.35 0.00 0.00 1.19 0.00 0.00 0.00 3.15 0.00 0.00 0.00 2.49 0.00 0.25 1.79 2.17 1.79 1.09 2.84 0.00 1.65 1.79 0.35 0.00 3.29 0.11 1.19 0.00 1.72 0.00 0.77 0.00 0.21 0.04 1.75 2.31 0.00 2.77 2.24
19 2.45 0.25 1.68 0.00 0.84 0.84 1.75 2.63 3.01 0.00 0.00 2.49 0.00 2.73 0.00 0.00 0.00 0.00 0.35 0.00 0.00 0.00 0.00 0.00 0.00 0.00 2.10 2.98 0.00 3.15 0.00 2.14 1.68 0.00 3.19 0.00 0.00 0.00 0.00 2.84 3.26 0.00 2.07 3.19 0.00 0.00 0.00 0.00 3.26 0.00 2.56 2.63 0.53 0.98 0.00 1.19 3.08 3.01 3.47 0.00 2.28 0.00 0.00 0.00 1.37 2.17 3.12 0.63 0.00 2.31 1.19 0.00 0.00 0.00 1.58 0.00 0.00 0.00 2.03 0.00 0.56 3.08 2.31 0.00 0.00 0.00 0.00 0.00 0.00 1.61 0.00 0.98 0.67 1.09 0.00 0.00 0.00 0.00 0.00 2.24
20 3.43 0.00 0.00 0.53 1.86 0.53 0.74 0.11 0.00 3.50 1.26 0.74 2.56 0.00 0.95 0.00 0.00 2.21 1.47 0.00 0.00 0.00 2.17 0.00 2.17 0.00 3.08 3.40 0.00 1.58 0.00 2.49 1.82 0.00 2.14 0.42 0.00 0.00 0.00 0.00 3.26 0.00 1.44 1.65 0.00 0.00 0.67 0.00 0.00 1.79 0.00 0.00 0.00 0.00 0.00 0.00 1.51 0.00 3.26 0.74 0.00 0.00 2.52 1.40 0.00 0.00 0.00 2.52 3.26 1.86 1.09 0.00 0.11 2.87 0.00 0.00 0.88 0.00 3.26 0.42 0.00 0.00 0.00 0.00 0.00 3.29 0.00 2.80 0.00 0.00 0.00 0.00 0.00 0.00 0.00 0.53 0.56 0.00 3.29 1.96
21 2.80 0.00 0.00 0.42 2.56 0.00 0.00 0.60 2.14 1.47 0.00 1.40 1.26 1.75 0.39 0.00 0.56 0.00 1.54 0.00 0.00 0.00 0.00 0.00 0.00 0.00 0.74 0.67 0.00 0.00 0.35 2.56 0.00 2.24 2.35 0.67 0.00 0.00 1.86 0.00 0.56 0.77 0.00 0.00 0.49 0.00 0.00 1.54 2.17 0.91 0.81 2.07 0.00 3.12 2.59 0.00 0.00 0.00 0.00 0.00 0.00 0.00 0.00 1.93 0.00 2.77 0.00 1.58 0.00 0.00 2.49 2.10 0.00 2.52 3.08 0.00 2.28 0.88 2.42 0.60 2.07 2.73 2.80 0.00 0.00 0.00 2.28 1.86 0.11 0.00 2.80 1.58 2.21 0.00 2.98 0.00 2.14 0.00 2.87 0.00
22 0.00 2.94 2.03 0.91 0.00 0.00 0.00 0.00 3.36 0.00 1.09 1.61 0.00 2.94 2.35 2.45 0.00 3.22 0.60 0.00 2.17 0.00 0.00 2.03 0.00 2.24 3.50 0.74 2.80 2.91 0.00 3.26 0.00 3.50 0.00 1.16 0.18 0.00 2.66 0.00 3.40 0.00 0.00 0.00 3.36 0.00 3.15 3.26 0.00 0.00 1.61 0.00 0.00 0.00 0.00 3.22 0.00 3.19 0.00 0.81 2.70 0.81 0.00 0.95 0.00 0.00 0.00 3.19 2.70 0.00 0.42 0.00 2.24 0.00 0.00 1.16 0.00 3.29 3.12 0.81 0.00 3.05 0.00 0.00 1.05 0.00 3.22 0.88 0.00 3.36 0.00 1.47 3.36 0.00 0.00 0.00 0.00 1.33 0.00 0.00
23 0.00 3.50 1.02 0.00 1.68 0.00 0.00 2.52 0.00 1.89 0.25 0.00 0.11 0.00 0.00 0.00 0.00 0.18 0.32 0.00 0.00 0.00 2.03 0.00 0.00 0.00 1.89 0.00 0.00 1.44 0.00 0.00 0.00 3.12 0.00 2.45 2.77 1.12 2.21 0.00 0.00 0.35 0.00 2.42 2.21 0.42 0.00 0.00 0.00 0.00 3.15 1.44 0.00 0.00 2.94 3.43 2.07 0.00 0.00 0.00 0.00 0.00 0.00 0.21 1.12 0.00 0.00 3.19 1.86 0.00 3.29 3.47 0.00 0.00 0.00 1.93 3.05 0.18 0.67 2.10 1.82 0.00 0.00 0.00 2.77 2.35 3.33 0.00 0.53 0.00 1.96 0.00 3.08 0.00 2.70 2.42 0.00 1.58 0.00 1.26
24 0.18 0.00 0.00 2.63 3.33 0.00 2.38 0.00 0.91 0.00 0.00 1.02 1.93 0.00 2.84 0.00 0.00 0.42 0.00 0.00 2.17 0.00 0.00 0.00 0.00 2.59 0.00 0.00 0.00 0.00 1.75 2.14 3.12 0.00 2.80 1.40 0.00 0.00 1.40 1.68 1.79 0.00 0.00 0.00 1.65 0.00 3.29 3.15 1.68 0.00 0.00 0.00 0.00 0.00 0.00 0.00 0.00 0.00 2.07 3.47 2.80 0.60 0.70 0.00 0.00 0.00 0.35 2.21 0.00 0.00 0.00 0.42 0.14 0.00 2.84 2.66 0.00 0.00 2.00 3.40 1.19 3.12 0.00 1.19 1.54 0.00 0.35 2.42 2.80 2.35 1.12 1.68 3.47 1.40 2.94 0.00 2.14 0.00 0.00 0.00
25 1.30 0.00 0.00 0.00 0.00 0.00 0.00 0.56 1.26 2.49 3.40 1.89 0.00 2.21 0.00 0.00 0.00 0.67 0.00 0.00 0.00 0.00 2.24 0.00 2.59 0.00 1.65 0.00 2.45 0.00 0.53 0.25 3.26 0.53 3.43 1.30 3.47 0.00 2.03 0.00 0.95 0.88 0.00 0.07 1.51 0.00 0.00 0.07 0.00 2.00 0.00 0.00 0.00 0.00 0.00 1.54 2.52 1.61 0.46 0.00 1.12 1.40 0.00 0.00 0.00 0.00 2.03 0.00 0.00 0.00 0.00 0.00 0.00 0.00 2.17 0.00 1.65 1.47 2.87 0.00 0.00 0.67 0.00 0.00 0.00 2.45 2.03 0.00 0.00 1.51 0.28 2.91 0.00 0.28 0.00 0.00 0.53 0.00 0.00 2.00
26 0.00 1.72 1.82 0.00 2.45 0.00 0.00 0.00 0.42 0.00 0.00 2.24 0.00 0.00 0.00 0.00 0.84 0.00 0.00 2.10 3.08 0.74 3.50 1.89 0.00 1.65 0.00 3.22 1.72 1.37 2.21 0.00 1.82 0.00 1.02 0.00 0.00 0.56 2.14 0.00 1.75 0.00 0.00 0.53 1.68 1.23 1.02 0.00 0.00 0.63 0.00 0.81 0.00 0.00 1.75 1.16 0.00 1.54 0.00 0.00 2.98 0.00 1.96 0.00 0.95 0.00 2.73 0.91 0.04 0.00 2.63 3.47 0.00 0.00 2.35 3.33 0.00 0.00 0.00 1.09 2.70 1.65 2.80 0.00 3.40 0.00 0.00 0.00 0.60 0.00 1.44 0.00 1.58 0.00 3.47 0.00 1.40 0.84 0.00 0.00
27 0.00 0.00 2.10 0.63 2.63 0.00 2.70 0.00 0.00 0.32 0.00 0.00 0.00 3.43 2.45 1.86 1.23 0.00 2.21 2.98 3.40 0.67 0.74 0.00 0.00 0.00 3.22 0.00 0.00 0.49 0.00 2.66 0.00 0.00 0.00 2.84 0.00 0.00 0.00 2.63 0.00 0.00 0.91 2.00 0.00 0.00 3.15 0.00 0.00 1.23 0.00 2.66 0.00 1.16 0.00 0.00 0.95 0.91 0.00 0.00 0.46 0.00 2.66 0.21 1.16 3.12 0.00 0.00 2.35 0.04 3.19 2.59 2.73 0.00 3.12 0.00 2.28 2.80 0.74 0.00 0.00 2.73 2.45 2.84 1.82 2.10 2.73 0.00 1.09 0.00 2.17 1.12 0.00 0.00 0.00 0.46 0.00 0.32 2.24 0.00
28 0.00 0.00 0.04 0.00 0.00 0.25 0.00 1.26 1.61 1.37 0.00 0.00 0.00 0.00 0.00 1.93 0.00 1.23 1.65 0.00 0.00 0.00 2.80 0.00 0.00 2.45 1.72 0.00 0.00 0.56 0.00 3.19 0.00 0.35 0.25 0.00 0.00 0.00 1.33 2.94 1.61 1.58 1.72 0.00 2.66 2.77 2.24 0.00 0.00 0.00 0.00 0.00 1.19 0.00 3.19 0.00 2.56 3.26 0.00 0.00 3.05 0.00 0.21 2.77 0.00 0.00 0.04 1.44 1.89 0.00 0.00 1.44 0.00 0.00 0.56 0.00 2.21 2.63 0.00 0.00 0.00 0.00 0.00 2.28 0.00 0.28 0.00 0.00 0.00 0.00 2.73 0.00 0.60 0.00 0.74 1.19 2.73 0.46 0.00 2.87
29 0.00 0.28 1.89 0.98 0.25 2.70 3.43 0.84 0.00 2.31 0.00 0.00 0.00 1.68 0.00 0.00 0.00 0.00 2.52 3.15 1.58 0.00 2.91 1.44 0.00 0.00 1.37 0.49 0.56 0.00 0.00 0.00 0.00 2.14 0.00 3.47 0.00 0.00 2.70 1.47 2.07 0.00 0.00 0.35 2.98 1.23 0.00 0.00 0.70 3.29 0.00 0.00 0.00 3.47 2.28 0.00 1.96 0.00 0.00 0.00 0.84 0.00 0.39 0.00 1.26 0.74 2.21 0.42 0.00 3.19 0.46 1.12 0.00 0.70 0.00 1.16 1.79 0.00 1.19 0.00 3.15 0.00 0.00 1.79 3.29 0.00 0.11 0.00 0.04 0.00 0.00 0.00 0.00 0.98 1.47 0.00 0.95 0.00 3.29 0.00
30 1.96 1.58 0.63 0.00 0.00 2.56 3.50 0.00 0.00 3.43 0.00 3.33 0.00 2.14 1.37 2.42 0.00 1.58 0.00 0.00 0.00 0.35 0.00 0.00 1.75 0.53 2.21 0.00 0.00 0.00 0.00 0.00 1.72 0.56 3.22 0.00 0.00 0.00 0.00 0.00 0.00 2.70 0.00 0.00 0.67 0.00 2.24 0.00 0.67 0.53 0.00 0.60 0.39 0.21 0.00 0.00 0.00 2.42 0.00 0.00 3.01 2.56 1.96 0.00 2.24 2.84 1.79 0.00 0.91 0.00 0.00 3.22 0.00 1.96 0.00 1.82 0.00 0.56 0.00 0.00 0.00 0.00 1.82 1.47 1.33 0.00 0.00 0.00 0.00 0.00 0.56 0.00 0.67 1.54 1.72 2.98 1.61 1.54 0.00 0.00
31 0.00 2.84 0.00 1.05 0.00 1.65 0.00 3.01 0.84 0.00 0.00 0.00 0.00 1.82 0.00 1.89 0.00 3.22 1.40 2.14 2.49 2.56 3.26 0.00 2.14 0.25 0.00 2.66 3.19 0.00 0.00 0.00 0.74 0.00 2.17 0.00 1.89 0.00 0.56 0.00 2.91 0.04 2.17 0.00 0.00 3.47 0.00 0.00 1.09 3.29 2.80 0.00 1.16 0.00 1.68 0.74 2.24 0.91 0.00 0.00 3.50 2.45 2.80 3.40 0.00 1.19 0.00 0.00 0.00 0.00 0.00 0.00 0.00 2.14 2.00 1.72 2.00 0.00 3.43 0.77 0.00 0.00 1.93 0.84 2.94 2.73 2.31 2.17 1.02 0.49 1.72 0.00 0.00 1.96 0.00 0.84 0.18 0.00 0.77 0.00
32 0.00 0.00 2.24 0.00 0.00 0.88 1.93 2.38 0.00 2.10 0.00 2.77 1.65 0.00 3.40 0.00 0.39 0.00 0.95 1.68 1.82 0.00 0.00 0.00 3.12 3.26 1.82 0.00 0.00 0.00 1.72 0.74 0.00 0.00 0.00 0.00 0.00 1.61 0.00 2.00 0.00 0.00 0.95 0.00 0.00 3.33 3.40 1.96 0.00 0.00 0.00 2.94 2.63 0.00 1.82 0.00 0.00 0.00 3.50 3.36 0.00 0.00 0.00 0.00 0.00 0.00 2.87 0.00 0.00 0.00 0.00 0.00 2.59 1.02 0.00 3.26 0.00 0.00 0.00 1.51 3.19 0.00 0.00 3.19 0.00 1.33 2.77 0.00 0.00 2.52 2.87 3.22 2.94 0.91 2.24 0.00 0.00 1.05 0.00 0.00
33 0.00 1.12 2.73 0.00 0.00 0.67 1.47 1.82 0.00 0.42 3.33 0.00 0.42 0.77 3.08 0.00 3.47 0.00 0.46 0.00 0.00 2.24 3.50 3.12 0.00 0.53 0.00 0.00 0.35 2.14 0.56 0.00 0.00 0.00 0.60 2.91 1.12 3.05 0.00 1.40 1.47 0.00 0.00 0.00 3.47 0.00 0.88 0.70 3.50 0.00 0.00 2.52 2.52 0.00 0.00 0.00 0.00 0.00 2.42 2.91 2.17 2.91 0.49 0.00 2.73 0.00 0.00 0.00 0.00 0.70 0.00 0.00 0.88 0.00 0.49 3.33 3.22 0.00 0.00 2.14 2.42 0.00 3.01 0.00 0.84 2.66 0.00 0.00 0.00 0.00 3.43 2.21 0.56 2.91 0.00 3.19 3.12 0.00 0.00 0.81
34 3.50 1.02 0.00 0.00 0.00 0.07 0.00 2.49 0.00 1.72 0.46 1.40 0.49 0.00 0.00 0.91 0.67 0.00 0.00 3.19 2.14 2.35 0.00 0.00 2.80 3.43 1.02 0.00 0.25 0.00 3.22 2.17 0.00 0.60 0.00 1.89 0.00 0.00 0.00 0.00 0.00 0.00 0.00 2.49 0.00 0.00 1.23 2.21 0.00 1.44 3.40 0.00 1.89 1.68 3.33 0.00 2.70 0.00 0.00 0.00 0.00 0.00 0.00 0.00 0.00 0.00 0.00 2.63 3.01 1.33 0.21 0.00 2.87 0.32 3.29 0.00 0.00 3.29 2.87 1.68 0.00 1.58 1.75 2.42 2.70 0.00 0.00 0.00 0.00 0.88 0.00 2.00 0.00 0.00 0.70 0.00 0.00 0.39 0.00 0.00
35 2.42 0.00 2.66 0.00 0.39 2.38 0.00 0.42 0.00 2.21 0.00 0.00 3.40 0.00 2.10 0.32 2.66 0.00 0.00 0.00 0.42 0.67 1.16 2.45 1.40 1.30 0.00 2.84 0.00 3.47 0.00 0.00 0.00 2.91 1.89 0.00 0.00 0.00 0.00 0.00 0.00 0.95 0.00 2.14 1.02 1.33 2.70 0.60 0.00 2.73 0.00 0.00 1.16 0.00 2.73 0.32 3.33 0.00 3.22 0.00 0.00 0.32 1.82 2.28 0.00 0.00 2.98 0.91 1.16 2.42 3.43 0.00 0.56 2.49 1.09 2.59 1.23 0.00 0.00 0.00 0.00 0.00 2.10 1.68 3.19 0.00 3.26 1.12 3.36 1.33 1.54 0.00 2.49 2.70 0.00 0.00 0.00 0.00 1.86 2.91
36 0.00 0.00 2.52 2.59 1.89 0.00 1.19 0.00 0.35 0.00 0.00 0.04 1.96 1.68 0.00 3.50 2.52 1.23 1.02 0.00 0.00 0.00 0.18 2.77 0.00 3.47 0.00 0.00 0.00 0.00 0.00 1.89 0.00 1.12 0.00 0.00 0.00 0.00 0.00 0.00 1.61 0.00 1.37 0.00 0.00 0.32 3.12 0.00 3.50 0.00 0.00 0.00 3.15 1.37 0.00 0.00 0.00 0.00 3.47 1.93 0.00 0.00 3.36 0.00 1.05 0.67 1.96 0.00 0.67 0.00 1.05 0.00 0.00 0.00 3.26 0.81 0.00 0.00 1.72 0.00 0.00 3.26 0.00 2.31 0.42 0.00 0.00 0.88 0.00 1.26 0.00 0.00 2.49 0.00 2.14 0.14 0.00 3.01 0.00 0.00
37 0.00 0.00 0.00 0.00 2.42 2.17 0.81 0.00 0.00 0.00 0.00 3.15 0.00 0.00 0.00 0.00 0.18 0.00 2.28 0.00 0.00 0.00 0.00 1.12 0.00 0.00 0.56 0.00 0.00 0.00 0.00 0.00 1.61 3.05 0.00 0.00 0.00 0.00 0.00 0.00 0.00 2.91 0.00 0.00 3.40 0.00 0.00 0.00 0.00 0.25 0.00 0.00 0.00 1.16 2.14 2.73 0.00 0.00 2.49 0.00 0.00 0.28 0.00 0.00 0.00 0.00 0.00 0.14 0.67 3.22 1.89 0.04 2.28 2.66 0.74 2.98 0.00 1.33 0.00 0.07 3.12 0.00 0.00 0.00 3.15 0.00 0.39 0.14 0.91 0.14 2.59 0.00 0.00 1.79 0.00 0.00 0.00 2.35 0.00 0.00
38 1.37 0.00 0.00 0.00 2.66 2.45 0.00 0.00 0.32 0.00 3.26 0.98 0.32 0.00 1.37 0.00 0.00 1.19 0.00 0.00 0.00 1.86 2.66 2.21 1.40 2.03 2.14 0.00 1.33 2.70 0.00 0.56 0.00 0.00 0.00 0.00 0.00 0.00 0.00 2.10 0.00 3.01 0.39 3.01 0.00 1.19 0.00 0.00 0.00 0.11 0.00 2.24 0.00 0.00 0.00 0.00 0.00 2.14 2.00 0.00 0.00 0.00 0.42 0.00 3.15 0.46 0.00 0.00 2.77 0.49 2.00 1.12 0.00 0.67 3.01 0.00 2.07 0.00 2.42 0.00 1.37 0.70 2.45 0.00 0.00 3.19 0.00 0.00 0.00 0.00 3.50 3.15 1.61 0.00 0.67 2.59 3.36 0.00 1.58 0.00
39 1.37 0.00 0.00 0.00 0.00 0.00 0.00 3.19 2.98 0.00 0.00 0.00 0.00 0.00 0.00 0.00 1.12 0.18 2.03 2.84 0.00 0.00 0.00 0.00 1.68 0.00 0.00 2.63 2.94 1.47 0.00 0.00 2.00 1.40 0.00 0.00 0.00 0.00 2.10 0.00 0.00 0.00 0.00 0.53 0.00 0.00 1.75 0.00 0.00 0.25 0.00 0.00 2.70 0.00 0.00 0.00 2.28 0.77 0.67 2.24 0.39 2.59 1.72 3.50 0.00 0.00 2.14 0.00 0.00 0.00 0.00 0.00 1.75 3.05 0.21 0.00 1.72 0.00 0.56 0.00 0.00 0.67 0.00 0.00 0.00 3.08 2.98 0.00 0.00 0.00 0.00 2.38 3.33 3.15 0.00 1.93 0.25 0.00 2.07 1.09
40 0.53 1.72 0.00 0.77 0.84 1.82 1.82 0.00 0.00 0.00 0.00 0.00 0.39 0.98 0.00 0.00 0.00 0.42 0.00 3.26 3.26 0.56 3.40 0.00 1.79 0.95 1.75 0.00 1.61 2.07 0.00 2.91 0.00 1.47 0.00 0.00 1.61 0.00 0.00 0.00 0.00 3.29 0.00 0.00 0.00 0.21 1.26 2.00 1.58 2.17 1.72 0.00 0.00 0.60 0.00 0.00 0.00 1.79 0.00 0.00 0.00 3.47 0.00 0.00 0.77 0.00 1.30 0.28 0.00 2.94 1.51 0.25 2.00 0.70 0.00 2.66 1.72 1.23 3.19 2.70 0.49 0.14 3.29 0.00 0.00 0.49 0.77 0.00 0.00 0.00 0.53 0.00 0.00 0.00 1.44 1.96 3.12 0.00 2.38 0.91
41 0.00 1.09 2.42 0.74 1.26 0.00 0.00 0.00 1.47 0.84 0.00 1.05 1.75 0.00 0.00 0.00 2.42 1.54 0.00 0.00 0.00 0.77 0.00 0.35 0.00 0.88 0.00 0.00 1.58 0.00 2.70 0.04 0.00 0.00 0.00 0.95 0.00 2.91 3.01 0.00 3.29 0.00 0.00 0.00 0.00 0.70 0.70 0.00 1.16 0.88 0.04 1.40 2.17 0.00 3.40 0.00 2.63 1.09 0.00 2.03 0.00 0.00 0.00 2.84 0.32 0.00 0.00 2.84 2.07 3.05 0.00 0.42 0.00 2.00 0.25 0.00 0.00 0.00 0.00 0.00 0.00 2.14 2.77 0.95 1.54 1.86 0.00 0.00 0.00 1.75 3.29 3.43 0.00 0.00 3.43 0.00 0.00 0.00 0.00 0.00
42 3.05 3.47 0.84 1.82 0.00 2.14 0.98 1.93 0.00 2.17 0.00 0.00 0.00 0.00 0.60 3.05 2.80 0.00 0.00 2.07 1.44 0.00 0.00 0.00 0.00 0.00 0.00 0.91 1.72 0.00 0.00 2.17 0.95 0.00 0.00 0.00 1.37 0.00 0.39 0.00 0.00 0.00 0.00 0.49 0.00 0.00 0.00 3.22 0.00 1.44 0.00 0.46 0.00 0.00 1.51 2.98 2.63 0.00 3.12 0.00 0.00 0.00 0.00 0.00 2.77 2.59 2.38 2.98 2.70 0.60 0.00 0.00 0.00 0.11 2.21 0.00 0.00 1.51 0.32 0.00 0.00 2.56 0.32 1.19 0.00 0.00 0.00 2.73 0.14 0.00 2.91 0.00 0.00 0.00 2.91 0.00 2.21 0.00 0.00 0.00
43 0.91 1.02 0.60 3.15 3.12 2.03 2.03 0.00 0.00 0.00 0.00 1.30 0.00 0.00 3.29 0.00 2.45 0.00 0.53 3.19 1.65 0.00 0.00 2.42 0.00 0.07 0.53 2.00 0.00 0.35 0.00 0.00 0.00 0.00 2.49 2.14 0.00 0.00 3.01 0.53 0.00 0.00 0.49 0.00 0.00 2.98 0.98 2.03 1.82 0.00 0.00 0.74 1.68 0.42 2.10 0.00 2.98 0.00 0.00 0.00 2.17 0.00 0.00 3.12 0.00 0.91 0.00 0.63 0.00 0.74 3.22 0.00 0.84 2.14 0.00 0.00 0.00 0.00 1.79 2.21 0.00 0.00 0.00 2.14 0.00 1.47 2.07 0.00 0.00 0.00 1.75 0.00 0.67 0.81 1.75 2.24 1.54 3.01 3.50 0.42
44 1.93 2.28 0.00 1.23 2.77 1.82 0.32 0.00 0.00 0.00 0.81 0.00 2.35 2.31 0.35 0.00 0.00 0.00 0.00 0.00 0.00 0.49 3.36 2.21 1.65 1.51 1.68 0.00 2.66 2.98 0.67 0.00 0.00 3.47 0.00 1.02 0.00 3.40 0.00 0.00 0.00 0.00 0.00 0.00 0.00 1.05 1.65 0.00 1.72 1.79 0.00 0.00 2.52 0.00 1.33 2.00 0.00 2.14 0.14 0.00 0.00 0.00 2.66 1.33 0.00 0.00 0.00 0.00 0.00 0.00 1.44 0.00 1.02 0.00 0.25 2.42 0.70 1.12 0.91 0.00 2.91 0.00 2.42 0.00 2.49 1.37 0.00 3.36 0.00 0.00 0.00 0.00 0.00 0.00 3.15 0.00 0.00 0.00 0.00 1.65
45 3.40 0.00 0.00 0.11 0.53 2.87 1.12 0.28 0.00 0.00 1.05 0.53 0.00 3.19 0.60 0.00 0.00 0.00 2.21 0.00 0.00 0.00 0.00 0.42 0.00 0.00 1.23 0.00 2.77 1.23 0.00 3.47 3.33 0.00 0.00 1.33 0.32 0.00 1.19 0.00 0.21 0.70 0.00 2.98 1.05 0.00 1.79 1.86 2.03 3.12 0.00 0.00 3.12 1.37 0.00 0.00 2.07 0.00 0.00 0.00 0.28 1.82 0.00 1.89 0.00 0.95 0.00 0.00 0.42 3.29 0.00 0.00 0.00 0.00 2.10 0.00 0.70 0.00 0.00 0.00 0.14 0.00 0.00 0.88 0.00 0.00 2.21 0.00 1.30 3.12 3.08 0.00 0.00 2.10 2.21 0.28 1.33 1.75 0.81 0.00
46 0.00 2.24 1.05 2.00 0.00 0.00 0.00 0.00 2.73 2.59 0.00 0.14 0.00 0.56 1.09 2.70 3.47 0.00 1.54 0.00 0.67 0.00 3.15 0.00 3.29 0.00 1.02 3.15 2.24 0.00 2.24 0.00 3.40 0.88 1.23 2.70 3.12 0.00 0.00 1.75 1.26 0.70 0.00 0.98 1.65 1.79 0.00 0.00 0.00 3.01 0.81 0.00 2.77 0.00 0.00 2.70 0.21 0.00 1.12 0.00 1.86 0.00 0.00 3.05 2.00 0.00 0.00 2.03 0.00 0.00 2.00 0.00 3.33 1.79 0.00 0.00 0.00 1.89 0.00 1.02 3.22 0.00 0.00 0.00 0.00 1.72 0.00 0.00 0.00 0.00 0.00 0.00 2.94 2.42 1.96 0.81 2.87 0.00 0.00 0.00
47 0.00 0.00 2.98 2.80 0.00 0.00 0.00 0.00 0.95 0.00 1.75 0.00 1.19 0.98 0.00 0.25 2.98 3.12 0.00 0.00 0.00 1.54 3.26 0.00 3.15 0.07 0.00 0.00 0.00 0.00 0.00 0.00 1.96 0.70 2.21 0.60 0.00 0.00 0.00 0.00 2.00 0.00 3.22 2.03 0.00 1.86 0.00 0.00 0.04 1.96 0.00 0.00 0.00 3.26 2.17 3.08 0.00 0.00 0.00 1.09 2.10 0.00 0.00 1.30 0.00 3.36 0.00 0.00 0.00 0.63 1.05 0.00 3.36 0.63 0.00 0.00 0.00 0.00 1.26 0.00 3.40 2.70 0.00 0.00 0.00 0.00 3.43 0.00 3.19 3.47 2.70 3.43 0.00 0.00 2.24 0.00 0.00 0.00 0.91 0.00
48 0.00 1.68 0.00 1.05 3.47 0.00 1.68 0.00 0.00 2.14 0.00 0.35 0.95 0.98 0.00 3.01 0.00 3.33 0.00 3.26 0.00 2.17 0.00 0.00 1.68 0.00 0.00 0.00 0.00 0.70 0.67 1.09 0.00 3.50 0.00 0.00 3.50 0.00 0.00 0.00 1.58 1.16 0.00 1.82 1.72 2.03 0.00 0.04 0.00 0.00 3.19 0.14 3.08 3.36 0.00 0.00 0.00 0.39 2.00 0.00 1.51 1.23 0.00 2.84 0.00 0.00 0.00 0.00 0.00 0.00 0.00 0.00 0.00 2.56 0.00 0.00 1.75 3.26 0.00 0.00 0.00 0.21 0.00 0.00 3.05 0.00 2.35 1.23 0.39 0.42 0.07 1.79 0.00 0.63 0.04 0.14 0.00 3.40 0.00 2.21
49 0.00 0.00 0.00 2.35 3.08 1.58 0.00 0.00 2.80 0.56 1.96 0.00 2.35 0.00 0.00 0.67 1.79 0.00 0.95 0.00 1.79 0.91 0.00 0.00 0.00 2.00 0.63 1.23 0.00 3.29 0.53 3.29 0.00 0.00 1.44 2.73 0.00 0.25 0.11 0.25 2.17 0.88 1.44 0.00 1.79 3.12 3.01 1.96 0.00 0.00 2.00 0.11 0.00 0.91 0.00 0.84 2.70 0.00 0.00 0.00 0.00 2.56 0.00 0.00 3.26 2.80 2.63 0.00 3.22 0.00 1.19 0.00 2.10 2.59 1.40 2.07 2.59 2.49 1.54 0.00 1.68 0.00 0.00 0.00 0.00 2.00 1.16 0.00 3.47 0.39 0.00 0.00 1.79 1.30 0.00 0.00 1.40 0.00 0.00 0.00
50 1.68 2.52 0.00 0.00 0.00 2.07 0.00 2.63 0.00 2.94 2.28 0.00 0.98 2.35 0.39 0.04 3.01 0.28 2.73 2.56 0.00 0.81 1.61 3.15 0.00 0.00 0.00 0.00 0.00 0.00 0.00 2.80 0.00 0.00 3.40 0.00 0.00 0.00 0.00 0.00 1.72 0.04 0.00 0.00 0.00 0.00 0.81 0.00 3.19 2.00 0.00 0.81 2.73 0.25 0.00 0.00 1.12 0.00 0.00 2.03 0.81 0.00 0.35 1.02 0.98 1.16 0.00 0.00 0.00 0.00 2.24 1.93 1.61 0.00 1.05 3.29 0.00 1.79 0.56 0.00 0.00 1.75 2.49 0.00 0.00 0.00 0.00 2.35 0.00 3.19 0.00 0.00 0.00 0.00 2.38 0.00 2.56 3.15 0.00 0.00
51 0.00 0.00 0.00 2.14 0.00 0.91 1.40 2.00 0.00 3.43 0.00 0.28 3.08 0.35 0.81 1.72 0.00 3.33 1.05 2.63 0.00 2.07 0.00 1.44 0.00 0.00 0.81 2.66 0.00 0.00 0.60 0.00 2.94 2.52 0.00 0.00 0.00 0.00 2.24 0.00 0.00 1.40 0.46 0.74 0.00 0.00 0.00 0.00 0.14 0.11 0.81 0.00 0.00 1.68 0.00 0.00 0.00 0.98 0.00 2.42 0.00 0.00 0.00 0.00 0.00 3.50 3.12 0.46 0.00 0.28 0.46 0.00 0.00 0.00 0.00 2.42 0.49 1.23 0.00 0.00 0.63 0.00 3.40 0.00 3.47 0.00 0.70 1.09 2.03 1.61 0.00 0.00 2.77 0.00 0.00 0.00 2.24 0.00 0.00 0.00
52 0.00 2.21 0.00 0.00 2.03 0.00 0.00 3.29 2.07 0.00 0.00 0.00 2.63 1.40 0.00 0.00 0.98 0.95 0.00 0.53 0.00 0.00 0.00 0.00 0.00 0.00 0.00 0.00 1.19 0.00 0.39 1.16 2.63 2.52 1.89 1.16 3.15 0.00 0.00 2.70 0.00 2.17 0.00 1.68 2.52 3.12 2.77 0.00 3.08 0.00 2.73 0.00 0.00 0.00 1.23 0.00 2.28 2.84 0.00 0.28 0.18 0.00 0.00 0.00 0.00 0.98 0.00 0.00 2.49 0.00 0.00 0.00 0.00 0.00 0.00 2.00 0.00 1.05 0.00 0.00 0.00 0.00 0.00 0.00 0.00 1.79 1.47 0.00 0.00 0.00 0.00 0.00 0.00 3.15 0.00 1.23 1.72 0.00 2.17 1.86
53 0.00 0.00 0.00 1.86 0.00 3.08 0.00 0.00 2.77 1.09 1.68 3.47 0.00 2.98 0.00 2.28 0.04 0.00 2.77 0.98 0.00 3.12 0.00 0.00 0.00 0.00 0.00 1.16 0.00 3.47 0.21 0.00 0.00 0.00 1.68 0.00 1.37 1.16 0.00 0.00 0.60 0.00 0.00 0.42 0.00 1.37 0.00 3.26 3.36 0.91 0.25 1.68 0.00 0.00 0.21 0.00 0.00 0.00 2.45 0.00 0.42 3.40 0.00 1.23 0.00 0.00 0.00 2.70 0.84 0.00 0.00 0.00 0.00 1.93 0.39 1.05 1.51 0.00 0.46 0.00 2.59 0.00 0.00 0.00 0.00 2.87 0.63 0.00 1.86 0.00 0.00 0.00 0.67 0.00 0.00 0.00 0.00 0.00 0.00 1.09
54 0.00 1.54 0.00 0.00 0.00 2.63 3.43 0.00 0.00 0.28 3.01 0.00 3.36 0.91 1.79 1.86 0.14 0.00 0.00 0.00 0.00 2.59 0.00 2.94 0.00 0.00 1.75 0.00 3.19 2.28 0.00 1.68 1.82 0.00 3.33 2.73 0.00 2.14 0.00 0.00 0.00 3.40 1.51 2.10 1.33 0.00 0.00 2.17 0.00 0.00 0.00 0.00 1.23 0.21 0.00 1.09 1.58 0.00 2.21 0.00 1.02 0.00 0.00 3.01 1.16 0.00 0.53 0.00 0.00 1.47 0.00 2.73 2.49 0.63 0.39 1.86 0.35 1.26 0.00 0.53 1.54 1.30 3.05 0.35 0.00 1.93 0.00 0.00 2.03 3.22 3.43 2.98 0.00 0.00 2.03 2.84 0.25 0.32 1.05 1.44
55 0.00 2.87 2.63 0.00 0.00 0.00 0.25 0.00 0.00 0.21 2.07 2.63 0.00 0.07 0.00 1.47 0.56 0.00 3.40 1.19 0.00 0.00 3.22 3.43 0.00 1.54 1.16 0.00 0.00 0.00 0.00 0.74 0.00 0.00 0.00 0.32 0.00 2.73 0.00 0.00 0.00 0.00 2.98 0.00 2.00 0.00 2.70 3.08 0.00 0.84 0.00 0.00 0.00 0.00 1.09 0.00 0.00 1.47 0.00 0.00 0.00 0.00 1.30 0.00 0.49 0.00 3.15 0.00 0.00 0.00 3.22 0.00 3.05 2.35 2.07 0.00 0.00 0.00 0.00 1.58 0.00 0.00 0.35 1.54 0.00 0.00 0.00 3.05 0.00 0.00 2.63 0.00 0.00 2.10 0.53 2.91 2.63 0.49 2.38 0.00
56 1.79 0.00 0.00 0.00 0.28 1.93 2.52 0.00 0.00 0.00 0.18 0.00 3.43 0.00 0.18 0.00 0.00 1.44 0.00 3.08 1.51 0.00 0.00 2.07 0.00 2.52 0.00 0.95 2.56 1.96 0.00 2.24 0.00 0.00 2.70 3.33 0.00 0.00 0.00 2.28 0.00 2.63 2.63 2.98 0.00 2.07 0.21 0.00 0.00 2.70 1.12 0.00 2.28 0.00 1.58 0.00 0.00 0.84 0.00 2.98 1.82 0.00 3.12 1.44 0.00 2.45 2.28 0.00 0.00 2.49 2.63 0.00 2.52 0.00 2.87 1.23 0.00 0.00 1.23 2.17 0.00 0.00 2.66 3.22 0.00 0.00 0.00 0.00 0.00 1.72 0.00 1.47 0.18 1.37 0.04 0.00 0.00 2.42 2.42 0.84
57 0.00 0.95 0.00 1.33 0.60 0.81 1.02 0.04 0.00 1.65 0.00 0.00 3.19 0.00 0.28 2.35 0.00 3.26 3.05 3.01 0.00 0.00 3.19 0.00 0.00 1.61 1.54 0.91 3.26 0.00 2.42 0.91 0.00 0.00 0.00 0.00 0.00 0.00 2.14 0.77 1.79 1.09 0.00 0.00 2.14 0.00 0.00 0.00 0.39 0.00 0.00 0.98 2.84 0.00 0.00 1.47 0.84 0.00 0.00 0.00 0.00 0.00 0.00 0.98 2.84 0.18 0.00 2.00 2.24 0.00 0.00 0.00 1.68 0.00 0.00 2.73 0.00 3.26 0.00 0.00 2.66 1.02 0.00 0.00 1.54 0.00 0.00 0.53 0.35 0.00 0.46 3.22 0.32 0.00 0.11 1.79 2.98 0.00 0.00 0.00
58 2.80 2.35 1.65 1.72 2.14 1.54 1.02 1.51 0.00 0.00 0.00 0.00 0.00 0.00 0.00 0.63 0.00 0.00 0.00 3.47 3.26 0.00 0.00 0.00 2.07 0.46 0.00 0.00 0.00 0.00 0.00 0.00 3.50 2.42 0.00 3.22 3.47 2.49 2.00 0.67 0.00 0.00 3.12 0.00 0.14 0.00 1.12 0.00 2.00 0.00 0.00 0.00 0.00 2.45 2.21 0.00 0.00 0.00 0.00 0.00 0.56 2.84 0.00 0.70 0.00 3.50 0.00 2.84 0.00 0.04 3.26 0.00 2.24 0.00 1.26 0.00 0.00 0.67 0.91 0.00 0.60 0.00 3.01 1.89 0.00 0.32 0.07 0.07 0.00 3.50 0.00 0.00 2.28 0.00 0.00 1.61 0.00 0.98 0.00 0.00
59 0.00 0.00 0.00 0.00 1.44 0.00 2.00 2.00 0.74 0.00 0.46 3.22 2.07 0.14 0.00 0.00 2.59 0.00 2.45 0.00 0.74 0.00 0.81 0.00 3.47 0.00 0.00 0.00 0.00 0.00 0.00 0.00 3.36 2.91 0.00 0.00 1.93 0.00 0.00 2.24 0.00 2.03 0.00 0.00 0.00 0.00 0.00 1.09 0.00 0.00 2.03 2.42 0.28 0.00 0.00 0.00 2.98 0.00 0.00 0.00 0.00 0.00 0.00 1.96 0.00 0.14 0.00 0.00 0.00 2.21 2.94 0.00 0.74 0.00 0.00 3.43 0.00 0.00 0.81 2.28 0.39 3.50 0.00 0.00 0.00 0.00 0.00 0.00 0.00 0.25 2.77 0.00 0.00 0.00 0.00 3.36 0.00 0.00 0.00 0.00
60 0.00 0.00 0.00 0.00 0.00 0.18 0.00 0.00 2.94 1.86 0.00 0.00 0.00 0.18 0.00 0.56 2.10 0.00 1.33 2.28 0.00 0.00 2.70 0.00 2.80 1.12 2.98 0.46 3.05 0.84 3.01 3.50 0.00 2.17 0.00 0.00 0.00 0.00 0.00 0.39 0.00 0.00 0.00 2.17 0.00 0.28 1.86 2.10 1.51 0.00 0.81 0.00 0.18 0.42 1.02 0.00 1.82 0.00 0.56 0.00 0.00 0.74 0.18 0.00 1.30 0.98 1.26 1.33 0.00 2.63 0.04 1.30 0.00 0.00 3.12 0.00 3.43 0.00 0.00 0.98 3.33 0.00 0.53 1.51 0.42 3.08 0.00 0.00 1.02 0.00 1.54 0.00 0.00 3.19 0.28 0.00 0.11 1.86 0.00 0.00
61 0.00 0.00 0.00 0.00 1.02 0.00 0.00 0.00 0.00 0.00 0.46 0.00 0.00 2.10 0.74 0.00 2.03 0.21 2.35 0.00 0.00 0.00 0.81 0.00 0.60 1.40 0.00 0.00 0.00 0.00 2.56 2.45 0.00 2.91 0.00 0.32 0.00 0.28 0.00 2.59 3.47 0.00 0.00 0.00 0.00 1.82 0.00 0.00 1.23 2.56 0.00 0.00 0.00 3.40 0.00 0.00 0.00 0.00 2.84 0.00 0.74 0.00 0.00 1.23 0.00 1.37 2.24 0.00 0.00 0.00 0.00 2.70 2.49 0.00 0.00 2.94 3.12 1.37 0.00 0.00 0.00 2.14 0.00 2.10 0.00 0.00 0.00 0.04 0.00 2.49 0.00 1.40 0.00 0.00 1.40 0.00 0.00 1.44 2.45 0.88
62 1.72 0.00 0.00 2.24 0.00 0.00 0.00 0.00 0.00 2.63 0.00 0.00 3.05 1.05 1.44 1.75 1.89 1.09 0.00 0.00 2.52 0.00 0.00 0.00 0.70 0.00 1.96 2.66 0.21 0.39 1.96 2.80 0.00 0.49 0.00 1.82 3.36 0.00 0.42 1.72 0.00 0.00 0.00 0.00 2.66 0.00 0.00 0.00 0.00 0.00 0.35 0.00 0.00 0.00 0.00 1.30 3.12 0.00 0.00 0.00 0.18 0.00 0.00 0.00 1.26 0.00 0.00 0.00 3.50 2.80 0.00 0.00 0.00 0.81 0.00 0.00 0.00 0.35 0.00 0.00 1.44 0.00 0.00 1.09 0.00 0.00 0.00 2.80 0.84 0.00 1.54 0.00 0.00 3.12 0.00 2.07 0.49 0.00 0.28 1.09
63 0.00 0.00 0.00 2.14 0.00 2.00 2.49 0.00 2.07 0.00 1.33 0.95 0.00 0.00 0.00 3.01 0.00 0.00 0.00 0.00 1.40 1.93 0.95 0.21 0.00 0.00 0.00 0.21 2.77 0.00 0.00 3.40 0.00 0.00 0.00 2.28 0.00 0.00 0.00 3.50 0.00 2.84 0.00 3.12 1.33 1.89 3.05 1.30 2.84 0.00 1.02 0.00 0.00 1.23 3.01 0.00 1.44 0.98 0.70 1.96 0.00 1.23 0.00 0.00 0.00 3.19 0.00 1.79 1.54 0.60 0.00 3.22 0.00 1.75 3.47 0.00 0.84 0.56 1.72 1.40 0.49 0.00 2.10 1.68 3.15 0.00 0.00 0.00 1.96 0.00 0.00 3.29 2.66 0.00 0.00 2.24 2.80 0.00 3.22 1.12
64 0.00 0.21 1.96 0.00 0.00 0.00 0.00 1.02 0.67 0.00 0.00 0.00 1.58 0.00 3.40 0.00 1.93 2.52 1.19 1.37 0.00 0.00 0.00 1.12 0.00 0.00 0.95 1.16 0.00 1.26 2.24 0.00 0.00 2.73 0.00 0.00 1.05 0.00 3.15 0.00 0.77 0.32 2.77 0.00 0.00 0.00 2.00 0.00 0.00 3.26 0.98 0.00 0.00 0.00 1.16 0.49 0.00 2.84 0.00 0.00 1.30 0.00 1.26 0.00 0.00 0.98 0.00 0.91 0.00 0.00 0.00 0.00 1.44 2.38 1.89 0.25 0.32 0.00 1.61 0.00 2.63 0.00 2.42 0.00 0.00 0.00 2.42 0.00 0.00 0.00 1.79 2.10 0.00 0.00 2.94 1.23 0.04 2.17 1.51 3.40
65 2.70 1.58 0.00 3.33 1.16 0.00 0.77 1.86 0.00 1.19 0.07 1.89 2.31 1.47 0.00 0.00 1.23 3.26 0.00 2.17 0.00 2.77 0.00 0.00 0.00 0.00 0.00 3.12 0.00 0.74 2.84 1.19 0.00 0.00 0.00 0.00 0.67 0.00 0.46 0.00 0.00 0.00 2.59 0.91 0.00 0.95 0.00 3.36 0.00 2.80 1.16 3.50 0.98 0.00 0.00 0.00 2.45 0.18 3.50 0.14 0.98 1.37 0.00 3.19 0.98 0.00 0.00 2.66 0.00 1.79 3.19 2.59 0.00 0.77 1.37 0.81 0.67 0.56 0.00 0.00 3.36 0.00 0.00 1.19 2.77 0.00 0.00 0.42 0.25 3.33 0.00 0.00 0.00 0.00 0.88 2.14 3.08 3.15 0.14 0.00
66 0.98 0.00 3.43 2.94 0.00 0.00 0.00 2.07 2.91 0.18 3.26 0.00 0.00 0.95 0.00 0.00 0.00 0.04 0.00 3.12 0.00 0.00 0.00 0.00 0.35 2.03 2.73 0.00 0.04 2.21 1.79 0.00 2.87 0.00 0.00 2.98 1.96 0.00 0.00 2.14 1.30 0.00 2.38 0.00 0.00 0.00 0.00 0.00 0.00 2.63 0.00 3.12 0.00 0.00 0.53 3.15 2.28 0.00 0.00 0.00 1.26 2.24 0.00 0.00 0.00 0.00 0.00 0.00 1.16 2.63 0.00 0.56 0.25 0.39 0.00 0.21 0.00 0.00 0.11 0.00 0.00 0.14 0.00 0.00 0.00 0.00 0.14 1.19 0.00 2.59 0.00 0.00 0.00 0.00 0.04 0.00 0.42 0.98 0.00 2.31
67 2.63 2.31 1.19 2.66 0.00 0.00 0.00 1.19 1.19 2.87 0.00 0.00 0.00 1.75 2.10 0.00 0.00 2.14 0.00 0.63 2.52 1.58 3.19 3.19 2.21 0.00 0.91 0.00 1.44 0.42 0.00 0.00 0.00 0.00 2.63 0.91 0.00 0.14 0.00 0.00 0.28 2.84 2.98 0.63 0.00 0.00 2.03 0.00 0.00 0.00 0.00 0.46 0.00 2.70 0.00 0.00 0.00 2.00 2.84 0.00 1.33 0.00 0.00 1.79 0.91 2.66 0.00 0.00 0.00 0.00 0.00 0.00 0.00 0.00 2.17 1.40 0.00 0.00 0.00 0.00 0.28 2.52 0.81 0.04 0.25 0.00 0.49 0.00 0.81 0.00 1.47 0.00 0.00 2.63 0.63 2.63 1.68 0.00 0.00 0.00
68 0.00 1.51 0.00 0.00 0.00 0.00 0.00 0.00 3.12 0.00 0.00 3.33 2.87 0.00 0.46 0.00 0.00 0.46 3.15 0.00 3.26 0.00 2.70 1.86 0.00 0.00 0.04 2.35 1.89 0.00 0.91 0.00 0.00 0.00 3.01 1.16 0.67 0.67 2.77 0.00 0.00 2.07 2.70 0.00 0.00 0.42 0.00 0.00 0.00 3.22 0.00 0.00 2.49 0.84 0.00 0.00 0.00 2.24 0.00 0.00 0.00 0.00 3.50 1.54 0.00 0.00 1.16 0.00 0.00 0.00 0.00 0.00 2.91 0.00 0.00 3.15 1.96 3.29 0.00 0.00 0.00 0.00 3.22 0.00 2.66 1.16 0.00 0.77 1.79 0.00 3.50 1.09 0.00 2.21 3.12 0.00 3.47 2.63 0.00 0.00
69 0.00 0.00 0.00 0.00 0.11 0.00 0.00 1.58 0.00 3.15 0.00 1.75 3.19 0.00 1.72 0.00 0.21 1.58 0.00 2.31 1.86 0.00 0.00 0.00 0.00 0.00 0.00 0.04 0.00 3.19 0.00 0.00 0.00 0.70 1.33 2.42 0.00 3.22 0.49 0.00 2.94 3.05 0.60 0.74 0.00 3.29 0.00 0.63 0.00 0.00 0.00 0.28 0.00 0.00 1.47 0.00 2.49 0.00 0.04 2.21 2.63 0.00 2.80 0.60 0.00 1.79 2.63 0.00 0.00 0.00 0.00 0.95 2.49 0.84 0.00 0.00 0.00 0.00 0.60 0.00 0.28 2.07 0.00 0.00 0.00 0.00 2.35 0.18 0.00 0.00 2.80 2.49 0.00 1.61 0.00 0.00 2.63 0.00 0.07 2.03
70 0.00 0.70 0.00 1.51 0.00 2.63 0.00 1.54 0.28 0.00 0.00 1.37 1.02 2.38 1.75 1.79 0.00 2.56 0.00 1.19 1.09 2.49 0.42 3.29 0.00 0.00 2.63 3.19 0.00 0.46 0.00 0.00 0.00 0.00 0.21 3.43 1.05 1.89 2.00 0.00 1.51 0.00 0.00 3.22 1.44 0.00 2.00 1.05 0.00 1.19 2.24 0.46 0.00 0.00 0.00 3.22 2.63 0.00 3.26 2.94 0.04 0.00 0.00 0.00 0.00 3.19 0.00 0.00 0.00 0.00 0.00 3.05 0.00 0.00 2.42 0.00 2.49 0.63 2.49 2.73 0.39 2.10 0.00 0.00 0.00 0.00 0.00 0.00 0.53 2.03 1.26 1.54 2.63 0.00 0.11 1.19 0.00 2.80 2.59 2.87
71 1.72 0.00 0.14 0.00 1.54 0.00 0.00 1.33 0.00 0.00 2.45 1.61 1.75 0.00 0.32 0.42 0.70 0.00 0.00 0.00 0.00 2.10 0.00 3.47 0.42 0.00 3.47 2.59 1.44 1.12 3.22 0.00 0.00 0.00 0.00 0.00 0.00 0.04 1.12 0.00 0.25 0.42 0.00 0.00 0.00 0.00 0.00 0.00 0.00 0.00 1.93 0.00 0.00 0.00 2.73 0.00 0.00 0.00 0.00 0.00 1.30 2.70 0.00 3.22 0.00 2.59 0.56 0.00 0.00 0.95 3.05 0.00 1.47 0.00 2.49 0.00 0.00 0.46 1.09 1.05 0.00 0.00 0.14 0.00 0.00 0.00 2.52 2.24 0.00 0.00 0.95 1.75 1.02 0.21 1.65 1.09 0.00 0.95 2.24 1.75
72 0.00 0.00 0.00 0.00 1.58 1.02 0.00 0.98 0.00 0.00 2.73 3.40 1.09 3.12 1.51 0.00 2.45 0.00 2.49 0.00 0.11 0.00 2.24 0.00 0.14 0.00 0.00 2.73 0.00 0.00 0.00 0.00 2.59 0.88 2.87 0.56 0.00 2.28 0.00 1.75 2.00 0.00 0.00 0.84 1.02 0.00 3.33 3.36 0.00 2.10 1.61 0.00 0.00 0.00 2.49 3.05 2.52 1.68 2.24 0.74 0.00 2.49 0.00 0.00 1.44 0.00 0.25 0.00 2.91 2.49 0.00 1.47 0.00 2.00 2.35 0.00 0.00 0.00 0.00 0.00 0.00 0.70 0.00 3.36 0.00 2.94 0.00 2.24 1.23 0.14 2.10 0.00 2.94 3.15 1.02 0.00 2.38 3.47 1.33 0.00
73 0.67 0.00 0.81 0.00 3.26 0.00 2.24 2.84 0.00 0.49 0.00 0.56 0.00 1.02 1.96 0.00 2.28 0.00 0.00 0.00 2.87 2.52 0.00 0.00 0.00 0.00 0.00 0.00 0.00 0.70 1.96 2.14 1.02 0.00 0.32 2.49 0.00 2.66 0.67 3.05 0.70 2.00 0.11 2.14 0.00 0.00 1.79 0.63 2.56 2.59 0.00 0.00 0.00 1.93 0.63 2.35 0.00 0.00 0.00 0.00 0.00 0.00 0.81 1.75 2.38 0.77 0.39 0.00 0.00 0.84 0.00 0.00 2.00 0.00 0.07 0.00 0.00 0.84 0.00 3.36 0.00 1.51 0.00 0.00 2.66 0.07 0.00 0.00 0.00 3.43 0.00 2.00 0.00 0.00 0.77 2.21 0.00 0.00 0.00 0.00
74 2.70 3.33 3.08 0.00 1.82 3.50 0.00 0.00 0.00 0.00 0.74 1.89 0.00 3.36 2.00 3.36 1.23 0.00 0.25 1.58 0.00 3.08 0.00 0.00 2.84 2.17 2.35 3.12 0.56 0.00 0.00 2.00 0.00 0.49 3.29 1.09 3.26 0.74 3.01 0.21 0.00 0.25 2.21 0.00 0.25 2.10 0.00 0.00 0.00 1.40 1.05 0.00 0.00 0.39 0.39 2.07 2.87 0.00 1.26 0.00 3.12 0.00 0.00 3.47 1.89 1.37 0.00 2.17 0.00 0.00 2.42 2.49 2.35 0.07 0.00 3.29 0.00 0.25 2.45 0.00 0.00 0.00 1.09 0.00 0.00 0.49 0.00 0.00 0.00 2.31 0.00 0.77 0.00 0.00 0.00 2.73 1.93 3.47 0.00 2.28
75 0.00 0.00 1.51 0.00 0.67 0.00 0.00 2.14 0.00 2.49 0.00 0.00 0.00 0.00 2.35 0.00 2.91 1.30 1.79 0.00 0.00 0.00 1.16 1.93 2.66 0.00 3.33 0.00 0.00 1.16 1.82 1.72 3.26 3.33 0.00 2.59 0.81 2.98 0.00 0.00 2.66 0.00 0.00 0.00 2.42 0.00 0.00 0.00 0.00 2.07 3.29 2.42 2.00 1.05 1.86 0.00 1.23 2.73 0.00 3.43 0.00 2.94 0.00 0.00 0.25 0.81 0.21 1.40 3.15 0.00 0.00 0.00 0.00 0.00 3.29 0.00 0.88 1.86 2.31 3.33 0.00 2.03 0.39 0.98 0.00 1.09 2.80 2.03 1.40 0.00 1.51 1.96 0.00 0.00 2.10 0.00 0.46 0.00 1.58 0.00
76 1.12 0.00 0.00 0.14 0.00 2.49 0.00 0.70 0.00 0.77 0.00 0.00 0.00 1.19 0.88 0.00 1.75 0.39 2.17 0.00 0.88 2.28 0.00 3.05 0.00 1.65 0.00 2.28 2.21 1.79 0.00 2.00 0.00 3.22 0.00 1.23 0.00 0.00 2.07 1.72 1.72 0.00 0.00 0.00 0.70 0.70 0.00 0.00 1.75 2.59 0.00 0.49 0.00 1.51 0.35 0.00 0.00 0.00 0.00 0.00 3.43 3.12 0.00 0.84 0.32 0.67 0.00 0.00 1.96 0.00 2.49 0.00 0.00 0.00 0.00 0.88 0.00 1.02 0.67 1.58 3.08 0.04 3.40 0.81 0.00 0.00 0.35 0.00 0.21 0.18 1.44 0.00 0.00 0.00 0.00 0.00 0.00 2.63 0.00 0.00
77 0.00 1.47 0.00 0.84 2.21 0.14 0.42 0.46 0.00 1.02 0.07 0.00 0.67 1.37 0.49 0.00 0.00 0.63 1.79 0.00 0.00 0.88 3.29 0.18 0.00 1.47 0.00 2.80 2.63 0.00 0.56 0.00 0.00 0.00 3.29 0.00 0.00 1.33 0.00 0.00 1.23 0.00 1.51 0.00 1.12 0.00 1.89 0.00 3.26 2.49 1.79 1.23 1.05 0.00 1.26 0.00 0.00 3.26 0.67 0.00 0.00 1.37 0.35 0.56 0.00 0.56 0.00 0.00 3.29 0.00 0.63 0.46 0.00 0.84 0.25 1.86 1.02 0.00 0.00 0.25 2.42 2.07 2.56 0.00 0.00 0.21 0.00 0.21 0.00 0.00 1.54 0.00 2.45 0.00 0.00 0.00 2.31 0.00 0.00 0.00
78 0.00 0.00 0.91 2.24 0.00 0.49 2.35 0.00 0.00 3.19 0.28 3.26 0.00 0.39 3.05 1.30 1.86 0.00 1.09 2.03 3.26 2.42 3.12 0.67 2.00 2.87 0.00 0.74 0.00 1.19 0.00 3.43 0.00 0.00 2.87 0.00 1.72 0.00 2.42 0.56 3.19 0.00 0.32 1.79 0.91 0.00 0.00 1.26 0.00 1.54 0.56 0.00 0.00 0.46 0.00 0.00 1.23 0.00 0.91 0.81 0.00 0.00 0.00 1.72 1.61 0.00 0.11 0.00 0.00 0.60 2.49 1.09 0.00 0.00 2.45 2.31 0.67 0.00 0.00 0.00 0.00 0.00 0.00 1.61 1.33 0.00 0.32 0.74 0.00 0.00 0.00 3.12 0.00 0.00 0.00 0.00 0.98 1.79 3.19 2.94
79 0.53 2.80 0.00 0.00 0.00 0.00 3.19 0.00 2.35 0.00 2.80 0.00 0.00 3.22 0.00 0.00 0.00 0.00 2.84 0.00 0.42 0.60 0.81 2.10 3.40 0.00 1.09 0.00 0.00 0.00 0.00 0.77 1.51 2.14 1.68 0.00 0.00 0.07 0.00 0.00 2.70 0.00 0.00 2.21 0.00 0.00 1.02 0.00 0.00 0.00 0.00 0.00 0.00 0.00 0.53 1.58 2.17 0.00 0.00 2.28 0.98 0.00 0.00 1.40 0.00 0.00 0.00 0.00 0.00 0.00 2.73 1.05 0.00 3.36 0.00 3.33 1.58 0.25 0.00 0.00 0.00 0.00 0.00 0.00 1.89 0.00 2.63 0.00 0.98 0.00 0.00 0.49 0.00 1.09 0.00 0.00 0.00 0.00 3.05 2.59
80 0.00 0.00 0.00 2.70 1.72 0.67 0.00 2.35 2.66 1.68 0.00 3.36 0.00 2.45 0.11 0.88 0.46 0.00 0.00 0.56 0.00 2.07 0.00 1.82 1.19 0.00 2.70 0.00 0.00 3.15 0.00 0.00 3.19 2.42 0.00 0.00 0.00 3.12 1.37 0.00 0.49 0.00 0.00 0.00 2.91 0.14 3.22 3.40 0.00 1.68 0.00 0.63 0.00 2.59 1.54 0.00 0.00 2.66 0.60 0.39 3.33 0.00 1.44 0.49 2.63 3.36 0.00 0.28 0.00 0.28 0.39 0.00 0.00 0.00 0.00 0.00 3.08 2.42 0.00 0.00 0.00 0.35 0.35 0.35 1.65 0.00 0.00 2.98 0.63 0.00 1.58 0.00 1.58 0.00 0.00 2.10 2.14 0.56 0.00 0.00
81 0.00 1.05 3.33 0.46 2.66 2.91 0.46 0.00 0.00 1.05 0.46 0.77 0.00 3.15 2.66 0.00 3.01 2.24 1.65 3.08 0.00 2.73 3.05 0.00 3.12 0.67 1.65 2.73 0.00 0.00 0.00 0.00 0.00 0.00 1.58 0.00 3.26 0.00 0.70 0.67 0.14 2.14 2.56 0.00 0.00 0.00 0.00 2.70 0.21 0.00 1.75 0.00 0.00 0.00 1.30 0.00 0.00 1.02 0.00 3.50 0.00 2.14 0.00 0.00 0.00 0.00 0.14 2.52 0.00 2.07 2.10 0.00 0.70 1.51 0.00 2.03 0.04 2.07 0.00 0.00 0.35 0.00 0.00 2.70 1.75 0.81 1.75 0.00 1.51 1.54 2.10 0.00 1.16 0.00 0.00 0.00 0.00 0.74 1.26 3.40
82 2.31 2.80 0.53 0.00 0.00 0.00 0.00 0.00 0.35 0.56 0.00 0.00 2.87 0.60 3.05 0.00 0.46 0.00 1.79 2.31 0.00 2.80 0.00 0.00 0.00 0.00 2.80 2.45 0.00 0.00 1.82 1.93 0.00 3.01 1.75 2.10 0.00 0.00 2.45 0.00 3.29 2.77 0.32 0.00 2.42 0.00 0.00 0.00 0.00 0.00 2.49 3.40 0.00 0.00 3.05 0.35 2.66 0.00 3.01 0.00 0.53 0.00 0.00 2.10 2.42 0.00 0.00 0.81 3.22 0.00 0.00 0.14 0.00 0.00 1.09 0.39 3.40 2.56 0.00 0.00 0.35 0.00 0.00 2.52 0.00 0.00 0.00 0.00 0.00 3.50 0.00 2.31 0.00 0.00 1.68 0.00 0.00 0.00 1.05 0.00
83 0.00 0.00 0.00 2.21 0.00 0.00 0.00 2.28 2.14 2.21 0.00 0.00 2.87 0.00 0.00 3.12 0.00 0.00 0.35 0.00 0.00 0.00 0.00 0.00 1.19 0.00 0.00 2.84 2.28 1.79 1.47 0.84 3.19 0.00 2.42 1.68 2.31 0.00 0.00 0.00 0.00 0.95 1.19 2.14 0.00 0.88 0.00 0.00 0.00 0.00 0.00 0.00 0.00 0.00 0.35 1.54 3.22 0.00 1.89 0.00 1.51 2.10 1.09 1.68 0.00 1.19 0.00 0.04 0.00 0.00 0.00 0.00 3.36 0.00 0.00 0.98 0.81 0.00 1.61 0.00 0.35 2.70 2.52 0.00 0.00 1.12 0.00 0.00 0.00 0.00 2.03 1.23 0.00 3.15 1.51 1.51 0.00 0.00 0.77 0.00
84 1.65 0.00 1.12 1.05 0.00 0.00 1.65 0.00 3.29 2.91 0.39 0.00 2.84 1.72 1.58 0.00 3.12 2.70 0.00 0.00 0.00 0.00 1.05 2.77 1.54 0.00 3.40 1.82 0.00 3.29 1.33 2.94 0.00 0.84 2.70 3.19 0.42 3.15 0.00 0.00 0.00 1.54 0.00 0.00 2.49 0.00 0.00 0.00 3.05 0.00 0.00 3.47 0.00 0.00 0.00 0.00 0.00 1.54 0.00 0.00 0.42 0.00 0.00 3.15 0.00 2.77 0.00 0.25 2.66 0.00 0.00 0.00 0.00 2.66 0.00 0.00 0.00 0.00 1.33 1.89 1.65 1.75 0.00 0.00 0.00 0.00 3.40 2.45 0.00 3.50 0.00 0.00 0.00 0.18 0.00 0.00 3.08 0.00 0.46 2.07
85 0.00 0.00 0.00 0.00 0.21 0.00 2.63 0.00 0.00 3.36 1.79 0.00 0.00 0.42 0.00 0.00 0.00 2.24 3.29 0.00 3.29 0.00 0.00 2.35 0.00 2.45 0.00 2.10 0.28 0.00 0.00 2.73 1.33 2.66 0.00 0.00 0.00 0.00 3.19 3.08 0.49 1.86 0.00 1.47 1.37 0.00 1.72 0.00 0.00 2.00 0.00 0.00 1.79 2.87 1.93 0.00 0.00 0.00 0.32 0.00 3.08 0.00 0.00 0.00 0.00 0.00 0.00 0.00 1.16 0.00 0.00 0.00 2.94 0.07 0.49 1.09 0.00 0.21 0.00 0.00 0.00 0.81 0.00 1.12 0.00 0.00 0.77 0.00 0.00 1.44 1.51 0.00 2.35 2.49 0.00 1.40 0.00 0.00 2.24 0.84
86 2.80 1.33 0.00 0.14 1.79 2.77 1.93 0.00 0.00 0.00 0.32 0.63 1.37 3.19 0.00 2.84 3.50 0.00 0.11 0.00 0.00 2.28 3.22 3.33 0.35 2.03 0.00 2.73 0.00 0.11 0.00 2.31 2.77 0.00 0.00 3.26 0.00 0.39 0.00 2.98 0.77 0.00 0.00 2.07 0.00 2.21 0.00 3.43 2.35 1.16 0.00 0.70 1.47 0.63 0.00 0.00 0.00 0.00 0.07 0.00 0.00 0.00 0.00 0.00 2.42 0.00 0.14 0.49 0.00 2.35 0.00 2.52 0.00 0.00 0.00 2.80 0.35 0.00 0.32 2.63 0.00 1.75 0.00 0.00 3.40 0.77 0.00 2.49 2.59 1.54 0.00 1.47 2.17 3.43 0.00 2.52 2.66 0.00 0.00 1.33
87 3.05 0.00 0.00 0.00 0.00 0.00 0.00 0.84 0.00 0.00 0.00 1.51 1.54 0.00 0.00 0.00 0.00 0.46 1.19 0.00 2.80 1.86 0.88 0.00 2.42 0.00 0.00 0.00 0.00 0.00 0.00 2.17 0.00 0.00 0.00 1.12 0.88 0.14 0.00 0.00 0.00 0.00 2.73 0.00 3.36 0.00 0.00 0.00 1.23 0.00 2.35 1.09 0.00 0.00 0.00 3.05 0.00 0.53 0.07 0.00 0.00 0.04 2.80 0.00 0.00 0.42 1.19 0.00 0.77 0.18 0.00 2.24 2.24 0.00 0.00 2.03 0.00 0.21 0.74 0.00 2.98 0.00 0.00 0.00 2.45 0.00 2.49 0.00 0.74 2.70 0.00 0.00 2.70 0.00 0.00 0.00 0.00 0.00 2.17 0.00
88 3.29 0.81 1.26 0.56 0.00 0.91 2.17 0.00 0.00 3.15 2.45 2.66 2.80 0.14 0.00 0.00 0.00 0.00 0.00 0.00 0.00 0.11 0.00 0.53 2.80 0.00 0.60 1.09 0.00 0.04 0.00 1.02 0.00 0.00 0.00 3.36 0.00 0.91 0.00 0.00 0.00 0.00 0.14 0.00 0.00 1.30 0.00 3.19 0.39 3.47 0.00 2.03 0.00 1.86 2.03 0.00 0.00 0.35 0.00 0.00 1.02 0.00 0.84 1.96 0.00 0.25 0.00 0.81 1.79 0.00 0.53 0.00 1.23 0.00 0.00 1.40 0.21 0.00 0.00 0.98 0.63 1.51 0.00 0.00 0.00 0.00 2.59 0.74 0.00 0.00 0.00 0.56 0.95 0.70 1.47 2.03 0.00 0.00 0.00 1.79
89 0.00 3.29 2.98 3.15 0.70 1.30 0.25 0.00 2.49 0.00 0.00 2.91 0.35 2.77 2.80 0.00 0.77 0.00 1.72 1.61 0.00 0.00 3.36 0.00 2.35 1.51 0.00 0.00 0.00 0.00 0.00 0.49 2.52 0.00 0.88 1.33 1.26 0.14 0.00 0.00 0.00 1.75 0.00 0.00 0.00 3.12 0.00 3.47 0.42 0.39 3.19 1.61 0.00 0.00 3.22 0.00 1.72 0.00 3.50 0.25 0.00 2.49 0.00 0.00 0.00 3.33 2.59 0.00 0.00 0.00 2.03 0.00 0.14 3.43 2.31 0.00 0.18 0.00 0.00 0.00 0.00 1.54 3.50 0.00 3.50 1.44 1.54 2.70 0.00 0.00 0.00 0.63 1.26 0.00 0.00 0.00 0.00 0.53 0.00 0.00
90 0.00 0.00 0.00 0.35 0.00 2.70 2.49 0.60 1.93 1.61 0.00 0.00 0.00 2.45 2.77 0.00 0.53 0.00 0.00 0.00 0.00 2.80 0.00 1.96 1.12 0.28 1.44 2.17 2.73 0.00 0.56 1.72 2.87 3.43 0.00 1.54 0.00 2.59 3.50 0.00 0.53 3.29 2.91 1.75 0.00 3.08 0.00 2.70 0.07 0.00 0.00 0.00 0.00 0.00 3.43 2.63 0.00 0.46 0.00 2.77 1.54 0.00 1.54 0.00 1.79 0.00 0.00 1.47 3.50 2.80 1.26 0.95 2.10 0.00 0.00 1.51 1.44 1.54 0.00 0.00 1.58 2.10 0.00 2.03 0.00 1.51 0.00 0.00 0.00 0.00 0.00 0.00 0.00 2.28 0.53 0.00 0.00 0.00 1.79 1.09
91 0.04 2.70 1.12 0.00 1.68 0.00 0.00 0.00 0.00 2.07 2.35 1.05 2.24 0.00 0.00 0.25 1.75 0.00 0.77 0.98 0.00 1.58 1.47 0.00 1.68 2.91 0.00 1.12 0.00 0.00 0.00 0.00 3.22 2.21 2.00 0.00 0.00 0.00 3.15 2.38 0.00 3.43 0.00 0.00 0.00 0.00 0.00 3.43 1.79 0.00 0.00 0.00 0.00 0.00 2.98 0.00 1.47 3.22 0.00 0.00 0.00 1.40 0.00 3.29 2.10 0.00 0.00 0.00 1.09 2.49 1.54 1.75 0.00 2.00 0.77 1.96 0.00 0.00 3.12 0.49 0.00 0.00 2.31 1.23 0.00 0.00 1.47 0.00 0.56 0.63 0.00 0.00 1.61 0.00 2.14 1.02 0.00 3.36 0.00 0.00
92 0.00 0.00 0.00 0.39 0.00 0.00 0.00 0.00 2.45 1.79 0.00 0.00 1.54 0.00 0.00 0.00 2.59 0.00 0.00 0.67 0.00 2.21 3.36 3.08 3.47 0.00 1.58 0.00 0.60 0.00 0.67 0.00 2.94 0.56 0.00 2.49 2.49 0.00 1.61 3.33 0.00 0.00 0.00 0.67 0.00 0.00 2.94 0.00 0.00 1.79 0.00 2.77 0.00 0.67 0.00 0.00 0.18 0.32 2.28 0.00 0.00 0.00 0.00 2.66 0.00 0.00 0.00 0.00 0.00 0.00 2.63 1.02 2.94 0.00 0.00 0.00 0.00 2.45 0.00 0.00 1.58 1.16 0.00 0.00 0.00 2.35 2.17 2.70 0.95 1.26 0.00 1.61 0.00 0.00 2.00 1.89 0.00 1.44 0.00 1.68
93 0.21 0.00 0.00 0.00 0.00 1.02 0.28 1.82 0.00 0.00 0.00 2.07 0.00 1.23 0.00 0.00 0.00 0.00 0.21 1.09 0.00 0.00 0.00 0.00 1.40 0.28 0.00 0.00 0.00 0.98 1.54 1.96 0.91 2.91 0.00 2.70 0.00 1.79 0.00 3.15 0.00 0.00 0.00 0.81 0.00 2.10 2.42 0.00 0.63 1.30 0.00 0.00 3.15 0.00 0.00 2.10 1.37 0.00 0.00 0.00 3.19 0.00 3.12 0.00 0.00 0.00 0.00 2.63 2.21 1.61 0.00 0.21 3.15 0.00 0.00 0.00 0.00 0.00 0.00 1.09 0.00 0.00 0.00 3.15 0.18 2.49 3.43 0.00 0.70 0.00 2.28 0.00 0.00 0.00 2.07 2.52 0.11 0.00 3.40 0.00
94 3.47 2.98 2.63 0.00 0.00 0.39 0.00 0.00 1.19 1.93 3.50 3.05 3.08 2.80 2.63 2.87 1.86 1.44 0.04 0.00 0.00 2.98 0.00 2.70 2.94 0.00 3.47 0.00 0.74 1.47 1.72 0.00 2.24 0.00 0.70 0.00 2.14 0.00 0.67 0.00 1.44 3.43 2.91 1.75 3.15 2.21 1.96 2.24 0.04 0.00 2.38 0.00 0.00 0.00 2.03 0.53 0.04 0.11 0.00 0.00 0.28 1.40 0.00 0.00 2.94 0.88 0.04 0.63 3.12 0.00 0.11 1.65 1.02 0.77 0.00 2.10 0.00 0.00 0.00 0.00 0.00 0.00 1.68 1.51 0.00 0.00 0.00 0.00 1.47 0.00 0.53 2.14 2.00 2.07 0.00 1.82 0.04 3.29 0.00 0.14
95 0.00 0.56 0.00 3.50 0.00 3.47 0.00 0.91 0.00 0.00 3.47 0.00 0.00 0.53 0.60 0.00 0.91 0.00 1.75 0.00 0.53 0.00 0.00 2.42 0.00 0.00 0.00 0.46 1.19 0.00 2.98 0.84 0.00 3.19 0.00 0.00 0.14 0.00 2.59 1.93 1.96 0.00 0.00 2.24 0.00 0.28 0.81 0.00 0.14 0.00 0.00 0.00 1.23 0.00 2.84 2.91 0.00 1.79 1.61 3.36 0.00 0.00 2.07 2.24 1.23 2.14 0.00 2.63 0.00 0.00 1.19 1.09 0.00 2.21 2.73 0.00 0.00 0.00 0.00 0.00 2.10 0.00 0.00 1.51 0.00 1.40 2.52 0.00 2.03 0.00 0.00 1.02 1.89 2.52 1.82 0.00 1.19 0.00 0.00 0.00
96 3.22 0.00 0.49 0.77 0.00 0.00 0.14 0.00 0.00 2.00 0.00 0.00 1.26 0.00 0.00 2.70 0.77 2.84 2.31 0.00 0.56 2.14 0.00 0.00 2.14 0.53 1.40 0.00 2.73 0.95 1.61 0.18 0.00 3.12 0.00 0.00 0.00 0.00 3.36 0.25 3.12 0.00 2.21 1.54 0.00 1.33 2.87 0.00 0.00 1.40 2.56 2.24 1.72 0.00 0.25 2.63 0.00 2.98 0.00 0.00 0.11 0.00 0.49 2.80 0.04 3.08 0.42 1.68 3.47 2.63 0.00 0.00 2.38 0.00 1.93 0.46 0.00 2.31 0.98 0.00 2.14 0.00 0.00 0.00 3.08 0.00 2.66 0.00 0.00 0.00 0.00 0.00 0.00 0.11 0.04 1.19 0.00 0.00 0.00 0.00
97 1.23 0.00 0.00 0.00 2.56 3.12 0.00 2.80 0.88 0.00 1.05 1.19 0.53 0.00 0.00 1.89 1.33 0.00 0.00 0.00 0.00 0.00 1.33 1.58 0.00 0.00 0.84 0.32 0.46 0.00 1.54 0.00 1.05 0.00 0.39 0.00 3.01 2.35 0.00 0.00 0.00 0.00 0.00 3.01 0.00 1.75 0.00 0.00 3.40 0.00 3.15 0.00 0.00 0.00 0.32 0.49 2.42 0.00 0.98 0.00 1.86 1.44 0.00 0.00 2.17 3.15 0.98 0.00 2.63 0.00 2.80 0.95 3.47 0.00 3.47 0.00 2.63 0.00 1.79 0.00 0.56 0.74 0.00 0.00 0.00 0.00 0.00 0.00 0.00 0.53 0.00 3.36 1.44 0.00 3.29 0.00 0.00 0.00 0.00 2.70
98 0.00 3.22 0.00 0.00 0.00 0.00 0.00 3.50 0.00 0.28 0.00 1.26 0.00 1.86 1.86 0.00 2.70 3.26 2.77 0.00 3.29 2.87 0.00 0.00 0.00 0.00 0.00 2.24 0.00 3.29 0.00 0.77 0.00 0.00 0.00 1.86 0.00 0.00 1.58 2.07 2.38 0.00 0.00 3.50 0.00 0.81 0.00 0.91 0.00 0.00 0.00 0.00 2.17 0.00 1.05 2.38 2.42 0.00 0.00 0.00 0.00 2.45 0.28 3.22 1.51 0.14 0.00 0.00 0.00 0.07 2.59 2.24 1.33 0.00 0.00 1.58 0.00 0.00 3.19 3.05 0.00 1.26 1.05 0.77 0.46 2.24 0.00 2.17 0.00 0.00 1.79 0.00 0.00 3.40 0.00 0.00 0.00 0.00 0.00 0.98
99 1.44 0.35 3.26 0.00 1.44 0.25 0.00 2.80 2.80 0.84 0.88 0.00 3.08 0.00 3.05 0.00 1.54 0.00 2.24 2.24 1.96 0.00 0.00 1.26 0.00 2.00 0.00 0.00 2.87 0.00 0.00 0.00 0.00 0.81 0.00 2.91 0.00 0.00 0.00 1.09 0.91 0.00 0.00 0.42 1.65 0.00 0.00 0.00 2.21 0.00 0.00 0.00 1.86 1.09 1.44 0.00 0.84 0.00 0.00 0.00 0.00 0.88 1.09 1.12 3.40 0.00 2.31 0.00 0.00 2.03 2.87 1.75 0.00 0.00 2.28 0.00 0.00 0.00 2.94 2.59 0.00 3.40 0.00 0.00 2.07 0.84 1.33 0.00 1.79 0.00 1.09 0.00 1.68 0.00 0.14 0.00 0.00 2.70 0.98 0.00

ITEMS
nominal_profits 0.00 0.00 62.00 0.00 50.00 85.00 0.00 96.00 0.00 60.00 0.00 0.00 0.00 0.00 62.00 0.00 0.00 0.00 0.00 47.00 11.00 29.00 33.00 0.00 0.00 0.00 89.00 0.00 72.00 65.00 16.00 33.00 0.00 99.00 37.00 2.00 0.00 0.00 54.00 0.00 0.00 4.00 67.00 58.00 21.00 0.00 80.00 3.00 0.00 0.00 0.00 41.00 72.00 58.00 0.00 34.00 0.00 7.00 25.00 0.00 0.00 0.00 0.00 31.00 0.00 0.00 0.00 0.00 19.00 32.00 62.00 0.00 22.00 74.00 0.00 0.00 0.00 0.00 0.00 0.00 5.00 95.00 24.00 78.00 0.00 0.00 59.00 0.00 0.00 0.00 37.00 0.00 12.00 0.00 0.00 52.00 0.00 0.00 0.00 0.00
weights 36 45 31 40 10 35 44 40 25 35 15 14 15 13 44 4 35 4 8 44 47 50 46 23 20 35 15 27 1 23 44 48 39 29 15 31 25 2 12 43 7 36 45 34 49 25 8 24 41 15 44 47 18 40 21 42 12 20 17 12 32 49 37 35 18 21 15 8 20 30 2 18 37 35 28 48 50 18 10 19 40 9 12 39 39 45 25 11 31 15 30 28 30 9 38 24 7 43 36 23
capacity 1918
k_max 82

COMMENTS
original_pairwise_profits
0 0.00 35.00 15.00 0.00 98.00 0.00 86.00 55.00 43.00 0.00 63.00 0.00 0.00 58.00 0.00 0.00 0.00 0.00 10.00 70.00 98.00 80.00 0.00 0.00 5.00 37.00 0.00 0.00 0.00 0.00 56.00 0.00 0.00 0.00 100.00 69.00 0.00 0.00 39.00 39.00 15.00 0.00 87.00 26.00 55.00 97.00 0.00 0.00 0.00 0.00 48.00 0.00 0.00 0.00 0.00 0.00 51.00 0.00 80.00 0.00 0.00 0.00 49.00 0.00 0.00 77.00 28.00 75.00 0.00 0.00 0.00 49.00 0.00 19.00 77.00 0.00 32.00 0.00 0.00 15.00 0.00 0.00 66.00 0.00 47.00 0.00 80.00 87.00 94.00 0.00 0.00 1.00 0.00 6.00 99.00 0.00 92.00 35.00 0.00 41.00
1 35.00 0.00 74.00 0.00 21.00 0.00 0.00 33.00 37.00 77.00 0.00 70.00 44.00 83.00 5.00 3.00 0.00 0.00 91.00 7.00 0.00 0.00 84.00 100.00 0.00 0.00 49.00 0.00 0.00 8.00 45.00 81.00 0.00 32.00 29.00 0.00 0.00 0.00 0.00 0.00 49.00 31.00 99.00 29.00 65.00 0.00 64.00 0.00 48.00 0.00 72.00 0.00 63.00 0.00 44.00 82.00 0.00 27.00 67.00 0.00 0.00 0.00 0.00 0.00 6.00 45.00 0.00 66.00 43.00 0.00 20.00 0.00 0.00 0.00 95.00 0.00 0.00 42.00 0.00 80.00 0.00 30.00 80.00 0.00 0.00 0.00 38.00 0.00 23.00 94.00 0.00 77.00 0.00 0.00 85.00 16.00 0.00 0.00 92.00 10.00
2 15.00 74.00 0.00 0.00 48.00 0.00 0.00 17.00 34.00 43.00 0.00 0.00 23.00 0.00 48.00 15.00 0.00 1.00 0.00 48.00 0.00 0.00 58.00 29.00 0.00 0.00 52.00 60.00 1.00 54.00 18.00 0.00 64.00 78.00 0.00 76.00 72.00 0.00 0.00 0.00 0.00 69.00 24.00 17.00 0.00 0.00 30.00 85.00 0.00 0.00 0.00 0.00 0.00 0.00 0.00 75.00 0.00 0.00 47.00 0.00 0.00 0.00 0.00 0.00 56.00 0.00 98.00 34.00 0.00 0.00 0.00 4.00 0.00 23.00 88.00 43.00 0.00 0.00 26.00 0.00 0.00 95.00 15.00 0.00 32.00 0.00 0.00 0.00 36.00 85.00 0.00 32.00 0.00 0.00 75.00 0.00 14.00 0.00 0.00 93.00
3 0.00 0.00 0.00 0.00 0.00 0.00 0.00 0.00 47.00 0.00 0.00 0.00 20.00 0.00 0.00 0.00 22.00 0.00 0.00 0.00 15.00 12.00 26.00 0.00 75.00 0.00 0.00 18.00 0.00 28.00 0.00 30.00 0.00 0.00 0.00 0.00 74.00 0.00 0.00 0.00 22.00 21.00 52.00 90.00 35.00 3.00 57.00 80.00 30.00 67.00 0.00 61.00 0.00 53.00 0.00 0.00 0.00 38.00 49.00 0.00 0.00 0.00 64.00 61.00 0.00 95.00 84.00 76.00 0.00 0.00 43.00 0.00 0.00 0.00 0.00 0.00 4.00 24.00 64.00 0.00 77.00 13.00 0.00 63.00 30.00 0.00 4.00 0.00 16.00 90.00 10.00 0.00 11.00 0.00 0.00 100.00 22.00 0.00 0.00 0.00
4 98.00 21.00 48.00 0.00 0.00 14.00 0.00 0.00 95.00 0.00 71.00 63.00 0.00 0.00 51.00 1.00 0.00 45.00 0.00 24.00 53.00 73.00 0.00 48.00 95.00 0.00 70.00 75.00 0.00 7.00 0.00 0.00 0.00 0.00 0.00 11.00 54.00 69.00 76.00 0.00 24.00 36.00 0.00 89.00 79.00 15.00 0.00 0.00 99.00 88.00 0.00 0.00 58.00 0.00 0.00 0.00 8.00 17.00 61.00 41.00 0.00 29.00 0.00 0.00 0.00 33.00 0.00 0.00 0.00 3.00 0.00 44.00 45.00 93.00 52.00 19.00 0.00 63.00 0.00 0.00 49.00 76.00 0.00 0.00 0.00 6.00 51.00 0.00 0.00 20.00 0.00 48.00 0.00 0.00 0.00 0.00 0.00 73.00 0.00 41.00
5 0.00 0.00 0.00 0.00 14.00 0.00 0.00 0.00 75.00 48.00 0.00 0.00 0.00 7.00 0.00 13.00 0.00 77.00 79.00 24.00 15.00 0.00 0.00 0.00 0.00 0.00 0.00 0.00 7.00 77.00 73.00 47.00 25.00 19.00 2.00 68.00 0.00 62.00 70.00 0.00 52.00 0.00 61.00 58.00 52.00 82.00 0.00 0.00 0.00 45.00 59.00 26.00 0.00 88.00 75.00 0.00 55.00 23.00 44.00 0.00 5.00 0.00 0.00 57.00 0.00 0.00 0.00 0.00 0.00 0.00 75.00 0.00 29.00 0.00 100.00 0.00 71.00 4.00 14.00 0.00 19.00 83.00 0.00 0.00 0.00 0.00 79.00 0.00 26.00 37.00 77.00 0.00 0.00 29.00 11.00 99.00 0.00 89.00 0.00 7.00
6 86.00 0.00 0.00 0.00 0.00 0.00 0.00 0.00 0.00 0.00 4.00 0.00 0.00 72.00 44.00 0.00 16.00 0.00 0.00 50.00 21.00 0.00 0.00 0.00 68.00 0.00 0.00 77.00 0.00 98.00 100.00 0.00 55.00 42.00 0.00 0.00 34.00 23.00 0.00 0.00 52.00 0.00 28.00 58.00 9.00 32.00 0.00 0.00 48.00 0.00 0.00 40.00 0.00 0.00 98.00 7.00 72.00 29.00 29.00 57.00 0.00 0.00 0.00 71.00 0.00 22.00 0.00 0.00 0.00 0.00 0.00 0.00 0.00 64.00 0.00 0.00 0.00 12.00 67.00 91.00 0.00 13.00 0.00 0.00 47.00 75.00 55.00 0.00 62.00 7.00 71.00 0.00 0.00 8.00 0.00 0.00 4.00 0.00 0.00 0.00
7 55.00 33.00 17.00 0.00 0.00 0.00 0.00 0.00 0.00 0.00 0.00 0.00 0.00 13.00 25.00 52.00 0.00 87.00 0.00 75.00 3.00 17.00 0.00 72.00 0.00 16.00 0.00 0.00 36.00 24.00 0.00 86.00 68.00 52.00 71.00 12.00 0.00 0.00 0.00 91.00 0.00 0.00 55.00 0.00 0.00 8.00 0.00 0.00 0.00 0.00 75.00 57.00 94.00 0.00 0.00 0.00 0.00 1.00 43.00 57.00 0.00 0.00 0.00 0.00 29.00 53.00 59.00 34.00 0.00 45.00 44.00 38.00 28.00 81.00 0.00 61.00 20.00 13.00 0.00 0.00 67.00 0.00 0.00 65.00 0.00 0.00 0.00 24.00 0.00 0.00 17.00 0.00 0.00 52.00 0.00 26.00 0.00 80.00 100.00 80.00
8 43.00 37.00 34.00 47.00 95.00 75.00 0.00 0.00 0.00 0.00 15.00 41.00 95.00 59.00 0.00 88.00 0.00 77.00 10.00 86.00 0.00 61.00 96.00 0.00 26.00 36.00 12.00 0.00 46.00 0.00 0.00 24.00 0.00 0.00 0.00 0.00 10.00 0.00 9.00 85.00 0.00 42.00 0.00 0.00 0.00 0.00 78.00 27.00 0.00 80.00 0.00 0.00 59.00 79.00 0.00 0.00 0.00 0.00 0.00 21.00 84.00 0.00 0.00 59.00 19.00 0.00 83.00 34.00 89.00 0.00 8.00 0.00 0.00 0.00 0.00 0.00 0.00 0.00 0.00 67.00 76.00 0.00 10.00 61.00 94.00 0.00 0.00 0.00 0.00 71.00 55.00 0.00 70.00 0.00 34.00 0.00 0.00 25.00 0.00 80.00
9 0.00 77.00 43.00 0.00 0.00 48.00 0.00 0.00 0.00 0.00 91.00 0.00 75.00 0.00 0.00 47.00 0.00 54.00 0.00 0.00 100.00 42.00 0.00 54.00 0.00 71.00 0.00 9.00 39.00 66.00 98.00 0.00 60.00 12.00 49.00 63.00 0.00 0.00 0.00 0.00 0.00 24.00 62.00 0.00 0.00 0.00 74.00 0.00 61.00 16.00 84.00 98.00 0.00 31.00 8.00 6.00 0.00 47.00 0.00 0.00 53.00 0.00 75.00 0.00 0.00 34.00 5.00 82.00 0.00 90.00 0.00 0.00 0.00 14.00 0.00 71.00 22.00 29.00 91.00 0.00 48.00 30.00 16.00 63.00 83.00 96.00 0.00 0.00 90.00 0.00 46.00 59.00 51.00 0.00 55.00 0.00 57.00 0.00 8.00 24.00
10 63.00 0.00 0.00 0.00 71.00 0.00 4.00 0.00 15.00 91.00 0.00 0.00 55.00 87.00 0.00 0.00 5.00 0.00 52.00 0.00 36.00 0.00 31.00 7.00 0.00 97.00 0.00 0.00 0.00 0.00 0.00 0.00 0.00 95.00 13.00 0.00 0.00 0.00 93.00 0.00 0.00 0.00 0.00 0.00 23.00 30.00 0.00 50.00 0.00 56.00 65.00 0.00 0.00 48.00 86.00 59.00 5.00 0.00 0.00 13.00 0.00 13.00 0.00 38.00 0.00 2.00 93.00 0.00 0.00 0.00 0.00 70.00 78.00 0.00 21.00 0.00 0.00 2.00 8.00 80.00 0.00 13.00 0.00 0.00 11.00 51.00 9.00 0.00 70.00 0.00 0.00 67.00 0.00 0.00 100.00 99.00 0.00 30.00 0.00 25.00
11 0.00 70.00 0.00 0.00 63.00 0.00 0.00 0.00 41.00 0.00 0.00 0.00 27.00 0.00 35.00 0.00 0.00 92.00 48.00 71.00 21.00 40.00 46.00 0.00 29.00 54.00 64.00 0.00 0.00 0.00 95.00 0.00 79.00 0.00 40.00 0.00 1.00 90.00 28.00 0.00 0.00 30.00 0.00 37.00 0.00 15.00 4.00 0.00 10.00 0.00 0.00 8.00 0.00 99.00 0.00 75.00 0.00 0.00 0.00 92.00 0.00 0.00 0.00 27.00 0.00 54.00 0.00 0.00 95.00 50.00 39.00 46.00 97.00 16.00 54.00 0.00 0.00 0.00 93.00 0.00 96.00 22.00 0.00 0.00 0.00 0.00 18.00 43.00 76.00 83.00 0.00 30.00 0.00 59.00 87.00 0.00 0.00 34.00 36.00 0.00
12 0.00 44.00 23.00 20.00 0.00 0.00 0.00 0.00 95.00 75.00 55.00 27.00 0.00 8.00 0.00 0.00 0.00 80.00 0.00 0.00 73.00 36.00 0.00 3.00 55.00 0.00 0.00 0.00 0.00 0.00 0.00 0.00 47.00 12.00 14.00 97.00 56.00 0.00 9.00 0.00 11.00 50.00 0.00 0.00 67.00 0.00 0.00 34.00 27.00 67.00 28.00 88.00 75.00 0.00 96.00 0.00 98.00 91.00 0.00 59.00 0.00 0.00 87.00 0.00 45.00 66.00 0.00 0.00 82.00 91.00 29.00 50.00 31.00 0.00 0.00 0.00 0.00 19.00 0.00 0.00 0.00 0.00 82.00 82.00 81.00 0.00 39.00 44.00 80.00 10.00 0.00 64.00 44.00 0.00 88.00 0.00 36.00 15.00 0.00 88.00
13 58.00 83.00 0.00 0.00 0.00 7.00 72.00 13.00 59.00 0.00 87.00 0.00 8.00 0.00 0.00 0.00 33.00 55.00 38.00 78.00 0.00 50.00 84.00 0.00 0.00 63.00 0.00 98.00 0.00 48.00 61.00 52.00 0.00 22.00 0.00 0.00 48.00 0.00 0.00 0.00 28.00 0.00 0.00 0.00 66.00 91.00 16.00 28.00 28.00 0.00 67.00 10.00 40.00 85.00 26.00 2.00 0.00 0.00 0.00 4.00 5.00 60.00 30.00 0.00 0.00 42.00 27.00 50.00 0.00 0.00 68.00 0.00 89.00 29.00 96.00 0.00 34.00 39.00 11.00 92.00 70.00 90.00 17.00 0.00 49.00 12.00 91.00 0.00 4.00 79.00 70.00 0.00 0.00 35.00 80.00 15.00 0.00 0.00 53.00 0.00
14 0.00 5.00 48.00 0.00 51.00 0.00 44.00 25.00 0.00 0.00 0.00 35.00 0.00 0.00 0.00 9.00 37.00 0.00 15.00 0.00 27.00 11.00 67.00 0.00 81.00 0.00 0.00 70.00 0.00 0.00 39.00 0.00 97.00 88.00 0.00 60.00 0.00 0.00 39.00 0.00 0.00 0.00 17.00 94.00 10.00 17.00 31.00 0.00 0.00 0.00 11.00 23.00 0.00 0.00 51.00 0.00 5.00 8.00 0.00 0.00 0.00 21.00 41.00 0.00 97.00 0.00 0.00 60.00 13.00 49.00 50.00 9.00 43.00 56.00 57.00 67.00 25.00 14.00 87.00 0.00 3.00 76.00 87.00 0.00 45.00 0.00 0.00 0.00 0.00 80.00 79.00 0.00 0.00 0.00 75.00 17.00 0.00 0.00 53.00 87.00
15 0.00 3.00 15.00 0.00 1.00 13.00 0.00 52.00 88.00 47.00 0.00 0.00 0.00 0.00 9.00 0.00 12.00 65.00 96.00 0.00 0.00 0.00 70.00 0.00 0.00 0.00 0.00 53.00 55.00 0.00 69.00 54.00 0.00 0.00 26.00 9.00 100.00 0.00 0.00 0.00 0.00 0.00 87.00 0.00 0.00 0.00 77.00 7.00 86.00 19.00 1.00 49.00 0.00 65.00 53.00 42.00 0.00 67.00 18.00 0.00 16.00 0.00 50.00 86.00 0.00 0.00 0.00 0.00 0.00 0.00 51.00 12.00 0.00 0.00 96.00 0.00 0.00 0.00 37.00 0.00 25.00 0.00 0.00 89.00 0.00 0.00 81.00 0.00 0.00 0.00 0.00 7.00 0.00 0.00 82.00 0.00 77.00 54.00 0.00 0.00
16 0.00 0.00 0.00 22.00 0.00 0.00 16.00 0.00 0.00 0.00 5.00 0.00 0.00 33.00 37.00 12.00 0.00 0.00 42.00 0.00 0.00 16.00 0.00 0.00 0.00 0.00 24.00 35.00 0.00 0.00 0.00 0.00 11.00 99.00 19.00 76.00 72.00 5.00 0.00 32.00 0.00 69.00 80.00 70.00 0.00 0.00 99.00 85.00 0.00 51.00 86.00 0.00 28.00 1.00 4.00 16.00 0.00 0.00 0.00 74.00 60.00 58.00 54.00 0.00 55.00 35.00 0.00 0.00 0.00 6.00 0.00 20.00 70.00 65.00 35.00 83.00 50.00 0.00 53.00 0.00 13.00 86.00 13.00 0.00 89.00 0.00 100.00 0.00 0.00 22.00 15.00 50.00 74.00 0.00 53.00 26.00 22.00 38.00 77.00 44.00
17 0.00 0.00 1.00 0.00 45.00 77.00 0.00 87.00 77.00 54.00 0.00 92.00 80.00 55.00 0.00 65.00 0.00 0.00 8.00 0.00 63.00 0.00 92.00 5.00 12.00 19.00 0.00 0.00 35.00 0.00 45.00 92.00 0.00 0.00 0.00 0.00 35.00 0.00 34.00 5.00 12.00 44.00 0.00 0.00 0.00 0.00 0.00 89.00 95.00 0.00 8.00 95.00 27.00 0.00 0.00 0.00 41.00 93.00 0.00 0.00 0.00 6.00 31.00 0.00 72.00 93.00 1.00 61.00 13.00 45.00 73.00 0.00 0.00 0.00 0.00 37.00 11.00 18.00 0.00 0.00 0.00 64.00 0.00 0.00 77.00 64.00 0.00 13.00 0.00 0.00 0.00 0.00 0.00 0.00 41.00 0.00 81.00 0.00 93.00 0.00
18 10.00 91.00 0.00 0.00 0.00 79.00 0.00 0.00 10.00 0.00 52.00 48.00 0.00 38.00 15.00 96.00 42.00 8.00 0.00 10.00 42.00 44.00 17.00 9.00 0.00 0.00 0.00 63.00 47.00 72.00 0.00 40.00 27.00 13.00 0.00 0.00 29.00 65.00 0.00 58.00 0.00 0.00 0.00 15.00 0.00 63.00 44.00 0.00 0.00 27.00 78.00 30.00 0.00 79.00 0.00 97.00 0.00 87.00 0.00 70.00 38.00 67.00 0.00 0.00 34.00 0.00 0.00 0.00 90.00 0.00 0.00 0.00 71.00 0.00 7.00 51.00 62.00 51.00 31.00 81.00 0.00 47.00 51.00 10.00 0.00 94.00 3.00 34.00 0.00 49.00 0.00 22.00 0.00 6.00 1.00 50.00 66.00 0.00 79.00 64.00
19 70.00 7.00 48.00 0.00 24.00 24.00 50.00 75.00 86.00 0.00 0.00 71.00 0.00 78.00 0.00 0.00 0.00 0.00 10.00 0.00 0.00 0.00 0.00 0.00 0.00 0.00 60.00 85.00 0.00 90.00 0.00 61.00 48.00 0.00 91.00 0.00 0.00 0.00 0.00 81.00 93.00 0.00 59.00 91.00 0.00 0.00 0.00 0.00 93.00 0.00 73.00 75.00 15.00 28.00 0.00 34.00 88.00 86.00 99.00 0.00 65.00 0.00 0.00 0.00 39.00 62.00 89.00 18.00 0.00 66.00 34.00 0.00 0.00 0.00 45.00 0.00 0.00 0.00 58.00 0.00 16.00 88.00 66.00 0.00 0.00 0.00 0.00 0.00 0.00 46.00 0.00 28.00 19.00 31.00 0.00 0.00 0.00 0.00 0.00 64.00
20 98.00 0.00 0.00 15.00 53.00 15.00 21.00 3.00 0.00 100.00 36.00 21.00 73.00 0.00 27.00 0.00 0.00 63.00 42.00 0.00 0.00 0.00 62.00 0.00 62.00 0.00 88.00 97.00 0.00 45.00 0.00 71.00 52.00 0.00 61.00 12.00 0.00 0.00 0.00 0.00 93.00 0.00 41.00 47.00 0.00 0.00 19.00 0.00 0.00 51.00 0.00 0.00 0.00 0.00 0.00 0.00 43.00 0.00 93.00 21.00 0.00 0.00 72.00 40.00 0.00 0.00 0.00 72.00 93.00 53.00 31.00 0.00 3.00 82.00 0.00 0.00 25.00 0.00 93.00 12.00 0.00 0.00 0.00 0.00 0.00 94.00 0.00 80.00 0.00 0.00 0.00 0.00 0.00 0.00 0.00 15.00 16.00 0.00 94.00 56.00
21 80.00 0.00 0.00 12.00 73.00 0.00 0.00 17.00 61.00 42.00 0.00 40.00 36.00 50.00 11.00 0.00 16.00 0.00 44.00 0.00 0.00 0.00 0.00 0.00 0.00 0.00 21.00 19.00 0.00 0.00 10.00 73.00 0.00 64.00 67.00 19.00 0.00 0.00 53.00 0.00 16.00 22.00 0.00 0.00 14.00 0.00 0.00 44.00 62.00 26.00 23.00 59.00 0.00 89.00 74.00 0.00 0.00 0.00 0.00 0.00 0.00 0.00 0.00 55.00 0.00 79.00 0.00 45.00 0.00 0.00 71.00 60.00 0.00 72.00 88.00 0.00 65.00 25.00 69.00 17.00 59.00 78.00 80.00 0.00 0.00 0.00 65.00 53.00 3.00 0.00 80.00 45.00 63.00 0.00 85.00 0.00 61.00 0.00 82.00 0.00
22 0.00 84.00 58.00 26.00 0.00 0.00 0.00 0.00 96.00 0.00 31.00 46.00 0.00 84.00 67.00 70.00 0.00 92.00 17.00 0.00 62.00 0.00 0.00 58.00 0.00 64.00 100.00 21.00 80.00 83.00 0.00 93.00 0.00 100.00 0.00 33.00 5.00 0.00 76.00 0.00 97.00 0.00 0.00 0.00 96.00 0.00 90.00 93.00 0.00 0.00 46.00 0.00 0.00 0.00 0.00 92.00 0.00 91.00 0.00 23.00 77.00 23.00 0.00 27.00 0.00 0.00 0.00 91.00 77.00 0.00 12.00 0.00 64.00 0.00 0.00 33.00 0.00 94.00 89.00 23.00 0.00 87.00 0.00 0.00 30.00 0.00 92.00 25.00 0.00 96.00 0.00 42.00 96.00 0.00 0.00 0.00 0.00 38.00 0.00 0.00
23 0.00 100.00 29.00 0.00 48.00 0.00 0.00 72.00 0.00 54.00 7.00 0.00 3.00 0.00 0.00 0.00 0.00 5.00 9.00 0.00 0.00 0.00 58.00 0.00 0.00 0.00 54.00 0.00 0.00 41.00 0.00 0.00 0.00 89.00 0.00 70.00 79.00 32.00 63.00 0.00 0.00 10.00 0.00 69.00 63.00 12.00 0.00 0.00 0.00 0.00 90.00 41.00 0.00 0.00 84.00 98.00 59.00 0.00 0.00 0.00 0.00 0.00 0.00 6.00 32.00 0.00 0.00 91.00 53.00 0.00 94.00 99.00 0.00 0.00 0.00 55.00 87.00 5.00 19.00 60.00 52.00 0.00 0.00 0.00 79.00 67.00 95.00 0.00 15.00 0.00 56.00 0.00 88.00 0.00 77.00 69.00 0.00 45.00 0.00 36.00
24 5.00 0.00 0.00 75.00 95.00 0.00 68.00 0.00 26.00 0.00 0.00 29.00 55.00 0.00 81.00 0.00 0.00 12.00 0.00 0.00 62.00 0.00 0.00 0.00 0.00 74.00 0.00 0.00 0.00 0.00 50.00 61.00 89.00 0.00 80.00 40.00 0.00 0.00 40.00 48.00 51.00 0.00 0.00 0.00 47.00 0.00 94.00 90.00 48.00 0.00 0.00 0.00 0.00 0.00 0.00 0.00 0.00 0.00 59.00 99.00 80.00 17.00 20.00 0.00 0.00 0.00 10.00 63.00 0.00 0.00 0.00 12.00 4.00 0.00 81.00 76.00 0.00 0.00 57.00 97.00 34.00 89.00 0.00 34.00 44.00 0.00 10.00 69.00 80.00 67.00 32.00 48.00 99.00 40.00 84.00 0.00 61.00 0.00 0.00 0.00
25 37.00 0.00 0.00 0.00 0.00 0.00 0.00 16.00 36.00 71.00 97.00 54.00 0.00 63.00 0.00 0.00 0.00 19.00 0.00 0.00 0.00 0.00 64.00 0.00 74.00 0.00 47.00 0.00 70.00 0.00 15.00 7.00 93.00 15.00 98.00 37.00 99.00 0.00 58.00 0.00 27.00 25.00 0.00 2.00 43.00 0.00 0.00 2.00 0.00 57.00 0.00 0.00 0.00 0.00 0.00 44.00 72.00 46.00 13.00 0.00 32.00 40.00 0.00 0.00 0.00 0.00 58.00 0.00 0.00 0.00 0.00 0.00 0.00 0.00 62.00 0.00 47.00 42.00 82.00 0.00 0.00 19.00 0.00 0.00 0.00 70.00 58.00 0.00 0.00 43.00 8.00 83.00 0.00 8.00 0.00 0.00 15.00 0.00 0.00 57.00
26 0.00 49.00 52.00 0.00 70.00 0.00 0.00 0.00 12.00 0.00 0.00 64.00 0.00 0.00 0.00 0.00 24.00 0.00 0.00 60.00 88.00 21.00 100.00 54.00 0.00 47.00 0.00 92.00 49.00 39.00 63.00 0.00 52.00 0.00 29.00 0.00 0.00 16.00 61.00 0.00 50.00 0.00 0.00 15.00 48.00 35.00 29.00 0.00 0.00 18.00 0.00 23.00 0.00 0.00 50.00 33.00 0.00 44.00 0.00 0.00 85.00 0.00 56.00 0.00 27.00 0.00 78.00 26.00 1.00 0.00 75.00 99.00 0.00 0.00 67.00 95.00 0.00 0.00 0.00 31.00 77.00 47.00 80.00 0.00 97.00 0.00 0.00 0.00 17.00 0.00 41.00 0.00 45.00 0.00 99.00 0.00 40.00 24.00 0.00 0.00
27 0.00 0.00 60.00 18.00 75.00 0.00 77.00 0.00 0.00 9.00 0.00 0.00 0.00 98.00 70.00 53.00 35.00 0.00 63.00 85.00 97.00 19.00 21.00 0.00 0.00 0.00 92.00 0.00 0.00 14.00 0.00 76.00 0.00 0.00 0.00 81.00 0.00 0.00 0.00 75.00 0.00 0.00 26.00 57.00 0.00 0.00 90.00 0.00 0.00 35.00 0.00 76.00 0.00 33.00 0.00 0.00 27.00 26.00 0.00 0.00 13.00 0.00 76.00 6.00 33.00 89.00 0.00 0.00 67.00 1.00 91.00 74.00 78.00 0.00 89.00 0.00 65.00 80.00 21.00 0.00 0.00 78.00 70.00 81.00 52.00 60.00 78.00 0.00 31.00 0.00 62.00 32.00 0.00 0.00 0.00 13.00 0.00 9.00 64.00 0.00
28 0.00 0.00 1.00 0.00 0.00 7.00 0.00 36.00 46.00 39.00 0.00 0.00 0.00 0.00 0.00 55.00 0.00 35.00 47.00 0.00 0.00 0.00 80.00 0.00 0.00 70.00 49.00 0.00 0.00 16.00 0.00 91.00 0.00 10.00 7.00 0.00 0.00 0.00 38.00 84.00 46.00 45.00 49.00 0.00 76.00 79.00 64.00 0.00 0.00 0.00 0.00 0.00 34.00 0.00 91.00 0.00 73.00 93.00 0.00 0.00 87.00 0.00 6.00 79.00 0.00 0.00 1.00 41.00 54.00 0.00 0.00 41.00 0.00 0.00 16.00 0.00 63.00 75.00 0.00 0.00 0.00 0.00 0.00 65.00 0.00 8.00 0.00 0.00 0.00 0.00 78.00 0.00 17.00 0.00 21.00 34.00 78.00 13.00 0.00 82.00
29 0.00 8.00 54.00 28.00 7.00 77.00 98.00 24.00 0.00 66.00 0.00 0.00 0.00 48.00 0.00 0.00 0.00 0.00 72.00 90.00 45.00 0.00 83.00 41.00 0.00 0.00 39.00 14.00 16.00 0.00 0.00 0.00 0.00 61.00 0.00 99.00 0.00 0.00 77.00 42.00 59.00 0.00 0.00 10.00 85.00 35.00 0.00 0.00 20.00 94.00 0.00 0.00 0.00 99.00 65.00 0.00 56.00 0.00 0.00 0.00 24.00 0.00 11.00 0.00 36.00 21.00 63.00 12.00 0.00 91.00 13.00 32.00 0.00 20.00 0.00 33.00 51.00 0.00 34.00 0.00 90.00 0.00 0.00 51.00 94.00 0.00 3.00 0.00 1.00 0.00 0.00 0.00 0.00 28.00 42.00 0.00 27.00 0.00 94.00 0.00
30 56.00 45.00 18.00 0.00 0.00 73.00 100.00 0.00 0.00 98.00 0.00 95.00 0.00 61.00 39.00 69.00 0.00 45.00 0.00 0.00 0.00 10.00 0.00 0.00 50.00 15.00 63.00 0.00 0.00 0.00 0.00 0.00 49.00 16.00 92.00 0.00 0.00 0.00 0.00 0.00 0.00 77.00 0.00 0.00 19.00 0.00 64.00 0.00 19.00 15.00 0.00 17.00 11.00 6.00 0.00 0.00 0.00 69.00 0.00 0.00 86.00 73.00 56.00 0.00 64.00 81.00 51.00 0.00 26.00 0.00 0.00 92.00 0.00 56.00 0.00 52.00 0.00 16.00 0.00 0.00 0.00 0.00 52.00 42.00 38.00 0.00 0.00 0.00 0.00 0.00 16.00 0.00 19.00 44.00 49.00 85.00 46.00 44.00 0.00 0.00
31 0.00 81.00 0.00 30.00 0.00 47.00 0.00 86.00 24.00 0.00 0.00 0.00 0.00 52.00 0.00 54.00 0.00 92.00 40.00 61.00 71.00 73.00 93.00 0.00 61.00 7.00 0.00 76.00 91.00 0.00 0.00 0.00 21.00 0.00 62.00 0.00 54.00 0.00 16.00 0.00 83.00 1.00 62.00 0.00 0.00 99.00 0.00 0.00 31.00 94.00 80.00 0.00 33.00 0.00 48.00 21.00 64.00 26.00 0.00 0.00 100.00 70.00 80.00 97.00 0.00 34.00 0.00 0.00 0.00 0.00 0.00 0.00 0.00 61.00 57.00 49.00 57.00 0.00 98.00 22.00 0.00 0.00 55.00 24.00 84.00 78.00 66.00 62.00 29.00 14.00 49.00 0.00 0.00 56.00 0.00 24.00 5.00 0.00 22.00 0.00
32 0.00 0.00 64.00 0.00 0.00 25.00 55.00 68.00 0.00 60.00 0.00 79.00 47.00 0.00 97.00 0.00 11.00 0.00 27.00 48.00 52.00 0.00 0.00 0.00 89.00 93.00 52.00 0.00 0.00 0.00 49.00 21.00 0.00 0.00 0.00 0.00 0.00 46.00 0.00 57.00 0.00 0.00 27.00 0.00 0.00 95.00 97.00 56.00 0.00 0.00 0.00 84.00 75.00 0.00 52.00 0.00 0.00 0.00 100.00 96.00 0.00 0.00 0.00 0.00 0.00 0.00 82.00 0.00 0.00 0.00 0.00 0.00 74.00 29.00 0.00 93.00 0.00 0.00 0.00 43.00 91.00 0.00 0.00 91.00 0.00 38.00 79.00 0.00 0.00 72.00 82.00 92.00 84.00 26.00 64.00 0.00 0.00 30.00 0.00 0.00
33 0.00 32.00 78.00 0.00 0.00 19.00 42.00 52.00 0.00 12.00 95.00 0.00 12.00 22.00 88.00 0.00 99.00 0.00 13.00 0.00 0.00 64.00 100.00 89.00 0.00 15.00 0.00 0.00 10.00 61.00 16.00 0.00 0.00 0.00 17.00 83.00 32.00 87.00 0.00 40.00 42.00 0.00 0.00 0.00 99.00 0.00 25.00 20.00 100.00 0.00 0.00 72.00 72.00 0.00 0.00 0.00 0.00 0.00 69.00 83.00 62.00 83.00 14.00 0.00 78.00 0.00 0.00 0.00 0.00 20.00 0.00 0.00 25.00 0.00 14.00 95.00 92.00 0.00 0.00 61.00 69.00 0.00 86.00 0.00 24.00 76.00 0.00 0.00 0.00 0.00 98.00 63.00 16.00 83.00 0.00 91.00 89.00 0.00 0.00 23.00
34 100.00 29.00 0.00 0.00 0.00 2.00 0.00 71.00 0.00 49.00 13.00 40.00 14.00 0.00 0.00 26.00 19.00 0.00 0.00 91.00 61.00 67.00 0.00 0.00 80.00 98.00 29.00 0.00 7.00 0.00 92.00 62.00 0.00 17.00 0.00 54.00 0.00 0.00 0.00 0.00 0.00 0.00 0.00 71.00 0.00 0.00 35.00 63.00 0.00 41.00 97.00 0.00 54.00 48.00 95.00 0.00 77.00 0.00 0.00 0.00 0.00 0.00 0.00 0.00 0.00 0.00 0.00 75.00 86.00 38.00 6.00 0.00 82.00 9.00 94.00 0.00 0.00 94.00 82.00 48.00 0.00 45.00 50.00 69.00 77.00 0.00 0.00 0.00 0.00 25.00 0.00 57.00 0.00 0.00 20.00 0.00 0.00 11.00 0.00 0.00
35 69.00 0.00 76.00 0.00 11.00 68.00 0.00 12.00 0.00 63.00 0.00 0.00 97.00 0.00 60.00 9.00 76.00 0.00 0.00 0.00 12.00 19.00 33.00 70.00 40.00 37.00 0.00 81.00 0.00 99.00 0.00 0.00 0.00 83.00 54.00 0.00 0.00 0.00 0.00 0.00 0.00 27.00 0.00 61.00 29.00 38.00 77.00 17.00 0.00 78.00 0.00 0.00 33.00 0.00 78.00 9.00 95.00 0.00 92.00 0.00 0.00 9.00 52.00 65.00 0.00 0.00 85.00 26.00 33.00 69.00 98.00 0.00 16.00 71.00 31.00 74.00 35.00 0.00 0.00 0.00 0.00 0.00 60.00 48.00 91.00 0.00 93.00 32.00 96.00 38.00 44.00 0.00 71.00 77.00 0.00 0.00 0.00 0.00 53.00 83.00
36 0.00 0.00 72.00 74.00 54.00 0.00 34.00 0.00 10.00 0.00 0.00 1.00 56.00 48.00 0.00 100.00 72.00 35.00 29.00 0.00 0.00 0.00 5.00 79.00 0.00 99.00 0.00 0.00 0.00 0.00 0.00 54.00 0.00 32.00 0.00 0.00 0.00 0.00 0.00 0.00 46.00 0.00 39.00 0.00 0.00 9.00 89.00 0.00 100.00 0.00 0.00 0.00 90.00 39.00 0.00 0.00 0.00 0.00 99.00 55.00 0.00 0.00 96.00 0.00 30.00 19.00 56.00 0.00 19.00 0.00 30.00 0.00 0.00 0.00 93.00 23.00 0.00 0.00 49.00 0.00 0.00 93.00 0.00 66.00 12.00 0.00 0.00 25.00 0.00 36.00 0.00 0.00 71.00 0.00 61.00 4.00 0.00 86.00 0.00 0.00
37 0.00 0.00 0.00 0.00 69.00 62.00 23.00 0.00 0.00 0.00 0.00 90.00 0.00 0.00 0.00 0.00 5.00 0.00 65.00 0.00 0.00 0.00 0.00 32.00 0.00 0.00 16.00 0.00 0.00 0.00 0.00 0.00 46.00 87.00 0.00 0.00 0.00 0.00 0.00 0.00 0.00 83.00 0.00 0.00 97.00 0.00 0.00 0.00 0.00 7.00 0.00 0.00 0.00 33.00 61.00 78.00 0.00 0.00 71.00 0.00 0.00 8.00 0.00 0.00 0.00 0.00 0.00 4.00 19.00 92.00 54.00 1.00 65.00 76.00 21.00 85.00 0.00 38.00 0.00 2.00 89.00 0.00 0.00 0.00 90.00 0.00 11.00 4.00 26.00 4.00 74.00 0.00 0.00 51.00 0.00 0.00 0.00 67.00 0.00 0.00
38 39.00 0.00 0.00 0.00 76.00 70.00 0.00 0.00 9.00 0.00 93.00 28.00 9.00 0.00 39.00 0.00 0.00 34.00 0.00 0.00 0.00 53.00 76.00 63.00 40.00 58.00 61.00 0.00 38.00 77.00 0.00 16.00 0.00 0.00 0.00 0.00 0.00 0.00 0.00 60.00 0.00 86.00 11.00 86.00 0.00 34.00 0.00 0.00 0.00 3.00 0.00 64.00 0.00 0.00 0.00 0.00 0.00 61.00 57.00 0.00 0.00 0.00 12.00 0.00 90.00 13.00 0.00 0.00 79.00 14.00 57.00 32.00 0.00 19.00 86.00 0.00 59.00 0.00 69.00 0.00 39.00 20.00 70.00 0.00 0.00 91.00 0.00 0.00 0.00 0.00 100.00 90.00 46.00 0.00 19.00 74.00 96.00 0.00 45.00 0.00
39 39.00 0.00 0.00 0.00 0.00 0.00 0.00 91.00 85.00 0.00 0.00 0.00 0.00 0.00 0.00 0.00 32.00 5.00 58.00 81.00 0.00 0.00 0.00 0.00 48.00 0.00 0.00 75.00 84.00 42.00 0.00 0.00 57.00 40.00 0.00 0.00 0.00 0.00 60.00 0.00 0.00 0.00 0.00 15.00 0.00 0.00 50.00 0.00 0.00 7.00 0.00 0.00 77.00 0.00 0.00 0.00 65.00 22.00 19.00 64.00 11.00 74.00 49.00 100.00 0.00 0.00 61.00 0.00 0.00 0.00 0.00 0.00 50.00 87.00 6.00 0.00 49.00 0.00 16.00 0.00 0.00 19.00 0.00 0.00 0.00 88.00 85.00 0.00 0.00 0.00 0.00 68.00 95.00 90.00 0.00 55.00 7.00 0.00 59.00 31.00
40 15.00 49.00 0.00 22.00 24.00 52.00 52.00 0.00 0.00 0.00 0.00 0.00 11.00 28.00 0.00 0.00 0.00 12.00 0.00 93.00 93.00 16.00 97.00 0.00 51.00 27.00 50.00 0.00 46.00 59.00 0.00 83.00 0.00 42.00 0.00 0.00 46.00 0.00 0.00 0.00 0.00 94.00 0.00 0.00 0.00 6.00 36.00 57.00 45.00 62.00 49.00 0.00 0.00 17.00 0.00 0.00 0.00 51.00 0.00 0.00 0.00 99.00 0.00 0.00 22.00 0.00 37.00 8.00 0.00 84.00 43.00 7.00 57.00 20.00 0.00 76.00 49.00 35.00 91.00 77.00 14.00 4.00 94.00 0.00 0.00 14.00 22.00 0.00 0.00 0.00 15.00 0.00 0.00 0.00 41.00 56.00 89.00 0.00 68.00 26.00
41 0.00 31.00 69.00 21.00 36.00 0.00 0.00 0.00 42.00 24.00 0.00 30.00 50.00 0.00 0.00 0.00 69.00 44.00 0.00 0.00 0.00 22.00 0.00 10.00 0.00 25.00 0.00 0.00 45.00 0.00 77.00 1.00 0.00 0.00 0.00 27.00 0.00 83.00 86.00 0.00 94.00 0.00 0.00 0.00 0.00 20.00 20.00 0.00 33.00 25.00 1.00 40.00 62.00 0.00 97.00 0.00 75.00 31.00 0.00 58.00 0.00 0.00 0.00 81.00 9.00 0.00 0.00 81.00 59.00 87.00 0.00 12.00 0.00 57.00 7.00 0.00 0.00 0.00 0.00 0.00 0.00 61.00 79.00 27.00 44.00 53.00 0.00 0.00 0.00 50.00 94.00 98.00 0.00 0.00 98.00 0.00 0.00 0.00 0.00 0.00
42 87.00 99.00 24.00 52.00 0.00 61.00 28.00 55.00 0.00 62.00 0.00 0.00 0.00 0.00 17.00 87.00 80.00 0.00 0.00 59.00 41.00 0.00 0.00 0.00 0.00 0.00 0.00 26.00 49.00 0.00 0.00 62.00 27.00 0.00 0.00 0.00 39.00 0.00 11.00 0.00 0.00 0.00 0.00 14.00 0.00 0.00 0.00 92.00 0.00 41.00 0.00 13.00 0.00 0.00 43.00 85.00 75.00 0.00 89.00 0.00 0.00 0.00 0.00 0.00 79.00 74.00 68.00 85.00 77.00 17.00 0.00 0.00 0.00 3.00 63.00 0.00 0.00 43.00 9.00 0.00 0.00 73.00 9.00 34.00 0.00 0.00 0.00 78.00 4.00 0.00 83.00 0.00 0.00 0.00 83.00 0.00 63.00 0.00 0.00 0.00
43 26.00 29.00 17.00 90.00 89.00 58.00 58.00 0.00 0.00 0.00 0.00 37.00 0.00 0.00 94.00 0.00 70.00 0.00 15.00 91.00 47.00 0.00 0.00 69.00 0.00 2.00 15.00 57.00 0.00 10.00 0.00 0.00 0.00 0.00 71.00 61.00 0.00 0.00 86.00 15.00 0.00 0.00 14.00 0.00 0.00 85.00 28.00 58.00 52.00 0.00 0.00 21.00 48.00 12.00 60.00 0.00 85.00 0.00 0.00 0.00 62.00 0.00 0.00 89.00 0.00 26.00 0.00 18.00 0.00 21.00 92.00 0.00 24.00 61.00 0.00 0.00 0.00 0.00 51.00 63.00 0.00 0.00 0.00 61.00 0.00 42.00 59.00 0.00 0.00 0.00 50.00 0.00 19.00 23.00 50.00 64.00 44.00 86.00 100.00 12.00
44 55.00 65.00 0.00 35.00 79.00 52.00 9.00 0.00 0.00 0.00 23.00 0.00 67.00 66.00 10.00 0.00 0.00 0.00 0.00 0.00 0.00 14.00 96.00 63.00 47.00 43.00 48.00 0.00 76.00 85.00 19.00 0.00 0.00 99.00 0.00 29.00 0.00 97.00 0.00 0.00 0.00 0.00 0.00 0.00 0.00 30.00 47.00 0.00 49.00 51.00 0.00 0.00 72.00 0.00 38.00 57.00 0.00 61.00 4.00 0.00 0.00 0.00 76.00 38.00 0.00 0.00 0.00 0.00 0.00 0.00 41.00 0.00 29.00 0.00 7.00 69.00 20.00 32.00 26.00 0.00 83.00 0.00 69.00 0.00 71.00 39.00 0.00 96.00 0.00 0.00 0.00 0.00 0.00 0.00 90.00 0.00 0.00 0.00 0.00 47.00
45 97.00 0.00 0.00 3.00 15.00 82.00 32.00 8.00 0.00 0.00 30.00 15.00 0.00 91.00 17.00 0.00 0.00 0.00 63.00 0.00 0.00 0.00 0.00 12.00 0.00 0.00 35.00 0.00 79.00 35.00 0.00 99.00 95.00 0.00 0.00 38.00 9.00 0.00 34.00 0.00 6.00 20.00 0.00 85.00 30.00 0.00 51.00 53.00 58.00 89.00 0.00 0.00 89.00 39.00 0.00 0.00 59.00 0.00 0.00 0.00 8.00 52.00 0.00 54.00 0.00 27.00 0.00 0.00 12.00 94.00 0.00 0.00 0.00 0.00 60.00 0.00 20.00 0.00 0.00 0.00 4.00 0.00 0.00 25.00 0.00 0.00 63.00 0.00 37.00 89.00 88.00 0.00 0.00 60.00 63.00 8.00 38.00 50.00 23.00 0.00
46 0.00 64.00 30.00 57.00 0.00 0.00 0.00 0.00 78.00 74.00 0.00 4.00 0.00 16.00 31.00 77.00 99.00 0.00 44.00 0.00 19.00 0.00 90.00 0.00 94.00 0.00 29.00 90.00 64.00 0.00 64.00 0.00 97.00 25.00 35.00 77.00 89.00 0.00 0.00 50.00 36.00 20.00 0.00 28.00 47.00 51.00 0.00 0.00 0.00 86.00 23.00 0.00 79.00 0.00 0.00 77.00 6.00 0.00 32.00 0.00 53.00 0.00 0.00 87.00 57.00 0.00 0.00 58.00 0.00 0.00 57.00 0.00 95.00 51.00 0.00 0.00 0.00 54.00 0.00 29.00 92.00 0.00 0.00 0.00 0.00 49.00 0.00 0.00 0.00 0.00 0.00 0.00 84.00 69.00 56.00 23.00 82.00 0.00 0.00 0.00
47 0.00 0.00 85.00 80.00 0.00 0.00 0.00 0.00 27.00 0.00 50.00 0.00 34.00 28.00 0.00 7.00 85.00 89.00 0.00 0.00 0.00 44.00 93.00 0.00 90.00 2.00 0.00 0.00 0.00 0.00 0.00 0.00 56.00 20.00 63.00 17.00 0.00 0.00 0.00 0.00 57.00 0.00 92.00 58.00 0.00 53.00 0.00 0.00 1.00 56.00 0.00 0.00 0.00 93.00 62.00 88.00 0.00 0.00 0.00 31.00 60.00 0.00 0.00 37.00 0.00 96.00 0.00 0.00 0.00 18.00 30.00 0.00 96.00 18.00 0.00 0.00 0.00 0.00 36.00 0.00 97.00 77.00 0.00 0.00 0.00 0.00 98.00 0.00 91.00 99.00 77.00 98.00 0.00 0.00 64.00 0.00 0.00 0.00 26.00 0.00
48 0.00 48.00 0.00 30.00 99.00 0.00 48.00 0.00 0.00 61.00 0.00 10.00 27.00 28.00 0.00 86.00 0.00 95.00 0.00 93.00 0.00 62.00 0.00 0.00 48.00 0.00 0.00 0.00 0.00 20.00 19.00 31.00 0.00 100.00 0.00 0.00 100.00 0.00 0.00 0.00 45.00 33.00 0.00 52.00 49.00 58.00 0.00 1.00 0.00 0.00 91.00 4.00 88.00 96.00 0.00 0.00 0.00 11.00 57.00 0.00 43.00 35.00 0.00 81.00 0.00 0.00 0.00 0.00 0.00 0.00 0.00 0.00 0.00 73.00 0.00 0.00 50.00 93.00 0.00 0.00 0.00 6.00 0.00 0.00 87.00 0.00 67.00 35.00 11.00 12.00 2.00 51.00 0.00 18.00 1.00 4.00 0.00 97.00 0.00 63.00
49 0.00 0.00 0.00 67.00 88.00 45.00 0.00 0.00 80.00 16.00 56.00 0.00 67.00 0.00 0.00 19.00 51.00 0.00 27.00 0.00 51.00 26.00 0.00 0.00 0.00 57.00 18.00 35.00 0.00 94.00 15.00 94.00 0.00 0.00 41.00 78.00 0.00 7.00 3.00 7.00 62.00 25.00 41.00 0.00 51.00 89.00 86.00 56.00 0.00 0.00 57.00 3.00 0.00 26.00 0.00 24.00 77.00 0.00 0.00 0.00 0.00 73.00 0.00 0.00 93.00 80.00 75.00 0.00 92.00 0.00 34.00 0.00 60.00 74.00 40.00 59.00 74.00 71.00 44.00 0.00 48.00 0.00 0.00 0.00 0.00 57.00 33.00 0.00 99.00 11.00 0.00 0.00 51.00 37.00 0.00 0.00 40.00 0.00 0.00 0.00
50 48.00 72.00 0.00 0.00 0.00 59.00 0.00 75.00 0.00 84.00 65.00 0.00 28.00 67.00 11.00 1.00 86.00 8.00 78.00 73.00 0.00 23.00 46.00 90.00 0.00 0.00 0.00 0.00 0.00 0.00 0.00 80.00 0.00 0.00 97.00 0.00 0.00 0.00 0.00 0.00 49.00 1.00 0.00 0.00 0.00 0.00 23.00 0.00 91.00 57.00 0.00 23.00 78.00 7.00 0.00 0.00 32.00 0.00 0.00 58.00 23.00 0.00 10.00 29.00 28.00 33.00 0.00 0.00 0.00 0.00 64.00 55.00 46.00 0.00 30.00 94.00 0.00 51.00 16.00 0.00 0.00 50.00 71.00 0.00 0.00 0.00 0.00 67.00 0.00 91.00 0.00 0.00 0.00 0.00 68.00 0.00 73.00 90.00 0.00 0.00
51 0.00 0.00 0.00 61.00 0.00 26.00 40.00 57.00 0.00 98.00 0.00 8.00 88.00 10.00 23.00 49.00 0.00 95.00 30.00 75.00 0.00 59.00 0.00 41.00 0.00 0.00 23.00 76.00 0.00 0.00 17.00 0.00 84.00 72.00 0.00 0.00 0.00 0.00 64.00 0.00 0.00 40.00 13.00 21.00 0.00 0.00 0.00 0.00 4.00 3.00 23.00 0.00 0.00 48.00 0.00 0.00 0.00 28.00 0.00 69.00 0.00 0.00 0.00 0.00 0.00 100.00 89.00 13.00 0.00 8.00 13.00 0.00 0.00 0.00 0.00 69.00 14.00 35.00 0.00 0.00 18.00 0.00 97.00 0.00 99.00 0.00 20.00 31.00 58.00 46.00 0.00 0.00 79.00 0.00 0.00 0.00 64.00 0.00 0.00 0.00
52 0.00 63.00 0.00 0.00 58.00 0.00 0.00 94.00 59.00 0.00 0.00 0.00 75.00 40.00 0.00 0.00 28.00 27.00 0.00 15.00 0.00 0.00 0.00 0.00 0.00 0.00 0.00 0.00 34.00 0.00 11.00 33.00 75.00 72.00 54.00 33.00 90.00 0.00 0.00 77.00 0.00 62.00 0.00 48.00 72.00 89.00 79.00 0.00 88.00 0.00 78.00 0.00 0.00 0.00 35.00 0.00 65.00 81.00 0.00 8.00 5.00 0.00 0.00 0.00 0.00 28.00 0.00 0.00 71.00 0.00 0.00 0.00 0.00 0.00 0.00 57.00 0.00 30.00 0.00 0.00 0.00 0.00 0.00 0.00 0.00 51.00 42.00 0.00 0.00 0.00 0.00 0.00 0.00 90.00 0.00 35.00 49.00 0.00 62.00 53.00
53 0.00 0.00 0.00 53.00 0.00 88.00 0.00 0.00 79.00 31.00 48.00 99.00 0.00 85.00 0.00 65.00 1.00 0.00 79.00 28.00 0.00 89.00 0.00 0.00 0.00 0.00 0.00 33.00 0.00 99.00 6.00 0.00 0.00 0.00 48.00 0.00 39.00 33.00 0.00 0.00 17.00 0.00 0.00 12.00 0.00 39.00 0.00 93.00 96.00 26.00 7.00 48.00 0.00 0.00 6.00 0.00 0.00 0.00 70.00 0.00 12.00 97.00 0.00 35.00 0.00 0.00 0.00 77.00 24.00 0.00 0.00 0.00 0.00 55.00 11.00 30.00 43.00 0.00 13.00 0.00 74.00 0.00 0.00 0.00 0.00 82.00 18.00 0.00 53.00 0.00 0.00 0.00 19.00 0.00 0.00 0.00 0.00 0.00 0.00 31.00
54 0.00 44.00 0.00 0.00 0.00 75.00 98.00 0.00 0.00 8.00 86.00 0.00 96.00 26.00 51.00 53.00 4.00 0.00 0.00 0.00 0.00 74.00 0.00 84.00 0.00 0.00 50.00 0.00 91.00 65.00 0.00 48.00 52.00 0.00 95.00 78.00 0.00 61.00 0.00 0.00 0.00 97.00 43.00 60.00 38.00 0.00 0.00 62.00 0.00 0.00 0.00 0.00 35.00 6.00 0.00 31.00 45.00 0.00 63.00 0.00 29.00 0.00 0.00 86.00 33.00 0.00 15.00 0.00 0.00 42.00 0.00 78.00 71.00 18.00 11.00 53.00 10.00 36.00 0.00 15.00 44.00 37.00 87.00 10.00 0.00 55.00 0.00 0.00 58.00 92.00 98.00 85.00 0.00 0.00 58.00 81.00 7.00 9.00 30.00 41.00
55 0.00 82.00 75.00 0.00 0.00 0.00 7.00 0.00 0.00 6.00 59.00 75.00 0.00 2.00 0.00 42.00 16.00 0.00 97.00 34.00 0.00 0.00 92.00 98.00 0.00 44.00 33.00 0.00 0.00 0.00 0.00 21.00 0.00 0.00 0.00 9.00 0.00 78.00 0.00 0.00 0.00 0.00 85.00 0.00 57.00 0.00 77.00 88.00 0.00 24.00 0.00 0.00 0.00 0.00 31.00 0.00 0.00 42.00 0.00 0.00 0.00 0.00 37.00 0.00 14.00 0.00 90.00 0.00 0.00 0.00 92.00 0.00 87.00 67.00 59.00 0.00 0.00 0.00 0.00 45.00 0.00 0.00 10.00 44.00 0.00 0.00 0.00 87.00 0.00 0.00 75.00 0.00 0.00 60.00 15.00 83.00 75.00 14.00 68.00 0.00
56 51.00 0.00 0.00 0.00 8.00 55.00 72.00 0.00 0.00 0.00 5.00 0.00 98.00 0.00 5.00 0.00 0.00 41.00 0.00 88.00 43.00 0.00 0.00 59.00 0.00 72.00 0.00 27.00 73.00 56.00 0.00 64.00 0.00 0.00 77.00 95.00 0.00 0.00 0.00 65.00 0.00 75.00 75.00 85.00 0.00 59.00 6.00 0.00 0.00 77.00 32.00 0.00 65.00 0.00 45.00 0.00 0.00 24.00 0.00 85.00 52.00 0.00 89.00 41.00 0.00 70.00 65.00 0.00 0.00 71.00 75.00 0.00 72.00 0.00 82.00 35.00 0.00 0.00 35.00 62.00 0.00 0.00 76.00 92.00 0.00 0.00 0.00 0.00 0.00 49.00 0.00 42.00 5.00 39.00 1.00 0.00 0.00 69.00 69.00 24.00
57 0.00 27.00 0.00 38.00 17.00 23.00 29.00 1.00 0.00 47.00 0.00 0.00 91.00 0.00 8.00 67.00 0.00 93.00 87.00 86.00 0.00 0.00 91.00 0.00 0.00 46.00 44.00 26.00 93.00 0.00 69.00 26.00 0.00 0.00 0.00 0.00 0.00 0.00 61.00 22.00 51.00 31.00 0.00 0.00 61.00 0.00 0.00 0.00 11.00 0.00 0.00 28.00 81.00 0.00 0.00 42.00 24.00 0.00 0.00 0.00 0.00 0.00 0.00 28.00 81.00 5.00 0.00 57.00 64.00 0.00 0.00 0.00 48.00 0.00 0.00 78.00 0.00 93.00 0.00 0.00 76.00 29.00 0.00 0.00 44.00 0.00 0.00 15.00 10.00 0.00 13.00 92.00 9.00 0.00 3.00 51.00 85.00 0.00 0.00 0.00
58 80.00 67.00 47.00 49.00 61.00 44.00 29.00 43.00 0.00 0.00 0.00 0.00 0.00 0.00 0.00 18.00 0.00 0.00 0.00 99.00 93.00 0.00 0.00 0.00 59.00 13.00 0.00 0.00 0.00 0.00 0.00 0.00 100.00 69.00 0.00 92.00 99.00 71.00 57.00 19.00 0.00 0.00 89.00 0.00 4.00 0.00 32.00 0.00 57.00 0.00 0.00 0.00 0.00 70.00 63.00 0.00 0.00 0.00 0.00 0.00 16.00 81.00 0.00 20.00 0.00 100.00 0.00 81.00 0.00 1.00 93.00 0.00 64.00 0.00 36.00 0.00 0.00 19.00 26.00 0.00 17.00 0.00 86.00 54.00 0.00 9.00 2.00 2.00 0.00 100.00 0.00 0.00 65.00 0.00 0.00 46.00 0.00 28.00 0.00 0.00
59 0.00 0.00 0.00 0.00 41.00 0.00 57.00 57.00 21.00 0.00 13.00 92.00 59.00 4.00 0.00 0.00 74.00 0.00 70.00 0.00 21.00 0.00 23.00 0.00 99.00 0.00 0.00 0.00 0.00 0.00 0.00 0.00 96.00 83.00 0.00 0.00 55.00 0.00 0.00 64.00 0.00 58.00 0.00 0.00 0.00 0.00 0.00 31.00 0.00 0.00 58.00 69.00 8.00 0.00 0.00 0.00 85.00 0.00 0.00 0.00 0.00 0.00 0.00 56.00 0.00 4.00 0.00 0.00 0.00 63.00 84.00 0.00 21.00 0.00 0.00 98.00 0.00 0.00 23.00 65.00 11.00 100.00 0.00 0.00 0.00 0.00 0.00 0.00 0.00 7.00 79.00 0.00 0.00 0.00 0.00 96.00 0.00 0.00 0.00 0.00
60 0.00 0.00 0.00 0.00 0.00 5.00 0.00 0.00 84.00 53.00 0.00 0.00 0.00 5.00 0.00 16.00 60.00 0.00 38.00 65.00 0.00 0.00 77.00 0.00 80.00 32.00 85.00 13.00 87.00 24.00 86.00 100.00 0.00 62.00 0.00 0.00 0.00 0.00 0.00 11.00 0.00 0.00 0.00 62.00 0.00 8.00 53.00 60.00 43.00 0.00 23.00 0.00 5.00 12.00 29.00 0.00 52.00 0.00 16.00 0.00 0.00 21.00 5.00 0.00 37.00 28.00 36.00 38.00 0.00 75.00 1.00 37.00 0.00 0.00 89.00 0.00 98.00 0.00 0.00 28.00 95.00 0.00 15.00 43.00 12.00 88.00 0.00 0.00 29.00 0.00 44.00 0.00 0.00 91.00 8.00 0.00 3.00 53.00 0.00 0.00
61 0.00 0.00 0.00 0.00 29.00 0.00 0.00 0.00 0.00 0.00 13.00 0.00 0.00 60.00 21.00 0.00 58.00 6.00 67.00 0.00 0.00 0.00 23.00 0.00 17.00 40.00 0.00 0.00 0.00 0.00 73.00 70.00 0.00 83.00 0.00 9.00 0.00 8.00 0.00 74.00 99.00 0.00 0.00 0.00 0.00 52.00 0.00 0.00 35.00 73.00 0.00 0.00 0.00 97.00 0.00 0.00 0.00 0.00 81.00 0.00 21.00 0.00 0.00 35.00 0.00 39.00 64.00 0.00 0.00 0.00 0.00 77.00 71.00 0.00 0.00 84.00 89.00 39.00 0.00 0.00 0.00 61.00 0.00 60.00 0.00 0.00 0.00 1.00 0.00 71.00 0.00 40.00 0.00 0.00 40.00 0.00 0.00 41.00 70.00 25.00
62 49.00 0.00 0.00 64.00 0.00 0.00 0.00 0.00 0.00 75.00 0.00 0.00 87.00 30.00 41.00 50.00 54.00 31.00 0.00 0.00 72.00 0.00 0.00 0.00 20.00 0.00 56.00 76.00 6.00 11.00 56.00 80.00 0.00 14.00 0.00 52.00 96.00 0.00 12.00 49.00 0.00 0.00 0.00 0.00 76.00 0.00 0.00 0.00 0.00 0.00 10.00 0.00 0.00 0.00 0.00 37.00 89.00 0.00 0.00 0.00 5.00 0.00 0.00 0.00 36.00 0.00 0.00 0.00 100.00 80.00 0.00 0.00 0.00 23.00 0.00 0.00 0.00 10.00 0.00 0.00 41.00 0.00 0.00 31.00 0.00 0.00 0.00 80.00 24.00 0.00 44.00 0.00 0.00 89.00 0.00 59.00 14.00 0.00 8.00 31.00
63 0.00 0.00 0.00 61.00 0.00 57.00 71.00 0.00 59.00 0.00 38.00 27.00 0.00 0.00 0.00 86.00 0.00 0.00 0.00 0.00 40.00 55.00 27.00 6.00 0.00 0.00 0.00 6.00 79.00 0.00 0.00 97.00 0.00 0.00 0.00 65.00 0.00 0.00 0.00 100.00 0.00 81.00 0.00 89.00 38.00 54.00 87.00 37.00 81.00 0.00 29.00 0.00 0.00 35.00 86.00 0.00 41.00 28.00 20.00 56.00 0.00 35.00 0.00 0.00 0.00 91.00 0.00 51.00 44.00 17.00 0.00 92.00 0.00 50.00 99.00 0.00 24.00 16.00 49.00 40.00 14.00 0.00 60.00 48.00 90.00 0.00 0.00 0.00 56.00 0.00 0.00 94.00 76.00 0.00 0.00 64.00 80.00 0.00 92.00 32.00
64 0.00 6.00 56.00 0.00 0.00 0.00 0.00 29.00 19.00 0.00 0.00 0.00 45.00 0.00 97.00 0.00 55.00 72.00 34.00 39.00 0.00 0.00 0.00 32.00 0.00 0.00 27.00 33.00 0.00 36.00 64.00 0.00 0.00 78.00 0.00 0.00 30.00 0.00 90.00 0.00 22.00 9.00 79.00 0.00 0.00 0.00 57.00 0.00 0.00 93.00 28.00 0.00 0.00 0.00 33.00 14.00 0.00 81.00 0.00 0.00 37.00 0.00 36.00 0.00 0.00 28.00 0.00 26.00 0.00 0.00 0.00 0.00 41.00 68.00 54.00 7.00 9.00 0.00 46.00 0.00 75.00 0.00 69.00 0.00 0.00 0.00 69.00 0.00 0.00 0.00 51.00 60.00 0.00 0.00 84.00 35.00 1.00 62.00 43.00 97.00
65 77.00 45.00 0.00 95.00 33.00 0.00 22.00 53.00 0.00 34.00 2.00 54.00 66.00 42.00 0.00 0.00 35.00 93.00 0.00 62.00 0.00 79.00 0.00 0.00 0.00 0.00 0.00 89.00 0.00 21.00 81.00 34.00 0.00 0.00 0.00 0.00 19.00 0.00 13.00 0.00 0.00 0.00 74.00 26.00 0.00 27.00 0.00 96.00 0.00 80.00 33.00 100.00 28.00 0.00 0.00 0.00 70.00 5.00 100.00 4.00 28.00 39.00 0.00 91.00 28.00 0.00 0.00 76.00 0.00 51.00 91.00 74.00 0.00 22.00 39.00 23.00 19.00 16.00 0.00 0.00 96.00 0.00 0.00 34.00 79.00 0.00 0.00 12.00 7.00 95.00 0.00 0.00 0.00 0.00 25.00 61.00 88.00 90.00 4.00 0.00
66 28.00 0.00 98.00 84.00 0.00 0.00 0.00 59.00 83.00 5.00 93.00 0.00 0.00 27.00 0.00 0.00 0.00 1.00 0.00 89.00 0.00 0.00 0.00 0.00 10.00 58.00 78.00 0.00 1.00 63.00 51.00 0.00 82.00 0.00 0.00 85.00 56.00 0.00 0.00 61.00 37.00 0.00 68.00 0.00 0.00 0.00 0.00 0.00 0.00 75.00 0.00 89.00 0.00 0.00 15.00 90.00 65.00 0.00 0.00 0.00 36.00 64.00 0.00 0.00 0.00 0.00 0.00 0.00 33.00 75.00 0.00 16.00 7.00 11.00 0.00 6.00 0.00 0.00 3.00 0.00 0.00 4.00 0.00 0.00 0.00 0.00 4.00 34.00 0.00 74.00 0.00 0.00 0.00 0.00 1.00 0.00 12.00 28.00 0.00 66.00
67 75.00 66.00 34.00 76.00 0.00 0.00 0.00 34.00 34.00 82.00 0.00 0.00 0.00 50.00 60.00 0.00 0.00 61.00 0.00 18.00 72.00 45.00 91.00 91.00 63.00 0.00 26.00 0.00 41.00 12.00 0.00 0.00 0.00 0.00 75.00 26.00 0.00 4.00 0.00 0.00 8.00 81.00 85.00 18.00 0.00 0.00 58.00 0.00 0.00 0.00 0.00 13.00 0.00 77.00 0.00 0.00 0.00 57.00 81.00 0.00 38.00 0.00 0.00 51.00 26.00 76.00 0.00 0.00 0.00 0.00 0.00 0.00 0.00 0.00 62.00 40.00 0.00 0.00 0.00 0.00 8.00 72.00 23.00 1.00 7.00 0.00 14.00 0.00 23.00 0.00 42.00 0.00 0.00 75.00 18.00 75.00 48.00 0.00 0.00 0.00
68 0.00 43.00 0.00 0.00 0.00 0.00 0.00 0.00 89.00 0.00 0.00 95.00 82.00 0.00 13.00 0.00 0.00 13.00 90.00 0.00 93.00 0.00 77.00 53.00 0.00 0.00 1.00 67.00 54.00 0.00 26.00 0.00 0.00 0.00 86.00 33.00 19.00 19.00 79.00 0.00 0.00 59.00 77.00 0.00 0.00 12.00 0.00 0.00 0.00 92.00 0.00 0.00 71.00 24.00 0.00 0.00 0.00 64.00 0.00 0.00 0.00 0.00 100.00 44.00 0.00 0.00 33.00 0.00 0.00 0.00 0.00 0.00 83.00 0.00 0.00 90.00 56.00 94.00 0.00 0.00 0.00 0.00 92.00 0.00 76.00 33.00 0.00 22.00 51.00 0.00 100.00 31.00 0.00 63.00 89.00 0.00 99.00 75.00 0.00 0.00
69 0.00 0.00 0.00 0.00 3.00 0.00 0.00 45.00 0.00 90.00 0.00 50.00 91.00 0.00 49.00 0.00 6.00 45.00 0.00 66.00 53.00 0.00 0.00 0.00 0.00 0.00 0.00 1.00 0.00 91.00 0.00 0.00 0.00 20.00 38.00 69.00 0.00 92.00 14.00 0.00 84.00 87.00 17.00 21.00 0.00 94.00 0.00 18.00 0.00 0.00 0.00 8.00 0.00 0.00 42.00 0.00 71.00 0.00 1.00 63.00 75.00 0.00 80.00 17.00 0.00 51.00 75.00 0.00 0.00 0.00 0.00 27.00 71.00 24.00 0.00 0.00 0.00 0.00 17.00 0.00 8.00 59.00 0.00 0.00 0.00 0.00 67.00 5.00 0.00 0.00 80.00 71.00 0.00 46.00 0.00 0.00 75.00 0.00 2.00 58.00
70 0.00 20.00 0.00 43.00 0.00 75.00 0.00 44.00 8.00 0.00 0.00 39.00 29.00 68.00 50.00 51.00 0.00 73.00 0.00 34.00 31.00 71.00 12.00 94.00 0.00 0.00 75.00 91.00 0.00 13.00 0.00 0.00 0.00 0.00 6.00 98.00 30.00 54.00 57.00 0.00 43.00 0.00 0.00 92.00 41.00 0.00 57.00 30.00 0.00 34.00 64.00 13.00 0.00 0.00 0.00 92.00 75.00 0.00 93.00 84.00 1.00 0.00 0.00 0.00 0.00 91.00 0.00 0.00 0.00 0.00 0.00 87.00 0.00 0.00 69.00 0.00 71.00 18.00 71.00 78.00 11.00 60.00 0.00 0.00 0.00 0.00 0.00 0.00 15.00 58.00 36.00 44.00 75.00 0.00 3.00 34.00 0.00 80.00 74.00 82.00
71 49.00 0.00 4.00 0.00 44.00 0.00 0.00 38.00 0.00 0.00 70.00 46.00 50.00 0.00 9.00 12.00 20.00 0.00 0.00 0.00 0.00 60.00 0.00 99.00 12.00 0.00 99.00 74.00 41.00 32.00 92.00 0.00 0.00 0.00 0.00 0.00 0.00 1.00 32.00 0.00 7.00 12.00 0.00 0.00 0.00 0.00 0.00 0.00 0.00 0.00 55.00 0.00 0.00 0.00 78.00 0.00 0.00 0.00 0.00 0.00 37.00 77.00 0.00 92.00 0.00 74.00 16.00 0.00 0.00 27.00 87.00 0.00 42.00 0.00 71.00 0.00 0.00 13.00 31.00 30.00 0.00 0.00 4.00 0.00 0.00 0.00 72.00 64.00 0.00 0.00 27.00 50.00 29.00 6.00 47.00 31.00 0.00 27.00 64.00 50.00
72 0.00 0.00 0.00 0.00 45.00 29.00 0.00 28.00 0.00 0.00 78.00 97.00 31.00 89.00 43.00 0.00 70.00 0.00 71.00 0.00 3.00 0.00 64.00 0.00 4.00 0.00 0.00 78.00 0.00 0.00 0.00 0.00 74.00 25.00 82.00 16.00 0.00 65.00 0.00 50.00 57.00 0.00 0.00 24.00 29.00 0.00 95.00 96.00 0.00 60.00 46.00 0.00 0.00 0.00 71.00 87.00 72.00 48.00 64.00 21.00 0.00 71.00 0.00 0.00 41.00 0.00 7.00 0.00 83.00 71.00 0.00 42.00 0.00 57.00 67.00 0.00 0.00 0.00 0.00 0.00 0.00 20.00 0.00 96.00 0.00 84.00 0.00 64.00 35.00 4.00 60.00 0.00 84.00 90.00 29.00 0.00 68.00 99.00 38.00 0.00
73 19.00 0.00 23.00 0.00 93.00 0.00 64.00 81.00 0.00 14.00 0.00 16.00 0.00 29.00 56.00 0.00 65.00 0.00 0.00 0.00 82.00 72.00 0.00 0.00 0.00 0.00 0.00 0.00 0.00 20.00 56.00 61.00 29.00 0.00 9.00 71.00 0.00 76.00 19.00 87.00 20.00 57.00 3.00 61.00 0.00 0.00 51.00 18.00 73.00 74.00 0.00 0.00 0.00 55.00 18.00 67.00 0.00 0.00 0.00 0.00 0.00 0.00 23.00 50.00 68.00 22.00 11.00 0.00 0.00 24.00 0.00 0.00 57.00 0.00 2.00 0.00 0.00 24.00 0.00 96.00 0.00 43.00 0.00 0.00 76.00 2.00 0.00 0.00 0.00 98.00 0.00 57.00 0.00 0.00 22.00 63.00 0.00 0.00 0.00 0.00
74 77.00 95.00 88.00 0.00 52.00 100.00 0.00 0.00 0.00 0.00 21.00 54.00 0.00 96.00 57.00 96.00 35.00 0.00 7.00 45.00 0.00 88.00 0.00 0.00 81.00 62.00 67.00 89.00 16.00 0.00 0.00 57.00 0.00 14.00 94.00 31.00 93.00 21.00 86.00 6.00 0.00 7.00 63.00 0.00 7.00 60.00 0.00 0.00 0.00 40.00 30.00 0.00 0.00 11.00 11.00 59.00 82.00 0.00 36.00 0.00 89.00 0.00 0.00 99.00 54.00 39.00 0.00 62.00 0.00 0.00 69.00 71.00 67.00 2.00 0.00 94.00 0.00 7.00 70.00 0.00 0.00 0.00 31.00 0.00 0.00 14.00 0.00 0.00 0.00 66.00 0.00 22.00 0.00 0.00 0.00 78.00 55.00 99.00 0.00 65.00
75 0.00 0.00 43.00 0.00 19.00 0.00 0.00 61.00 0.00 71.00 0.00 0.00 0.00 0.00 67.00 0.00 83.00 37.00 51.00 0.00 0.00 0.00 33.00 55.00 76.00 0.00 95.00 0.00 0.00 33.00 52.00 49.00 93.00 95.00 0.00 74.00 23.00 85.00 0.00 0.00 76.00 0.00 0.00 0.00 69.00 0.00 0.00 0.00 0.00 59.00 94.00 69.00 57.00 30.00 53.00 0.00 35.00 78.00 0.00 98.00 0.00 84.00 0.00 0.00 7.00 23.00 6.00 40.00 90.00 0.00 0.00 0.00 0.00 0.00 94.00 0.00 25.00 53.00 66.00 95.00 0.00 58.00 11.00 28.00 0.00 31.00 80.00 58.00 40.00 0.00 43.00 56.00 0.00 0.00 60.00 0.00 13.00 0.00 45.00 0.00
76 32.00 0.00 0.00 4.00 0.00 71.00 0.00 20.00 0.00 22.00 0.00 0.00 0.00 34.00 25.00 0.00 50.00 11.00 62.00 0.00 25.00 65.00 0.00 87.00 0.00 47.00 0.00 65.00 63.00 51.00 0.00 57.00 0.00 92.00 0.00 35.00 0.00 0.00 59.00 49.00 49.00 0.00 0.00 0.00 20.00 20.00 0.00 0.00 50.00 74.00 0.00 14.00 0.00 43.00 10.00 0.00 0.00 0.00 0.00 0.00 98.00 89.00 0.00 24.00 9.00 19.00 0.00 0.00 56.00 0.00 71.00 0.00 0.00 0.00 0.00 25.00 0.00 29.00 19.00 45.00 88.00 1.00 97.00 23.00 0.00 0.00 10.00 0.00 6.00 5.00 41.00 0.00 0.00 0.00 0.00 0.00 0.00 75.00 0.00 0.00
77 0.00 42.00 0.00 24.00 63.00 4.00 12.00 13.00 0.00 29.00 2.00 0.00 19.00 39.00 14.00 0.00 0.00 18.00 51.00 0.00 0.00 25.00 94.00 5.00 0.00 42.00 0.00 80.00 75.00 0.00 16.00 0.00 0.00 0.00 94.00 0.00 0.00 38.00 0.00 0.00 35.00 0.00 43.00 0.00 32.00 0.00 54.00 0.00 93.00 71.00 51.00 35.00 30.00 0.00 36.00 0.00 0.00 93.00 19.00 0.00 0.00 39.00 10.00 16.00 0.00 16.00 0.00 0.00 94.00 0.00 18.00 13.00 0.00 24.00 7.00 53.00 29.00 0.00 0.00 7.00 69.00 59.00 73.00 0.00 0.00 6.00 0.00 6.00 0.00 0.00 44.00 0.00 70.00 0.00 0.00 0.00 66.00 0.00 0.00 0.00
78 0.00 0.00 26.00 64.00 0.00 14.00 67.00 0.00 0.00 91.00 8.00 93.00 0.00 11.00 87.00 37.00 53.00 0.00 31.00 58.00 93.00 69.00 89.00 19.00 57.00 82.00 0.00 21.00 0.00 34.00 0.00 98.00 0.00 0.00 82.00 0.00 49.00 0.00 69.00 16.00 91.00 0.00 9.00 51.00 26.00 0.00 0.00 36.00 0.00 44.00 16.00 0.00 0.00 13.00 0.00 0.00 35.00 0.00 26.00 23.00 0.00 0.00 0.00 49.00 46.00 0.00 3.00 0.00 0.00 17.00 71.00 31.00 0.00 0.00 70.00 66.00 19.00 0.00 0.00 0.00 0.00 0.00 0.00 46.00 38.00 0.00 9.00 21.00 0.00 0.00 0.00 89.00 0.00 0.00 0.00 0.00 28.00 51.00 91.00 84.00
79 15.00 80.00 0.00 0.00 0.00 0.00 91.00 0.00 67.00 0.00 80.00 0.00 0.00 92.00 0.00 0.00 0.00 0.00 81.00 0.00 12.00 17.00 23.00 60.00 97.00 0.00 31.00 0.00 0.00 0.00 0.00 22.00 43.00 61.00 48.00 0.00 0.00 2.00 0.00 0.00 77.00 0.00 0.00 63.00 0.00 0.00 29.00 0.00 0.00 0.00 0.00 0.00 0.00 0.00 15.00 45.00 62.00 0.00 0.00 65.00 28.00 0.00 0.00 40.00 0.00 0.00 0.00 0.00 0.00 0.00 78.00 30.00 0.00 96.00 0.00 95.00 45.00 7.00 0.00 0.00 0.00 0.00 0.00 0.00 54.00 0.00 75.00 0.00 28.00 0.00 0.00 14.00 0.00 31.00 0.00 0.00 0.00 0.00 87.00 74.00
80 0.00 0.00 0.00 77.00 49.00 19.00 0.00 67.00 76.00 48.00 0.00 96.00 0.00 70.00 3.00 25.00 13.00 0.00 0.00 16.00 0.00 59.00 0.00 52.00 34.00 0.00 77.00 0.00 0.00 90.00 0.00 0.00 91.00 69.00 0.00 0.00 0.00 89.00 39.00 0.00 14.00 0.00 0.00 0.00 83.00 4.00 92.00 97.00 0.00 48.00 0.00 18.00 0.00 74.00 44.00 0.00 0.00 76.00 17.00 11.00 95.00 0.00 41.00 14.00 75.00 96.00 0.00 8.00 0.00 8.00 11.00 0.00 0.00 0.00 0.00 0.00 88.00 69.00 0.00 0.00 0.00 10.00 10.00 10.00 47.00 0.00 0.00 85.00 18.00 0.00 45.00 0.00 45.00 0.00 0.00 60.00 61.00 16.00 0.00 0.00
81 0.00 30.00 95.00 13.00 76.00 83.00 13.00 0.00 0.00 30.00 13.00 22.00 0.00 90.00 76.00 0.00 86.00 64.00 47.00 88.00 0.00 78.00 87.00 0.00 89.00 19.00 47.00 78.00 0.00 0.00 0.00 0.00 0.00 0.00 45.00 0.00 93.00 0.00 20.00 19.00 4.00 61.00 73.00 0.00 0.00 0.00 0.00 77.00 6.00 0.00 50.00 0.00 0.00 0.00 37.00 0.00 0.00 29.00 0.00 100.00 0.00 61.00 0.00 0.00 0.00 0.00 4.00 72.00 0.00 59.00 60.00 0.00 20.00 43.00 0.00 58.00 1.00 59.00 0.00 0.00 10.00 0.00 0.00 77.00 50.00 23.00 50.00 0.00 43.00 44.00 60.00 0.00 33.00 0.00 0.00 0.00 0.00 21.00 36.00 97.00
82 66.00 80.00 15.00 0.00 0.00 0.00 0.00 0.00 10.00 16.00 0.00 0.00 82.00 17.00 87.00 0.00 13.00 0.00 51.00 66.00 0.00 80.00 0.00 0.00 0.00 0.00 80.00 70.00 0.00 0.00 52.00 55.00 0.00 86.00 50.00 60.00 0.00 0.00 70.00 0.00 94.00 79.00 9.00 0.00 69.00 0.00 0.00 0.00 0.00 0.00 71.00 97.00 0.00 0.00 87.00 10.00 76.00 0.00 86.00 0.00 15.00 0.00 0.00 60.00 69.00 0.00 0.00 23.00 92.00 0.00 0.00 4.00 0.00 0.00 31.00 11.00 97.00 73.00 0.00 0.00 10.00 0.00 0.00 72.00 0.00 0.00 0.00 0.00 0.00 100.00 0.00 66.00 0.00 0.00 48.00 0.00 0.00 0.00 30.00 0.00
83 0.00 0.00 0.00 63.00 0.00 0.00 0.00 65.00 61.00 63.00 0.00 0.00 82.00 0.00 0.00 89.00 0.00 0.00 10.00 0.00 0.00 0.00 0.00 0.00 34.00 0.00 0.00 81.00 65.00 51.00 42.00 24.00 91.00 0.00 69.00 48.00 66.00 0.00 0.00 0.00 0.00 27.00 34.00 61.00 0.00 25.00 0.00 0.00 0.00 0.00 0.00 0.00 0.00 0.00 10.00 44.00 92.00 0.00 54.00 0.00 43.00 60.00 31.00 48.00 0.00 34.00 0.00 1.00 0.00 0.00 0.00 0.00 96.00 0.00 0.00 28.00 23.00 0.00 46.00 0.00 10.00 77.00 72.00 0.00 0.00 32.00 0.00 0.00 0.00 0.00 58.00 35.00 0.00 90.00 43.00 43.00 0.00 0.00 22.00 0.00
84 47.00 0.00 32.00 30.00 0.00 0.00 47.00 0.00 94.00 83.00 11.00 0.00 81.00 49.00 45.00 0.00 89.00 77.00 0.00 0.00 0.00 0.00 30.00 79.00 44.00 0.00 97.00 52.00 0.00 94.00 38.00 84.00 0.00 24.00 77.00 91.00 12.00 90.00 0.00 0.00 0.00 44.00 0.00 0.00 71.00 0.00 0.00 0.00 87.00 0.00 0.00 99.00 0.00 0.00 0.00 0.00 0.00 44.00 0.00 0.00 12.00 0.00 0.00 90.00 0.00 79.00 0.00 7.00 76.00 0.00 0.00 0.00 0.00 76.00 0.00 0.00 0.00 0.00 38.00 54.00 47.00 50.00 0.00 0.00 0.00 0.00 97.00 70.00 0.00 100.00 0.00 0.00 0.00 5.00 0.00 0.00 88.00 0.00 13.00 59.00
85 0.00 0.00 0.00 0.00 6.00 0.00 75.00 0.00 0.00 96.00 51.00 0.00 0.00 12.00 0.00 0.00 0.00 64.00 94.00 0.00 94.00 0.00 0.00 67.00 0.00 70.00 0.00 60.00 8.00 0.00 0.00 78.00 38.00 76.00 0.00 0.00 0.00 0.00 91.00 88.00 14.00 53.00 0.00 42.00 39.00 0.00 49.00 0.00 0.00 57.00 0.00 0.00 51.00 82.00 55.00 0.00 0.00 0.00 9.00 0.00 88.00 0.00 0.00 0.00 0.00 0.00 0.00 0.00 33.00 0.00 0.00 0.00 84.00 2.00 14.00 31.00 0.00 6.00 0.00 0.00 0.00 23.00 0.00 32.00 0.00 0.00 22.00 0.00 0.00 41.00 43.00 0.00 67.00 71.00 0.00 40.00 0.00 0.00 64.00 24.00
86 80.00 38.00 0.00 4.00 51.00 79.00 55.00 0.00 0.00 0.00 9.00 18.00 39.00 91.00 0.00 81.00 100.00 0.00 3.00 0.00 0.00 65.00 92.00 95.00 10.00 58.00 0.00 78.00 0.00 3.00 0.00 66.00 79.00 0.00 0.00 93.00 0.00 11.00 0.00 85.00 22.00 0.00 0.00 59.00 0.00 63.00 0.00 98.00 67.00 33.00 0.00 20.00 42.00 18.00 0.00 0.00 0.00 0.00 2.00 0.00 0.00 0.00 0.00 0.00 69.00 0.00 4.00 14.00 0.00 67.00 0.00 72.00 0.00 0.00 0.00 80.00 10.00 0.00 9.00 75.00 0.00 50.00 0.00 0.00 97.00 22.00 0.00 71.00 74.00 44.00 0.00 42.00 62.00 98.00 0.00 72.00 76.00 0.00 0.00 38.00
87 87.00 0.00 0.00 0.00 0.00 0.00 0.00 24.00 0.00 0.00 0.00 43.00 44.00 0.00 0.00 0.00 0.00 13.00 34.00 0.00 80.00 53.00 25.00 0.00 69.00 0.00 0.00 0.00 0.00 0.00 0.00 62.00 0.00 0.00 0.00 32.00 25.00 4.00 0.00 0.00 0.00 0.00 78.00 0.00 96.00 0.00 0.00 0.00 35.00 0.00 67.00 31.00 0.00 0.00 0.00 87.00 0.00 15.00 2.00 0.00 0.00 1.00 80.00 0.00 0.00 12.00 34.00 0.00 22.00 5.00 0.00 64.00 64.00 0.00 0.00 58.00 0.00 6.00 21.00 0.00 85.00 0.00 0.00 0.00 70.00 0.00 71.00 0.00 21.00 77.00 0.00 0.00 77.00 0.00 0.00 0.00 0.00 0.00 62.00 0.00
88 94.00 23.00 36.00 16.00 0.00 26.00 62.00 0.00 0.00 90.00 70.00 76.00 80.00 4.00 0.00 0.00 0.00 0.00 0.00 0.00 0.00 3.00 0.00 15.00 80.00 0.00 17.00 31.00 0.00 1.00 0.00 29.00 0.00 0.00 0.00 96.00 0.00 26.00 0.00 0.00 0.00 0.00 4.00 0.00 0.00 37.00 0.00 91.00 11.00 99.00 0.00 58.00 0.00 53.00 58.00 0.00 0.00 10.00 0.00 0.00 29.00 0.00 24.00 56.00 0.00 7.00 0.00 23.00 51.00 0.00 15.00 0.00 35.00 0.00 0.00 40.00 6.00 0.00 0.00 28.00 18.00 43.00 0.00 0.00 0.00 0.00 74.00 21.00 0.00 0.00 0.00 16.00 27.00 20.00 42.00 58.00 0.00 0.00 0.00 51.00
89 0.00 94.00 85.00 90.00 20.00 37.00 7.00 0.00 71.00 0.00 0.00 83.00 10.00 79.00 80.00 0.00 22.00 0.00 49.00 46.00 0.00 0.00 96.00 0.00 67.00 43.00 0.00 0.00 0.00 0.00 0.00 14.00 72.00 0.00 25.00 38.00 36.00 4.00 0.00 0.00 0.00 50.00 0.00 0.00 0.00 89.00 0.00 99.00 12.00 11.00 91.00 46.00 0.00 0.00 92.00 0.00 49.00 0.00 100.00 7.00 0.00 71.00 0.00 0.00 0.00 95.00 74.00 0.00 0.00 0.00 58.00 0.00 4.00 98.00 66.00 0.00 5.00 0.00 0.00 0.00 0.00 44.00 100.00 0.00 100.00 41.00 44.00 77.00 0.00 0.00 0.00 18.00 36.00 0.00 0.00 0.00 0.00 15.00 0.00 0.00
90 0.00 0.00 0.00 10.00 0.00 77.00 71.00 17.00 55.00 46.00 0.00 0.00 0.00 70.00 79.00 0.00 15.00 0.00 0.00 0.00 0.00 80.00 0.00 56.00 32.00 8.00 41.00 62.00 78.00 0.00 16.00 49.00 82.00 98.00 0.00 44.00 0.00 74.00 100.00 0.00 15.00 94.00 83.00 50.00 0.00 88.00 0.00 77.00 2.00 0.00 0.00 0.00 0.00 0.00 98.00 75.00 0.00 13.00 0.00 79.00 44.00 0.00 44.00 0.00 51.00 0.00 0.00 42.00 100.00 80.00 36.00 27.00 60.00 0.00 0.00 43.00 41.00 44.00 0.00 0.00 45.00 60.00 0.00 58.00 0.00 43.00 0.00 0.00 0.00 0.00 0.00 0.00 0.00 65.00 15.00 0.00 0.00 0.00 51.00 31.00
91 1.00 77.00 32.00 0.00 48.00 0.00 0.00 0.00 0.00 59.00 67.00 30.00 64.00 0.00 0.00 7.00 50.00 0.00 22.00 28.00 0.00 45.00 42.00 0.00 48.00 83.00 0.00 32.00 0.00 0.00 0.00 0.00 92.00 63.00 57.00 0.00 0.00 0.00 90.00 68.00 0.00 98.00 0.00 0.00 0.00 0.00 0.00 98.00 51.00 0.00 0.00 0.00 0.00 0.00 85.00 0.00 42.00 92.00 0.00 0.00 0.00 40.00 0.00 94.00 60.00 0.00 0.00 0.00 31.00 71.00 44.00 50.00 0.00 57.00 22.00 56.00 0.00 0.00 89.00 14.00 0.00 0.00 66.00 35.00 0.00 0.00 42.00 0.00 16.00 18.00 0.00 0.00 46.00 0.00 61.00 29.00 0.00 96.00 0.00 0.00
92 0.00 0.00 0.00 11.00 0.00 0.00 0.00 0.00 70.00 51.00 0.00 0.00 44.00 0.00 0.00 0.00 74.00 0.00 0.00 19.00 0.00 63.00 96.00 88.00 99.00 0.00 45.00 0.00 17.00 0.00 19.00 0.00 84.00 16.00 0.00 71.00 71.00 0.00 46.00 95.00 0.00 0.00 0.00 19.00 0.00 0.00 84.00 0.00 0.00 51.00 0.00 79.00 0.00 19.00 0.00 0.00 5.00 9.00 65.00 0.00 0.00 0.00 0.00 76.00 0.00 0.00 0.00 0.00 0.00 0.00 75.00 29.00 84.00 0.00 0.00 0.00 0.00 70.00 0.00 0.00 45.00 33.00 0.00 0.00 0.00 67.00 62.00 77.00 27.00 36.00 0.00 46.00 0.00 0.00 57.00 54.00 0.00 41.00 0.00 48.00
93 6.00 0.00 0.00 0.00 0.00 29.00 8.00 52.00 0.00 0.00 0.00 59.00 0.00 35.00 0.00 0.00 0.00 0.00 6.00 31.00 0.00 0.00 0.00 0.00 40.00 8.00 0.00 0.00 0.00 28.00 44.00 56.00 26.00 83.00 0.00 77.00 0.00 51.00 0.00 90.00 0.00 0.00 0.00 23.00 0.00 60.00 69.00 0.00 18.00 37.00 0.00 0.00 90.00 0.00 0.00 60.00 39.00 0.00 0.00 0.00 91.00 0.00 89.00 0.00 0.00 0.00 0.00 75.00 63.00 46.00 0.00 6.00 90.00 0.00 0.00 0.00 0.00 0.00 0.00 31.00 0.00 0.00 0.00 90.00 5.00 71.00 98.00 0.00 20.00 0.00 65.00 0.00 0.00 0.00 59.00 72.00 3.00 0.00 97.00 0.00
94 99.00 85.00 75.00 0.00 0.00 11.00 0.00 0.00 34.00 55.00 100.00 87.00 88.00 80.00 75.00 82.00 53.00 41.00 1.00 0.00 0.00 85.00 0.00 77.00 84.00 0.00 99.00 0.00 21.00 42.00 49.00 0.00 64.00 0.00 20.00 0.00 61.00 0.00 19.00 0.00 41.00 98.00 83.00 50.00 90.00 63.00 56.00 64.00 1.00 0.00 68.00 0.00 0.00 0.00 58.00 15.00 1.00 3.00 0.00 0.00 8.00 40.00 0.00 0.00 84.00 25.00 1.00 18.00 89.00 0.00 3.00 47.00 29.00 22.00 0.00 60.00 0.00 0.00 0.00 0.00 0.00 0.00 48.00 43.00 0.00 0.00 0.00 0.00 42.00 0.00 15.00 61.00 57.00 59.00 0.00 52.00 1.00 94.00 0.00 4.00
95 0.00 16.00 0.00 100.00 0.00 99.00 0.00 26.00 0.00 0.00 99.00 0.00 0.00 15.00 17.00 0.00 26.00 0.00 50.00 0.00 15.00 0.00 0.00 69.00 0.00 0.00 0.00 13.00 34.00 0.00 85.00 24.00 0.00 91.00 0.00 0.00 4.00 0.00 74.00 55.00 56.00 0.00 0.00 64.00 0.00 8.00 23.00 0.00 4.00 0.00 0.00 0.00 35.00 0.00 81.00 83.00 0.00 51.00 46.00 96.00 0.00 0.00 59.00 64.00 35.00 61.00 0.00 75.00 0.00 0.00 34.00 31.00 0.00 63.00 78.00 0.00 0.00 0.00 0.00 0.00 60.00 0.00 0.00 43.00 0.00 40.00 72.00 0.00 58.00 0.00 0.00 29.00 54.00 72.00 52.00 0.00 34.00 0.00 0.00 0.00
96 92.00 0.00 14.00 22.00 0.00 0.00 4.00 0.00 0.00 57.00 0.00 0.00 36.00 0.00 0.00 77.00 22.00 81.00 66.00 0.00 16.00 61.00 0.00 0.00 61.00 15.00 40.00 0.00 78.00 27.00 46.00 5.00 0.00 89.00 0.00 0.00 0.00 0.00 96.00 7.00 89.00 0.00 63.00 44.00 0.00 38.00 82.00 0.00 0.00 40.00 73.00 64.00 49.00 0.00 7.00 75.00 0.00 85.00 0.00 0.00 3.00 0.00 14.00 80.00 1.00 88.00 12.00 48.00 99.00 75.00 0.00 0.00 68.00 0.00 55.00 13.00 0.00 66.00 28.00 0.00 61.00 0.00 0.00 0.00 88.00 0.00 76.00 0.00 0.00 0.00 0.00 0.00 0.00 3.00 1.00 34.00 0.00 0.00 0.00 0.00
97 35.00 0.00 0.00 0.00 73.00 89.00 0.00 80.00 25.00 0.00 30.00 34.00 15.00 0.00 0.00 54.00 38.00 0.00 0.00 0.00 0.00 0.00 38.00 45.00 0.00 0.00 24.00 9.00 13.00 0.00 44.00 0.00 30.00 0.00 11.00 0.00 86.00 67.00 0.00 0.00 0.00 0.00 0.00 86.00 0.00 50.00 0.00 0.00 97.00 0.00 90.00 0.00 0.00 0.00 9.00 14.00 69.00 0.00 28.00 0.00 53.00 41.00 0.00 0.00 62.00 90.00 28.00 0.00 75.00 0.00 80.00 27.00 99.00 0.00 99.00 0.00 75.00 0.00 51.00 0.00 16.00 21.00 0.00 0.00 0.00 0.00 0.00 0.00 0.00 15.00 0.00 96.00 41.00 0.00 94.00 0.00 0.00 0.00 0.00 77.00
98 0.00 92.00 0.00 0.00 0.00 0.00 0.00 100.00 0.00 8.00 0.00 36.00 0.00 53.00 53.00 0.00 77.00 93.00 79.00 0.00 94.00 82.00 0.00 0.00 0.00 0.00 0.00 64.00 0.00 94.00 0.00 22.00 0.00 0.00 0.00 53.00 0.00 0.00 45.00 59.00 68.00 0.00 0.00 100.00 0.00 23.00 0.00 26.00 0.00 0.00 0.00 0.00 62.00 0.00 30.00 68.00 69.00 0.00 0.00 0.00 0.00 70.00 8.00 92.00 43.00 4.00 0.00 0.00 0.00 2.00 74.00 64.00 38.00 0.00 0.00 45.00 0.00 0.00 91.00 87.00 0.00 36.00 30.00 22.00 13.00 64.00 0.00 62.00 0.00 0.00 51.00 0.00 0.00 97.00 0.00 0.00 0.00 0.00 0.00 28.00
99 41.00 10.00 93.00 0.00 41.00 7.00 0.00 80.00 80.00 24.00 25.00 0.00 88.00 0.00 87.00 0.00 44.00 0.00 64.00 64.00 56.00 0.00 0.00 36.00 0.00 57.00 0.00 0.00 82.00 0.00 0.00 0.00 0.00 23.00 0.00 83.00 0.00 0.00 0.00 31.00 26.00 0.00 0.00 12.00 47.00 0.00 0.00 0.00 63.00 0.00 0.00 0.00 53.00 31.00 41.00 0.00 24.00 0.00 0.00 0.00 0.00 25.00 31.00 32.00 97.00 0.00 66.00 0.00 0.00 58.00 82.00 50.00 0.00 0.00 65.00 0.00 0.00 0.00 84.00 74.00 0.00 97.00 0.00 0.00 59.00 24.00 38.00 0.00 51.00 0.00 31.00 0.00 48.00 0.00 4.00 0.00 0.00 77.00 28.00 0.00
mcp_obj 82
mcp_gap 0
mcp_x 1 0 1 1 1 1 0 1 1 1 1 1 1 1 0 1 0 1 1 0 0 0 0 1 1 1 1 1 1 1 0 0 1 1 1 1 1 1 1 1 1 1 0 1 0 1 1 1 1 1 0 0 1 1 1 1 1 1 1 1 1 0 1 1 1 1 1 1 1 1 1 1 1 1 1 0 0 1 1 1 1 1 1 1 1 0 1 1 1 1 1 1 1 1 1 1 1 1 1 1
