NAME N100_rc_0.7_rGamma_1_dc_0.035_dGamma_0.0005_jeu_100_50_6.txt
NUM_ITEMS 100
SOURCE r_100_50_6
PARAMETERS
r_c 0.7
r_Gamma 1
d_c 0.035
d_Gamma 0.0005

BOUNDS
c_lb 0.00
c_ub 128.27
Gamma_lb 9
Gamma_ub 10
B_i_1_lb 0.00 0.00 0.00 0.00 0.00 0.00 0.00 0.00 0.00 0.00 0.00 0.00 0.00 0.00 0.00 0.00 0.00 0.00 0.00 0.00 0.00 0.00 0.00 0.00 0.00 0.00 0.00 0.00 0.00 0.00 0.00 0.00 0.00 0.00 0.00 0.00 0.00 0.00 0.00 0.00 0.00 0.00 0.00 0.00 0.00 0.00 0.00 0.00 0.00 0.00 0.00 0.00 0.00 0.00 0.00 0.00 0.00 0.00 0.00 0.00 0.00 0.00 0.00 0.00 0.00 0.00 0.00 0.00 0.00 0.00 0.00 0.00 0.00 0.00 0.00 0.00 0.00 0.00 0.00 0.00 0.00 0.00 0.00 0.00 0.00 0.00 0.00 0.00 0.00 0.00 0.00 0.00 0.00 0.00 0.00 0.00 0.00 0.00 0.00 0.00
B_i_1_ub 60.51 48.00 44.35 48.62 46.45 45.45 50.66 46.04 50.53 54.47 52.46 40.17 48.72 51.92 38.91 54.98 47.19 51.05 50.14 49.54 54.86 49.64 46.92 42.27 42.45 53.46 51.34 52.66 45.44 40.57 47.76 43.44 41.63 53.23 55.20 52.98 52.03 56.29 45.59 43.51 48.17 55.98 47.18 48.66 50.39 58.92 53.58 39.09 58.02 50.50 49.64 40.98 55.79 51.04 54.48 60.52 51.70 53.92 46.41 46.25 39.59 51.51 45.48 46.25 40.69 52.54 47.21 53.24 50.13 44.56 45.38 57.08 49.76 42.37 51.34 44.70 44.94 46.63 59.47 45.48 47.17 46.65 44.26 47.16 47.54 48.14 55.90 53.69 39.81 55.00 48.20 54.39 46.93 37.04 56.65 59.47 52.27 48.57 47.51 48.82
B_i_0_lb 0.00 0.00 0.00 0.00 0.00 0.00 0.00 0.00 0.00 0.00 0.00 0.00 0.00 0.00 0.00 0.00 0.00 0.00 0.00 0.00 0.00 0.00 0.00 0.00 0.00 0.00 0.00 0.00 0.00 0.00 0.00 0.00 0.00 0.00 0.00 0.00 0.00 0.00 0.00 0.00 0.00 0.00 0.00 0.00 0.00 0.00 0.00 0.00 0.00 0.00 0.00 0.00 0.00 0.00 0.00 0.00 0.00 0.00 0.00 0.00 0.00 0.00 0.00 0.00 0.00 0.00 0.00 0.00 0.00 0.00 0.00 0.00 0.00 0.00 0.00 0.00 0.00 0.00 0.00 0.00 0.00 0.00 0.00 0.00 0.00 0.00 0.00 0.00 0.00 0.00 0.00 0.00 0.00 0.00 0.00 0.00 0.00 0.00 0.00 0.00
B_i_0_ub 64.69 48.81 45.79 52.93 50.31 45.45 51.89 47.31 53.36 54.81 54.91 42.35 51.85 55.43 41.01 56.49 50.17 54.55 54.17 50.98 58.97 52.27 48.39 44.06 44.24 54.62 51.44 54.17 46.53 42.61 49.30 45.02 43.07 56.14 58.43 53.47 52.38 60.29 48.88 44.35 52.09 58.81 51.07 49.77 51.27 60.32 57.15 42.51 59.92 52.57 50.13 43.09 59.85 51.32 54.93 62.73 54.47 54.34 51.04 46.64 42.78 55.40 47.02 46.85 44.30 54.86 48.47 54.95 52.44 49.33 47.06 59.25 52.91 43.70 51.34 46.31 47.61 47.05 64.83 47.44 48.50 46.90 45.87 49.26 48.42 51.32 58.42 54.46 41.07 55.88 49.53 60.32 48.48 38.06 57.95 59.47 55.25 50.85 47.72 49.49
c_i_1_lb 36.40 0.00 28.00 0.00 0.00 0.00 0.00 0.00 21.70 0.00 49.00 0.00 0.00 0.00 0.00 0.00 60.90 47.60 56.70 0.00 69.30 34.30 0.00 62.30 0.00 37.80 0.00 0.00 59.50 7.70 49.00 0.00 59.50 0.00 0.00 2.10 0.00 30.80 9.10 57.40 7.00 8.40 0.00 0.00 58.10 34.30 0.00 0.00 0.00 0.00 0.00 63.70 42.70 61.60 15.40 45.50 56.70 0.00 0.00 0.00 67.90 0.00 7.00 0.00 0.00 23.10 61.60 58.10 53.90 58.10 5.60 24.50 63.70 0.00 10.50 0.00 40.60 21.00 0.00 7.70 0.00 4.20 0.00 8.40 0.00 68.60 0.00 28.70 0.00 0.00 0.00 0.00 7.70 46.20 0.00 4.90 59.50 15.40 10.50 57.40
c_i_1_ub 96.91 48.00 72.35 48.62 46.45 45.45 50.66 46.04 72.23 54.47 101.46 40.17 48.72 51.92 38.91 54.98 108.09 98.65 106.84 49.54 124.16 83.94 46.92 104.57 42.45 91.26 51.34 52.66 104.94 48.27 96.76 43.44 101.13 53.23 55.20 55.08 52.03 87.09 54.69 100.91 55.17 64.38 47.18 48.66 108.49 93.22 53.58 39.09 58.02 50.50 49.64 104.68 98.49 112.64 69.88 106.02 108.40 53.92 46.41 46.25 107.49 51.51 52.48 46.25 40.69 75.64 108.81 111.34 104.03 102.66 50.98 81.58 113.46 42.37 61.84 44.70 85.54 67.63 59.47 53.18 47.17 50.85 44.26 55.56 47.54 116.74 55.90 82.39 39.81 55.00 48.20 54.39 54.63 83.24 56.65 64.37 111.77 63.97 58.01 106.22
c_i_0_lb 36.40 0.00 28.00 0.00 0.00 0.00 0.00 0.00 21.70 0.00 49.00 0.00 0.00 0.00 0.00 0.00 60.90 47.60 56.70 0.00 69.30 34.30 0.00 62.30 0.00 37.80 0.00 0.00 59.50 7.70 49.00 0.00 59.50 0.00 0.00 2.10 0.00 30.80 9.10 57.40 7.00 8.40 0.00 0.00 58.10 34.30 0.00 0.00 0.00 0.00 0.00 63.70 42.70 61.60 15.40 45.50 56.70 0.00 0.00 0.00 67.90 0.00 7.00 0.00 0.00 23.10 61.60 58.10 53.90 58.10 5.60 24.50 63.70 0.00 10.50 0.00 40.60 21.00 0.00 7.70 0.00 4.20 0.00 8.40 0.00 68.60 0.00 28.70 0.00 0.00 0.00 0.00 7.70 46.20 0.00 4.90 59.50 15.40 10.50 57.40
c_i_0_ub 101.09 48.81 73.79 52.93 50.31 45.45 51.89 47.31 75.06 54.81 103.91 42.35 51.85 55.43 41.01 56.49 111.07 102.15 110.87 50.98 128.27 86.57 48.39 106.36 44.24 92.42 51.44 54.17 106.03 50.31 98.30 45.02 102.57 56.14 58.43 55.57 52.38 91.09 57.98 101.75 59.09 67.21 51.07 49.77 109.37 94.62 57.15 42.51 59.92 52.57 50.13 106.79 102.55 112.92 70.33 108.23 111.17 54.34 51.04 46.64 110.68 55.40 54.02 46.85 44.30 77.96 110.07 113.05 106.34 107.43 52.66 83.75 116.61 43.70 61.84 46.31 88.21 68.05 64.83 55.14 48.50 51.10 45.87 57.66 48.42 119.92 58.42 83.16 41.07 55.88 49.53 60.32 56.18 84.26 57.95 64.37 114.75 66.25 58.22 106.89
c_1_lb 0.00
c_1_ub 124.16
c_0_lb 0.00
c_0_ub 128.27

BOUND_TIMES
k_max_time 0.001247
Gamma_ub_time 0.000124
B_i_1_lb_time 0.007582
B_i_1_ub_time 0.026384
B_i_0_lb_time 0.007889
B_i_0_ub_time 0.026440

DDRO_PARAMETERS
a_0 9
b_0i 0 0 0 0 0 0 0 0 0 0 0 0 0 0 0 0 0 0 0 0 0 0 0 0 0 0 0 0 0 0 0 0 0 0 0 0 0 0 0 0 0 0 0 0 0 0 0 0 0 0 0 0 0 0 0 0 0 0 0 0 0 0 0 0 0 0 0 0 0 0 0 0 0 0 0 0 0 0 0 0 0 0 0 0 0 0 0 0 0 0 0 1 0 0 0 0 0 0 0 0
a_i 36.40 0.00 28.00 0.00 0.00 0.00 0.00 0.00 21.70 0.00 49.00 0.00 0.00 0.00 0.00 0.00 60.90 47.60 56.70 0.00 69.30 34.30 0.00 62.30 0.00 37.80 0.00 0.00 59.50 7.70 49.00 0.00 59.50 0.00 0.00 2.10 0.00 30.80 9.10 57.40 7.00 8.40 0.00 0.00 58.10 34.30 0.00 0.00 0.00 0.00 0.00 63.70 42.70 61.60 15.40 45.50 56.70 0.00 0.00 0.00 67.90 0.00 7.00 0.00 0.00 23.10 61.60 58.10 53.90 58.10 5.60 24.50 63.70 0.00 10.50 0.00 40.60 21.00 0.00 7.70 0.00 4.20 0.00 8.40 0.00 68.60 0.00 28.70 0.00 0.00 0.00 0.00 7.70 46.20 0.00 4.90 59.50 15.40 10.50 57.40
b_ij
0 0.00 0.00 0.00 0.00 0.00 3.08 0.60 0.00 0.00 3.33 2.80 0.00 0.00 1.86 0.21 0.00 0.81 3.50 0.00 2.59 0.39 3.47 0.04 0.00 1.40 0.00 3.19 0.00 0.00 0.00 3.29 2.70 2.63 0.00 0.00 2.07 1.47 0.81 1.79 0.00 0.49 0.95 3.43 0.00 0.00 2.42 0.42 3.50 1.61 0.00 0.00 3.26 0.32 1.09 2.31 0.07 2.35 1.82 2.52 0.00 0.00 2.14 0.00 0.00 2.42 0.00 0.35 2.42 0.00 0.00 2.77 1.51 0.00 2.49 0.00 3.50 0.00 0.67 0.00 0.00 0.00 3.22 0.00 0.46 3.01 0.81 0.98 1.23 1.72 2.52 0.00 0.00 0.00 2.03 0.00 2.00 0.00 0.00 0.00 1.09
1 0.00 0.00 0.00 0.00 2.56 0.00 0.98 0.00 0.00 0.00 0.00 0.25 0.00 0.00 0.60 1.09 3.08 2.42 2.91 0.00 0.00 0.95 2.10 1.16 2.03 0.32 0.00 0.63 0.00 0.00 0.00 0.04 0.00 2.21 2.77 0.00 1.26 1.72 0.00 0.00 0.00 2.10 2.07 0.00 0.00 0.00 0.00 0.00 0.00 0.00 0.00 1.12 1.02 0.25 2.70 1.44 0.00 2.35 0.00 0.00 1.33 1.02 1.33 2.56 1.93 1.65 0.84 0.91 2.38 1.89 0.00 0.00 0.00 0.91 3.50 0.00 0.00 0.00 0.00 3.40 1.75 0.00 0.00 0.00 0.00 0.00 0.00 2.31 0.00 0.00 2.35 2.00 0.00 0.00 2.66 2.59 0.77 0.39 3.12 0.00
2 0.00 0.00 0.00 0.00 0.00 2.77 0.00 0.14 0.00 0.32 3.40 0.00 0.00 0.00 0.00 0.00 0.00 0.77 3.40 0.88 0.00 0.00 0.49 0.00 0.00 3.36 0.00 0.00 0.00 0.00 2.91 0.00 0.46 0.49 0.00 0.00 0.00 0.00 1.68 0.00 0.77 0.00 0.07 0.00 0.00 0.00 0.00 2.45 0.00 2.07 1.05 0.00 0.00 0.63 0.14 3.15 2.91 0.00 0.00 0.00 1.44 0.00 0.00 1.19 0.00 0.00 1.40 0.00 0.00 0.00 0.00 2.84 0.00 1.61 2.10 1.33 0.00 0.00 3.40 0.56 0.00 0.00 0.00 0.00 0.00 0.00 0.00 2.94 0.00 0.00 0.00 0.00 0.00 0.14 0.00 0.00 0.00 1.61 2.24 3.40
3 0.00 0.00 0.00 0.00 0.11 2.70 0.67 3.08 2.49 0.00 0.00 0.00 3.43 0.00 2.73 1.33 0.95 2.03 0.00 0.00 1.54 0.00 0.00 1.75 3.33 0.00 0.91 0.14 2.42 0.00 0.00 0.11 0.00 2.73 2.87 3.08 2.31 0.00 2.77 0.00 0.00 0.81 0.88 0.28 0.88 0.00 0.00 1.96 0.46 0.00 2.35 0.00 0.84 0.00 0.00 0.00 1.23 0.25 0.35 0.00 0.00 0.00 0.63 1.86 0.63 1.54 0.00 0.00 2.24 1.79 2.31 0.00 1.61 1.89 2.24 2.10 0.00 1.79 1.40 0.00 3.22 0.00 2.59 0.00 2.10 1.61 0.00 0.53 2.14 0.00 0.00 0.00 0.00 0.00 0.00 0.00 0.00 0.32 0.00 2.00
4 0.00 2.56 0.00 0.11 0.00 1.05 3.29 2.56 0.00 1.79 0.00 1.54 2.17 0.00 1.37 2.28 0.00 3.36 1.86 0.28 2.17 3.08 1.51 0.00 0.77 0.11 0.00 0.00 0.88 0.00 1.54 0.49 0.00 0.00 2.28 1.75 1.47 0.00 1.44 0.00 0.00 0.74 0.00 2.00 0.00 0.00 0.49 0.00 3.33 1.68 0.00 0.60 0.00 0.00 0.00 0.95 0.00 1.05 0.00 0.00 2.24 0.00 0.00 3.08 0.35 0.00 0.00 0.00 2.14 0.00 1.51 0.11 0.67 0.00 0.00 0.88 0.00 0.00 0.00 2.10 0.00 3.08 1.02 1.65 0.00 3.40 0.00 0.00 0.00 0.63 3.01 0.00 2.42 0.81 0.00 0.56 2.49 0.67 0.63 0.07
5 3.08 0.00 2.77 2.70 1.05 0.00 0.00 0.74 0.00 0.00 0.25 0.00 0.00 0.00 0.00 1.19 0.00 0.00 2.59 0.00 0.91 1.72 2.49 0.00 0.77 0.00 2.84 1.09 0.00 0.32 1.26 1.02 0.35 0.00 0.95 0.00 0.00 0.00 3.50 0.00 3.01 1.44 0.00 0.11 0.00 3.33 0.00 2.73 1.19 0.00 0.14 0.00 2.66 2.38 0.00 0.00 0.00 0.00 2.91 0.00 1.68 3.05 1.33 0.00 0.00 0.00 0.00 1.02 2.10 0.00 0.00 0.00 0.00 0.00 1.44 0.95 2.80 0.95 2.87 0.00 2.77 0.00 0.00 1.26 0.00 0.00 2.21 1.44 1.82 3.40 2.03 0.04 2.28 0.00 0.00 1.82 0.00 0.42 0.00 0.00
6 0.60 0.98 0.00 0.67 3.29 0.00 0.00 0.00 0.21 3.40 0.21 0.00 3.05 0.84 0.00 0.07 0.95 0.00 0.25 2.80 1.16 0.00 0.95 0.00 0.00 0.00 0.18 3.22 0.00 0.00 0.00 0.00 0.00 2.21 0.00 2.42 0.00 0.00 0.00 0.00 1.26 1.58 1.65 0.32 0.00 2.21 2.07 0.00 1.82 2.31 0.00 0.60 0.14 0.35 0.00 0.00 0.00 0.00 0.00 0.00 1.93 0.00 0.00 1.09 0.00 2.35 0.70 0.63 2.59 0.00 0.00 1.82 0.00 0.81 3.29 1.68 3.36 1.86 1.26 0.14 2.38 0.00 0.00 0.07 0.00 1.26 2.98 0.39 0.00 1.37 3.08 0.00 0.00 0.00 0.00 3.01 3.05 0.00 2.07 0.00
7 0.00 0.00 0.14 3.08 2.56 0.74 0.00 0.00 3.50 0.46 0.00 0.32 0.00 2.00 0.00 0.00 0.70 1.23 0.00 2.84 1.47 1.26 0.00 2.03 0.00 2.31 2.94 1.79 0.63 0.00 0.00 1.16 0.00 0.00 1.79 1.47 0.00 2.28 2.80 2.35 0.00 3.08 0.35 0.21 0.00 0.00 1.89 0.00 0.00 0.00 0.00 0.00 2.80 0.00 0.18 0.00 1.33 2.98 0.00 0.00 0.00 1.89 0.84 0.00 2.77 1.86 0.56 0.00 0.00 0.00 0.53 0.00 0.14 1.75 0.00 1.54 0.00 0.70 2.45 0.00 0.60 0.00 0.00 0.00 1.89 0.00 2.80 0.00 1.09 0.00 2.73 3.22 2.84 0.04 0.00 2.07 0.00 2.91 0.00 0.00
8 0.00 0.00 0.00 2.49 0.00 0.00 0.21 3.50 0.00 2.98 0.00 0.00 0.42 0.00 0.00 1.16 2.77 2.17 1.44 1.37 0.00 0.00 0.00 0.00 0.00 0.00 0.63 2.80 0.00 1.54 0.00 0.00 3.15 0.00 0.00 2.87 1.86 2.87 1.33 0.42 0.00 0.00 0.00 1.02 0.00 0.00 0.00 3.01 0.00 0.00 0.00 0.00 0.00 0.00 0.00 0.00 0.00 1.37 0.00 0.00 0.00 0.84 0.63 1.26 1.47 1.02 0.00 2.38 0.91 0.32 2.21 0.00 0.00 0.00 2.84 0.00 0.00 0.00 0.00 3.26 0.00 0.00 0.00 0.00 0.00 3.08 0.00 2.14 2.49 0.00 0.00 0.00 3.12 1.12 2.87 0.84 0.00 0.00 0.00 2.56
9 3.33 0.00 0.32 0.00 1.79 0.00 3.40 0.46 2.98 0.00 2.84 0.00 0.00 0.00 0.00 0.00 0.00 0.53 1.33 1.37 0.00 1.54 0.00 2.00 1.37 0.00 3.01 1.44 2.24 0.32 3.19 0.00 0.00 2.87 0.11 0.56 0.00 0.07 1.65 1.12 0.00 3.40 1.02 3.01 0.98 2.84 1.58 0.95 2.80 0.35 2.03 0.00 2.84 0.00 0.00 3.36 3.36 2.98 0.00 1.51 3.19 1.40 0.00 0.00 0.95 1.12 0.32 3.08 0.00 0.00 0.53 3.15 0.00 0.00 0.00 0.00 0.00 0.00 2.77 0.00 0.00 1.54 0.18 0.00 0.00 0.35 1.89 0.00 0.70 0.95 3.36 0.00 0.00 0.84 2.80 0.00 2.91 0.00 1.26 0.00
10 2.80 0.00 3.40 0.00 0.00 0.25 0.21 0.00 0.00 2.84 0.00 2.24 2.52 2.45 0.00 2.84 0.00 0.00 3.47 3.08 0.00 3.50 1.75 1.16 0.11 0.00 1.72 0.00 2.80 1.26 0.28 0.00 0.00 0.63 0.00 2.31 2.00 0.00 0.00 0.00 0.00 2.14 0.49 0.00 0.00 0.00 0.00 1.33 3.33 3.33 1.44 0.00 0.00 2.14 0.00 0.60 2.73 0.00 0.00 2.73 0.00 0.00 1.09 0.00 3.12 2.84 0.00 0.00 1.05 2.24 1.40 0.00 0.25 0.21 0.00 0.98 0.18 0.00 0.00 0.53 0.00 0.00 0.00 0.00 0.00 0.00 0.00 0.00 0.00 3.40 0.63 0.84 2.45 0.00 0.00 0.00 2.77 0.00 1.05 0.00
11 0.00 0.25 0.00 0.00 1.54 0.00 0.00 0.32 0.00 0.00 2.24 0.00 0.00 3.22 1.02 0.00 0.00 0.00 2.98 0.00 0.74 0.00 0.00 2.73 0.00 3.22 0.00 0.00 0.00 0.00 0.00 0.00 0.00 0.00 1.19 0.00 0.00 0.00 3.47 0.00 0.00 1.26 0.00 1.02 0.00 0.00 0.00 0.00 0.00 0.00 1.47 0.95 2.28 0.00 0.00 0.00 0.00 0.00 0.88 0.00 0.00 0.00 0.00 2.38 2.38 0.00 2.56 0.18 1.30 0.00 0.14 0.00 0.00 0.28 0.00 0.00 0.00 2.35 0.14 0.00 0.00 3.40 0.00 0.00 0.00 0.00 2.66 0.00 2.73 0.00 0.00 3.40 0.00 1.19 0.00 0.00 3.43 3.12 0.00 0.21
12 0.00 0.00 0.00 3.43 2.17 0.00 3.05 0.00 0.42 0.00 2.52 0.00 0.00 0.00 0.00 1.23 0.00 0.00 1.79 0.00 0.00 0.67 0.00 0.00 0.56 2.49 0.00 0.00 2.42 3.26 0.00 1.26 2.73 0.00 0.91 2.70 2.84 0.00 2.38 0.00 0.49 2.21 1.79 1.86 0.00 0.00 3.47 0.00 1.19 2.77 0.00 0.00 0.46 0.00 2.24 0.00 0.00 0.00 0.00 0.32 0.00 0.00 0.00 3.19 1.12 0.00 0.00 0.70 0.74 2.52 0.00 2.38 0.00 2.42 0.98 0.00 0.00 0.00 0.00 1.26 2.49 2.98 0.00 0.11 0.60 0.00 0.00 0.00 1.33 0.88 0.00 0.00 0.00 0.00 0.00 0.00 0.11 0.98 0.00 3.22
13 1.86 0.00 0.00 0.00 0.00 0.00 0.84 2.00 0.00 0.00 2.45 3.22 0.00 0.00 3.50 0.91 0.63 0.00 2.94 2.94 0.18 0.00 0.00 0.00 0.67 2.66 2.56 0.00 2.56 0.00 1.30 1.19 0.00 0.00 0.00 0.00 0.00 2.35 0.00 0.00 0.00 2.52 1.93 0.28 3.33 0.00 0.00 1.68 0.00 0.00 0.00 1.75 0.00 0.00 1.79 0.00 0.00 0.00 0.00 0.67 0.98 0.00 0.25 0.98 0.00 2.52 2.52 0.00 2.59 2.24 0.00 0.00 0.63 2.42 1.72 0.00 3.01 2.77 0.00 0.00 3.26 0.00 0.00 0.00 0.00 0.07 0.00 3.29 3.29 1.44 0.00 0.00 0.00 2.21 0.56 0.00 0.53 1.40 0.00 1.79
14 0.21 0.60 0.00 2.73 1.37 0.00 0.00 0.00 0.00 0.00 0.00 1.02 0.00 3.50 0.00 2.77 1.37 0.00 0.00 0.77 3.26 3.12 0.18 0.00 0.00 0.00 1.30 0.07 0.00 1.09 2.98 1.19 0.00 0.00 3.12 2.31 0.84 1.09 0.00 0.00 0.00 0.00 0.53 0.00 0.00 0.00 0.00 0.00 0.00 0.00 0.00 1.72 0.00 2.10 0.04 0.00 0.00 0.00 3.29 0.35 1.58 0.74 1.37 0.00 0.00 0.91 2.91 0.00 0.00 3.43 0.00 0.00 0.70 0.00 0.00 0.00 0.00 0.00 0.25 0.00 0.00 0.00 0.00 0.00 1.86 0.60 0.00 0.00 0.00 3.26 0.00 2.03 1.65 0.00 1.61 0.00 0.42 1.33 0.00 0.00
15 0.00 1.09 0.00 1.33 2.28 1.19 0.07 0.00 1.16 0.00 2.84 0.00 1.23 0.91 2.77 0.00 0.74 2.87 1.96 0.00 0.00 0.00 1.26 3.40 0.39 3.26 0.00 0.21 0.00 1.82 0.00 0.00 1.30 2.10 0.00 0.00 1.23 0.00 1.16 0.00 0.00 0.00 1.40 3.40 3.50 0.00 0.04 1.12 0.00 0.00 0.00 1.33 2.66 0.00 0.00 2.35 2.45 0.91 2.52 0.00 3.29 0.00 0.00 1.86 0.35 2.98 0.00 0.00 0.46 0.70 0.39 0.00 0.04 3.29 3.15 3.19 0.00 0.00 2.91 0.00 2.31 2.14 0.32 1.79 0.00 0.00 0.53 2.80 0.00 1.54 0.00 0.00 2.35 0.00 0.00 1.23 0.04 2.07 0.00 2.73
16 0.81 3.08 0.00 0.95 0.00 0.00 0.95 0.70 2.77 0.00 0.00 0.00 0.00 0.63 1.37 0.74 0.00 2.77 0.00 0.00 0.00 0.00 0.00 0.88 2.31 0.00 2.66 0.00 0.00 2.21 0.00 0.00 3.05 0.00 3.29 0.00 1.40 0.00 0.00 3.15 0.00 0.00 0.00 1.96 0.00 3.15 2.24 0.00 0.00 1.30 1.61 0.00 0.07 1.86 0.00 0.63 1.68 1.16 0.00 0.00 0.49 0.91 0.28 0.60 0.00 0.00 1.96 0.00 2.42 0.00 2.98 1.12 0.00 0.00 0.77 1.51 0.00 0.42 0.00 1.51 0.00 2.03 0.00 0.00 0.00 3.15 2.94 0.00 0.67 0.00 0.00 0.07 0.00 2.07 0.00 0.95 0.00 1.47 0.28 1.09
17 3.50 2.42 0.77 2.03 3.36 0.00 0.00 1.23 2.17 0.53 0.00 0.00 0.00 0.00 0.00 2.87 2.77 0.00 0.00 1.02 0.00 0.00 0.00 0.00 3.22 0.74 2.49 1.51 1.51 1.23 2.45 2.17 0.00 0.00 0.07 0.00 0.00 3.33 0.00 0.00 0.00 0.00 0.00 1.33 1.12 0.00 1.54 0.00 0.00 0.00 0.00 0.00 2.84 1.47 2.70 0.39 0.00 0.00 0.00 2.98 0.00 2.87 3.15 0.00 0.53 0.95 2.38 0.00 0.00 0.00 3.36 0.00 1.23 0.00 0.00 1.30 0.00 0.00 0.00 1.09 3.33 0.00 0.00 3.15 1.86 0.00 0.91 0.00 0.00 0.00 0.00 0.00 1.51 2.21 0.00 3.26 0.00 2.52 0.00 1.68
18 0.00 2.91 3.40 0.00 1.86 2.59 0.25 0.00 1.44 1.33 3.47 2.98 1.79 2.94 0.00 1.96 0.00 0.00 0.00 0.70 0.00 2.17 2.80 0.00 0.00 0.00 0.67 0.00 0.00 0.00 0.00 0.00 1.72 2.07 0.00 0.18 3.33 0.00 0.00 0.00 0.00 0.00 0.00 0.00 0.00 0.18 0.00 2.24 3.47 0.00 0.00 0.70 0.00 1.12 0.00 0.00 0.67 0.00 0.00 0.00 0.00 0.00 2.80 0.00 0.00 1.05 0.39 0.00 0.67 0.00 0.00 1.89 2.98 0.00 1.82 0.00 2.70 1.09 1.16 1.23 0.00 0.00 0.00 0.00 1.79 2.17 0.04 0.98 0.00 0.49 0.00 3.29 2.56 1.68 3.33 0.00 0.00 1.09 2.84 0.74
19 2.59 0.00 0.88 0.00 0.28 0.00 2.80 2.84 1.37 1.37 3.08 0.00 0.00 2.94 0.77 0.00 0.00 1.02 0.70 0.00 2.00 0.00 0.42 2.17 0.11 0.00 0.00 2.91 0.00 0.00 0.98 0.00 1.16 0.00 0.00 0.00 0.00 3.40 1.51 1.86 0.00 0.00 2.94 0.00 3.01 3.08 0.00 0.00 0.42 3.36 0.88 2.70 1.23 0.07 0.00 0.28 0.00 0.00 0.88 0.56 0.00 0.00 2.24 2.17 0.81 0.25 0.00 1.05 1.68 0.00 0.00 0.00 0.00 0.18 1.37 0.00 0.00 3.01 2.17 0.00 0.95 1.96 0.00 0.00 2.07 0.00 0.00 0.00 0.00 0.00 1.68 0.53 0.07 1.44 1.30 0.00 0.00 0.00 0.00 1.58
20 0.39 0.00 0.00 1.54 2.17 0.91 1.16 1.47 0.00 0.00 0.00 0.74 0.00 0.18 3.26 0.00 0.00 0.00 0.00 2.00 0.00 0.00 2.45 0.11 0.53 0.39 1.58 0.00 0.00 0.00 0.00 2.84 0.00 0.46 0.00 0.88 2.45 0.00 0.00 3.40 0.28 2.35 0.00 0.00 0.21 0.00 2.00 0.00 2.38 2.31 2.84 2.91 0.00 0.00 0.00 0.00 0.00 2.84 0.00 0.00 2.38 2.00 0.00 0.00 2.56 0.00 1.72 0.00 0.00 3.15 0.00 3.05 0.00 0.00 0.00 0.00 3.47 0.00 0.00 0.00 3.08 2.73 1.96 2.77 3.08 1.75 0.00 1.19 0.00 2.94 0.00 0.00 0.88 0.00 0.00 0.00 0.84 2.70 3.08 0.77
21 3.47 0.95 0.00 0.00 3.08 1.72 0.00 1.26 0.00 1.54 3.50 0.00 0.67 0.00 3.12 0.00 0.00 0.00 2.17 0.00 0.00 0.00 0.00 0.00 3.01 3.08 1.12 0.00 0.00 0.00 1.65 0.00 0.00 0.00 2.07 0.00 2.56 3.19 0.00 0.00 0.11 3.12 0.00 2.21 0.00 0.00 1.33 0.21 0.39 0.00 0.00 0.00 0.00 2.59 0.00 0.00 0.00 2.31 0.00 3.08 2.03 0.00 0.00 0.00 0.21 0.00 0.00 0.00 0.00 3.43 1.05 0.00 0.00 0.18 0.00 0.00 0.67 0.00 0.00 1.30 2.03 0.00 0.00 3.08 0.00 0.00 2.63 1.16 0.00 3.47 1.40 0.00 0.00 0.00 0.00 0.00 0.74 0.39 1.75 0.42
22 0.04 2.10 0.49 0.00 1.51 2.49 0.95 0.00 0.00 0.00 1.75 0.00 0.00 0.00 0.18 1.26 0.00 0.00 2.80 0.42 2.45 0.00 0.00 0.00 3.19 2.07 0.00 0.00 0.00 0.00 0.98 3.40 0.00 0.63 0.00 0.00 0.00 1.93 2.70 0.84 1.33 3.50 3.43 0.00 0.00 2.03 2.24 0.00 0.00 0.95 2.63 2.03 0.00 0.21 0.00 1.09 0.46 1.19 3.43 0.74 0.07 0.00 0.00 0.00 0.00 1.68 0.00 1.30 0.00 2.07 0.63 0.42 0.00 0.00 2.28 3.50 2.28 0.00 0.00 1.47 0.11 0.00 0.00 0.95 0.00 1.82 3.26 0.00 0.95 2.42 1.65 3.12 2.45 0.00 2.17 0.00 0.00 0.00 1.30 0.00
23 0.00 1.16 0.00 1.75 0.00 0.00 0.00 2.03 0.00 2.00 1.16 2.73 0.00 0.00 0.00 3.40 0.88 0.00 0.00 2.17 0.11 0.00 0.00 0.00 1.79 0.00 0.00 0.00 0.00 3.29 0.00 0.49 1.30 0.00 1.54 2.35 0.32 2.77 1.72 0.00 1.02 1.30 1.26 2.38 0.00 1.26 0.00 0.00 1.19 0.00 0.28 3.43 1.82 1.58 0.00 0.00 0.00 0.00 0.00 0.00 0.00 0.00 0.00 0.00 2.98 0.42 0.07 0.00 0.56 0.00 0.00 2.07 0.00 0.00 0.00 0.00 0.00 0.00 0.35 0.56 1.37 0.67 0.00 0.00 0.00 0.00 0.00 2.35 1.33 0.00 0.00 0.00 0.00 0.00 0.00 0.00 2.77 0.00 1.72 2.07
24 1.40 2.03 0.00 3.33 0.77 0.77 0.00 0.00 0.00 1.37 0.11 0.00 0.56 0.67 0.00 0.39 2.31 3.22 0.00 0.11 0.53 3.01 3.19 1.79 0.00 0.00 0.00 0.00 0.00 1.79 2.31 1.30 2.59 0.00 0.32 0.18 1.82 0.35 1.37 0.00 0.00 3.08 1.82 0.00 2.52 1.23 3.08 0.00 0.00 0.32 2.84 0.88 0.00 1.54 3.05 0.21 1.05 2.80 0.00 0.00 0.00 2.31 0.95 0.00 0.00 0.81 0.00 0.28 0.00 1.12 0.00 1.54 0.00 0.46 0.21 0.00 0.00 0.00 0.00 0.00 0.00 0.00 0.28 0.04 0.00 0.00 1.89 0.00 0.00 0.00 1.19 0.00 0.00 0.00 0.00 0.00 0.00 0.00 0.00 0.00
25 0.00 0.32 3.36 0.00 0.11 0.00 0.00 2.31 0.00 0.00 0.00 3.22 2.49 2.66 0.00 3.26 0.00 0.74 0.00 0.00 0.39 3.08 2.07 0.00 0.00 0.00 2.84 0.18 0.00 0.00 0.00 0.00 1.12 0.00 0.00 0.00 0.00 0.00 0.00 1.68 0.00 0.00 0.25 0.00 0.00 2.42 0.70 0.00 1.54 0.00 0.00 2.03 2.70 0.00 2.59 3.05 2.56 0.00 1.40 1.09 0.00 2.91 0.00 0.00 2.98 0.00 0.00 0.00 0.42 0.00 2.28 2.17 3.26 0.98 3.12 0.00 0.88 0.11 0.00 0.00 2.07 0.00 0.00 0.00 1.75 0.74 0.00 0.00 2.73 2.87 2.31 0.00 0.00 0.00 0.00 0.00 0.53 0.00 3.15 0.67
26 3.19 0.00 0.00 0.91 0.00 2.84 0.18 2.94 0.63 3.01 1.72 0.00 0.00 2.56 1.30 0.00 2.66 2.49 0.67 0.00 1.58 1.12 0.00 0.00 0.00 2.84 0.00 0.67 0.00 0.00 1.09 0.00 0.00 0.00 0.00 2.84 0.49 1.19 0.00 2.49 0.91 0.00 2.49 0.00 0.07 3.43 0.00 0.00 0.00 3.40 0.00 0.00 0.00 0.00 2.52 1.58 0.00 2.52 2.84 2.70 0.46 0.00 1.26 0.00 1.54 1.93 0.00 0.00 0.00 1.30 0.81 3.26 1.58 2.94 0.00 0.00 0.00 0.00 0.00 0.77 0.53 0.11 0.53 0.32 0.00 0.00 1.19 0.00 0.00 0.88 0.00 1.68 0.00 0.00 0.00 0.00 0.00 1.79 0.00 0.00
27 0.00 0.63 0.00 0.14 0.00 1.09 3.22 1.79 2.80 1.44 0.00 0.00 0.00 0.00 0.07 0.21 0.00 1.51 0.00 2.91 0.00 0.00 0.00 0.00 0.00 0.18 0.67 0.00 2.10 0.00 1.54 0.00 3.01 1.51 0.00 0.00 0.84 0.53 0.00 0.88 2.45 0.00 0.00 0.00 0.81 0.21 0.00 2.59 0.25 0.00 0.00 2.49 3.05 0.00 2.45 2.00 0.00 0.00 2.84 2.49 1.61 0.60 0.00 0.00 0.00 1.44 2.70 0.00 0.63 0.00 1.96 0.00 1.82 0.00 0.00 0.00 0.21 0.00 2.77 0.00 0.00 1.86 0.00 0.00 1.09 1.75 0.00 2.94 0.00 0.04 1.37 0.00 3.22 1.05 3.15 0.11 0.00 0.00 1.68 3.43
28 0.00 0.00 0.00 2.42 0.88 0.00 0.00 0.63 0.00 2.24 2.80 0.00 2.42 2.56 0.00 0.00 0.00 1.51 0.00 0.00 0.00 0.00 0.00 0.00 0.00 0.00 0.00 2.10 0.00 0.00 2.21 0.00 2.49 0.00 0.00 0.00 0.25 2.03 1.68 1.75 0.00 2.77 0.35 0.00 2.98 0.14 2.00 0.00 0.00 2.38 1.16 0.00 1.72 2.56 2.59 0.95 0.56 0.00 1.19 0.00 0.18 0.00 0.00 0.21 0.00 1.09 2.66 0.00 2.14 0.00 1.40 0.00 2.03 0.00 0.00 0.00 1.54 0.00 0.00 2.21 2.42 0.21 0.00 0.00 0.00 0.00 0.00 0.00 0.77 3.01 2.10 0.32 0.98 0.00 0.00 0.00 0.00 0.00 1.89 0.00
29 0.00 0.00 0.00 0.00 0.00 0.32 0.00 0.00 1.54 0.32 1.26 0.00 3.26 0.00 1.09 1.82 2.21 1.23 0.00 0.00 0.00 0.00 0.00 3.29 1.79 0.00 0.00 0.00 0.00 0.00 0.25 0.00 0.00 0.25 3.47 0.00 1.61 0.00 0.00 0.00 0.49 0.39 0.00 0.63 1.02 0.28 0.00 0.11 1.23 0.00 0.74 0.42 0.00 0.00 0.11 2.56 1.02 0.00 0.56 0.46 0.00 0.00 0.00 0.00 0.00 0.00 3.05 0.67 2.31 1.30 1.58 3.22 0.00 1.44 0.00 3.29 3.22 1.26 0.74 0.00 0.00 0.00 1.16 1.09 0.04 2.77 0.00 1.96 0.00 0.00 0.00 2.56 0.00 0.00 0.00 0.00 2.00 0.00 3.33 1.54
30 3.29 0.00 2.91 0.00 1.54 1.26 0.00 0.00 0.00 3.19 0.28 0.00 0.00 1.30 2.98 0.00 0.00 2.45 0.00 0.98 0.00 1.65 0.98 0.00 2.31 0.00 1.09 1.54 2.21 0.25 0.00 1.23 1.82 0.74 0.00 1.26 0.00 0.00 3.33 2.87 1.65 0.00 0.42 0.00 1.37 0.00 0.00 0.56 1.12 0.00 0.25 0.00 2.91 2.56 1.82 0.60 0.00 0.00 1.68 1.09 2.91 0.00 0.00 0.00 0.00 2.66 0.00 0.00 1.89 2.31 3.22 0.00 0.00 0.18 0.00 2.77 0.00 0.00 0.00 0.00 0.67 1.54 0.53 0.00 0.00 0.00 0.32 0.00 0.00 0.53 0.00 2.00 2.07 0.00 1.65 0.00 0.00 0.98 0.00 3.15
31 2.70 0.04 0.00 0.11 0.49 1.02 0.00 1.16 0.00 0.00 0.00 0.00 1.26 1.19 1.19 0.00 0.00 2.17 0.00 0.00 2.84 0.00 3.40 0.49 1.30 0.00 0.00 0.00 0.00 0.00 1.23 0.00 0.00 0.00 0.00 0.00 0.00 0.00 2.38 0.88 1.86 0.00 0.00 1.26 0.00 2.52 1.12 1.58 0.00 1.02 1.82 0.00 2.00 3.50 3.15 0.88 0.00 2.31 3.43 0.00 0.81 2.98 2.98 0.00 1.72 1.33 0.00 1.86 0.00 1.54 0.00 0.25 0.84 0.70 0.00 0.00 2.14 0.00 3.22 0.00 2.07 0.00 0.00 0.00 0.00 1.72 2.38 2.87 0.00 0.00 3.01 3.12 0.00 0.04 0.11 0.00 2.49 1.75 0.74 0.04
32 2.63 0.00 0.46 0.00 0.00 0.35 0.00 0.00 3.15 0.00 0.00 0.00 2.73 0.00 0.00 1.30 3.05 0.00 1.72 1.16 0.00 0.00 0.00 1.30 2.59 1.12 0.00 3.01 2.49 0.00 1.82 0.00 0.00 0.00 0.00 0.00 0.81 2.03 0.00 0.91 2.24 0.00 1.75 0.95 0.00 0.00 2.80 0.98 0.00 0.70 3.33 0.00 0.00 3.08 0.00 0.00 1.93 0.00 2.45 0.00 0.00 0.00 0.00 0.18 0.00 2.07 0.00 3.08 1.33 0.00 1.89 2.63 2.38 1.86 2.14 0.00 1.30 0.00 0.00 1.89 0.00 0.95 0.67 0.00 0.00 0.91 0.00 0.46 0.00 0.77 0.00 2.94 0.00 0.00 0.04 0.00 0.60 2.28 0.00 0.11
33 0.00 2.21 0.49 2.73 0.00 0.00 2.21 0.00 0.00 2.87 0.63 0.00 0.00 0.00 0.00 2.10 0.00 0.00 2.07 0.00 0.46 0.00 0.63 0.00 0.00 0.00 0.00 1.51 0.00 0.25 0.74 0.00 0.00 0.00 0.00 0.00 1.23 0.00 2.42 0.00 0.00 2.35 0.00 0.00 2.84 0.00 0.00 0.18 1.09 1.40 2.63 0.00 2.91 1.58 2.42 3.36 0.00 0.00 2.38 3.22 0.00 0.00 0.63 3.19 0.98 0.00 0.00 1.05 1.58 3.33 2.49 0.00 2.21 0.00 0.60 0.00 0.88 2.80 0.00 0.00 1.19 1.96 3.01 0.00 2.63 0.00 2.38 0.00 0.00 2.24 0.00 1.96 0.00 0.00 0.04 0.00 0.00 0.00 0.00 0.00
34 0.00 2.77 0.00 2.87 2.28 0.95 0.00 1.79 0.00 0.11 0.00 1.19 0.91 0.00 3.12 0.00 3.29 0.07 0.00 0.00 0.00 2.07 0.00 1.54 0.32 0.00 0.00 0.00 0.00 3.47 0.00 0.00 0.00 0.00 0.00 1.79 0.00 0.00 2.03 1.30 1.93 0.21 0.00 1.44 0.00 2.24 0.00 0.00 2.35 3.43 0.00 0.00 1.40 0.49 0.00 0.00 0.00 1.96 0.00 3.47 2.52 0.00 0.00 2.59 0.63 0.00 1.12 2.28 0.46 0.00 2.98 0.00 3.50 0.00 1.02 0.00 0.00 3.15 1.37 0.00 0.14 0.95 2.84 2.49 0.00 2.24 0.00 0.00 2.28 0.00 0.00 2.63 3.19 0.00 0.98 2.17 3.01 3.19 0.00 0.00
35 2.07 0.00 0.00 3.08 1.75 0.00 2.42 1.47 2.87 0.56 2.31 0.00 2.70 0.00 2.31 0.00 0.00 0.00 0.18 0.00 0.88 0.00 0.00 2.35 0.18 0.00 2.84 0.00 0.00 0.00 1.26 0.00 0.00 0.00 1.79 0.00 2.94 0.00 0.95 0.00 1.68 0.00 0.00 0.00 2.91 0.00 2.98 0.00 0.00 0.56 0.00 0.00 0.00 2.49 3.05 2.91 0.60 1.37 1.30 0.00 0.00 0.42 0.00 0.00 0.00 0.00 0.00 0.00 0.00 0.00 0.00 2.80 0.91 0.00 2.91 2.52 0.00 0.00 2.98 1.96 0.63 1.30 0.00 1.44 0.00 0.18 0.00 1.93 0.28 3.08 2.38 0.00 2.63 0.00 0.88 0.00 3.50 0.74 0.00 0.35
36 1.47 1.26 0.00 2.31 1.47 0.00 0.00 0.00 1.86 0.00 2.00 0.00 2.84 0.00 0.84 1.23 1.40 0.00 3.33 0.00 2.45 2.56 0.00 0.32 1.82 0.00 0.49 0.84 0.25 1.61 0.00 0.00 0.81 1.23 0.00 2.94 0.00 0.00 0.00 0.00 0.00 0.00 0.91 1.79 3.05 2.73 0.77 0.32 1.58 0.00 3.50 0.00 0.00 2.52 3.47 2.49 0.00 1.02 0.04 0.00 0.00 0.00 0.00 0.98 0.00 3.43 1.19 1.54 0.00 3.43 0.00 3.47 2.59 0.00 1.58 2.42 0.00 0.00 0.63 0.00 0.84 0.00 0.88 2.91 0.00 0.00 2.24 0.00 0.00 1.19 0.00 3.47 0.00 0.00 2.94 0.00 0.00 1.65 0.00 3.08
37 0.81 1.72 0.00 0.00 0.00 0.00 0.00 2.28 2.87 0.07 0.00 0.00 0.00 2.35 1.09 0.00 0.00 3.33 0.00 3.40 0.00 3.19 1.93 2.77 0.35 0.00 1.19 0.53 2.03 0.00 0.00 0.00 2.03 0.00 0.00 0.00 0.00 0.00 2.31 2.94 0.60 0.95 3.43 0.00 2.03 1.61 0.00 0.00 0.00 0.00 1.09 0.00 0.46 0.00 2.73 3.33 0.00 2.10 0.00 0.00 3.19 2.98 0.00 1.82 2.03 3.29 0.00 1.72 3.29 0.00 0.00 0.42 0.00 1.09 0.00 0.00 0.00 1.30 1.16 3.08 3.36 3.29 0.00 1.51 3.08 0.00 3.26 0.77 0.00 0.00 3.05 0.00 3.12 1.72 0.88 0.00 0.00 1.89 0.32 2.49
38 1.79 0.00 1.68 2.77 1.44 3.50 0.00 2.80 1.33 1.65 0.00 3.47 2.38 0.00 0.00 1.16 0.00 0.00 0.00 1.51 0.00 0.00 2.70 1.72 1.37 0.00 0.00 0.00 1.68 0.00 3.33 2.38 0.00 2.42 2.03 0.95 0.00 2.31 0.00 0.00 2.31 1.89 2.98 2.66 3.43 1.05 0.00 3.01 0.56 1.61 2.45 0.00 0.00 0.00 0.00 0.21 0.00 0.95 0.00 0.00 0.00 0.18 2.07 0.00 0.53 0.00 0.63 0.07 0.00 0.60 0.63 0.00 0.63 0.00 0.74 0.00 0.00 0.00 2.31 0.00 0.63 0.00 2.98 0.00 0.00 2.66 2.80 1.40 0.00 0.00 0.00 0.00 0.00 0.00 1.72 0.00 1.93 0.39 0.25 1.68
39 0.00 0.00 0.00 0.00 0.00 0.00 0.00 2.35 0.42 1.12 0.00 0.00 0.00 0.00 0.00 0.00 3.15 0.00 0.00 1.86 3.40 0.00 0.84 0.00 0.00 1.68 2.49 0.88 1.75 0.00 2.87 0.88 0.91 0.00 1.30 0.00 0.00 2.94 0.00 0.00 2.63 1.68 1.61 0.00 0.00 0.00 2.42 0.00 0.00 0.00 0.00 0.00 0.00 0.39 2.70 0.00 0.00 3.43 0.00 2.52 0.91 1.30 0.00 0.00 0.32 0.00 0.07 0.00 0.60 0.00 2.03 0.53 0.00 2.07 0.00 0.00 0.00 0.00 0.00 0.00 0.00 0.77 0.00 1.40 0.00 2.31 1.75 2.10 0.00 0.00 0.00 3.47 0.00 0.00 0.00 0.00 0.00 1.44 1.54 0.00
40 0.49 0.00 0.77 0.00 0.00 3.01 1.26 0.00 0.00 0.00 0.00 0.00 0.49 0.00 0.00 0.00 0.00 0.00 0.00 0.00 0.28 0.11 1.33 1.02 0.00 0.00 0.91 2.45 0.00 0.49 1.65 1.86 2.24 0.00 1.93 1.68 0.00 0.60 2.31 2.63 0.00 0.60 0.28 0.00 0.00 0.00 3.01 2.70 1.40 0.00 0.00 0.00 2.98 1.65 0.00 2.45 0.00 0.67 0.00 3.47 0.00 0.00 0.67 0.00 1.89 1.16 3.08 2.91 0.00 0.00 0.00 1.47 0.00 3.15 2.91 0.81 0.00 0.00 0.28 2.24 2.03 0.00 0.00 0.00 0.00 0.21 2.38 0.00 0.67 0.00 2.63 1.37 0.00 0.00 3.36 0.00 3.05 0.00 0.00 1.33
41 0.95 2.10 0.00 0.81 0.74 1.44 1.58 3.08 0.00 3.40 2.14 1.26 2.21 2.52 0.00 0.00 0.00 0.00 0.00 0.00 2.35 3.12 3.50 1.30 3.08 0.00 0.00 0.00 2.77 0.39 0.00 0.00 0.00 2.35 0.21 0.00 0.00 0.95 1.89 1.68 0.60 0.00 2.03 1.82 0.00 0.00 0.00 1.61 2.59 1.58 0.00 0.00 0.00 3.43 2.24 0.00 2.31 0.00 0.00 0.00 0.00 2.42 0.00 0.00 2.98 1.65 0.00 0.00 0.00 1.51 2.07 2.52 3.43 2.66 0.00 1.61 0.00 2.70 0.00 0.42 3.43 2.21 0.00 1.33 0.00 0.00 1.65 0.00 0.04 3.22 2.00 0.00 0.00 0.00 0.18 1.86 0.35 0.60 0.00 0.00
42 3.43 2.07 0.07 0.88 0.00 0.00 1.65 0.35 0.00 1.02 0.49 0.00 1.79 1.93 0.53 1.40 0.00 0.00 0.00 2.94 0.00 0.00 3.43 1.26 1.82 0.25 2.49 0.00 0.35 0.00 0.42 0.00 1.75 0.00 0.00 0.00 0.91 3.43 2.98 1.61 0.28 2.03 0.00 1.23 0.00 0.00 1.61 2.94 3.36 0.00 0.00 0.00 1.26 0.28 2.10 2.45 2.70 0.00 0.70 0.00 2.45 0.00 0.00 0.00 0.88 0.00 0.21 3.36 3.47 0.00 2.14 1.33 2.52 3.43 2.03 1.96 1.58 0.00 0.56 0.00 0.00 0.00 0.00 0.00 0.00 0.00 0.00 2.84 0.00 0.00 2.70 2.21 0.00 0.04 0.00 0.00 0.77 0.00 0.00 0.00
43 0.00 0.00 0.00 0.28 2.00 0.11 0.32 0.21 1.02 3.01 0.00 1.02 1.86 0.28 0.00 3.40 1.96 1.33 0.00 0.00 0.00 2.21 0.00 2.38 0.00 0.00 0.00 0.00 0.00 0.63 0.00 1.26 0.95 0.00 1.44 0.00 1.79 0.00 2.66 0.00 0.00 1.82 1.23 0.00 0.00 2.66 1.47 0.00 0.00 0.00 3.33 0.77 0.00 0.00 0.00 2.66 0.00 1.44 0.00 0.00 0.00 0.67 2.35 0.00 0.00 0.00 0.00 0.00 0.00 0.00 1.44 0.00 0.00 1.37 2.21 2.91 1.93 0.18 2.73 0.00 0.00 0.49 2.98 2.00 1.96 0.00 0.00 2.87 1.44 2.77 0.00 3.40 0.00 0.00 0.00 0.00 0.18 0.00 0.70 0.00
44 0.00 0.00 0.00 0.88 0.00 0.00 0.00 0.00 0.00 0.98 0.00 0.00 0.00 3.33 0.00 3.50 0.00 1.12 0.00 3.01 0.21 0.00 0.00 0.00 2.52 0.00 0.07 0.81 2.98 1.02 1.37 0.00 0.00 2.84 0.00 2.91 3.05 2.03 3.43 0.00 0.00 0.00 0.00 0.00 0.00 0.00 3.26 0.46 0.00 3.19 0.00 0.74 0.00 0.00 0.28 0.00 0.00 0.95 1.05 2.63 0.04 0.00 0.00 0.00 2.00 0.00 2.87 0.00 3.50 0.00 0.46 1.37 2.03 0.00 0.00 0.00 0.00 0.00 0.00 1.44 2.70 0.67 0.00 0.00 2.45 2.03 0.00 0.00 1.05 0.56 0.46 0.88 0.00 1.33 0.14 0.74 0.00 0.00 1.23 0.60
45 2.42 0.00 0.00 0.00 0.00 3.33 2.21 0.00 0.00 2.84 0.00 0.00 0.00 0.00 0.00 0.00 3.15 0.00 0.18 3.08 0.00 0.00 2.03 1.26 1.23 2.42 3.43 0.21 0.14 0.28 0.00 2.52 0.00 0.00 2.24 0.00 2.73 1.61 1.05 0.00 0.00 0.00 0.00 2.66 0.00 0.00 0.00 0.39 0.00 0.00 0.00 0.00 0.77 0.00 0.91 0.00 2.17 0.00 2.45 2.91 2.52 3.50 0.00 0.00 2.24 0.00 0.00 0.00 0.00 1.44 1.40 3.29 0.00 0.00 0.00 0.00 0.42 0.56 2.77 0.00 0.00 1.65 2.63 0.00 3.40 2.56 0.00 0.00 0.35 2.91 0.00 3.08 2.03 0.00 2.77 1.96 0.00 1.82 0.35 1.33
46 0.42 0.00 0.00 0.00 0.49 0.00 2.07 1.89 0.00 1.58 0.00 0.00 3.47 0.00 0.00 0.04 2.24 1.54 0.00 0.00 2.00 1.33 2.24 0.00 3.08 0.70 0.00 0.00 2.00 0.00 0.00 1.12 2.80 0.00 0.00 2.98 0.77 0.00 0.00 2.42 3.01 0.00 1.61 1.47 3.26 0.00 0.00 1.09 3.05 0.11 0.00 0.00 2.59 0.60 0.00 0.67 2.73 0.00 0.00 0.00 0.46 1.65 0.07 0.00 2.38 0.00 2.87 0.00 1.68 0.00 0.00 0.00 0.00 1.02 0.18 0.00 0.11 2.42 0.00 3.01 0.00 2.03 0.98 0.00 1.82 2.80 1.19 0.00 0.00 2.52 0.49 0.00 3.26 0.00 2.24 2.07 0.00 3.19 1.12 0.00
47 3.50 0.00 2.45 1.96 0.00 2.73 0.00 0.00 3.01 0.95 1.33 0.00 0.00 1.68 0.00 1.12 0.00 0.00 2.24 0.00 0.00 0.21 0.00 0.00 0.00 0.00 0.00 2.59 0.00 0.11 0.56 1.58 0.98 0.18 0.00 0.00 0.32 0.00 3.01 0.00 2.70 1.61 2.94 0.00 0.46 0.39 1.09 0.00 0.00 0.00 0.00 0.00 1.61 0.00 0.00 1.96 0.00 3.47 0.00 0.18 0.00 0.74 3.15 0.00 0.60 0.00 0.00 0.07 0.00 3.50 0.00 0.07 0.81 0.42 0.00 2.07 0.00 0.00 0.00 1.51 0.00 1.47 0.00 0.63 2.59 2.14 0.00 0.00 1.23 1.33 1.75 0.00 0.00 0.00 0.00 0.42 3.19 2.87 0.00 0.14
48 1.61 0.00 0.00 0.46 3.33 1.19 1.82 0.00 0.00 2.80 3.33 0.00 1.19 0.00 0.00 0.00 0.00 0.00 3.47 0.42 2.38 0.39 0.00 1.19 0.00 1.54 0.00 0.25 0.00 1.23 1.12 0.00 0.00 1.09 2.35 0.00 1.58 0.00 0.56 0.00 1.40 2.59 3.36 0.00 0.00 0.00 3.05 0.00 0.00 2.49 1.47 2.52 2.59 1.26 1.30 0.00 0.84 0.88 0.00 0.00 0.00 1.51 0.00 0.46 0.00 0.00 2.66 3.12 0.00 0.00 1.44 0.00 0.18 0.95 1.37 0.67 0.00 3.33 0.00 0.00 3.43 0.00 1.19 0.07 3.40 0.00 0.00 0.00 0.67 1.79 3.40 2.10 3.43 0.18 3.19 2.87 1.58 2.66 0.00 0.00
49 0.00 0.00 2.07 0.00 1.68 0.00 2.31 0.00 0.00 0.35 3.33 0.00 2.77 0.00 0.00 0.00 1.30 0.00 0.00 3.36 2.31 0.00 0.95 0.00 0.32 0.00 3.40 0.00 2.38 0.00 0.00 1.02 0.70 1.40 3.43 0.56 0.00 0.00 1.61 0.00 0.00 1.58 0.00 0.00 3.19 0.00 0.11 0.00 2.49 0.00 2.70 0.00 1.12 1.37 0.00 0.00 0.00 0.00 0.25 0.00 0.00 0.00 0.00 0.00 0.00 2.59 0.00 0.00 2.98 0.74 0.00 1.82 0.00 0.04 0.00 0.98 1.65 2.91 2.45 2.91 0.00 0.67 0.00 2.91 0.00 0.77 1.58 3.26 2.00 0.00 2.66 0.39 0.00 0.00 0.98 0.00 2.56 2.63 0.00 0.00
50 0.00 0.00 1.05 2.35 0.00 0.14 0.00 0.00 0.00 2.03 1.44 1.47 0.00 0.00 0.00 0.00 1.61 0.00 0.00 0.88 2.84 0.00 2.63 0.28 2.84 0.00 0.00 0.00 1.16 0.74 0.25 1.82 3.33 2.63 0.00 0.00 3.50 1.09 2.45 0.00 0.00 0.00 0.00 3.33 0.00 0.00 0.00 0.00 1.47 2.70 0.00 0.53 3.40 0.00 0.70 0.00 0.00 2.56 0.00 0.00 0.00 2.21 1.30 0.00 2.42 1.16 0.04 0.00 0.00 3.26 0.95 0.00 2.24 0.00 1.40 1.12 0.14 0.00 0.00 2.56 0.00 0.84 0.00 0.00 0.95 0.00 1.89 0.00 1.58 3.40 0.00 1.26 0.88 0.00 3.05 0.18 0.46 0.00 3.12 0.00
51 3.26 1.12 0.00 0.00 0.60 0.00 0.60 0.00 0.00 0.00 0.00 0.95 0.00 1.75 1.72 1.33 0.00 0.00 0.70 2.70 2.91 0.00 2.03 3.43 0.88 2.03 0.00 2.49 0.00 0.42 0.00 0.00 0.00 0.00 0.00 0.00 0.00 0.00 0.00 0.00 0.00 0.00 0.00 0.77 0.74 0.00 0.00 0.00 2.52 0.00 0.53 0.00 1.33 0.00 0.00 0.00 2.63 0.00 3.43 1.44 0.04 3.08 0.00 0.00 0.00 0.00 0.00 2.21 2.35 0.00 2.80 2.14 2.49 0.70 0.21 0.46 1.37 0.21 0.49 2.49 0.84 0.00 0.00 3.22 0.63 0.00 3.22 0.00 0.00 2.80 0.07 0.00 0.00 1.58 3.01 0.00 0.00 2.42 0.14 0.11
52 0.32 1.02 0.00 0.84 0.00 2.66 0.14 2.80 0.00 2.84 0.00 2.28 0.46 0.00 0.00 2.66 0.07 2.84 0.00 1.23 0.00 0.00 0.00 1.82 0.00 2.70 0.00 3.05 1.72 0.00 2.91 2.00 0.00 2.91 1.40 0.00 0.00 0.46 0.00 0.00 2.98 0.00 1.26 0.00 0.00 0.77 2.59 1.61 2.59 1.12 3.40 1.33 0.00 0.00 0.84 0.63 0.88 0.00 2.24 0.00 0.00 0.81 0.00 2.63 1.79 0.04 1.51 2.14 0.00 0.00 2.56 0.56 3.22 0.35 1.89 0.00 1.40 2.49 0.00 0.00 0.00 0.00 0.00 3.47 0.00 2.35 0.00 0.00 1.75 0.00 1.54 2.73 3.19 0.00 0.00 0.00 1.75 2.98 3.05 1.40
53 1.09 0.25 0.63 0.00 0.00 2.38 0.35 0.00 0.00 0.00 2.14 0.00 0.00 0.00 2.10 0.00 1.86 1.47 1.12 0.07 0.00 2.59 0.21 1.58 1.54 0.00 0.00 0.00 2.56 0.00 2.56 3.50 3.08 1.58 0.49 2.49 2.52 0.00 0.00 0.39 1.65 3.43 0.28 0.00 0.00 0.00 0.60 0.00 1.26 1.37 0.00 0.00 0.00 0.00 0.00 0.00 1.68 2.77 1.51 0.00 1.40 1.65 1.65 2.42 0.00 1.37 2.98 2.03 0.00 3.43 3.01 0.42 0.35 0.35 0.49 0.00 0.00 0.00 0.00 0.00 0.00 2.70 0.88 0.00 0.00 2.38 0.00 0.00 1.26 0.00 1.68 2.70 0.00 0.00 2.28 0.00 0.63 0.00 0.84 0.18
54 2.31 2.70 0.14 0.00 0.00 0.00 0.00 0.18 0.00 0.00 0.00 0.00 2.24 1.79 0.04 0.00 0.00 2.70 0.00 0.00 0.00 0.00 0.00 0.00 3.05 2.59 2.52 2.45 2.59 0.11 1.82 3.15 0.00 2.42 0.00 3.05 3.47 2.73 0.00 2.70 0.00 2.24 2.10 0.00 0.28 0.91 0.00 0.00 1.30 0.00 0.70 0.00 0.84 0.00 0.00 1.16 0.32 0.70 1.37 2.45 0.00 0.00 0.00 2.38 1.75 0.00 0.00 0.00 2.14 0.00 0.00 1.65 1.54 0.81 0.00 0.00 3.29 0.00 0.00 0.00 0.00 0.95 0.00 1.37 3.05 0.00 0.00 1.02 0.81 0.00 0.00 0.00 0.00 0.00 0.49 1.40 0.00 1.58 0.00 3.08
55 0.07 1.44 3.15 0.00 0.95 0.00 0.00 0.00 0.00 3.36 0.60 0.00 0.00 0.00 0.00 2.35 0.63 0.39 0.00 0.28 0.00 0.00 1.09 0.00 0.21 3.05 1.58 2.00 0.95 2.56 0.60 0.88 0.00 3.36 0.00 2.91 2.49 3.33 0.21 0.00 2.45 0.00 2.45 2.66 0.00 0.00 0.67 1.96 0.00 0.00 0.00 0.00 0.63 0.00 1.16 0.00 0.00 0.25 0.98 0.00 1.09 1.86 0.00 2.84 1.37 0.00 2.59 0.56 0.00 0.00 2.84 0.00 0.42 0.00 0.00 1.82 0.00 0.32 0.00 0.00 0.00 0.46 0.00 2.38 2.38 0.00 0.00 3.50 0.00 0.00 1.72 0.00 0.53 0.00 1.75 3.22 1.51 2.45 2.70 2.98
56 2.35 0.00 2.91 1.23 0.00 0.00 0.00 1.33 0.00 3.36 2.73 0.00 0.00 0.00 0.00 2.45 1.68 0.00 0.67 0.00 0.00 0.00 0.46 0.00 1.05 2.56 0.00 0.00 0.56 1.02 0.00 0.00 1.93 0.00 0.00 0.60 0.00 0.00 0.00 0.00 0.00 2.31 2.70 0.00 0.00 2.17 2.73 0.00 0.84 0.00 0.00 2.63 0.88 1.68 0.32 0.00 0.00 1.93 0.00 0.00 0.00 0.18 2.14 3.29 0.00 0.14 3.50 3.43 2.00 1.09 0.00 1.09 3.29 0.28 2.35 0.00 2.94 0.00 0.00 1.12 0.00 2.17 0.35 0.00 0.18 0.00 0.00 2.94 0.00 0.00 0.00 2.87 0.00 0.00 0.56 0.04 0.04 0.00 2.03 0.00
57 1.82 2.35 0.00 0.25 1.05 0.00 0.00 2.98 1.37 2.98 0.00 0.00 0.00 0.00 0.00 0.91 1.16 0.00 0.00 0.00 2.84 2.31 1.19 0.00 2.80 0.00 2.52 0.00 0.00 0.00 0.00 2.31 0.00 0.00 1.96 1.37 1.02 2.10 0.95 3.43 0.67 0.00 0.00 1.44 0.95 0.00 0.00 3.47 0.88 0.00 2.56 0.00 0.00 2.77 0.70 0.25 1.93 0.00 0.00 1.54 2.59 0.00 0.00 2.77 0.00 1.82 0.00 3.50 0.95 0.00 1.40 0.00 0.00 3.26 0.00 0.00 0.00 0.00 0.00 0.00 0.00 0.00 2.59 0.00 0.04 0.00 2.59 0.00 0.00 0.91 0.00 0.00 0.00 0.25 0.00 2.66 1.82 0.00 0.00 0.00
58 2.52 0.00 0.00 0.35 0.00 2.91 0.00 0.00 0.00 0.00 0.00 0.88 0.00 0.00 3.29 2.52 0.00 0.00 0.00 0.88 0.00 0.00 3.43 0.00 0.00 1.40 2.84 2.84 1.19 0.56 1.68 3.43 2.45 2.38 0.00 1.30 0.04 0.00 0.00 0.00 0.00 0.00 0.70 0.00 1.05 2.45 0.00 0.00 0.00 0.25 0.00 3.43 2.24 1.51 1.37 0.98 0.00 0.00 0.00 0.60 0.00 0.00 0.00 0.00 0.00 2.59 0.21 0.00 0.00 0.00 0.00 0.00 1.09 0.00 0.00 0.74 2.00 0.00 0.00 0.00 3.43 0.00 0.00 2.35 0.63 0.00 3.12 0.00 0.84 0.00 0.00 0.00 0.00 0.00 0.00 2.10 0.00 0.00 0.00 0.00
59 0.00 0.00 0.00 0.00 0.00 0.00 0.00 0.00 0.00 1.51 2.73 0.00 0.32 0.67 0.35 0.00 0.00 2.98 0.00 0.56 0.00 3.08 0.74 0.00 0.00 1.09 2.70 2.49 0.00 0.46 1.09 0.00 0.00 3.22 3.47 0.00 0.00 0.00 0.00 2.52 3.47 0.00 0.00 0.00 2.63 2.91 0.00 0.18 0.00 0.00 0.00 1.44 0.00 0.00 2.45 0.00 0.00 1.54 0.60 0.00 0.00 0.00 1.89 0.00 0.42 1.86 0.00 2.14 0.00 0.00 0.00 2.56 0.00 0.00 0.91 0.00 1.51 0.70 1.16 0.00 1.47 0.00 2.56 3.01 0.00 0.00 0.91 2.56 0.00 0.00 0.00 0.00 0.00 0.00 0.95 0.42 0.00 0.11 0.00 0.00
60 0.00 1.33 1.44 0.00 2.24 1.68 1.93 0.00 0.00 3.19 0.00 0.00 0.00 0.98 1.58 3.29 0.49 0.00 0.00 0.00 2.38 2.03 0.07 0.00 0.00 0.00 0.46 1.61 0.18 0.00 2.91 0.81 0.00 0.00 2.52 0.00 0.00 3.19 0.00 0.91 0.00 0.00 2.45 0.00 0.04 2.52 0.46 0.00 0.00 0.00 0.00 0.04 0.00 1.40 0.00 1.09 0.00 2.59 0.00 0.00 0.00 0.18 0.00 0.00 3.08 0.00 1.09 1.09 0.00 0.00 0.00 0.00 1.02 0.42 2.38 1.23 2.35 0.67 0.00 0.00 1.93 0.00 0.00 0.00 0.00 0.00 0.00 0.00 0.00 0.00 0.00 0.00 0.00 0.00 0.00 0.00 0.00 2.07 0.00 0.00
61 2.14 1.02 0.00 0.00 0.00 3.05 0.00 1.89 0.84 1.40 0.00 0.00 0.00 0.00 0.74 0.00 0.91 2.87 0.00 0.00 2.00 0.00 0.00 0.00 2.31 2.91 0.00 0.60 0.00 0.00 0.00 2.98 0.00 0.00 0.00 0.42 0.00 2.98 0.18 1.30 0.00 2.42 0.00 0.67 0.00 3.50 1.65 0.74 1.51 0.00 2.21 3.08 0.81 1.65 0.00 1.86 0.18 0.00 0.00 0.00 0.18 0.00 3.05 2.35 0.00 0.00 0.35 0.00 0.00 0.95 0.00 0.00 0.81 3.43 0.00 0.00 1.58 1.26 2.42 3.19 0.53 0.32 0.46 0.00 2.59 3.47 0.00 1.58 0.46 0.00 3.29 2.80 0.21 3.40 0.00 0.00 0.00 0.00 0.00 0.74
62 0.00 1.33 0.00 0.63 0.00 1.33 0.00 0.84 0.63 0.00 1.09 0.00 0.00 0.25 1.37 0.00 0.28 3.15 2.80 2.24 0.00 0.00 0.00 0.00 0.95 0.00 1.26 0.00 0.00 0.00 0.00 2.98 0.00 0.63 0.00 0.00 0.00 0.00 2.07 0.00 0.67 0.00 0.00 2.35 0.00 0.00 0.07 3.15 0.00 0.00 1.30 0.00 0.00 1.65 0.00 0.00 2.14 0.00 0.00 1.89 0.00 3.05 0.00 0.42 0.00 1.96 0.00 1.61 0.63 3.26 2.63 0.00 1.82 0.00 0.63 0.00 0.25 2.52 3.05 1.72 0.98 0.49 2.38 0.00 0.00 0.00 0.00 0.00 0.00 0.00 3.12 0.00 3.33 3.33 0.00 2.35 0.00 0.00 0.00 0.32
63 0.00 2.56 1.19 1.86 3.08 0.00 1.09 0.00 1.26 0.00 0.00 2.38 3.19 0.98 0.00 1.86 0.60 0.00 0.00 2.17 0.00 0.00 0.00 0.00 0.00 0.00 0.00 0.00 0.21 0.00 0.00 0.00 0.18 3.19 2.59 0.00 0.98 1.82 0.00 0.00 0.00 0.00 0.00 0.00 0.00 0.00 0.00 0.00 0.46 0.00 0.00 0.00 2.63 2.42 2.38 2.84 3.29 2.77 0.00 0.00 0.00 2.35 0.42 0.00 0.00 0.00 0.00 0.00 0.00 1.72 0.00 0.00 0.14 3.47 0.00 0.46 1.68 0.00 0.00 0.00 1.19 2.66 0.91 0.11 2.35 0.00 3.05 0.00 0.53 0.00 0.00 0.00 0.00 2.91 1.54 0.84 1.26 0.00 0.00 0.00
64 2.42 1.93 0.00 0.63 0.35 0.00 0.00 2.77 1.47 0.95 3.12 2.38 1.12 0.00 0.00 0.35 0.00 0.53 0.00 0.81 2.56 0.21 0.00 2.98 0.00 2.98 1.54 0.00 0.00 0.00 0.00 1.72 0.00 0.98 0.63 0.00 0.00 2.03 0.53 0.32 1.89 2.98 0.88 0.00 2.00 2.24 2.38 0.60 0.00 0.00 2.42 0.00 1.79 0.00 1.75 1.37 0.00 0.00 0.00 0.42 3.08 0.00 0.00 0.00 0.00 0.77 0.00 0.91 0.00 2.31 0.00 0.00 0.00 0.00 0.00 0.28 0.07 2.59 0.00 0.00 0.00 2.84 0.00 1.02 0.00 3.19 0.00 0.00 1.19 0.00 1.75 0.63 0.42 0.00 0.18 1.33 2.31 0.35 0.14 0.00
65 0.00 1.65 0.00 1.54 0.00 0.00 2.35 1.86 1.02 1.12 2.84 0.00 0.00 2.52 0.91 2.98 0.00 0.95 1.05 0.25 0.00 0.00 1.68 0.42 0.81 0.00 1.93 1.44 1.09 0.00 2.66 1.33 2.07 0.00 0.00 0.00 3.43 3.29 0.00 0.00 1.16 1.65 0.00 0.00 0.00 0.00 0.00 0.00 0.00 2.59 1.16 0.00 0.04 1.37 0.00 0.00 0.14 1.82 2.59 1.86 0.00 0.00 1.96 0.00 0.77 0.00 1.02 0.00 0.00 2.24 3.50 1.75 2.35 0.00 2.80 0.00 0.00 2.94 0.39 0.00 1.23 0.00 2.80 3.08 0.42 0.00 0.00 0.39 0.00 0.00 0.00 0.77 0.00 0.00 0.81 0.00 0.00 3.08 0.00 1.58
66 0.35 0.84 1.40 0.00 0.00 0.00 0.70 0.56 0.00 0.32 0.00 2.56 0.00 2.52 2.91 0.00 1.96 2.38 0.39 0.00 1.72 0.00 0.00 0.07 0.00 0.00 0.00 2.70 2.66 3.05 0.00 0.00 0.00 0.00 1.12 0.00 1.19 0.00 0.63 0.07 3.08 0.00 0.21 0.00 2.87 0.00 2.87 0.00 2.66 0.00 0.04 0.00 1.51 2.98 0.00 2.59 3.50 0.00 0.21 0.00 1.09 0.35 0.00 0.00 0.00 1.02 0.00 0.00 0.00 0.00 0.00 2.00 0.00 0.00 0.00 0.32 0.88 1.44 0.00 0.28 0.00 0.14 0.14 0.00 3.26 2.17 0.00 0.49 1.65 1.86 0.00 2.14 0.00 0.60 1.58 2.87 2.91 0.00 2.42 0.00
67 2.42 0.91 0.00 0.00 0.00 1.02 0.63 0.00 2.38 3.08 0.00 0.18 0.70 0.00 0.00 0.00 0.00 0.00 0.00 1.05 0.00 0.00 1.30 0.00 0.28 0.00 0.00 0.00 0.00 0.67 0.00 1.86 3.08 1.05 2.28 0.00 1.54 1.72 0.07 0.00 2.91 0.00 3.36 0.00 0.00 0.00 0.00 0.07 3.12 0.00 0.00 2.21 2.14 2.03 0.00 0.56 3.43 3.50 0.00 2.14 1.09 0.00 1.61 0.00 0.91 0.00 0.00 0.00 2.73 0.00 0.00 0.00 0.00 0.46 0.00 0.00 0.00 1.93 3.22 0.00 2.66 0.00 0.77 1.26 0.67 2.91 1.68 2.03 2.98 0.00 0.00 0.00 2.45 0.00 3.29 2.66 0.00 3.33 0.00 0.00
68 0.00 2.38 0.00 2.24 2.14 2.10 2.59 0.00 0.91 0.00 1.05 1.30 0.74 2.59 0.00 0.46 2.42 0.00 0.67 1.68 0.00 0.00 0.00 0.56 0.00 0.42 0.00 0.63 2.14 2.31 1.89 0.00 1.33 1.58 0.46 0.00 0.00 3.29 0.00 0.60 0.00 0.00 3.47 0.00 3.50 0.00 1.68 0.00 0.00 2.98 0.00 2.35 0.00 0.00 2.14 0.00 2.00 0.95 0.00 0.00 0.00 0.00 0.63 0.00 0.00 0.00 0.00 2.73 0.00 0.00 0.00 2.49 0.00 1.75 0.00 0.00 0.00 0.00 2.63 1.44 1.75 2.49 0.00 0.95 3.50 0.00 0.00 0.00 0.63 0.00 0.00 0.00 0.00 0.00 2.03 3.29 0.95 2.56 1.23 0.00
69 0.00 1.89 0.00 1.79 0.00 0.00 0.00 0.00 0.32 0.00 2.24 0.00 2.52 2.24 3.43 0.70 0.00 0.00 0.00 0.00 3.15 3.43 2.07 0.00 1.12 0.00 1.30 0.00 0.00 1.30 2.31 1.54 0.00 3.33 0.00 0.00 3.43 0.00 0.60 0.00 0.00 1.51 0.00 0.00 0.00 1.44 0.00 3.50 0.00 0.74 3.26 0.00 0.00 3.43 0.00 0.00 1.09 0.00 0.00 0.00 0.00 0.95 3.26 1.72 2.31 2.24 0.00 0.00 0.00 0.00 0.95 0.11 0.00 0.00 0.49 0.00 2.38 0.00 0.00 2.52 3.12 0.00 0.00 2.59 0.00 3.08 0.74 1.65 0.00 0.00 0.84 2.63 0.00 1.79 2.24 0.00 0.00 0.00 0.46 0.00
70 2.77 0.00 0.00 2.31 1.51 0.00 0.00 0.53 2.21 0.53 1.40 0.14 0.00 0.00 0.00 0.39 2.98 3.36 0.00 0.00 0.00 1.05 0.63 0.00 0.00 2.28 0.81 1.96 1.40 1.58 3.22 0.00 1.89 2.49 2.98 0.00 0.00 0.00 0.63 2.03 0.00 2.07 2.14 1.44 0.46 1.40 0.00 0.00 1.44 0.00 0.95 2.80 2.56 3.01 0.00 2.84 0.00 1.40 0.00 0.00 0.00 0.00 2.63 0.00 0.00 3.50 0.00 0.00 0.00 0.95 0.00 0.00 2.59 0.00 1.19 2.35 0.00 1.93 0.00 0.00 1.75 0.00 1.96 0.00 0.00 0.67 0.00 0.00 0.00 1.44 0.00 0.07 0.00 0.00 0.00 1.33 0.00 0.39 0.74 0.00
71 1.51 0.00 2.84 0.00 0.11 0.00 1.82 0.00 0.00 3.15 0.00 0.00 2.38 0.00 0.00 0.00 1.12 0.00 1.89 0.00 3.05 0.00 0.42 2.07 1.54 2.17 3.26 0.00 0.00 3.22 0.00 0.25 2.63 0.00 0.00 2.80 3.47 0.42 0.00 0.53 1.47 2.52 1.33 0.00 1.37 3.29 0.00 0.07 0.00 1.82 0.00 2.14 0.56 0.42 1.65 0.00 1.09 0.00 0.00 2.56 0.00 0.00 0.00 0.00 0.00 1.75 2.00 0.00 2.49 0.11 0.00 0.00 0.74 0.00 0.00 0.00 0.00 0.00 1.40 2.14 3.15 0.67 0.00 2.80 0.81 0.00 0.00 1.02 0.00 0.00 0.00 3.26 2.70 1.82 0.00 3.29 0.00 1.72 0.00 2.49
72 0.00 0.00 0.00 1.61 0.67 0.00 0.00 0.14 0.00 0.00 0.25 0.00 0.00 0.63 0.70 0.04 0.00 1.23 2.98 0.00 0.00 0.00 0.00 0.00 0.00 3.26 1.58 1.82 2.03 0.00 0.00 0.84 2.38 2.21 3.50 0.91 2.59 0.00 0.63 0.00 0.00 3.43 2.52 0.00 2.03 0.00 0.00 0.81 0.18 0.00 2.24 2.49 3.22 0.35 1.54 0.42 3.29 0.00 1.09 0.00 1.02 0.81 1.82 0.14 0.00 2.35 0.00 0.00 0.00 0.00 2.59 0.74 0.00 0.00 1.30 0.00 0.00 2.73 1.47 0.00 2.59 0.07 0.00 0.35 2.03 0.70 0.00 0.00 0.00 0.00 0.63 2.59 3.33 0.00 0.70 0.00 0.00 0.00 2.31 2.94
73 2.49 0.91 1.61 1.89 0.00 0.00 0.81 1.75 0.00 0.00 0.21 0.28 2.42 2.42 0.00 3.29 0.00 0.00 0.00 0.18 0.00 0.18 0.00 0.00 0.46 0.98 2.94 0.00 0.00 1.44 0.18 0.70 1.86 0.00 0.00 0.00 0.00 1.09 0.00 2.07 3.15 2.66 3.43 1.37 0.00 0.00 1.02 0.42 0.95 0.04 0.00 0.70 0.35 0.35 0.81 0.00 0.28 3.26 0.00 0.00 0.42 3.43 0.00 3.47 0.00 0.00 0.00 0.46 1.75 0.00 0.00 0.00 0.00 0.00 0.00 0.00 0.32 0.39 0.00 2.45 0.07 2.07 0.00 1.65 1.86 2.73 0.00 2.28 0.00 0.00 0.00 2.38 0.00 0.00 0.00 0.00 2.70 0.46 0.00 0.46
74 0.00 3.50 2.10 2.24 0.00 1.44 3.29 0.00 2.84 0.00 0.00 0.00 0.98 1.72 0.00 3.15 0.77 0.00 1.82 1.37 0.00 0.00 2.28 0.00 0.21 3.12 0.00 0.00 0.00 0.00 0.00 0.00 2.14 0.60 1.02 2.91 1.58 0.00 0.74 0.00 2.91 0.00 2.03 2.21 0.00 0.00 0.18 0.00 1.37 0.00 1.40 0.21 1.89 0.49 0.00 0.00 2.35 0.00 0.00 0.91 2.38 0.00 0.63 0.00 0.00 2.80 0.00 0.00 0.00 0.49 1.19 0.00 1.30 0.00 0.00 0.00 1.40 0.00 0.00 2.56 0.00 1.75 0.00 0.00 0.00 0.32 0.00 0.00 0.00 0.00 0.00 0.00 1.37 3.50 0.00 3.26 0.00 0.00 0.00 0.00
75 3.50 0.00 1.33 2.10 0.88 0.95 1.68 1.54 0.00 0.00 0.98 0.00 0.00 0.00 0.00 3.19 1.51 1.30 0.00 0.00 0.00 0.00 3.50 0.00 0.00 0.00 0.00 0.00 0.00 3.29 2.77 0.00 0.00 0.00 0.00 2.52 2.42 0.00 0.00 0.00 0.81 1.61 1.96 2.91 0.00 0.00 0.00 2.07 0.67 0.98 1.12 0.46 0.00 0.00 0.00 1.82 0.00 0.00 0.74 0.00 1.23 0.00 0.00 0.46 0.28 0.00 0.32 0.00 0.00 0.00 2.35 0.00 0.00 0.00 0.00 0.00 0.00 0.00 0.60 0.00 2.31 0.00 2.10 0.67 0.04 2.56 0.00 0.00 0.21 1.12 0.14 3.05 0.00 0.00 2.49 0.28 0.00 0.00 2.66 0.00
76 0.00 0.00 0.00 0.00 0.00 2.80 3.36 0.00 0.00 0.00 0.18 0.00 0.00 3.01 0.00 0.00 0.00 0.00 2.70 0.00 3.47 0.67 2.28 0.00 0.00 0.88 0.00 0.21 1.54 3.22 0.00 2.14 1.30 0.88 0.00 0.00 0.00 0.00 0.00 0.00 0.00 0.00 1.58 1.93 0.00 0.42 0.11 0.00 0.00 1.65 0.14 1.37 1.40 0.00 3.29 0.00 2.94 0.00 2.00 1.51 2.35 1.58 0.25 1.68 0.07 0.00 0.88 0.00 0.00 2.38 0.00 0.00 0.00 0.32 1.40 0.00 0.00 0.00 0.00 0.00 0.91 0.56 0.00 0.00 0.00 0.00 3.36 1.26 0.00 3.12 2.70 0.00 0.00 1.79 0.00 0.00 0.00 0.00 0.00 1.54
77 0.67 0.00 0.00 1.79 0.00 0.95 1.86 0.70 0.00 0.00 0.00 2.35 0.00 2.77 0.00 0.00 0.42 0.00 1.09 3.01 0.00 0.00 0.00 0.00 0.00 0.11 0.00 0.00 0.00 1.26 0.00 0.00 0.00 2.80 3.15 0.00 0.00 1.30 0.00 0.00 0.00 2.70 0.00 0.18 0.00 0.56 2.42 0.00 3.33 2.91 0.00 0.21 2.49 0.00 0.00 0.32 0.00 0.00 0.00 0.70 0.67 1.26 2.52 0.00 2.59 2.94 1.44 1.93 0.00 0.00 1.93 0.00 2.73 0.39 0.00 0.00 0.00 0.00 0.25 0.00 1.16 0.00 3.29 0.00 0.00 3.40 0.00 3.15 0.74 2.52 0.00 0.00 0.00 0.00 1.19 2.42 0.53 2.80 0.00 3.01
78 0.00 0.00 3.40 1.40 0.00 2.87 1.26 2.45 0.00 2.77 0.00 0.14 0.00 0.00 0.25 2.91 0.00 0.00 1.16 2.17 0.00 0.00 0.00 0.35 0.00 0.00 0.00 2.77 0.00 0.74 0.00 3.22 0.00 0.00 1.37 2.98 0.63 1.16 2.31 0.00 0.28 0.00 0.56 2.73 0.00 2.77 0.00 0.00 0.00 2.45 0.00 0.49 0.00 0.00 0.00 0.00 0.00 0.00 0.00 1.16 0.00 2.42 3.05 0.00 0.00 0.39 0.00 3.22 2.63 0.00 0.00 1.40 1.47 0.00 0.00 0.60 0.00 0.25 0.00 0.00 0.49 0.00 0.18 1.96 2.35 0.00 0.00 2.84 3.33 0.00 0.00 0.00 3.19 0.00 3.50 2.91 0.46 1.58 2.70 2.00
79 0.00 3.40 0.56 0.00 2.10 0.00 0.14 0.00 3.26 0.00 0.53 0.00 1.26 0.00 0.00 0.00 1.51 1.09 1.23 0.00 0.00 1.30 1.47 0.56 0.00 0.00 0.77 0.00 2.21 0.00 0.00 0.00 1.89 0.00 0.00 1.96 0.00 3.08 0.00 0.00 2.24 0.42 0.00 0.00 1.44 0.00 3.01 1.51 0.00 2.91 2.56 2.49 0.00 0.00 0.00 0.00 1.12 0.00 0.00 0.00 0.00 3.19 1.72 0.00 0.00 0.00 0.28 0.00 1.44 2.52 0.00 2.14 0.00 2.45 2.56 0.00 0.00 0.00 0.00 0.00 3.15 1.44 0.00 0.00 0.28 0.00 2.66 0.00 0.00 0.60 0.00 1.86 0.00 2.17 0.00 1.61 3.29 0.00 1.89 0.00
80 0.00 1.75 0.00 3.22 0.00 2.77 2.38 0.60 0.00 0.00 0.00 0.00 2.49 3.26 0.00 2.31 0.00 3.33 0.00 0.95 3.08 2.03 0.11 1.37 0.00 2.07 0.53 0.00 2.42 0.00 0.67 2.07 0.00 1.19 0.14 0.63 0.84 3.36 0.63 0.00 2.03 3.43 0.00 0.00 2.70 0.00 0.00 0.00 3.43 0.00 0.00 0.84 0.00 0.00 0.00 0.00 0.00 0.00 3.43 1.47 1.93 0.53 0.98 1.19 0.00 1.23 0.00 2.66 1.75 3.12 1.75 3.15 2.59 0.07 0.00 2.31 0.91 1.16 0.49 3.15 0.00 0.53 0.00 0.00 0.00 0.95 0.53 2.87 0.00 0.39 0.00 0.32 0.07 0.00 0.00 0.00 3.50 0.88 0.56 0.00
81 3.22 0.00 0.00 0.00 3.08 0.00 0.00 0.00 0.00 1.54 0.00 3.40 2.98 0.00 0.00 2.14 2.03 0.00 0.00 1.96 2.73 0.00 0.00 0.67 0.00 0.00 0.11 1.86 0.21 0.00 1.54 0.00 0.95 1.96 0.95 1.30 0.00 3.29 0.00 0.77 0.00 2.21 0.00 0.49 0.67 1.65 2.03 1.47 0.00 0.67 0.84 0.00 0.00 2.70 0.95 0.46 2.17 0.00 0.00 0.00 0.00 0.32 0.49 2.66 2.84 0.00 0.14 0.00 2.49 0.00 0.00 0.67 0.07 2.07 1.75 0.00 0.56 0.00 0.00 1.44 0.53 0.00 1.44 1.65 0.00 0.00 0.00 2.17 0.00 0.00 0.00 0.00 2.98 0.07 0.00 3.26 1.86 0.00 0.56 0.00
82 0.00 0.00 0.00 2.59 1.02 0.00 0.00 0.00 0.00 0.18 0.00 0.00 0.00 0.00 0.00 0.32 0.00 0.00 0.00 0.00 1.96 0.00 0.00 0.00 0.28 0.00 0.53 0.00 0.00 1.16 0.53 0.00 0.67 3.01 2.84 0.00 0.88 0.00 2.98 0.00 0.00 0.00 0.00 2.98 0.00 2.63 0.98 0.00 1.19 0.00 0.00 0.00 0.00 0.88 0.00 0.00 0.35 2.59 0.00 2.56 0.00 0.46 2.38 0.91 0.00 2.80 0.14 0.77 0.00 0.00 1.96 0.00 0.00 0.00 0.00 2.10 0.00 3.29 0.18 0.00 0.00 1.44 0.00 0.07 3.26 0.00 2.59 0.00 2.17 0.00 0.00 1.61 0.00 0.00 0.00 0.00 0.81 0.00 1.09 0.56
83 0.46 0.00 0.00 0.00 1.65 1.26 0.07 0.00 0.00 0.00 0.00 0.00 0.11 0.00 0.00 1.79 0.00 3.15 0.00 0.00 2.77 3.08 0.95 0.00 0.04 0.00 0.32 0.00 0.00 1.09 0.00 0.00 0.00 0.00 2.49 1.44 2.91 1.51 0.00 1.40 0.00 1.33 0.00 2.00 0.00 0.00 0.00 0.63 0.07 2.91 0.00 3.22 3.47 0.00 1.37 2.38 0.00 0.00 2.35 3.01 0.00 0.00 0.00 0.11 1.02 3.08 0.00 1.26 0.95 2.59 0.00 2.80 0.35 1.65 0.00 0.67 0.00 0.00 1.96 0.00 0.00 1.65 0.07 0.00 0.00 0.00 2.10 2.03 1.86 0.91 0.00 3.01 0.00 0.00 3.01 0.00 0.00 3.40 0.00 0.00
84 3.01 0.00 0.00 2.10 0.00 0.00 0.00 1.89 0.00 0.00 0.00 0.00 0.60 0.00 1.86 0.00 0.00 1.86 1.79 2.07 3.08 0.00 0.00 0.00 0.00 1.75 0.00 1.09 0.00 0.04 0.00 0.00 0.00 2.63 0.00 0.00 0.00 3.08 0.00 0.00 0.00 0.00 0.00 1.96 2.45 3.40 1.82 2.59 3.40 0.00 0.95 0.63 0.00 0.00 3.05 2.38 0.18 0.04 0.63 0.00 0.00 2.59 0.00 2.35 0.00 0.42 3.26 0.67 3.50 0.00 0.00 0.81 2.03 1.86 0.00 0.04 0.00 0.00 2.35 0.28 0.00 0.00 3.26 0.00 0.00 3.19 1.61 0.42 0.00 0.42 0.00 0.00 0.00 3.15 3.36 0.00 0.49 0.39 0.00 0.00
85 0.81 0.00 0.00 1.61 3.40 0.00 1.26 0.00 3.08 0.35 0.00 0.00 0.00 0.07 0.60 0.00 3.15 0.00 2.17 0.00 1.75 0.00 1.82 0.00 0.00 0.74 0.00 1.75 0.00 2.77 0.00 1.72 0.91 0.00 2.24 0.18 0.00 0.00 2.66 2.31 0.21 0.00 0.00 0.00 2.03 2.56 2.80 2.14 0.00 0.77 0.00 0.00 2.35 2.38 0.00 0.00 0.00 0.00 0.00 0.00 0.00 3.47 0.00 0.00 3.19 0.00 2.17 2.91 0.00 3.08 0.67 0.00 0.70 2.73 0.32 2.56 0.00 3.40 0.00 0.00 0.95 0.00 0.00 0.00 3.19 0.00 1.40 0.91 1.26 2.56 3.36 1.75 0.00 1.30 0.00 0.00 3.43 0.00 3.33 0.00
86 0.98 0.00 0.00 0.00 0.00 2.21 2.98 2.80 0.00 1.89 0.00 2.66 0.00 0.00 0.00 0.53 2.94 0.91 0.04 0.00 0.00 2.63 3.26 0.00 1.89 0.00 1.19 0.00 0.00 0.00 0.32 2.38 0.00 2.38 0.00 0.00 2.24 3.26 2.80 1.75 2.38 1.65 0.00 0.00 0.00 0.00 1.19 0.00 0.00 1.58 1.89 3.22 0.00 0.00 0.00 0.00 0.00 2.59 3.12 0.91 0.00 0.00 0.00 3.05 0.00 0.00 0.00 1.68 0.00 0.74 0.00 0.00 0.00 0.00 0.00 0.00 3.36 0.00 0.00 2.66 0.53 0.00 2.59 2.10 1.61 1.40 0.00 2.59 0.00 1.61 0.88 2.52 0.07 0.00 0.00 0.77 0.84 0.00 3.40 1.30
87 1.23 2.31 2.94 0.53 0.00 1.44 0.39 0.00 2.14 0.00 0.00 0.00 0.00 3.29 0.00 2.80 0.00 0.00 0.98 0.00 1.19 1.16 0.00 2.35 0.00 0.00 0.00 2.94 0.00 1.96 0.00 2.87 0.46 0.00 0.00 1.93 0.00 0.77 1.40 2.10 0.00 0.00 2.84 2.87 0.00 0.00 0.00 0.00 0.00 3.26 0.00 0.00 0.00 0.00 1.02 3.50 2.94 0.00 0.00 2.56 0.00 1.58 0.00 0.00 0.00 0.39 0.49 2.03 0.00 1.65 0.00 1.02 0.00 2.28 0.00 0.00 1.26 3.15 2.84 0.00 2.87 2.17 0.00 2.03 0.42 0.91 2.59 0.00 0.00 0.00 0.91 2.21 0.00 0.00 0.00 2.10 3.36 1.54 0.00 1.61
88 1.72 0.00 0.00 2.14 0.00 1.82 0.00 1.09 2.49 0.70 0.00 2.73 1.33 3.29 0.00 0.00 0.67 0.00 0.00 0.00 0.00 0.00 0.95 1.33 0.00 2.73 0.00 0.00 0.77 0.00 0.00 0.00 0.00 0.00 2.28 0.28 0.00 0.00 0.00 0.00 0.67 0.04 0.00 1.44 1.05 0.35 0.00 1.23 0.67 2.00 1.58 0.00 1.75 1.26 0.81 0.00 0.00 0.00 0.84 0.00 0.00 0.46 0.00 0.53 1.19 0.00 1.65 2.98 0.63 0.00 0.00 0.00 0.00 0.00 0.00 0.21 0.00 0.74 3.33 0.00 0.00 0.00 2.17 1.86 0.00 1.26 0.00 0.00 0.00 2.94 0.00 0.00 0.25 0.00 1.30 0.28 2.31 3.29 0.00 2.03
89 2.52 0.00 0.00 0.00 0.63 3.40 1.37 0.00 0.00 0.95 3.40 0.00 0.88 1.44 3.26 1.54 0.00 0.00 0.49 0.00 2.94 3.47 2.42 0.00 0.00 2.87 0.88 0.04 3.01 0.00 0.53 0.00 0.77 2.24 0.00 3.08 1.19 0.00 0.00 0.00 0.00 3.22 0.00 2.77 0.56 2.91 2.52 1.33 1.79 0.00 3.40 2.80 0.00 0.00 0.00 0.00 0.00 0.91 0.00 0.00 0.00 0.00 0.00 0.00 0.00 0.00 1.86 0.00 0.00 0.00 1.44 0.00 0.00 0.00 0.00 1.12 3.12 2.52 0.00 0.60 0.39 0.00 0.00 0.91 0.42 2.56 1.61 0.00 2.94 0.00 0.00 2.77 0.07 0.00 1.23 0.00 1.54 0.00 0.00 3.08
90 0.00 2.35 0.00 0.00 3.01 2.03 3.08 2.73 0.00 3.36 0.63 0.00 0.00 0.00 0.00 0.00 0.00 0.00 0.00 1.68 0.00 1.40 1.65 0.00 1.19 2.31 0.00 1.37 2.10 0.00 0.00 3.01 0.00 0.00 0.00 2.38 0.00 3.05 0.00 0.00 2.63 2.00 2.70 0.00 0.46 0.00 0.49 1.75 3.40 2.66 0.00 0.07 1.54 1.68 0.00 1.72 0.00 0.00 0.00 0.00 0.00 3.29 3.12 0.00 1.75 0.00 0.00 0.00 0.00 0.84 0.00 0.00 0.63 0.00 0.00 0.14 2.70 0.00 0.00 0.00 0.00 0.00 0.00 0.00 0.00 3.36 0.88 0.91 0.00 0.00 0.00 0.00 2.35 0.88 0.18 1.93 3.19 1.16 0.07 1.40
91 0.00 2.00 0.00 0.00 0.00 0.04 0.00 3.22 0.00 0.00 0.84 3.40 0.00 0.00 2.03 0.00 0.07 0.00 3.29 0.53 0.00 0.00 3.12 0.00 0.00 0.00 1.68 0.00 0.32 2.56 2.00 3.12 2.94 1.96 2.63 0.00 3.47 0.00 0.00 3.47 1.37 0.00 2.21 3.40 0.88 3.08 0.00 0.00 2.10 0.39 1.26 0.00 2.73 2.70 0.00 0.00 2.87 0.00 0.00 0.00 0.00 2.80 0.00 0.00 0.63 0.77 2.14 0.00 0.00 2.63 0.07 3.26 2.59 2.38 0.00 3.05 0.00 0.00 0.00 1.86 0.32 0.00 1.61 3.01 0.00 1.75 2.52 2.21 0.00 2.77 0.00 0.00 0.00 3.47 0.00 2.14 3.12 0.00 0.00 0.00
92 0.00 0.00 0.00 0.00 2.42 2.28 0.00 2.84 3.12 0.00 2.45 0.00 0.00 0.00 1.65 2.35 0.00 1.51 2.56 0.07 0.88 0.00 2.45 0.00 0.00 0.00 0.00 3.22 0.98 0.00 2.07 0.00 0.00 0.00 3.19 2.63 0.00 3.12 0.00 0.00 0.00 0.00 0.00 0.00 0.00 2.03 3.26 0.00 3.43 0.00 0.88 0.00 3.19 0.00 0.00 0.53 0.00 0.00 0.00 0.00 0.00 0.21 3.33 0.00 0.42 0.00 0.00 2.45 0.00 0.00 0.00 2.70 3.33 0.00 1.37 0.00 0.00 0.00 3.19 0.00 0.07 2.98 0.00 0.00 0.00 0.00 0.07 0.00 0.25 0.07 2.35 0.00 0.00 0.00 1.93 0.67 2.14 0.00 0.00 0.74
93 2.03 0.00 0.14 0.00 0.81 0.00 0.00 0.04 1.12 0.84 0.00 1.19 0.00 2.21 0.00 0.00 2.07 2.21 1.68 1.44 0.00 0.00 0.00 0.00 0.00 0.00 0.00 1.05 0.00 0.00 0.00 0.04 0.00 0.00 0.00 0.00 0.00 1.72 0.00 0.00 0.00 0.00 0.04 0.00 1.33 0.00 0.00 0.00 0.18 0.00 0.00 1.58 0.00 0.00 0.00 0.00 0.00 0.25 0.00 0.00 0.00 3.40 3.33 2.91 0.00 0.00 0.60 0.00 0.00 1.79 0.00 1.82 0.00 0.00 3.50 0.00 1.79 0.00 0.00 2.17 0.00 0.07 0.00 0.00 3.15 1.30 0.00 0.00 0.00 0.00 0.88 3.47 0.00 0.00 0.00 1.75 0.00 0.00 1.82 0.00
94 0.00 2.66 0.00 0.00 0.00 0.00 0.00 0.00 2.87 2.80 0.00 0.00 0.00 0.56 1.61 0.00 0.00 0.00 3.33 1.30 0.00 0.00 2.17 0.00 0.00 0.00 0.00 3.15 0.00 0.00 1.65 0.11 0.04 0.04 0.98 0.88 2.94 0.88 1.72 0.00 3.36 0.18 0.00 0.00 0.14 2.77 2.24 0.00 3.19 0.98 3.05 3.01 0.00 2.28 0.49 1.75 0.56 0.00 0.00 0.95 0.00 0.00 0.00 1.54 0.18 0.81 1.58 3.29 2.03 2.24 0.00 0.00 0.70 0.00 0.00 2.49 0.00 1.19 3.50 0.00 0.00 0.00 0.00 3.01 3.36 0.00 0.00 0.00 1.30 1.23 0.18 0.00 1.93 0.00 0.00 2.91 0.00 3.36 0.00 0.00
95 2.00 2.59 0.00 0.00 0.56 1.82 3.01 2.07 0.84 0.00 0.00 0.00 0.00 0.00 0.00 1.23 0.95 3.26 0.00 0.00 0.00 0.00 0.00 0.00 0.00 0.00 0.00 0.11 0.00 0.00 0.00 0.00 0.00 0.00 2.17 0.00 0.00 0.00 0.00 0.00 0.00 1.86 0.00 0.00 0.74 1.96 2.07 0.42 2.87 0.00 0.18 0.00 0.00 0.00 1.40 3.22 0.04 2.66 2.10 0.42 0.00 0.00 2.35 0.84 1.33 0.00 2.87 2.66 3.29 0.00 1.33 3.29 0.00 0.00 3.26 0.28 0.00 2.42 2.91 1.61 0.00 3.26 0.00 0.00 0.00 0.00 0.77 2.10 0.28 0.00 1.93 2.14 0.67 1.75 2.91 0.00 0.00 0.00 3.29 0.00
96 0.00 0.77 0.00 0.00 2.49 0.00 3.05 0.00 0.00 2.91 2.77 3.43 0.11 0.53 0.42 0.04 0.00 0.00 0.00 0.00 0.84 0.74 0.00 2.77 0.00 0.53 0.00 0.00 0.00 2.00 0.00 2.49 0.60 0.00 3.01 3.50 0.00 0.00 1.93 0.00 3.05 0.35 0.77 0.18 0.00 0.00 0.00 3.19 1.58 2.56 0.46 0.00 1.75 0.63 0.00 1.51 0.04 1.82 0.00 0.00 0.00 0.00 0.00 1.26 2.31 0.00 2.91 0.00 0.95 0.00 0.00 0.00 0.00 2.70 0.00 0.00 0.00 0.53 0.46 3.29 3.50 1.86 0.81 0.00 0.49 3.43 0.84 3.36 2.31 1.54 3.19 3.12 2.14 0.00 0.00 0.00 0.00 0.00 0.00 0.00
97 0.00 0.39 1.61 0.32 0.67 0.42 0.00 2.91 0.00 0.00 0.00 3.12 0.98 1.40 1.33 2.07 1.47 2.52 1.09 0.00 2.70 0.39 0.00 0.00 0.00 0.00 1.79 0.00 0.00 0.00 0.98 1.75 2.28 0.00 3.19 0.74 1.65 1.89 0.39 1.44 0.00 0.60 0.00 0.00 0.00 1.82 3.19 2.87 2.66 2.63 0.00 2.42 2.98 0.00 1.58 2.45 0.00 0.00 0.00 0.11 2.07 0.00 0.00 0.00 0.35 3.08 0.00 3.33 2.56 0.00 0.39 1.72 0.00 0.46 0.00 0.00 0.00 2.80 1.58 0.00 0.88 0.00 0.00 3.40 0.39 0.00 0.00 1.54 3.29 0.00 1.16 0.00 0.00 0.00 3.36 0.00 0.00 0.00 0.81 0.00
98 0.00 3.12 2.24 0.00 0.63 0.00 2.07 0.00 0.00 1.26 1.05 0.00 0.00 0.00 0.00 0.00 0.28 0.00 2.84 0.00 3.08 1.75 1.30 1.72 0.00 3.15 0.00 1.68 1.89 3.33 0.00 0.74 0.00 0.00 0.00 0.00 0.00 0.32 0.25 1.54 0.00 0.00 0.00 0.70 1.23 0.35 1.12 0.00 0.00 0.00 3.12 0.14 3.05 0.84 0.00 2.70 2.03 0.00 0.00 0.00 0.00 0.00 0.00 0.00 0.14 0.00 2.42 0.00 1.23 0.46 0.74 0.00 2.31 0.00 0.00 2.66 0.00 0.00 2.70 1.89 0.56 0.56 1.09 0.00 0.00 3.33 3.40 0.00 0.00 0.00 0.07 0.00 0.00 1.82 0.00 3.29 0.00 0.81 0.00 2.21
99 1.09 0.00 3.40 2.00 0.07 0.00 0.00 0.00 2.56 0.00 0.00 0.21 3.22 1.79 0.00 2.73 1.09 1.68 0.74 1.58 0.77 0.42 0.00 2.07 0.00 0.67 0.00 3.43 0.00 1.54 3.15 0.04 0.11 0.00 0.00 0.35 3.08 2.49 1.68 0.00 1.33 0.00 0.00 0.00 0.60 1.33 0.00 0.14 0.00 0.00 0.00 0.11 1.40 0.18 3.08 2.98 0.00 0.00 0.00 0.00 0.00 0.74 0.32 0.00 0.00 1.58 0.00 0.00 0.00 0.00 0.00 2.49 2.94 0.46 0.00 0.00 1.54 3.01 2.00 0.00 0.00 0.00 0.56 0.00 0.00 0.00 1.30 1.61 2.03 3.08 1.40 0.00 0.74 0.00 0.00 0.00 0.00 0.00 2.21 0.00

ITEMS
nominal_profits 52.00 0.00 40.00 0.00 0.00 0.00 0.00 0.00 31.00 0.00 70.00 0.00 0.00 0.00 0.00 0.00 87.00 68.00 81.00 0.00 99.00 49.00 0.00 89.00 0.00 54.00 0.00 0.00 85.00 11.00 70.00 0.00 85.00 0.00 0.00 3.00 0.00 44.00 13.00 82.00 10.00 12.00 0.00 0.00 83.00 49.00 0.00 0.00 0.00 0.00 0.00 91.00 61.00 88.00 22.00 65.00 81.00 0.00 0.00 0.00 97.00 0.00 10.00 0.00 0.00 33.00 88.00 83.00 77.00 83.00 8.00 35.00 91.00 0.00 15.00 0.00 58.00 30.00 0.00 11.00 0.00 6.00 0.00 12.00 0.00 98.00 0.00 41.00 0.00 0.00 0.00 0.00 11.00 66.00 0.00 7.00 85.00 22.00 15.00 82.00
weights 40 14 20 49 48 1 16 21 35 2 34 26 39 34 27 13 35 40 46 17 42 30 18 23 23 14 6 19 15 24 17 28 19 40 33 9 4 34 39 7 46 32 44 16 15 15 45 43 22 19 9 20 41 5 7 24 37 3 48 5 47 46 22 3 46 24 15 22 25 50 20 23 34 18 2 24 36 5 50 21 19 5 16 26 9 40 26 8 15 10 13 48 15 15 16 2 34 19 1 11
capacity 321
k_max 35

COMMENTS
original_pairwise_profits
0 0.00 0.00 0.00 0.00 0.00 88.00 17.00 0.00 0.00 95.00 80.00 0.00 0.00 53.00 6.00 0.00 23.00 100.00 0.00 74.00 11.00 99.00 1.00 0.00 40.00 0.00 91.00 0.00 0.00 0.00 94.00 77.00 75.00 0.00 0.00 59.00 42.00 23.00 51.00 0.00 14.00 27.00 98.00 0.00 0.00 69.00 12.00 100.00 46.00 0.00 0.00 93.00 9.00 31.00 66.00 2.00 67.00 52.00 72.00 0.00 0.00 61.00 0.00 0.00 69.00 0.00 10.00 69.00 0.00 0.00 79.00 43.00 0.00 71.00 0.00 100.00 0.00 19.00 0.00 0.00 0.00 92.00 0.00 13.00 86.00 23.00 28.00 35.00 49.00 72.00 0.00 0.00 0.00 58.00 0.00 57.00 0.00 0.00 0.00 31.00
1 0.00 0.00 0.00 0.00 73.00 0.00 28.00 0.00 0.00 0.00 0.00 7.00 0.00 0.00 17.00 31.00 88.00 69.00 83.00 0.00 0.00 27.00 60.00 33.00 58.00 9.00 0.00 18.00 0.00 0.00 0.00 1.00 0.00 63.00 79.00 0.00 36.00 49.00 0.00 0.00 0.00 60.00 59.00 0.00 0.00 0.00 0.00 0.00 0.00 0.00 0.00 32.00 29.00 7.00 77.00 41.00 0.00 67.00 0.00 0.00 38.00 29.00 38.00 73.00 55.00 47.00 24.00 26.00 68.00 54.00 0.00 0.00 0.00 26.00 100.00 0.00 0.00 0.00 0.00 97.00 50.00 0.00 0.00 0.00 0.00 0.00 0.00 66.00 0.00 0.00 67.00 57.00 0.00 0.00 76.00 74.00 22.00 11.00 89.00 0.00
2 0.00 0.00 0.00 0.00 0.00 79.00 0.00 4.00 0.00 9.00 97.00 0.00 0.00 0.00 0.00 0.00 0.00 22.00 97.00 25.00 0.00 0.00 14.00 0.00 0.00 96.00 0.00 0.00 0.00 0.00 83.00 0.00 13.00 14.00 0.00 0.00 0.00 0.00 48.00 0.00 22.00 0.00 2.00 0.00 0.00 0.00 0.00 70.00 0.00 59.00 30.00 0.00 0.00 18.00 4.00 90.00 83.00 0.00 0.00 0.00 41.00 0.00 0.00 34.00 0.00 0.00 40.00 0.00 0.00 0.00 0.00 81.00 0.00 46.00 60.00 38.00 0.00 0.00 97.00 16.00 0.00 0.00 0.00 0.00 0.00 0.00 0.00 84.00 0.00 0.00 0.00 0.00 0.00 4.00 0.00 0.00 0.00 46.00 64.00 97.00
3 0.00 0.00 0.00 0.00 3.00 77.00 19.00 88.00 71.00 0.00 0.00 0.00 98.00 0.00 78.00 38.00 27.00 58.00 0.00 0.00 44.00 0.00 0.00 50.00 95.00 0.00 26.00 4.00 69.00 0.00 0.00 3.00 0.00 78.00 82.00 88.00 66.00 0.00 79.00 0.00 0.00 23.00 25.00 8.00 25.00 0.00 0.00 56.00 13.00 0.00 67.00 0.00 24.00 0.00 0.00 0.00 35.00 7.00 10.00 0.00 0.00 0.00 18.00 53.00 18.00 44.00 0.00 0.00 64.00 51.00 66.00 0.00 46.00 54.00 64.00 60.00 0.00 51.00 40.00 0.00 92.00 0.00 74.00 0.00 60.00 46.00 0.00 15.00 61.00 0.00 0.00 0.00 0.00 0.00 0.00 0.00 0.00 9.00 0.00 57.00
4 0.00 73.00 0.00 3.00 0.00 30.00 94.00 73.00 0.00 51.00 0.00 44.00 62.00 0.00 39.00 65.00 0.00 96.00 53.00 8.00 62.00 88.00 43.00 0.00 22.00 3.00 0.00 0.00 25.00 0.00 44.00 14.00 0.00 0.00 65.00 50.00 42.00 0.00 41.00 0.00 0.00 21.00 0.00 57.00 0.00 0.00 14.00 0.00 95.00 48.00 0.00 17.00 0.00 0.00 0.00 27.00 0.00 30.00 0.00 0.00 64.00 0.00 0.00 88.00 10.00 0.00 0.00 0.00 61.00 0.00 43.00 3.00 19.00 0.00 0.00 25.00 0.00 0.00 0.00 60.00 0.00 88.00 29.00 47.00 0.00 97.00 0.00 0.00 0.00 18.00 86.00 0.00 69.00 23.00 0.00 16.00 71.00 19.00 18.00 2.00
5 88.00 0.00 79.00 77.00 30.00 0.00 0.00 21.00 0.00 0.00 7.00 0.00 0.00 0.00 0.00 34.00 0.00 0.00 74.00 0.00 26.00 49.00 71.00 0.00 22.00 0.00 81.00 31.00 0.00 9.00 36.00 29.00 10.00 0.00 27.00 0.00 0.00 0.00 100.00 0.00 86.00 41.00 0.00 3.00 0.00 95.00 0.00 78.00 34.00 0.00 4.00 0.00 76.00 68.00 0.00 0.00 0.00 0.00 83.00 0.00 48.00 87.00 38.00 0.00 0.00 0.00 0.00 29.00 60.00 0.00 0.00 0.00 0.00 0.00 41.00 27.00 80.00 27.00 82.00 0.00 79.00 0.00 0.00 36.00 0.00 0.00 63.00 41.00 52.00 97.00 58.00 1.00 65.00 0.00 0.00 52.00 0.00 12.00 0.00 0.00
6 17.00 28.00 0.00 19.00 94.00 0.00 0.00 0.00 6.00 97.00 6.00 0.00 87.00 24.00 0.00 2.00 27.00 0.00 7.00 80.00 33.00 0.00 27.00 0.00 0.00 0.00 5.00 92.00 0.00 0.00 0.00 0.00 0.00 63.00 0.00 69.00 0.00 0.00 0.00 0.00 36.00 45.00 47.00 9.00 0.00 63.00 59.00 0.00 52.00 66.00 0.00 17.00 4.00 10.00 0.00 0.00 0.00 0.00 0.00 0.00 55.00 0.00 0.00 31.00 0.00 67.00 20.00 18.00 74.00 0.00 0.00 52.00 0.00 23.00 94.00 48.00 96.00 53.00 36.00 4.00 68.00 0.00 0.00 2.00 0.00 36.00 85.00 11.00 0.00 39.00 88.00 0.00 0.00 0.00 0.00 86.00 87.00 0.00 59.00 0.00
7 0.00 0.00 4.00 88.00 73.00 21.00 0.00 0.00 100.00 13.00 0.00 9.00 0.00 57.00 0.00 0.00 20.00 35.00 0.00 81.00 42.00 36.00 0.00 58.00 0.00 66.00 84.00 51.00 18.00 0.00 0.00 33.00 0.00 0.00 51.00 42.00 0.00 65.00 80.00 67.00 0.00 88.00 10.00 6.00 0.00 0.00 54.00 0.00 0.00 0.00 0.00 0.00 80.00 0.00 5.00 0.00 38.00 85.00 0.00 0.00 0.00 54.00 24.00 0.00 79.00 53.00 16.00 0.00 0.00 0.00 15.00 0.00 4.00 50.00 0.00 44.00 0.00 20.00 70.00 0.00 17.00 0.00 0.00 0.00 54.00 0.00 80.00 0.00 31.00 0.00 78.00 92.00 81.00 1.00 0.00 59.00 0.00 83.00 0.00 0.00
8 0.00 0.00 0.00 71.00 0.00 0.00 6.00 100.00 0.00 85.00 0.00 0.00 12.00 0.00 0.00 33.00 79.00 62.00 41.00 39.00 0.00 0.00 0.00 0.00 0.00 0.00 18.00 80.00 0.00 44.00 0.00 0.00 90.00 0.00 0.00 82.00 53.00 82.00 38.00 12.00 0.00 0.00 0.00 29.00 0.00 0.00 0.00 86.00 0.00 0.00 0.00 0.00 0.00 0.00 0.00 0.00 0.00 39.00 0.00 0.00 0.00 24.00 18.00 36.00 42.00 29.00 0.00 68.00 26.00 9.00 63.00 0.00 0.00 0.00 81.00 0.00 0.00 0.00 0.00 93.00 0.00 0.00 0.00 0.00 0.00 88.00 0.00 61.00 71.00 0.00 0.00 0.00 89.00 32.00 82.00 24.00 0.00 0.00 0.00 73.00
9 95.00 0.00 9.00 0.00 51.00 0.00 97.00 13.00 85.00 0.00 81.00 0.00 0.00 0.00 0.00 0.00 0.00 15.00 38.00 39.00 0.00 44.00 0.00 57.00 39.00 0.00 86.00 41.00 64.00 9.00 91.00 0.00 0.00 82.00 3.00 16.00 0.00 2.00 47.00 32.00 0.00 97.00 29.00 86.00 28.00 81.00 45.00 27.00 80.00 10.00 58.00 0.00 81.00 0.00 0.00 96.00 96.00 85.00 0.00 43.00 91.00 40.00 0.00 0.00 27.00 32.00 9.00 88.00 0.00 0.00 15.00 90.00 0.00 0.00 0.00 0.00 0.00 0.00 79.00 0.00 0.00 44.00 5.00 0.00 0.00 10.00 54.00 0.00 20.00 27.00 96.00 0.00 0.00 24.00 80.00 0.00 83.00 0.00 36.00 0.00
10 80.00 0.00 97.00 0.00 0.00 7.00 6.00 0.00 0.00 81.00 0.00 64.00 72.00 70.00 0.00 81.00 0.00 0.00 99.00 88.00 0.00 100.00 50.00 33.00 3.00 0.00 49.00 0.00 80.00 36.00 8.00 0.00 0.00 18.00 0.00 66.00 57.00 0.00 0.00 0.00 0.00 61.00 14.00 0.00 0.00 0.00 0.00 38.00 95.00 95.00 41.00 0.00 0.00 61.00 0.00 17.00 78.00 0.00 0.00 78.00 0.00 0.00 31.00 0.00 89.00 81.00 0.00 0.00 30.00 64.00 40.00 0.00 7.00 6.00 0.00 28.00 5.00 0.00 0.00 15.00 0.00 0.00 0.00 0.00 0.00 0.00 0.00 0.00 0.00 97.00 18.00 24.00 70.00 0.00 0.00 0.00 79.00 0.00 30.00 0.00
11 0.00 7.00 0.00 0.00 44.00 0.00 0.00 9.00 0.00 0.00 64.00 0.00 0.00 92.00 29.00 0.00 0.00 0.00 85.00 0.00 21.00 0.00 0.00 78.00 0.00 92.00 0.00 0.00 0.00 0.00 0.00 0.00 0.00 0.00 34.00 0.00 0.00 0.00 99.00 0.00 0.00 36.00 0.00 29.00 0.00 0.00 0.00 0.00 0.00 0.00 42.00 27.00 65.00 0.00 0.00 0.00 0.00 0.00 25.00 0.00 0.00 0.00 0.00 68.00 68.00 0.00 73.00 5.00 37.00 0.00 4.00 0.00 0.00 8.00 0.00 0.00 0.00 67.00 4.00 0.00 0.00 97.00 0.00 0.00 0.00 0.00 76.00 0.00 78.00 0.00 0.00 97.00 0.00 34.00 0.00 0.00 98.00 89.00 0.00 6.00
12 0.00 0.00 0.00 98.00 62.00 0.00 87.00 0.00 12.00 0.00 72.00 0.00 0.00 0.00 0.00 35.00 0.00 0.00 51.00 0.00 0.00 19.00 0.00 0.00 16.00 71.00 0.00 0.00 69.00 93.00 0.00 36.00 78.00 0.00 26.00 77.00 81.00 0.00 68.00 0.00 14.00 63.00 51.00 53.00 0.00 0.00 99.00 0.00 34.00 79.00 0.00 0.00 13.00 0.00 64.00 0.00 0.00 0.00 0.00 9.00 0.00 0.00 0.00 91.00 32.00 0.00 0.00 20.00 21.00 72.00 0.00 68.00 0.00 69.00 28.00 0.00 0.00 0.00 0.00 36.00 71.00 85.00 0.00 3.00 17.00 0.00 0.00 0.00 38.00 25.00 0.00 0.00 0.00 0.00 0.00 0.00 3.00 28.00 0.00 92.00
13 53.00 0.00 0.00 0.00 0.00 0.00 24.00 57.00 0.00 0.00 70.00 92.00 0.00 0.00 100.00 26.00 18.00 0.00 84.00 84.00 5.00 0.00 0.00 0.00 19.00 76.00 73.00 0.00 73.00 0.00 37.00 34.00 0.00 0.00 0.00 0.00 0.00 67.00 0.00 0.00 0.00 72.00 55.00 8.00 95.00 0.00 0.00 48.00 0.00 0.00 0.00 50.00 0.00 0.00 51.00 0.00 0.00 0.00 0.00 19.00 28.00 0.00 7.00 28.00 0.00 72.00 72.00 0.00 74.00 64.00 0.00 0.00 18.00 69.00 49.00 0.00 86.00 79.00 0.00 0.00 93.00 0.00 0.00 0.00 0.00 2.00 0.00 94.00 94.00 41.00 0.00 0.00 0.00 63.00 16.00 0.00 15.00 40.00 0.00 51.00
14 6.00 17.00 0.00 78.00 39.00 0.00 0.00 0.00 0.00 0.00 0.00 29.00 0.00 100.00 0.00 79.00 39.00 0.00 0.00 22.00 93.00 89.00 5.00 0.00 0.00 0.00 37.00 2.00 0.00 31.00 85.00 34.00 0.00 0.00 89.00 66.00 24.00 31.00 0.00 0.00 0.00 0.00 15.00 0.00 0.00 0.00 0.00 0.00 0.00 0.00 0.00 49.00 0.00 60.00 1.00 0.00 0.00 0.00 94.00 10.00 45.00 21.00 39.00 0.00 0.00 26.00 83.00 0.00 0.00 98.00 0.00 0.00 20.00 0.00 0.00 0.00 0.00 0.00 7.00 0.00 0.00 0.00 0.00 0.00 53.00 17.00 0.00 0.00 0.00 93.00 0.00 58.00 47.00 0.00 46.00 0.00 12.00 38.00 0.00 0.00
15 0.00 31.00 0.00 38.00 65.00 34.00 2.00 0.00 33.00 0.00 81.00 0.00 35.00 26.00 79.00 0.00 21.00 82.00 56.00 0.00 0.00 0.00 36.00 97.00 11.00 93.00 0.00 6.00 0.00 52.00 0.00 0.00 37.00 60.00 0.00 0.00 35.00 0.00 33.00 0.00 0.00 0.00 40.00 97.00 100.00 0.00 1.00 32.00 0.00 0.00 0.00 38.00 76.00 0.00 0.00 67.00 70.00 26.00 72.00 0.00 94.00 0.00 0.00 53.00 10.00 85.00 0.00 0.00 13.00 20.00 11.00 0.00 1.00 94.00 90.00 91.00 0.00 0.00 83.00 0.00 66.00 61.00 9.00 51.00 0.00 0.00 15.00 80.00 0.00 44.00 0.00 0.00 67.00 0.00 0.00 35.00 1.00 59.00 0.00 78.00
16 23.00 88.00 0.00 27.00 0.00 0.00 27.00 20.00 79.00 0.00 0.00 0.00 0.00 18.00 39.00 21.00 0.00 79.00 0.00 0.00 0.00 0.00 0.00 25.00 66.00 0.00 76.00 0.00 0.00 63.00 0.00 0.00 87.00 0.00 94.00 0.00 40.00 0.00 0.00 90.00 0.00 0.00 0.00 56.00 0.00 90.00 64.00 0.00 0.00 37.00 46.00 0.00 2.00 53.00 0.00 18.00 48.00 33.00 0.00 0.00 14.00 26.00 8.00 17.00 0.00 0.00 56.00 0.00 69.00 0.00 85.00 32.00 0.00 0.00 22.00 43.00 0.00 12.00 0.00 43.00 0.00 58.00 0.00 0.00 0.00 90.00 84.00 0.00 19.00 0.00 0.00 2.00 0.00 59.00 0.00 27.00 0.00 42.00 8.00 31.00
17 100.00 69.00 22.00 58.00 96.00 0.00 0.00 35.00 62.00 15.00 0.00 0.00 0.00 0.00 0.00 82.00 79.00 0.00 0.00 29.00 0.00 0.00 0.00 0.00 92.00 21.00 71.00 43.00 43.00 35.00 70.00 62.00 0.00 0.00 2.00 0.00 0.00 95.00 0.00 0.00 0.00 0.00 0.00 38.00 32.00 0.00 44.00 0.00 0.00 0.00 0.00 0.00 81.00 42.00 77.00 11.00 0.00 0.00 0.00 85.00 0.00 82.00 90.00 0.00 15.00 27.00 68.00 0.00 0.00 0.00 96.00 0.00 35.00 0.00 0.00 37.00 0.00 0.00 0.00 31.00 95.00 0.00 0.00 90.00 53.00 0.00 26.00 0.00 0.00 0.00 0.00 0.00 43.00 63.00 0.00 93.00 0.00 72.00 0.00 48.00
18 0.00 83.00 97.00 0.00 53.00 74.00 7.00 0.00 41.00 38.00 99.00 85.00 51.00 84.00 0.00 56.00 0.00 0.00 0.00 20.00 0.00 62.00 80.00 0.00 0.00 0.00 19.00 0.00 0.00 0.00 0.00 0.00 49.00 59.00 0.00 5.00 95.00 0.00 0.00 0.00 0.00 0.00 0.00 0.00 0.00 5.00 0.00 64.00 99.00 0.00 0.00 20.00 0.00 32.00 0.00 0.00 19.00 0.00 0.00 0.00 0.00 0.00 80.00 0.00 0.00 30.00 11.00 0.00 19.00 0.00 0.00 54.00 85.00 0.00 52.00 0.00 77.00 31.00 33.00 35.00 0.00 0.00 0.00 0.00 51.00 62.00 1.00 28.00 0.00 14.00 0.00 94.00 73.00 48.00 95.00 0.00 0.00 31.00 81.00 21.00
19 74.00 0.00 25.00 0.00 8.00 0.00 80.00 81.00 39.00 39.00 88.00 0.00 0.00 84.00 22.00 0.00 0.00 29.00 20.00 0.00 57.00 0.00 12.00 62.00 3.00 0.00 0.00 83.00 0.00 0.00 28.00 0.00 33.00 0.00 0.00 0.00 0.00 97.00 43.00 53.00 0.00 0.00 84.00 0.00 86.00 88.00 0.00 0.00 12.00 96.00 25.00 77.00 35.00 2.00 0.00 8.00 0.00 0.00 25.00 16.00 0.00 0.00 64.00 62.00 23.00 7.00 0.00 30.00 48.00 0.00 0.00 0.00 0.00 5.00 39.00 0.00 0.00 86.00 62.00 0.00 27.00 56.00 0.00 0.00 59.00 0.00 0.00 0.00 0.00 0.00 48.00 15.00 2.00 41.00 37.00 0.00 0.00 0.00 0.00 45.00
20 11.00 0.00 0.00 44.00 62.00 26.00 33.00 42.00 0.00 0.00 0.00 21.00 0.00 5.00 93.00 0.00 0.00 0.00 0.00 57.00 0.00 0.00 70.00 3.00 15.00 11.00 45.00 0.00 0.00 0.00 0.00 81.00 0.00 13.00 0.00 25.00 70.00 0.00 0.00 97.00 8.00 67.00 0.00 0.00 6.00 0.00 57.00 0.00 68.00 66.00 81.00 83.00 0.00 0.00 0.00 0.00 0.00 81.00 0.00 0.00 68.00 57.00 0.00 0.00 73.00 0.00 49.00 0.00 0.00 90.00 0.00 87.00 0.00 0.00 0.00 0.00 99.00 0.00 0.00 0.00 88.00 78.00 56.00 79.00 88.00 50.00 0.00 34.00 0.00 84.00 0.00 0.00 25.00 0.00 0.00 0.00 24.00 77.00 88.00 22.00
21 99.00 27.00 0.00 0.00 88.00 49.00 0.00 36.00 0.00 44.00 100.00 0.00 19.00 0.00 89.00 0.00 0.00 0.00 62.00 0.00 0.00 0.00 0.00 0.00 86.00 88.00 32.00 0.00 0.00 0.00 47.00 0.00 0.00 0.00 59.00 0.00 73.00 91.00 0.00 0.00 3.00 89.00 0.00 63.00 0.00 0.00 38.00 6.00 11.00 0.00 0.00 0.00 0.00 74.00 0.00 0.00 0.00 66.00 0.00 88.00 58.00 0.00 0.00 0.00 6.00 0.00 0.00 0.00 0.00 98.00 30.00 0.00 0.00 5.00 0.00 0.00 19.00 0.00 0.00 37.00 58.00 0.00 0.00 88.00 0.00 0.00 75.00 33.00 0.00 99.00 40.00 0.00 0.00 0.00 0.00 0.00 21.00 11.00 50.00 12.00
22 1.00 60.00 14.00 0.00 43.00 71.00 27.00 0.00 0.00 0.00 50.00 0.00 0.00 0.00 5.00 36.00 0.00 0.00 80.00 12.00 70.00 0.00 0.00 0.00 91.00 59.00 0.00 0.00 0.00 0.00 28.00 97.00 0.00 18.00 0.00 0.00 0.00 55.00 77.00 24.00 38.00 100.00 98.00 0.00 0.00 58.00 64.00 0.00 0.00 27.00 75.00 58.00 0.00 6.00 0.00 31.00 13.00 34.00 98.00 21.00 2.00 0.00 0.00 0.00 0.00 48.00 0.00 37.00 0.00 59.00 18.00 12.00 0.00 0.00 65.00 100.00 65.00 0.00 0.00 42.00 3.00 0.00 0.00 27.00 0.00 52.00 93.00 0.00 27.00 69.00 47.00 89.00 70.00 0.00 62.00 0.00 0.00 0.00 37.00 0.00
23 0.00 33.00 0.00 50.00 0.00 0.00 0.00 58.00 0.00 57.00 33.00 78.00 0.00 0.00 0.00 97.00 25.00 0.00 0.00 62.00 3.00 0.00 0.00 0.00 51.00 0.00 0.00 0.00 0.00 94.00 0.00 14.00 37.00 0.00 44.00 67.00 9.00 79.00 49.00 0.00 29.00 37.00 36.00 68.00 0.00 36.00 0.00 0.00 34.00 0.00 8.00 98.00 52.00 45.00 0.00 0.00 0.00 0.00 0.00 0.00 0.00 0.00 0.00 0.00 85.00 12.00 2.00 0.00 16.00 0.00 0.00 59.00 0.00 0.00 0.00 0.00 0.00 0.00 10.00 16.00 39.00 19.00 0.00 0.00 0.00 0.00 0.00 67.00 38.00 0.00 0.00 0.00 0.00 0.00 0.00 0.00 79.00 0.00 49.00 59.00
24 40.00 58.00 0.00 95.00 22.00 22.00 0.00 0.00 0.00 39.00 3.00 0.00 16.00 19.00 0.00 11.00 66.00 92.00 0.00 3.00 15.00 86.00 91.00 51.00 0.00 0.00 0.00 0.00 0.00 51.00 66.00 37.00 74.00 0.00 9.00 5.00 52.00 10.00 39.00 0.00 0.00 88.00 52.00 0.00 72.00 35.00 88.00 0.00 0.00 9.00 81.00 25.00 0.00 44.00 87.00 6.00 30.00 80.00 0.00 0.00 0.00 66.00 27.00 0.00 0.00 23.00 0.00 8.00 0.00 32.00 0.00 44.00 0.00 13.00 6.00 0.00 0.00 0.00 0.00 0.00 0.00 0.00 8.00 1.00 0.00 0.00 54.00 0.00 0.00 0.00 34.00 0.00 0.00 0.00 0.00 0.00 0.00 0.00 0.00 0.00
25 0.00 9.00 96.00 0.00 3.00 0.00 0.00 66.00 0.00 0.00 0.00 92.00 71.00 76.00 0.00 93.00 0.00 21.00 0.00 0.00 11.00 88.00 59.00 0.00 0.00 0.00 81.00 5.00 0.00 0.00 0.00 0.00 32.00 0.00 0.00 0.00 0.00 0.00 0.00 48.00 0.00 0.00 7.00 0.00 0.00 69.00 20.00 0.00 44.00 0.00 0.00 58.00 77.00 0.00 74.00 87.00 73.00 0.00 40.00 31.00 0.00 83.00 0.00 0.00 85.00 0.00 0.00 0.00 12.00 0.00 65.00 62.00 93.00 28.00 89.00 0.00 25.00 3.00 0.00 0.00 59.00 0.00 0.00 0.00 50.00 21.00 0.00 0.00 78.00 82.00 66.00 0.00 0.00 0.00 0.00 0.00 15.00 0.00 90.00 19.00
26 91.00 0.00 0.00 26.00 0.00 81.00 5.00 84.00 18.00 86.00 49.00 0.00 0.00 73.00 37.00 0.00 76.00 71.00 19.00 0.00 45.00 32.00 0.00 0.00 0.00 81.00 0.00 19.00 0.00 0.00 31.00 0.00 0.00 0.00 0.00 81.00 14.00 34.00 0.00 71.00 26.00 0.00 71.00 0.00 2.00 98.00 0.00 0.00 0.00 97.00 0.00 0.00 0.00 0.00 72.00 45.00 0.00 72.00 81.00 77.00 13.00 0.00 36.00 0.00 44.00 55.00 0.00 0.00 0.00 37.00 23.00 93.00 45.00 84.00 0.00 0.00 0.00 0.00 0.00 22.00 15.00 3.00 15.00 9.00 0.00 0.00 34.00 0.00 0.00 25.00 0.00 48.00 0.00 0.00 0.00 0.00 0.00 51.00 0.00 0.00
27 0.00 18.00 0.00 4.00 0.00 31.00 92.00 51.00 80.00 41.00 0.00 0.00 0.00 0.00 2.00 6.00 0.00 43.00 0.00 83.00 0.00 0.00 0.00 0.00 0.00 5.00 19.00 0.00 60.00 0.00 44.00 0.00 86.00 43.00 0.00 0.00 24.00 15.00 0.00 25.00 70.00 0.00 0.00 0.00 23.00 6.00 0.00 74.00 7.00 0.00 0.00 71.00 87.00 0.00 70.00 57.00 0.00 0.00 81.00 71.00 46.00 17.00 0.00 0.00 0.00 41.00 77.00 0.00 18.00 0.00 56.00 0.00 52.00 0.00 0.00 0.00 6.00 0.00 79.00 0.00 0.00 53.00 0.00 0.00 31.00 50.00 0.00 84.00 0.00 1.00 39.00 0.00 92.00 30.00 90.00 3.00 0.00 0.00 48.00 98.00
28 0.00 0.00 0.00 69.00 25.00 0.00 0.00 18.00 0.00 64.00 80.00 0.00 69.00 73.00 0.00 0.00 0.00 43.00 0.00 0.00 0.00 0.00 0.00 0.00 0.00 0.00 0.00 60.00 0.00 0.00 63.00 0.00 71.00 0.00 0.00 0.00 7.00 58.00 48.00 50.00 0.00 79.00 10.00 0.00 85.00 4.00 57.00 0.00 0.00 68.00 33.00 0.00 49.00 73.00 74.00 27.00 16.00 0.00 34.00 0.00 5.00 0.00 0.00 6.00 0.00 31.00 76.00 0.00 61.00 0.00 40.00 0.00 58.00 0.00 0.00 0.00 44.00 0.00 0.00 63.00 69.00 6.00 0.00 0.00 0.00 0.00 0.00 0.00 22.00 86.00 60.00 9.00 28.00 0.00 0.00 0.00 0.00 0.00 54.00 0.00
29 0.00 0.00 0.00 0.00 0.00 9.00 0.00 0.00 44.00 9.00 36.00 0.00 93.00 0.00 31.00 52.00 63.00 35.00 0.00 0.00 0.00 0.00 0.00 94.00 51.00 0.00 0.00 0.00 0.00 0.00 7.00 0.00 0.00 7.00 99.00 0.00 46.00 0.00 0.00 0.00 14.00 11.00 0.00 18.00 29.00 8.00 0.00 3.00 35.00 0.00 21.00 12.00 0.00 0.00 3.00 73.00 29.00 0.00 16.00 13.00 0.00 0.00 0.00 0.00 0.00 0.00 87.00 19.00 66.00 37.00 45.00 92.00 0.00 41.00 0.00 94.00 92.00 36.00 21.00 0.00 0.00 0.00 33.00 31.00 1.00 79.00 0.00 56.00 0.00 0.00 0.00 73.00 0.00 0.00 0.00 0.00 57.00 0.00 95.00 44.00
30 94.00 0.00 83.00 0.00 44.00 36.00 0.00 0.00 0.00 91.00 8.00 0.00 0.00 37.00 85.00 0.00 0.00 70.00 0.00 28.00 0.00 47.00 28.00 0.00 66.00 0.00 31.00 44.00 63.00 7.00 0.00 35.00 52.00 21.00 0.00 36.00 0.00 0.00 95.00 82.00 47.00 0.00 12.00 0.00 39.00 0.00 0.00 16.00 32.00 0.00 7.00 0.00 83.00 73.00 52.00 17.00 0.00 0.00 48.00 31.00 83.00 0.00 0.00 0.00 0.00 76.00 0.00 0.00 54.00 66.00 92.00 0.00 0.00 5.00 0.00 79.00 0.00 0.00 0.00 0.00 19.00 44.00 15.00 0.00 0.00 0.00 9.00 0.00 0.00 15.00 0.00 57.00 59.00 0.00 47.00 0.00 0.00 28.00 0.00 90.00
31 77.00 1.00 0.00 3.00 14.00 29.00 0.00 33.00 0.00 0.00 0.00 0.00 36.00 34.00 34.00 0.00 0.00 62.00 0.00 0.00 81.00 0.00 97.00 14.00 37.00 0.00 0.00 0.00 0.00 0.00 35.00 0.00 0.00 0.00 0.00 0.00 0.00 0.00 68.00 25.00 53.00 0.00 0.00 36.00 0.00 72.00 32.00 45.00 0.00 29.00 52.00 0.00 57.00 100.00 90.00 25.00 0.00 66.00 98.00 0.00 23.00 85.00 85.00 0.00 49.00 38.00 0.00 53.00 0.00 44.00 0.00 7.00 24.00 20.00 0.00 0.00 61.00 0.00 92.00 0.00 59.00 0.00 0.00 0.00 0.00 49.00 68.00 82.00 0.00 0.00 86.00 89.00 0.00 1.00 3.00 0.00 71.00 50.00 21.00 1.00
32 75.00 0.00 13.00 0.00 0.00 10.00 0.00 0.00 90.00 0.00 0.00 0.00 78.00 0.00 0.00 37.00 87.00 0.00 49.00 33.00 0.00 0.00 0.00 37.00 74.00 32.00 0.00 86.00 71.00 0.00 52.00 0.00 0.00 0.00 0.00 0.00 23.00 58.00 0.00 26.00 64.00 0.00 50.00 27.00 0.00 0.00 80.00 28.00 0.00 20.00 95.00 0.00 0.00 88.00 0.00 0.00 55.00 0.00 70.00 0.00 0.00 0.00 0.00 5.00 0.00 59.00 0.00 88.00 38.00 0.00 54.00 75.00 68.00 53.00 61.00 0.00 37.00 0.00 0.00 54.00 0.00 27.00 19.00 0.00 0.00 26.00 0.00 13.00 0.00 22.00 0.00 84.00 0.00 0.00 1.00 0.00 17.00 65.00 0.00 3.00
33 0.00 63.00 14.00 78.00 0.00 0.00 63.00 0.00 0.00 82.00 18.00 0.00 0.00 0.00 0.00 60.00 0.00 0.00 59.00 0.00 13.00 0.00 18.00 0.00 0.00 0.00 0.00 43.00 0.00 7.00 21.00 0.00 0.00 0.00 0.00 0.00 35.00 0.00 69.00 0.00 0.00 67.00 0.00 0.00 81.00 0.00 0.00 5.00 31.00 40.00 75.00 0.00 83.00 45.00 69.00 96.00 0.00 0.00 68.00 92.00 0.00 0.00 18.00 91.00 28.00 0.00 0.00 30.00 45.00 95.00 71.00 0.00 63.00 0.00 17.00 0.00 25.00 80.00 0.00 0.00 34.00 56.00 86.00 0.00 75.00 0.00 68.00 0.00 0.00 64.00 0.00 56.00 0.00 0.00 1.00 0.00 0.00 0.00 0.00 0.00
34 0.00 79.00 0.00 82.00 65.00 27.00 0.00 51.00 0.00 3.00 0.00 34.00 26.00 0.00 89.00 0.00 94.00 2.00 0.00 0.00 0.00 59.00 0.00 44.00 9.00 0.00 0.00 0.00 0.00 99.00 0.00 0.00 0.00 0.00 0.00 51.00 0.00 0.00 58.00 37.00 55.00 6.00 0.00 41.00 0.00 64.00 0.00 0.00 67.00 98.00 0.00 0.00 40.00 14.00 0.00 0.00 0.00 56.00 0.00 99.00 72.00 0.00 0.00 74.00 18.00 0.00 32.00 65.00 13.00 0.00 85.00 0.00 100.00 0.00 29.00 0.00 0.00 90.00 39.00 0.00 4.00 27.00 81.00 71.00 0.00 64.00 0.00 0.00 65.00 0.00 0.00 75.00 91.00 0.00 28.00 62.00 86.00 91.00 0.00 0.00
35 59.00 0.00 0.00 88.00 50.00 0.00 69.00 42.00 82.00 16.00 66.00 0.00 77.00 0.00 66.00 0.00 0.00 0.00 5.00 0.00 25.00 0.00 0.00 67.00 5.00 0.00 81.00 0.00 0.00 0.00 36.00 0.00 0.00 0.00 51.00 0.00 84.00 0.00 27.00 0.00 48.00 0.00 0.00 0.00 83.00 0.00 85.00 0.00 0.00 16.00 0.00 0.00 0.00 71.00 87.00 83.00 17.00 39.00 37.00 0.00 0.00 12.00 0.00 0.00 0.00 0.00 0.00 0.00 0.00 0.00 0.00 80.00 26.00 0.00 83.00 72.00 0.00 0.00 85.00 56.00 18.00 37.00 0.00 41.00 0.00 5.00 0.00 55.00 8.00 88.00 68.00 0.00 75.00 0.00 25.00 0.00 100.00 21.00 0.00 10.00
36 42.00 36.00 0.00 66.00 42.00 0.00 0.00 0.00 53.00 0.00 57.00 0.00 81.00 0.00 24.00 35.00 40.00 0.00 95.00 0.00 70.00 73.00 0.00 9.00 52.00 0.00 14.00 24.00 7.00 46.00 0.00 0.00 23.00 35.00 0.00 84.00 0.00 0.00 0.00 0.00 0.00 0.00 26.00 51.00 87.00 78.00 22.00 9.00 45.00 0.00 100.00 0.00 0.00 72.00 99.00 71.00 0.00 29.00 1.00 0.00 0.00 0.00 0.00 28.00 0.00 98.00 34.00 44.00 0.00 98.00 0.00 99.00 74.00 0.00 45.00 69.00 0.00 0.00 18.00 0.00 24.00 0.00 25.00 83.00 0.00 0.00 64.00 0.00 0.00 34.00 0.00 99.00 0.00 0.00 84.00 0.00 0.00 47.00 0.00 88.00
37 23.00 49.00 0.00 0.00 0.00 0.00 0.00 65.00 82.00 2.00 0.00 0.00 0.00 67.00 31.00 0.00 0.00 95.00 0.00 97.00 0.00 91.00 55.00 79.00 10.00 0.00 34.00 15.00 58.00 0.00 0.00 0.00 58.00 0.00 0.00 0.00 0.00 0.00 66.00 84.00 17.00 27.00 98.00 0.00 58.00 46.00 0.00 0.00 0.00 0.00 31.00 0.00 13.00 0.00 78.00 95.00 0.00 60.00 0.00 0.00 91.00 85.00 0.00 52.00 58.00 94.00 0.00 49.00 94.00 0.00 0.00 12.00 0.00 31.00 0.00 0.00 0.00 37.00 33.00 88.00 96.00 94.00 0.00 43.00 88.00 0.00 93.00 22.00 0.00 0.00 87.00 0.00 89.00 49.00 25.00 0.00 0.00 54.00 9.00 71.00
38 51.00 0.00 48.00 79.00 41.00 100.00 0.00 80.00 38.00 47.00 0.00 99.00 68.00 0.00 0.00 33.00 0.00 0.00 0.00 43.00 0.00 0.00 77.00 49.00 39.00 0.00 0.00 0.00 48.00 0.00 95.00 68.00 0.00 69.00 58.00 27.00 0.00 66.00 0.00 0.00 66.00 54.00 85.00 76.00 98.00 30.00 0.00 86.00 16.00 46.00 70.00 0.00 0.00 0.00 0.00 6.00 0.00 27.00 0.00 0.00 0.00 5.00 59.00 0.00 15.00 0.00 18.00 2.00 0.00 17.00 18.00 0.00 18.00 0.00 21.00 0.00 0.00 0.00 66.00 0.00 18.00 0.00 85.00 0.00 0.00 76.00 80.00 40.00 0.00 0.00 0.00 0.00 0.00 0.00 49.00 0.00 55.00 11.00 7.00 48.00
39 0.00 0.00 0.00 0.00 0.00 0.00 0.00 67.00 12.00 32.00 0.00 0.00 0.00 0.00 0.00 0.00 90.00 0.00 0.00 53.00 97.00 0.00 24.00 0.00 0.00 48.00 71.00 25.00 50.00 0.00 82.00 25.00 26.00 0.00 37.00 0.00 0.00 84.00 0.00 0.00 75.00 48.00 46.00 0.00 0.00 0.00 69.00 0.00 0.00 0.00 0.00 0.00 0.00 11.00 77.00 0.00 0.00 98.00 0.00 72.00 26.00 37.00 0.00 0.00 9.00 0.00 2.00 0.00 17.00 0.00 58.00 15.00 0.00 59.00 0.00 0.00 0.00 0.00 0.00 0.00 0.00 22.00 0.00 40.00 0.00 66.00 50.00 60.00 0.00 0.00 0.00 99.00 0.00 0.00 0.00 0.00 0.00 41.00 44.00 0.00
40 14.00 0.00 22.00 0.00 0.00 86.00 36.00 0.00 0.00 0.00 0.00 0.00 14.00 0.00 0.00 0.00 0.00 0.00 0.00 0.00 8.00 3.00 38.00 29.00 0.00 0.00 26.00 70.00 0.00 14.00 47.00 53.00 64.00 0.00 55.00 48.00 0.00 17.00 66.00 75.00 0.00 17.00 8.00 0.00 0.00 0.00 86.00 77.00 40.00 0.00 0.00 0.00 85.00 47.00 0.00 70.00 0.00 19.00 0.00 99.00 0.00 0.00 19.00 0.00 54.00 33.00 88.00 83.00 0.00 0.00 0.00 42.00 0.00 90.00 83.00 23.00 0.00 0.00 8.00 64.00 58.00 0.00 0.00 0.00 0.00 6.00 68.00 0.00 19.00 0.00 75.00 39.00 0.00 0.00 96.00 0.00 87.00 0.00 0.00 38.00
41 27.00 60.00 0.00 23.00 21.00 41.00 45.00 88.00 0.00 97.00 61.00 36.00 63.00 72.00 0.00 0.00 0.00 0.00 0.00 0.00 67.00 89.00 100.00 37.00 88.00 0.00 0.00 0.00 79.00 11.00 0.00 0.00 0.00 67.00 6.00 0.00 0.00 27.00 54.00 48.00 17.00 0.00 58.00 52.00 0.00 0.00 0.00 46.00 74.00 45.00 0.00 0.00 0.00 98.00 64.00 0.00 66.00 0.00 0.00 0.00 0.00 69.00 0.00 0.00 85.00 47.00 0.00 0.00 0.00 43.00 59.00 72.00 98.00 76.00 0.00 46.00 0.00 77.00 0.00 12.00 98.00 63.00 0.00 38.00 0.00 0.00 47.00 0.00 1.00 92.00 57.00 0.00 0.00 0.00 5.00 53.00 10.00 17.00 0.00 0.00
42 98.00 59.00 2.00 25.00 0.00 0.00 47.00 10.00 0.00 29.00 14.00 0.00 51.00 55.00 15.00 40.00 0.00 0.00 0.00 84.00 0.00 0.00 98.00 36.00 52.00 7.00 71.00 0.00 10.00 0.00 12.00 0.00 50.00 0.00 0.00 0.00 26.00 98.00 85.00 46.00 8.00 58.00 0.00 35.00 0.00 0.00 46.00 84.00 96.00 0.00 0.00 0.00 36.00 8.00 60.00 70.00 77.00 0.00 20.00 0.00 70.00 0.00 0.00 0.00 25.00 0.00 6.00 96.00 99.00 0.00 61.00 38.00 72.00 98.00 58.00 56.00 45.00 0.00 16.00 0.00 0.00 0.00 0.00 0.00 0.00 0.00 0.00 81.00 0.00 0.00 77.00 63.00 0.00 1.00 0.00 0.00 22.00 0.00 0.00 0.00
43 0.00 0.00 0.00 8.00 57.00 3.00 9.00 6.00 29.00 86.00 0.00 29.00 53.00 8.00 0.00 97.00 56.00 38.00 0.00 0.00 0.00 63.00 0.00 68.00 0.00 0.00 0.00 0.00 0.00 18.00 0.00 36.00 27.00 0.00 41.00 0.00 51.00 0.00 76.00 0.00 0.00 52.00 35.00 0.00 0.00 76.00 42.00 0.00 0.00 0.00 95.00 22.00 0.00 0.00 0.00 76.00 0.00 41.00 0.00 0.00 0.00 19.00 67.00 0.00 0.00 0.00 0.00 0.00 0.00 0.00 41.00 0.00 0.00 39.00 63.00 83.00 55.00 5.00 78.00 0.00 0.00 14.00 85.00 57.00 56.00 0.00 0.00 82.00 41.00 79.00 0.00 97.00 0.00 0.00 0.00 0.00 5.00 0.00 20.00 0.00
44 0.00 0.00 0.00 25.00 0.00 0.00 0.00 0.00 0.00 28.00 0.00 0.00 0.00 95.00 0.00 100.00 0.00 32.00 0.00 86.00 6.00 0.00 0.00 0.00 72.00 0.00 2.00 23.00 85.00 29.00 39.00 0.00 0.00 81.00 0.00 83.00 87.00 58.00 98.00 0.00 0.00 0.00 0.00 0.00 0.00 0.00 93.00 13.00 0.00 91.00 0.00 21.00 0.00 0.00 8.00 0.00 0.00 27.00 30.00 75.00 1.00 0.00 0.00 0.00 57.00 0.00 82.00 0.00 100.00 0.00 13.00 39.00 58.00 0.00 0.00 0.00 0.00 0.00 0.00 41.00 77.00 19.00 0.00 0.00 70.00 58.00 0.00 0.00 30.00 16.00 13.00 25.00 0.00 38.00 4.00 21.00 0.00 0.00 35.00 17.00
45 69.00 0.00 0.00 0.00 0.00 95.00 63.00 0.00 0.00 81.00 0.00 0.00 0.00 0.00 0.00 0.00 90.00 0.00 5.00 88.00 0.00 0.00 58.00 36.00 35.00 69.00 98.00 6.00 4.00 8.00 0.00 72.00 0.00 0.00 64.00 0.00 78.00 46.00 30.00 0.00 0.00 0.00 0.00 76.00 0.00 0.00 0.00 11.00 0.00 0.00 0.00 0.00 22.00 0.00 26.00 0.00 62.00 0.00 70.00 83.00 72.00 100.00 0.00 0.00 64.00 0.00 0.00 0.00 0.00 41.00 40.00 94.00 0.00 0.00 0.00 0.00 12.00 16.00 79.00 0.00 0.00 47.00 75.00 0.00 97.00 73.00 0.00 0.00 10.00 83.00 0.00 88.00 58.00 0.00 79.00 56.00 0.00 52.00 10.00 38.00
46 12.00 0.00 0.00 0.00 14.00 0.00 59.00 54.00 0.00 45.00 0.00 0.00 99.00 0.00 0.00 1.00 64.00 44.00 0.00 0.00 57.00 38.00 64.00 0.00 88.00 20.00 0.00 0.00 57.00 0.00 0.00 32.00 80.00 0.00 0.00 85.00 22.00 0.00 0.00 69.00 86.00 0.00 46.00 42.00 93.00 0.00 0.00 31.00 87.00 3.00 0.00 0.00 74.00 17.00 0.00 19.00 78.00 0.00 0.00 0.00 13.00 47.00 2.00 0.00 68.00 0.00 82.00 0.00 48.00 0.00 0.00 0.00 0.00 29.00 5.00 0.00 3.00 69.00 0.00 86.00 0.00 58.00 28.00 0.00 52.00 80.00 34.00 0.00 0.00 72.00 14.00 0.00 93.00 0.00 64.00 59.00 0.00 91.00 32.00 0.00
47 100.00 0.00 70.00 56.00 0.00 78.00 0.00 0.00 86.00 27.00 38.00 0.00 0.00 48.00 0.00 32.00 0.00 0.00 64.00 0.00 0.00 6.00 0.00 0.00 0.00 0.00 0.00 74.00 0.00 3.00 16.00 45.00 28.00 5.00 0.00 0.00 9.00 0.00 86.00 0.00 77.00 46.00 84.00 0.00 13.00 11.00 31.00 0.00 0.00 0.00 0.00 0.00 46.00 0.00 0.00 56.00 0.00 99.00 0.00 5.00 0.00 21.00 90.00 0.00 17.00 0.00 0.00 2.00 0.00 100.00 0.00 2.00 23.00 12.00 0.00 59.00 0.00 0.00 0.00 43.00 0.00 42.00 0.00 18.00 74.00 61.00 0.00 0.00 35.00 38.00 50.00 0.00 0.00 0.00 0.00 12.00 91.00 82.00 0.00 4.00
48 46.00 0.00 0.00 13.00 95.00 34.00 52.00 0.00 0.00 80.00 95.00 0.00 34.00 0.00 0.00 0.00 0.00 0.00 99.00 12.00 68.00 11.00 0.00 34.00 0.00 44.00 0.00 7.00 0.00 35.00 32.00 0.00 0.00 31.00 67.00 0.00 45.00 0.00 16.00 0.00 40.00 74.00 96.00 0.00 0.00 0.00 87.00 0.00 0.00 71.00 42.00 72.00 74.00 36.00 37.00 0.00 24.00 25.00 0.00 0.00 0.00 43.00 0.00 13.00 0.00 0.00 76.00 89.00 0.00 0.00 41.00 0.00 5.00 27.00 39.00 19.00 0.00 95.00 0.00 0.00 98.00 0.00 34.00 2.00 97.00 0.00 0.00 0.00 19.00 51.00 97.00 60.00 98.00 5.00 91.00 82.00 45.00 76.00 0.00 0.00
49 0.00 0.00 59.00 0.00 48.00 0.00 66.00 0.00 0.00 10.00 95.00 0.00 79.00 0.00 0.00 0.00 37.00 0.00 0.00 96.00 66.00 0.00 27.00 0.00 9.00 0.00 97.00 0.00 68.00 0.00 0.00 29.00 20.00 40.00 98.00 16.00 0.00 0.00 46.00 0.00 0.00 45.00 0.00 0.00 91.00 0.00 3.00 0.00 71.00 0.00 77.00 0.00 32.00 39.00 0.00 0.00 0.00 0.00 7.00 0.00 0.00 0.00 0.00 0.00 0.00 74.00 0.00 0.00 85.00 21.00 0.00 52.00 0.00 1.00 0.00 28.00 47.00 83.00 70.00 83.00 0.00 19.00 0.00 83.00 0.00 22.00 45.00 93.00 57.00 0.00 76.00 11.00 0.00 0.00 28.00 0.00 73.00 75.00 0.00 0.00
50 0.00 0.00 30.00 67.00 0.00 4.00 0.00 0.00 0.00 58.00 41.00 42.00 0.00 0.00 0.00 0.00 46.00 0.00 0.00 25.00 81.00 0.00 75.00 8.00 81.00 0.00 0.00 0.00 33.00 21.00 7.00 52.00 95.00 75.00 0.00 0.00 100.00 31.00 70.00 0.00 0.00 0.00 0.00 95.00 0.00 0.00 0.00 0.00 42.00 77.00 0.00 15.00 97.00 0.00 20.00 0.00 0.00 73.00 0.00 0.00 0.00 63.00 37.00 0.00 69.00 33.00 1.00 0.00 0.00 93.00 27.00 0.00 64.00 0.00 40.00 32.00 4.00 0.00 0.00 73.00 0.00 24.00 0.00 0.00 27.00 0.00 54.00 0.00 45.00 97.00 0.00 36.00 25.00 0.00 87.00 5.00 13.00 0.00 89.00 0.00
51 93.00 32.00 0.00 0.00 17.00 0.00 17.00 0.00 0.00 0.00 0.00 27.00 0.00 50.00 49.00 38.00 0.00 0.00 20.00 77.00 83.00 0.00 58.00 98.00 25.00 58.00 0.00 71.00 0.00 12.00 0.00 0.00 0.00 0.00 0.00 0.00 0.00 0.00 0.00 0.00 0.00 0.00 0.00 22.00 21.00 0.00 0.00 0.00 72.00 0.00 15.00 0.00 38.00 0.00 0.00 0.00 75.00 0.00 98.00 41.00 1.00 88.00 0.00 0.00 0.00 0.00 0.00 63.00 67.00 0.00 80.00 61.00 71.00 20.00 6.00 13.00 39.00 6.00 14.00 71.00 24.00 0.00 0.00 92.00 18.00 0.00 92.00 0.00 0.00 80.00 2.00 0.00 0.00 45.00 86.00 0.00 0.00 69.00 4.00 3.00
52 9.00 29.00 0.00 24.00 0.00 76.00 4.00 80.00 0.00 81.00 0.00 65.00 13.00 0.00 0.00 76.00 2.00 81.00 0.00 35.00 0.00 0.00 0.00 52.00 0.00 77.00 0.00 87.00 49.00 0.00 83.00 57.00 0.00 83.00 40.00 0.00 0.00 13.00 0.00 0.00 85.00 0.00 36.00 0.00 0.00 22.00 74.00 46.00 74.00 32.00 97.00 38.00 0.00 0.00 24.00 18.00 25.00 0.00 64.00 0.00 0.00 23.00 0.00 75.00 51.00 1.00 43.00 61.00 0.00 0.00 73.00 16.00 92.00 10.00 54.00 0.00 40.00 71.00 0.00 0.00 0.00 0.00 0.00 99.00 0.00 67.00 0.00 0.00 50.00 0.00 44.00 78.00 91.00 0.00 0.00 0.00 50.00 85.00 87.00 40.00
53 31.00 7.00 18.00 0.00 0.00 68.00 10.00 0.00 0.00 0.00 61.00 0.00 0.00 0.00 60.00 0.00 53.00 42.00 32.00 2.00 0.00 74.00 6.00 45.00 44.00 0.00 0.00 0.00 73.00 0.00 73.00 100.00 88.00 45.00 14.00 71.00 72.00 0.00 0.00 11.00 47.00 98.00 8.00 0.00 0.00 0.00 17.00 0.00 36.00 39.00 0.00 0.00 0.00 0.00 0.00 0.00 48.00 79.00 43.00 0.00 40.00 47.00 47.00 69.00 0.00 39.00 85.00 58.00 0.00 98.00 86.00 12.00 10.00 10.00 14.00 0.00 0.00 0.00 0.00 0.00 0.00 77.00 25.00 0.00 0.00 68.00 0.00 0.00 36.00 0.00 48.00 77.00 0.00 0.00 65.00 0.00 18.00 0.00 24.00 5.00
54 66.00 77.00 4.00 0.00 0.00 0.00 0.00 5.00 0.00 0.00 0.00 0.00 64.00 51.00 1.00 0.00 0.00 77.00 0.00 0.00 0.00 0.00 0.00 0.00 87.00 74.00 72.00 70.00 74.00 3.00 52.00 90.00 0.00 69.00 0.00 87.00 99.00 78.00 0.00 77.00 0.00 64.00 60.00 0.00 8.00 26.00 0.00 0.00 37.00 0.00 20.00 0.00 24.00 0.00 0.00 33.00 9.00 20.00 39.00 70.00 0.00 0.00 0.00 68.00 50.00 0.00 0.00 0.00 61.00 0.00 0.00 47.00 44.00 23.00 0.00 0.00 94.00 0.00 0.00 0.00 0.00 27.00 0.00 39.00 87.00 0.00 0.00 29.00 23.00 0.00 0.00 0.00 0.00 0.00 14.00 40.00 0.00 45.00 0.00 88.00
55 2.00 41.00 90.00 0.00 27.00 0.00 0.00 0.00 0.00 96.00 17.00 0.00 0.00 0.00 0.00 67.00 18.00 11.00 0.00 8.00 0.00 0.00 31.00 0.00 6.00 87.00 45.00 57.00 27.00 73.00 17.00 25.00 0.00 96.00 0.00 83.00 71.00 95.00 6.00 0.00 70.00 0.00 70.00 76.00 0.00 0.00 19.00 56.00 0.00 0.00 0.00 0.00 18.00 0.00 33.00 0.00 0.00 7.00 28.00 0.00 31.00 53.00 0.00 81.00 39.00 0.00 74.00 16.00 0.00 0.00 81.00 0.00 12.00 0.00 0.00 52.00 0.00 9.00 0.00 0.00 0.00 13.00 0.00 68.00 68.00 0.00 0.00 100.00 0.00 0.00 49.00 0.00 15.00 0.00 50.00 92.00 43.00 70.00 77.00 85.00
56 67.00 0.00 83.00 35.00 0.00 0.00 0.00 38.00 0.00 96.00 78.00 0.00 0.00 0.00 0.00 70.00 48.00 0.00 19.00 0.00 0.00 0.00 13.00 0.00 30.00 73.00 0.00 0.00 16.00 29.00 0.00 0.00 55.00 0.00 0.00 17.00 0.00 0.00 0.00 0.00 0.00 66.00 77.00 0.00 0.00 62.00 78.00 0.00 24.00 0.00 0.00 75.00 25.00 48.00 9.00 0.00 0.00 55.00 0.00 0.00 0.00 5.00 61.00 94.00 0.00 4.00 100.00 98.00 57.00 31.00 0.00 31.00 94.00 8.00 67.00 0.00 84.00 0.00 0.00 32.00 0.00 62.00 10.00 0.00 5.00 0.00 0.00 84.00 0.00 0.00 0.00 82.00 0.00 0.00 16.00 1.00 1.00 0.00 58.00 0.00
57 52.00 67.00 0.00 7.00 30.00 0.00 0.00 85.00 39.00 85.00 0.00 0.00 0.00 0.00 0.00 26.00 33.00 0.00 0.00 0.00 81.00 66.00 34.00 0.00 80.00 0.00 72.00 0.00 0.00 0.00 0.00 66.00 0.00 0.00 56.00 39.00 29.00 60.00 27.00 98.00 19.00 0.00 0.00 41.00 27.00 0.00 0.00 99.00 25.00 0.00 73.00 0.00 0.00 79.00 20.00 7.00 55.00 0.00 0.00 44.00 74.00 0.00 0.00 79.00 0.00 52.00 0.00 100.00 27.00 0.00 40.00 0.00 0.00 93.00 0.00 0.00 0.00 0.00 0.00 0.00 0.00 0.00 74.00 0.00 1.00 0.00 74.00 0.00 0.00 26.00 0.00 0.00 0.00 7.00 0.00 76.00 52.00 0.00 0.00 0.00
58 72.00 0.00 0.00 10.00 0.00 83.00 0.00 0.00 0.00 0.00 0.00 25.00 0.00 0.00 94.00 72.00 0.00 0.00 0.00 25.00 0.00 0.00 98.00 0.00 0.00 40.00 81.00 81.00 34.00 16.00 48.00 98.00 70.00 68.00 0.00 37.00 1.00 0.00 0.00 0.00 0.00 0.00 20.00 0.00 30.00 70.00 0.00 0.00 0.00 7.00 0.00 98.00 64.00 43.00 39.00 28.00 0.00 0.00 0.00 17.00 0.00 0.00 0.00 0.00 0.00 74.00 6.00 0.00 0.00 0.00 0.00 0.00 31.00 0.00 0.00 21.00 57.00 0.00 0.00 0.00 98.00 0.00 0.00 67.00 18.00 0.00 89.00 0.00 24.00 0.00 0.00 0.00 0.00 0.00 0.00 60.00 0.00 0.00 0.00 0.00
59 0.00 0.00 0.00 0.00 0.00 0.00 0.00 0.00 0.00 43.00 78.00 0.00 9.00 19.00 10.00 0.00 0.00 85.00 0.00 16.00 0.00 88.00 21.00 0.00 0.00 31.00 77.00 71.00 0.00 13.00 31.00 0.00 0.00 92.00 99.00 0.00 0.00 0.00 0.00 72.00 99.00 0.00 0.00 0.00 75.00 83.00 0.00 5.00 0.00 0.00 0.00 41.00 0.00 0.00 70.00 0.00 0.00 44.00 17.00 0.00 0.00 0.00 54.00 0.00 12.00 53.00 0.00 61.00 0.00 0.00 0.00 73.00 0.00 0.00 26.00 0.00 43.00 20.00 33.00 0.00 42.00 0.00 73.00 86.00 0.00 0.00 26.00 73.00 0.00 0.00 0.00 0.00 0.00 0.00 27.00 12.00 0.00 3.00 0.00 0.00
60 0.00 38.00 41.00 0.00 64.00 48.00 55.00 0.00 0.00 91.00 0.00 0.00 0.00 28.00 45.00 94.00 14.00 0.00 0.00 0.00 68.00 58.00 2.00 0.00 0.00 0.00 13.00 46.00 5.00 0.00 83.00 23.00 0.00 0.00 72.00 0.00 0.00 91.00 0.00 26.00 0.00 0.00 70.00 0.00 1.00 72.00 13.00 0.00 0.00 0.00 0.00 1.00 0.00 40.00 0.00 31.00 0.00 74.00 0.00 0.00 0.00 5.00 0.00 0.00 88.00 0.00 31.00 31.00 0.00 0.00 0.00 0.00 29.00 12.00 68.00 35.00 67.00 19.00 0.00 0.00 55.00 0.00 0.00 0.00 0.00 0.00 0.00 0.00 0.00 0.00 0.00 0.00 0.00 0.00 0.00 0.00 0.00 59.00 0.00 0.00
61 61.00 29.00 0.00 0.00 0.00 87.00 0.00 54.00 24.00 40.00 0.00 0.00 0.00 0.00 21.00 0.00 26.00 82.00 0.00 0.00 57.00 0.00 0.00 0.00 66.00 83.00 0.00 17.00 0.00 0.00 0.00 85.00 0.00 0.00 0.00 12.00 0.00 85.00 5.00 37.00 0.00 69.00 0.00 19.00 0.00 100.00 47.00 21.00 43.00 0.00 63.00 88.00 23.00 47.00 0.00 53.00 5.00 0.00 0.00 0.00 5.00 0.00 87.00 67.00 0.00 0.00 10.00 0.00 0.00 27.00 0.00 0.00 23.00 98.00 0.00 0.00 45.00 36.00 69.00 91.00 15.00 9.00 13.00 0.00 74.00 99.00 0.00 45.00 13.00 0.00 94.00 80.00 6.00 97.00 0.00 0.00 0.00 0.00 0.00 21.00
62 0.00 38.00 0.00 18.00 0.00 38.00 0.00 24.00 18.00 0.00 31.00 0.00 0.00 7.00 39.00 0.00 8.00 90.00 80.00 64.00 0.00 0.00 0.00 0.00 27.00 0.00 36.00 0.00 0.00 0.00 0.00 85.00 0.00 18.00 0.00 0.00 0.00 0.00 59.00 0.00 19.00 0.00 0.00 67.00 0.00 0.00 2.00 90.00 0.00 0.00 37.00 0.00 0.00 47.00 0.00 0.00 61.00 0.00 0.00 54.00 0.00 87.00 0.00 12.00 0.00 56.00 0.00 46.00 18.00 93.00 75.00 0.00 52.00 0.00 18.00 0.00 7.00 72.00 87.00 49.00 28.00 14.00 68.00 0.00 0.00 0.00 0.00 0.00 0.00 0.00 89.00 0.00 95.00 95.00 0.00 67.00 0.00 0.00 0.00 9.00
63 0.00 73.00 34.00 53.00 88.00 0.00 31.00 0.00 36.00 0.00 0.00 68.00 91.00 28.00 0.00 53.00 17.00 0.00 0.00 62.00 0.00 0.00 0.00 0.00 0.00 0.00 0.00 0.00 6.00 0.00 0.00 0.00 5.00 91.00 74.00 0.00 28.00 52.00 0.00 0.00 0.00 0.00 0.00 0.00 0.00 0.00 0.00 0.00 13.00 0.00 0.00 0.00 75.00 69.00 68.00 81.00 94.00 79.00 0.00 0.00 0.00 67.00 12.00 0.00 0.00 0.00 0.00 0.00 0.00 49.00 0.00 0.00 4.00 99.00 0.00 13.00 48.00 0.00 0.00 0.00 34.00 76.00 26.00 3.00 67.00 0.00 87.00 0.00 15.00 0.00 0.00 0.00 0.00 83.00 44.00 24.00 36.00 0.00 0.00 0.00
64 69.00 55.00 0.00 18.00 10.00 0.00 0.00 79.00 42.00 27.00 89.00 68.00 32.00 0.00 0.00 10.00 0.00 15.00 0.00 23.00 73.00 6.00 0.00 85.00 0.00 85.00 44.00 0.00 0.00 0.00 0.00 49.00 0.00 28.00 18.00 0.00 0.00 58.00 15.00 9.00 54.00 85.00 25.00 0.00 57.00 64.00 68.00 17.00 0.00 0.00 69.00 0.00 51.00 0.00 50.00 39.00 0.00 0.00 0.00 12.00 88.00 0.00 0.00 0.00 0.00 22.00 0.00 26.00 0.00 66.00 0.00 0.00 0.00 0.00 0.00 8.00 2.00 74.00 0.00 0.00 0.00 81.00 0.00 29.00 0.00 91.00 0.00 0.00 34.00 0.00 50.00 18.00 12.00 0.00 5.00 38.00 66.00 10.00 4.00 0.00
65 0.00 47.00 0.00 44.00 0.00 0.00 67.00 53.00 29.00 32.00 81.00 0.00 0.00 72.00 26.00 85.00 0.00 27.00 30.00 7.00 0.00 0.00 48.00 12.00 23.00 0.00 55.00 41.00 31.00 0.00 76.00 38.00 59.00 0.00 0.00 0.00 98.00 94.00 0.00 0.00 33.00 47.00 0.00 0.00 0.00 0.00 0.00 0.00 0.00 74.00 33.00 0.00 1.00 39.00 0.00 0.00 4.00 52.00 74.00 53.00 0.00 0.00 56.00 0.00 22.00 0.00 29.00 0.00 0.00 64.00 100.00 50.00 67.00 0.00 80.00 0.00 0.00 84.00 11.00 0.00 35.00 0.00 80.00 88.00 12.00 0.00 0.00 11.00 0.00 0.00 0.00 22.00 0.00 0.00 23.00 0.00 0.00 88.00 0.00 45.00
66 10.00 24.00 40.00 0.00 0.00 0.00 20.00 16.00 0.00 9.00 0.00 73.00 0.00 72.00 83.00 0.00 56.00 68.00 11.00 0.00 49.00 0.00 0.00 2.00 0.00 0.00 0.00 77.00 76.00 87.00 0.00 0.00 0.00 0.00 32.00 0.00 34.00 0.00 18.00 2.00 88.00 0.00 6.00 0.00 82.00 0.00 82.00 0.00 76.00 0.00 1.00 0.00 43.00 85.00 0.00 74.00 100.00 0.00 6.00 0.00 31.00 10.00 0.00 0.00 0.00 29.00 0.00 0.00 0.00 0.00 0.00 57.00 0.00 0.00 0.00 9.00 25.00 41.00 0.00 8.00 0.00 4.00 4.00 0.00 93.00 62.00 0.00 14.00 47.00 53.00 0.00 61.00 0.00 17.00 45.00 82.00 83.00 0.00 69.00 0.00
67 69.00 26.00 0.00 0.00 0.00 29.00 18.00 0.00 68.00 88.00 0.00 5.00 20.00 0.00 0.00 0.00 0.00 0.00 0.00 30.00 0.00 0.00 37.00 0.00 8.00 0.00 0.00 0.00 0.00 19.00 0.00 53.00 88.00 30.00 65.00 0.00 44.00 49.00 2.00 0.00 83.00 0.00 96.00 0.00 0.00 0.00 0.00 2.00 89.00 0.00 0.00 63.00 61.00 58.00 0.00 16.00 98.00 100.00 0.00 61.00 31.00 0.00 46.00 0.00 26.00 0.00 0.00 0.00 78.00 0.00 0.00 0.00 0.00 13.00 0.00 0.00 0.00 55.00 92.00 0.00 76.00 0.00 22.00 36.00 19.00 83.00 48.00 58.00 85.00 0.00 0.00 0.00 70.00 0.00 94.00 76.00 0.00 95.00 0.00 0.00
68 0.00 68.00 0.00 64.00 61.00 60.00 74.00 0.00 26.00 0.00 30.00 37.00 21.00 74.00 0.00 13.00 69.00 0.00 19.00 48.00 0.00 0.00 0.00 16.00 0.00 12.00 0.00 18.00 61.00 66.00 54.00 0.00 38.00 45.00 13.00 0.00 0.00 94.00 0.00 17.00 0.00 0.00 99.00 0.00 100.00 0.00 48.00 0.00 0.00 85.00 0.00 67.00 0.00 0.00 61.00 0.00 57.00 27.00 0.00 0.00 0.00 0.00 18.00 0.00 0.00 0.00 0.00 78.00 0.00 0.00 0.00 71.00 0.00 50.00 0.00 0.00 0.00 0.00 75.00 41.00 50.00 71.00 0.00 27.00 100.00 0.00 0.00 0.00 18.00 0.00 0.00 0.00 0.00 0.00 58.00 94.00 27.00 73.00 35.00 0.00
69 0.00 54.00 0.00 51.00 0.00 0.00 0.00 0.00 9.00 0.00 64.00 0.00 72.00 64.00 98.00 20.00 0.00 0.00 0.00 0.00 90.00 98.00 59.00 0.00 32.00 0.00 37.00 0.00 0.00 37.00 66.00 44.00 0.00 95.00 0.00 0.00 98.00 0.00 17.00 0.00 0.00 43.00 0.00 0.00 0.00 41.00 0.00 100.00 0.00 21.00 93.00 0.00 0.00 98.00 0.00 0.00 31.00 0.00 0.00 0.00 0.00 27.00 93.00 49.00 66.00 64.00 0.00 0.00 0.00 0.00 27.00 3.00 0.00 0.00 14.00 0.00 68.00 0.00 0.00 72.00 89.00 0.00 0.00 74.00 0.00 88.00 21.00 47.00 0.00 0.00 24.00 75.00 0.00 51.00 64.00 0.00 0.00 0.00 13.00 0.00
70 79.00 0.00 0.00 66.00 43.00 0.00 0.00 15.00 63.00 15.00 40.00 4.00 0.00 0.00 0.00 11.00 85.00 96.00 0.00 0.00 0.00 30.00 18.00 0.00 0.00 65.00 23.00 56.00 40.00 45.00 92.00 0.00 54.00 71.00 85.00 0.00 0.00 0.00 18.00 58.00 0.00 59.00 61.00 41.00 13.00 40.00 0.00 0.00 41.00 0.00 27.00 80.00 73.00 86.00 0.00 81.00 0.00 40.00 0.00 0.00 0.00 0.00 75.00 0.00 0.00 100.00 0.00 0.00 0.00 27.00 0.00 0.00 74.00 0.00 34.00 67.00 0.00 55.00 0.00 0.00 50.00 0.00 56.00 0.00 0.00 19.00 0.00 0.00 0.00 41.00 0.00 2.00 0.00 0.00 0.00 38.00 0.00 11.00 21.00 0.00
71 43.00 0.00 81.00 0.00 3.00 0.00 52.00 0.00 0.00 90.00 0.00 0.00 68.00 0.00 0.00 0.00 32.00 0.00 54.00 0.00 87.00 0.00 12.00 59.00 44.00 62.00 93.00 0.00 0.00 92.00 0.00 7.00 75.00 0.00 0.00 80.00 99.00 12.00 0.00 15.00 42.00 72.00 38.00 0.00 39.00 94.00 0.00 2.00 0.00 52.00 0.00 61.00 16.00 12.00 47.00 0.00 31.00 0.00 0.00 73.00 0.00 0.00 0.00 0.00 0.00 50.00 57.00 0.00 71.00 3.00 0.00 0.00 21.00 0.00 0.00 0.00 0.00 0.00 40.00 61.00 90.00 19.00 0.00 80.00 23.00 0.00 0.00 29.00 0.00 0.00 0.00 93.00 77.00 52.00 0.00 94.00 0.00 49.00 0.00 71.00
72 0.00 0.00 0.00 46.00 19.00 0.00 0.00 4.00 0.00 0.00 7.00 0.00 0.00 18.00 20.00 1.00 0.00 35.00 85.00 0.00 0.00 0.00 0.00 0.00 0.00 93.00 45.00 52.00 58.00 0.00 0.00 24.00 68.00 63.00 100.00 26.00 74.00 0.00 18.00 0.00 0.00 98.00 72.00 0.00 58.00 0.00 0.00 23.00 5.00 0.00 64.00 71.00 92.00 10.00 44.00 12.00 94.00 0.00 31.00 0.00 29.00 23.00 52.00 4.00 0.00 67.00 0.00 0.00 0.00 0.00 74.00 21.00 0.00 0.00 37.00 0.00 0.00 78.00 42.00 0.00 74.00 2.00 0.00 10.00 58.00 20.00 0.00 0.00 0.00 0.00 18.00 74.00 95.00 0.00 20.00 0.00 0.00 0.00 66.00 84.00
73 71.00 26.00 46.00 54.00 0.00 0.00 23.00 50.00 0.00 0.00 6.00 8.00 69.00 69.00 0.00 94.00 0.00 0.00 0.00 5.00 0.00 5.00 0.00 0.00 13.00 28.00 84.00 0.00 0.00 41.00 5.00 20.00 53.00 0.00 0.00 0.00 0.00 31.00 0.00 59.00 90.00 76.00 98.00 39.00 0.00 0.00 29.00 12.00 27.00 1.00 0.00 20.00 10.00 10.00 23.00 0.00 8.00 93.00 0.00 0.00 12.00 98.00 0.00 99.00 0.00 0.00 0.00 13.00 50.00 0.00 0.00 0.00 0.00 0.00 0.00 0.00 9.00 11.00 0.00 70.00 2.00 59.00 0.00 47.00 53.00 78.00 0.00 65.00 0.00 0.00 0.00 68.00 0.00 0.00 0.00 0.00 77.00 13.00 0.00 13.00
74 0.00 100.00 60.00 64.00 0.00 41.00 94.00 0.00 81.00 0.00 0.00 0.00 28.00 49.00 0.00 90.00 22.00 0.00 52.00 39.00 0.00 0.00 65.00 0.00 6.00 89.00 0.00 0.00 0.00 0.00 0.00 0.00 61.00 17.00 29.00 83.00 45.00 0.00 21.00 0.00 83.00 0.00 58.00 63.00 0.00 0.00 5.00 0.00 39.00 0.00 40.00 6.00 54.00 14.00 0.00 0.00 67.00 0.00 0.00 26.00 68.00 0.00 18.00 0.00 0.00 80.00 0.00 0.00 0.00 14.00 34.00 0.00 37.00 0.00 0.00 0.00 40.00 0.00 0.00 73.00 0.00 50.00 0.00 0.00 0.00 9.00 0.00 0.00 0.00 0.00 0.00 0.00 39.00 100.00 0.00 93.00 0.00 0.00 0.00 0.00
75 100.00 0.00 38.00 60.00 25.00 27.00 48.00 44.00 0.00 0.00 28.00 0.00 0.00 0.00 0.00 91.00 43.00 37.00 0.00 0.00 0.00 0.00 100.00 0.00 0.00 0.00 0.00 0.00 0.00 94.00 79.00 0.00 0.00 0.00 0.00 72.00 69.00 0.00 0.00 0.00 23.00 46.00 56.00 83.00 0.00 0.00 0.00 59.00 19.00 28.00 32.00 13.00 0.00 0.00 0.00 52.00 0.00 0.00 21.00 0.00 35.00 0.00 0.00 13.00 8.00 0.00 9.00 0.00 0.00 0.00 67.00 0.00 0.00 0.00 0.00 0.00 0.00 0.00 17.00 0.00 66.00 0.00 60.00 19.00 1.00 73.00 0.00 0.00 6.00 32.00 4.00 87.00 0.00 0.00 71.00 8.00 0.00 0.00 76.00 0.00
76 0.00 0.00 0.00 0.00 0.00 80.00 96.00 0.00 0.00 0.00 5.00 0.00 0.00 86.00 0.00 0.00 0.00 0.00 77.00 0.00 99.00 19.00 65.00 0.00 0.00 25.00 0.00 6.00 44.00 92.00 0.00 61.00 37.00 25.00 0.00 0.00 0.00 0.00 0.00 0.00 0.00 0.00 45.00 55.00 0.00 12.00 3.00 0.00 0.00 47.00 4.00 39.00 40.00 0.00 94.00 0.00 84.00 0.00 57.00 43.00 67.00 45.00 7.00 48.00 2.00 0.00 25.00 0.00 0.00 68.00 0.00 0.00 0.00 9.00 40.00 0.00 0.00 0.00 0.00 0.00 26.00 16.00 0.00 0.00 0.00 0.00 96.00 36.00 0.00 89.00 77.00 0.00 0.00 51.00 0.00 0.00 0.00 0.00 0.00 44.00
77 19.00 0.00 0.00 51.00 0.00 27.00 53.00 20.00 0.00 0.00 0.00 67.00 0.00 79.00 0.00 0.00 12.00 0.00 31.00 86.00 0.00 0.00 0.00 0.00 0.00 3.00 0.00 0.00 0.00 36.00 0.00 0.00 0.00 80.00 90.00 0.00 0.00 37.00 0.00 0.00 0.00 77.00 0.00 5.00 0.00 16.00 69.00 0.00 95.00 83.00 0.00 6.00 71.00 0.00 0.00 9.00 0.00 0.00 0.00 20.00 19.00 36.00 72.00 0.00 74.00 84.00 41.00 55.00 0.00 0.00 55.00 0.00 78.00 11.00 0.00 0.00 0.00 0.00 7.00 0.00 33.00 0.00 94.00 0.00 0.00 97.00 0.00 90.00 21.00 72.00 0.00 0.00 0.00 0.00 34.00 69.00 15.00 80.00 0.00 86.00
78 0.00 0.00 97.00 40.00 0.00 82.00 36.00 70.00 0.00 79.00 0.00 4.00 0.00 0.00 7.00 83.00 0.00 0.00 33.00 62.00 0.00 0.00 0.00 10.00 0.00 0.00 0.00 79.00 0.00 21.00 0.00 92.00 0.00 0.00 39.00 85.00 18.00 33.00 66.00 0.00 8.00 0.00 16.00 78.00 0.00 79.00 0.00 0.00 0.00 70.00 0.00 14.00 0.00 0.00 0.00 0.00 0.00 0.00 0.00 33.00 0.00 69.00 87.00 0.00 0.00 11.00 0.00 92.00 75.00 0.00 0.00 40.00 42.00 0.00 0.00 17.00 0.00 7.00 0.00 0.00 14.00 0.00 5.00 56.00 67.00 0.00 0.00 81.00 95.00 0.00 0.00 0.00 91.00 0.00 100.00 83.00 13.00 45.00 77.00 57.00
79 0.00 97.00 16.00 0.00 60.00 0.00 4.00 0.00 93.00 0.00 15.00 0.00 36.00 0.00 0.00 0.00 43.00 31.00 35.00 0.00 0.00 37.00 42.00 16.00 0.00 0.00 22.00 0.00 63.00 0.00 0.00 0.00 54.00 0.00 0.00 56.00 0.00 88.00 0.00 0.00 64.00 12.00 0.00 0.00 41.00 0.00 86.00 43.00 0.00 83.00 73.00 71.00 0.00 0.00 0.00 0.00 32.00 0.00 0.00 0.00 0.00 91.00 49.00 0.00 0.00 0.00 8.00 0.00 41.00 72.00 0.00 61.00 0.00 70.00 73.00 0.00 0.00 0.00 0.00 0.00 90.00 41.00 0.00 0.00 8.00 0.00 76.00 0.00 0.00 17.00 0.00 53.00 0.00 62.00 0.00 46.00 94.00 0.00 54.00 0.00
80 0.00 50.00 0.00 92.00 0.00 79.00 68.00 17.00 0.00 0.00 0.00 0.00 71.00 93.00 0.00 66.00 0.00 95.00 0.00 27.00 88.00 58.00 3.00 39.00 0.00 59.00 15.00 0.00 69.00 0.00 19.00 59.00 0.00 34.00 4.00 18.00 24.00 96.00 18.00 0.00 58.00 98.00 0.00 0.00 77.00 0.00 0.00 0.00 98.00 0.00 0.00 24.00 0.00 0.00 0.00 0.00 0.00 0.00 98.00 42.00 55.00 15.00 28.00 34.00 0.00 35.00 0.00 76.00 50.00 89.00 50.00 90.00 74.00 2.00 0.00 66.00 26.00 33.00 14.00 90.00 0.00 15.00 0.00 0.00 0.00 27.00 15.00 82.00 0.00 11.00 0.00 9.00 2.00 0.00 0.00 0.00 100.00 25.00 16.00 0.00
81 92.00 0.00 0.00 0.00 88.00 0.00 0.00 0.00 0.00 44.00 0.00 97.00 85.00 0.00 0.00 61.00 58.00 0.00 0.00 56.00 78.00 0.00 0.00 19.00 0.00 0.00 3.00 53.00 6.00 0.00 44.00 0.00 27.00 56.00 27.00 37.00 0.00 94.00 0.00 22.00 0.00 63.00 0.00 14.00 19.00 47.00 58.00 42.00 0.00 19.00 24.00 0.00 0.00 77.00 27.00 13.00 62.00 0.00 0.00 0.00 0.00 9.00 14.00 76.00 81.00 0.00 4.00 0.00 71.00 0.00 0.00 19.00 2.00 59.00 50.00 0.00 16.00 0.00 0.00 41.00 15.00 0.00 41.00 47.00 0.00 0.00 0.00 62.00 0.00 0.00 0.00 0.00 85.00 2.00 0.00 93.00 53.00 0.00 16.00 0.00
82 0.00 0.00 0.00 74.00 29.00 0.00 0.00 0.00 0.00 5.00 0.00 0.00 0.00 0.00 0.00 9.00 0.00 0.00 0.00 0.00 56.00 0.00 0.00 0.00 8.00 0.00 15.00 0.00 0.00 33.00 15.00 0.00 19.00 86.00 81.00 0.00 25.00 0.00 85.00 0.00 0.00 0.00 0.00 85.00 0.00 75.00 28.00 0.00 34.00 0.00 0.00 0.00 0.00 25.00 0.00 0.00 10.00 74.00 0.00 73.00 0.00 13.00 68.00 26.00 0.00 80.00 4.00 22.00 0.00 0.00 56.00 0.00 0.00 0.00 0.00 60.00 0.00 94.00 5.00 0.00 0.00 41.00 0.00 2.00 93.00 0.00 74.00 0.00 62.00 0.00 0.00 46.00 0.00 0.00 0.00 0.00 23.00 0.00 31.00 16.00
83 13.00 0.00 0.00 0.00 47.00 36.00 2.00 0.00 0.00 0.00 0.00 0.00 3.00 0.00 0.00 51.00 0.00 90.00 0.00 0.00 79.00 88.00 27.00 0.00 1.00 0.00 9.00 0.00 0.00 31.00 0.00 0.00 0.00 0.00 71.00 41.00 83.00 43.00 0.00 40.00 0.00 38.00 0.00 57.00 0.00 0.00 0.00 18.00 2.00 83.00 0.00 92.00 99.00 0.00 39.00 68.00 0.00 0.00 67.00 86.00 0.00 0.00 0.00 3.00 29.00 88.00 0.00 36.00 27.00 74.00 0.00 80.00 10.00 47.00 0.00 19.00 0.00 0.00 56.00 0.00 0.00 47.00 2.00 0.00 0.00 0.00 60.00 58.00 53.00 26.00 0.00 86.00 0.00 0.00 86.00 0.00 0.00 97.00 0.00 0.00
84 86.00 0.00 0.00 60.00 0.00 0.00 0.00 54.00 0.00 0.00 0.00 0.00 17.00 0.00 53.00 0.00 0.00 53.00 51.00 59.00 88.00 0.00 0.00 0.00 0.00 50.00 0.00 31.00 0.00 1.00 0.00 0.00 0.00 75.00 0.00 0.00 0.00 88.00 0.00 0.00 0.00 0.00 0.00 56.00 70.00 97.00 52.00 74.00 97.00 0.00 27.00 18.00 0.00 0.00 87.00 68.00 5.00 1.00 18.00 0.00 0.00 74.00 0.00 67.00 0.00 12.00 93.00 19.00 100.00 0.00 0.00 23.00 58.00 53.00 0.00 1.00 0.00 0.00 67.00 8.00 0.00 0.00 93.00 0.00 0.00 91.00 46.00 12.00 0.00 12.00 0.00 0.00 0.00 90.00 96.00 0.00 14.00 11.00 0.00 0.00
85 23.00 0.00 0.00 46.00 97.00 0.00 36.00 0.00 88.00 10.00 0.00 0.00 0.00 2.00 17.00 0.00 90.00 0.00 62.00 0.00 50.00 0.00 52.00 0.00 0.00 21.00 0.00 50.00 0.00 79.00 0.00 49.00 26.00 0.00 64.00 5.00 0.00 0.00 76.00 66.00 6.00 0.00 0.00 0.00 58.00 73.00 80.00 61.00 0.00 22.00 0.00 0.00 67.00 68.00 0.00 0.00 0.00 0.00 0.00 0.00 0.00 99.00 0.00 0.00 91.00 0.00 62.00 83.00 0.00 88.00 19.00 0.00 20.00 78.00 9.00 73.00 0.00 97.00 0.00 0.00 27.00 0.00 0.00 0.00 91.00 0.00 40.00 26.00 36.00 73.00 96.00 50.00 0.00 37.00 0.00 0.00 98.00 0.00 95.00 0.00
86 28.00 0.00 0.00 0.00 0.00 63.00 85.00 80.00 0.00 54.00 0.00 76.00 0.00 0.00 0.00 15.00 84.00 26.00 1.00 0.00 0.00 75.00 93.00 0.00 54.00 0.00 34.00 0.00 0.00 0.00 9.00 68.00 0.00 68.00 0.00 0.00 64.00 93.00 80.00 50.00 68.00 47.00 0.00 0.00 0.00 0.00 34.00 0.00 0.00 45.00 54.00 92.00 0.00 0.00 0.00 0.00 0.00 74.00 89.00 26.00 0.00 0.00 0.00 87.00 0.00 0.00 0.00 48.00 0.00 21.00 0.00 0.00 0.00 0.00 0.00 0.00 96.00 0.00 0.00 76.00 15.00 0.00 74.00 60.00 46.00 40.00 0.00 74.00 0.00 46.00 25.00 72.00 2.00 0.00 0.00 22.00 24.00 0.00 97.00 37.00
87 35.00 66.00 84.00 15.00 0.00 41.00 11.00 0.00 61.00 0.00 0.00 0.00 0.00 94.00 0.00 80.00 0.00 0.00 28.00 0.00 34.00 33.00 0.00 67.00 0.00 0.00 0.00 84.00 0.00 56.00 0.00 82.00 13.00 0.00 0.00 55.00 0.00 22.00 40.00 60.00 0.00 0.00 81.00 82.00 0.00 0.00 0.00 0.00 0.00 93.00 0.00 0.00 0.00 0.00 29.00 100.00 84.00 0.00 0.00 73.00 0.00 45.00 0.00 0.00 0.00 11.00 14.00 58.00 0.00 47.00 0.00 29.00 0.00 65.00 0.00 0.00 36.00 90.00 81.00 0.00 82.00 62.00 0.00 58.00 12.00 26.00 74.00 0.00 0.00 0.00 26.00 63.00 0.00 0.00 0.00 60.00 96.00 44.00 0.00 46.00
88 49.00 0.00 0.00 61.00 0.00 52.00 0.00 31.00 71.00 20.00 0.00 78.00 38.00 94.00 0.00 0.00 19.00 0.00 0.00 0.00 0.00 0.00 27.00 38.00 0.00 78.00 0.00 0.00 22.00 0.00 0.00 0.00 0.00 0.00 65.00 8.00 0.00 0.00 0.00 0.00 19.00 1.00 0.00 41.00 30.00 10.00 0.00 35.00 19.00 57.00 45.00 0.00 50.00 36.00 23.00 0.00 0.00 0.00 24.00 0.00 0.00 13.00 0.00 15.00 34.00 0.00 47.00 85.00 18.00 0.00 0.00 0.00 0.00 0.00 0.00 6.00 0.00 21.00 95.00 0.00 0.00 0.00 62.00 53.00 0.00 36.00 0.00 0.00 0.00 84.00 0.00 0.00 7.00 0.00 37.00 8.00 66.00 94.00 0.00 58.00
89 72.00 0.00 0.00 0.00 18.00 97.00 39.00 0.00 0.00 27.00 97.00 0.00 25.00 41.00 93.00 44.00 0.00 0.00 14.00 0.00 84.00 99.00 69.00 0.00 0.00 82.00 25.00 1.00 86.00 0.00 15.00 0.00 22.00 64.00 0.00 88.00 34.00 0.00 0.00 0.00 0.00 92.00 0.00 79.00 16.00 83.00 72.00 38.00 51.00 0.00 97.00 80.00 0.00 0.00 0.00 0.00 0.00 26.00 0.00 0.00 0.00 0.00 0.00 0.00 0.00 0.00 53.00 0.00 0.00 0.00 41.00 0.00 0.00 0.00 0.00 32.00 89.00 72.00 0.00 17.00 11.00 0.00 0.00 26.00 12.00 73.00 46.00 0.00 84.00 0.00 0.00 79.00 2.00 0.00 35.00 0.00 44.00 0.00 0.00 88.00
90 0.00 67.00 0.00 0.00 86.00 58.00 88.00 78.00 0.00 96.00 18.00 0.00 0.00 0.00 0.00 0.00 0.00 0.00 0.00 48.00 0.00 40.00 47.00 0.00 34.00 66.00 0.00 39.00 60.00 0.00 0.00 86.00 0.00 0.00 0.00 68.00 0.00 87.00 0.00 0.00 75.00 57.00 77.00 0.00 13.00 0.00 14.00 50.00 97.00 76.00 0.00 2.00 44.00 48.00 0.00 49.00 0.00 0.00 0.00 0.00 0.00 94.00 89.00 0.00 50.00 0.00 0.00 0.00 0.00 24.00 0.00 0.00 18.00 0.00 0.00 4.00 77.00 0.00 0.00 0.00 0.00 0.00 0.00 0.00 0.00 96.00 25.00 26.00 0.00 0.00 0.00 0.00 67.00 25.00 5.00 55.00 91.00 33.00 2.00 40.00
91 0.00 57.00 0.00 0.00 0.00 1.00 0.00 92.00 0.00 0.00 24.00 97.00 0.00 0.00 58.00 0.00 2.00 0.00 94.00 15.00 0.00 0.00 89.00 0.00 0.00 0.00 48.00 0.00 9.00 73.00 57.00 89.00 84.00 56.00 75.00 0.00 99.00 0.00 0.00 99.00 39.00 0.00 63.00 97.00 25.00 88.00 0.00 0.00 60.00 11.00 36.00 0.00 78.00 77.00 0.00 0.00 82.00 0.00 0.00 0.00 0.00 80.00 0.00 0.00 18.00 22.00 61.00 0.00 0.00 75.00 2.00 93.00 74.00 68.00 0.00 87.00 0.00 0.00 0.00 53.00 9.00 0.00 46.00 86.00 0.00 50.00 72.00 63.00 0.00 79.00 0.00 0.00 0.00 99.00 0.00 61.00 89.00 0.00 0.00 0.00
92 0.00 0.00 0.00 0.00 69.00 65.00 0.00 81.00 89.00 0.00 70.00 0.00 0.00 0.00 47.00 67.00 0.00 43.00 73.00 2.00 25.00 0.00 70.00 0.00 0.00 0.00 0.00 92.00 28.00 0.00 59.00 0.00 0.00 0.00 91.00 75.00 0.00 89.00 0.00 0.00 0.00 0.00 0.00 0.00 0.00 58.00 93.00 0.00 98.00 0.00 25.00 0.00 91.00 0.00 0.00 15.00 0.00 0.00 0.00 0.00 0.00 6.00 95.00 0.00 12.00 0.00 0.00 70.00 0.00 0.00 0.00 77.00 95.00 0.00 39.00 0.00 0.00 0.00 91.00 0.00 2.00 85.00 0.00 0.00 0.00 0.00 2.00 0.00 7.00 2.00 67.00 0.00 0.00 0.00 55.00 19.00 61.00 0.00 0.00 21.00
93 58.00 0.00 4.00 0.00 23.00 0.00 0.00 1.00 32.00 24.00 0.00 34.00 0.00 63.00 0.00 0.00 59.00 63.00 48.00 41.00 0.00 0.00 0.00 0.00 0.00 0.00 0.00 30.00 0.00 0.00 0.00 1.00 0.00 0.00 0.00 0.00 0.00 49.00 0.00 0.00 0.00 0.00 1.00 0.00 38.00 0.00 0.00 0.00 5.00 0.00 0.00 45.00 0.00 0.00 0.00 0.00 0.00 7.00 0.00 0.00 0.00 97.00 95.00 83.00 0.00 0.00 17.00 0.00 0.00 51.00 0.00 52.00 0.00 0.00 100.00 0.00 51.00 0.00 0.00 62.00 0.00 2.00 0.00 0.00 90.00 37.00 0.00 0.00 0.00 0.00 25.00 99.00 0.00 0.00 0.00 50.00 0.00 0.00 52.00 0.00
94 0.00 76.00 0.00 0.00 0.00 0.00 0.00 0.00 82.00 80.00 0.00 0.00 0.00 16.00 46.00 0.00 0.00 0.00 95.00 37.00 0.00 0.00 62.00 0.00 0.00 0.00 0.00 90.00 0.00 0.00 47.00 3.00 1.00 1.00 28.00 25.00 84.00 25.00 49.00 0.00 96.00 5.00 0.00 0.00 4.00 79.00 64.00 0.00 91.00 28.00 87.00 86.00 0.00 65.00 14.00 50.00 16.00 0.00 0.00 27.00 0.00 0.00 0.00 44.00 5.00 23.00 45.00 94.00 58.00 64.00 0.00 0.00 20.00 0.00 0.00 71.00 0.00 34.00 100.00 0.00 0.00 0.00 0.00 86.00 96.00 0.00 0.00 0.00 37.00 35.00 5.00 0.00 55.00 0.00 0.00 83.00 0.00 96.00 0.00 0.00
95 57.00 74.00 0.00 0.00 16.00 52.00 86.00 59.00 24.00 0.00 0.00 0.00 0.00 0.00 0.00 35.00 27.00 93.00 0.00 0.00 0.00 0.00 0.00 0.00 0.00 0.00 0.00 3.00 0.00 0.00 0.00 0.00 0.00 0.00 62.00 0.00 0.00 0.00 0.00 0.00 0.00 53.00 0.00 0.00 21.00 56.00 59.00 12.00 82.00 0.00 5.00 0.00 0.00 0.00 40.00 92.00 1.00 76.00 60.00 12.00 0.00 0.00 67.00 24.00 38.00 0.00 82.00 76.00 94.00 0.00 38.00 94.00 0.00 0.00 93.00 8.00 0.00 69.00 83.00 46.00 0.00 93.00 0.00 0.00 0.00 0.00 22.00 60.00 8.00 0.00 55.00 61.00 19.00 50.00 83.00 0.00 0.00 0.00 94.00 0.00
96 0.00 22.00 0.00 0.00 71.00 0.00 87.00 0.00 0.00 83.00 79.00 98.00 3.00 15.00 12.00 1.00 0.00 0.00 0.00 0.00 24.00 21.00 0.00 79.00 0.00 15.00 0.00 0.00 0.00 57.00 0.00 71.00 17.00 0.00 86.00 100.00 0.00 0.00 55.00 0.00 87.00 10.00 22.00 5.00 0.00 0.00 0.00 91.00 45.00 73.00 13.00 0.00 50.00 18.00 0.00 43.00 1.00 52.00 0.00 0.00 0.00 0.00 0.00 36.00 66.00 0.00 83.00 0.00 27.00 0.00 0.00 0.00 0.00 77.00 0.00 0.00 0.00 15.00 13.00 94.00 100.00 53.00 23.00 0.00 14.00 98.00 24.00 96.00 66.00 44.00 91.00 89.00 61.00 0.00 0.00 0.00 0.00 0.00 0.00 0.00
97 0.00 11.00 46.00 9.00 19.00 12.00 0.00 83.00 0.00 0.00 0.00 89.00 28.00 40.00 38.00 59.00 42.00 72.00 31.00 0.00 77.00 11.00 0.00 0.00 0.00 0.00 51.00 0.00 0.00 0.00 28.00 50.00 65.00 0.00 91.00 21.00 47.00 54.00 11.00 41.00 0.00 17.00 0.00 0.00 0.00 52.00 91.00 82.00 76.00 75.00 0.00 69.00 85.00 0.00 45.00 70.00 0.00 0.00 0.00 3.00 59.00 0.00 0.00 0.00 10.00 88.00 0.00 95.00 73.00 0.00 11.00 49.00 0.00 13.00 0.00 0.00 0.00 80.00 45.00 0.00 25.00 0.00 0.00 97.00 11.00 0.00 0.00 44.00 94.00 0.00 33.00 0.00 0.00 0.00 96.00 0.00 0.00 0.00 23.00 0.00
98 0.00 89.00 64.00 0.00 18.00 0.00 59.00 0.00 0.00 36.00 30.00 0.00 0.00 0.00 0.00 0.00 8.00 0.00 81.00 0.00 88.00 50.00 37.00 49.00 0.00 90.00 0.00 48.00 54.00 95.00 0.00 21.00 0.00 0.00 0.00 0.00 0.00 9.00 7.00 44.00 0.00 0.00 0.00 20.00 35.00 10.00 32.00 0.00 0.00 0.00 89.00 4.00 87.00 24.00 0.00 77.00 58.00 0.00 0.00 0.00 0.00 0.00 0.00 0.00 4.00 0.00 69.00 0.00 35.00 13.00 21.00 0.00 66.00 0.00 0.00 76.00 0.00 0.00 77.00 54.00 16.00 16.00 31.00 0.00 0.00 95.00 97.00 0.00 0.00 0.00 2.00 0.00 0.00 52.00 0.00 94.00 0.00 23.00 0.00 63.00
99 31.00 0.00 97.00 57.00 2.00 0.00 0.00 0.00 73.00 0.00 0.00 6.00 92.00 51.00 0.00 78.00 31.00 48.00 21.00 45.00 22.00 12.00 0.00 59.00 0.00 19.00 0.00 98.00 0.00 44.00 90.00 1.00 3.00 0.00 0.00 10.00 88.00 71.00 48.00 0.00 38.00 0.00 0.00 0.00 17.00 38.00 0.00 4.00 0.00 0.00 0.00 3.00 40.00 5.00 88.00 85.00 0.00 0.00 0.00 0.00 0.00 21.00 9.00 0.00 0.00 45.00 0.00 0.00 0.00 0.00 0.00 71.00 84.00 13.00 0.00 0.00 44.00 86.00 57.00 0.00 0.00 0.00 16.00 0.00 0.00 0.00 37.00 46.00 58.00 88.00 40.00 0.00 21.00 0.00 0.00 0.00 0.00 0.00 63.00 0.00
mcp_obj 35
mcp_gap 0
mcp_x 0 1 0 0 0 1 1 0 0 1 0 0 0 0 0 1 0 0 0 0 0 0 0 0 0 1 1 0 1 0 0 0 0 0 0 1 1 0 0 1 0 0 0 1 1 1 0 0 0 0 1 0 0 1 1 0 0 1 0 1 0 0 0 1 0 0 1 0 0 0 0 0 0 0 1 0 0 1 0 0 0 1 0 0 1 0 0 1 1 1 1 0 1 1 1 1 0 0 1 1
