NAME N100_rc_0.7_rGamma_1_dc_0.035_dGamma_0.0005_jeu_100_75_8.txt
NUM_ITEMS 100
SOURCE r_100_75_8
PARAMETERS
r_c 0.7
r_Gamma 1
d_c 0.035
d_Gamma 0.0005

BOUNDS
c_lb 0.00
c_ub 130.64
Gamma_lb 8
Gamma_ub 38
B_i_1_lb 0.00 0.00 0.00 0.00 0.00 0.00 0.00 0.00 0.00 0.00 0.00 0.00 0.00 0.00 0.00 0.00 0.00 0.00 0.00 0.00 0.00 0.00 0.00 0.00 0.00 0.00 0.00 0.00 0.00 0.00 0.00 0.00 0.00 0.00 0.00 0.00 0.00 0.00 0.00 0.00 0.00 0.00 0.00 0.00 0.00 0.00 0.00 0.00 0.00 0.00 0.00 0.00 0.00 0.00 0.00 0.00 0.00 0.00 0.00 0.00 0.00 0.00 0.00 0.00 0.00 0.00 0.00 0.00 0.00 0.00 0.00 0.00 0.00 0.00 0.00 0.00 0.00 0.00 0.00 0.00 0.00 0.00 0.00 0.00 0.00 0.00 0.00 0.00 0.00 0.00 0.00 0.00 0.00 0.00 0.00 0.00 0.00 0.00 0.00 0.00
B_i_1_ub 61.53 56.85 50.77 45.97 59.80 60.01 55.96 58.79 58.36 54.18 56.65 57.10 59.55 48.73 53.45 58.94 54.98 55.96 58.64 53.29 57.92 53.24 56.40 56.86 54.29 59.12 55.31 56.30 49.90 51.95 55.66 57.58 55.26 55.08 56.28 48.30 62.11 55.69 46.66 57.59 58.58 66.02 58.71 55.87 57.66 49.39 55.65 58.22 54.54 50.91 60.69 54.42 49.16 49.32 59.65 61.20 47.27 55.43 58.06 53.57 49.95 54.66 55.13 62.42 56.96 46.67 53.70 60.78 53.70 60.86 52.52 52.23 60.59 57.51 56.03 53.60 55.22 53.62 55.47 61.48 56.75 57.38 53.32 61.35 48.66 56.92 54.56 51.83 53.51 52.84 49.70 50.05 49.96 64.35 68.82 62.34 55.14 50.13 60.86 59.60
B_i_0_lb 0.00 0.00 0.00 0.00 0.00 0.00 0.00 0.00 0.00 0.00 0.00 0.00 0.00 0.00 0.00 0.00 0.00 0.00 0.00 0.00 0.00 0.00 0.00 0.00 0.00 0.00 0.00 0.00 0.00 0.00 0.00 0.00 0.00 0.00 0.00 0.00 0.00 0.00 0.00 0.00 0.00 0.00 0.00 0.00 0.00 0.00 0.00 0.00 0.00 0.00 0.00 0.00 0.00 0.00 0.00 0.00 0.00 0.00 0.00 0.00 0.00 0.00 0.00 0.00 0.00 0.00 0.00 0.00 0.00 0.00 0.00 0.00 0.00 0.00 0.00 0.00 0.00 0.00 0.00 0.00 0.00 0.00 0.00 0.00 0.00 0.00 0.00 0.00 0.00 0.00 0.00 0.00 0.00 0.00 0.00 0.00 0.00 0.00 0.00 0.00
B_i_0_ub 64.19 58.78 53.08 48.60 61.90 61.16 57.47 60.99 61.58 54.36 60.46 58.19 63.02 51.99 56.96 61.68 55.40 59.64 62.00 55.57 58.02 57.30 60.08 56.90 55.38 60.97 58.77 60.12 51.40 55.70 57.03 59.25 56.93 57.88 58.18 51.53 64.67 60.59 48.20 59.80 63.83 70.16 60.25 58.15 58.47 51.71 59.15 59.93 58.46 51.43 65.31 58.52 52.63 51.31 61.27 62.50 51.44 58.26 62.23 57.64 53.73 57.88 56.95 64.14 57.45 49.39 58.19 62.60 54.23 63.73 57.11 54.29 65.46 58.07 58.76 56.68 58.41 55.97 59.50 62.74 59.76 61.87 56.79 65.87 53.77 59.97 55.65 55.69 55.23 52.84 51.14 50.96 53.96 64.35 73.02 66.54 57.16 54.55 62.40 61.24
c_i_1_lb 64.40 13.30 21.00 16.10 34.30 0.00 61.60 7.00 0.00 31.50 0.00 0.00 13.30 37.10 69.30 65.10 6.30 0.00 0.00 7.00 12.60 37.80 22.40 4.90 56.70 22.40 12.60 0.00 33.60 28.70 0.00 14.70 41.30 2.10 0.00 0.00 10.50 12.60 14.00 30.10 51.80 27.30 37.10 28.00 43.40 55.30 63.00 0.00 7.70 53.90 0.00 51.80 53.20 0.00 28.00 15.40 9.80 15.40 14.00 36.40 10.50 23.10 62.30 66.50 28.70 8.40 37.10 2.10 0.00 0.00 0.70 4.20 0.00 37.80 0.00 0.00 17.50 3.50 36.40 0.00 0.00 35.00 60.20 50.40 57.40 30.80 0.00 61.60 35.70 0.70 0.00 29.40 6.30 0.00 9.10 0.00 0.00 60.20 53.90 0.00
c_i_1_ub 125.93 70.15 71.77 62.07 94.10 60.01 117.56 65.79 58.36 85.68 56.65 57.10 72.85 85.83 122.75 124.04 61.28 55.96 58.64 60.29 70.52 91.04 78.80 61.76 110.99 81.52 67.91 56.30 83.50 80.65 55.66 72.28 96.56 57.18 56.28 48.30 72.61 68.29 60.66 87.69 110.38 93.32 95.81 83.87 101.06 104.69 118.65 58.22 62.24 104.81 60.69 106.22 102.36 49.32 87.65 76.60 57.07 70.83 72.06 89.97 60.45 77.76 117.43 128.92 85.66 55.07 90.80 62.88 53.70 60.86 53.22 56.43 60.59 95.31 56.03 53.60 72.72 57.12 91.87 61.48 56.75 92.38 113.52 111.75 106.06 87.72 54.56 113.43 89.21 53.54 49.70 79.45 56.26 64.35 77.92 62.34 55.14 110.33 114.76 59.60
c_i_0_lb 64.40 13.30 21.00 16.10 34.30 0.00 61.60 7.00 0.00 31.50 0.00 0.00 13.30 37.10 69.30 65.10 6.30 0.00 0.00 7.00 12.60 37.80 22.40 4.90 56.70 22.40 12.60 0.00 33.60 28.70 0.00 14.70 41.30 2.10 0.00 0.00 10.50 12.60 14.00 30.10 51.80 27.30 37.10 28.00 43.40 55.30 63.00 0.00 7.70 53.90 0.00 51.80 53.20 0.00 28.00 15.40 9.80 15.40 14.00 36.40 10.50 23.10 62.30 66.50 28.70 8.40 37.10 2.10 0.00 0.00 0.70 4.20 0.00 37.80 0.00 0.00 17.50 3.50 36.40 0.00 0.00 35.00 60.20 50.40 57.40 30.80 0.00 61.60 35.70 0.70 0.00 29.40 6.30 0.00 9.10 0.00 0.00 60.20 53.90 0.00
c_i_0_ub 128.59 72.08 74.08 64.70 96.20 61.16 119.07 67.99 61.58 85.86 60.46 58.19 76.32 89.09 126.26 126.78 61.70 59.64 62.00 62.57 70.62 95.10 82.48 61.80 112.08 83.37 71.37 60.12 85.00 84.40 57.03 73.95 98.23 59.98 58.18 51.53 75.17 73.19 62.20 89.90 115.63 97.46 97.35 86.15 101.87 107.01 122.15 59.93 66.16 105.33 65.31 110.32 105.83 51.31 89.27 77.90 61.24 73.66 76.23 94.04 64.23 80.98 119.25 130.64 86.15 57.79 95.29 64.70 54.23 63.73 57.81 58.49 65.46 95.87 58.76 56.68 75.91 59.47 95.90 62.74 59.76 96.87 116.99 116.27 111.17 90.77 55.65 117.29 90.93 53.54 51.14 80.36 60.26 64.35 82.12 66.54 57.16 114.75 116.30 61.24
c_1_lb 0.00
c_1_ub 128.92
c_0_lb 0.00
c_0_ub 130.64

BOUND_TIMES
k_max_time 0.001283
Gamma_ub_time 0.000376
B_i_1_lb_time 0.007196
B_i_1_ub_time 0.029299
B_i_0_lb_time 0.007242
B_i_0_ub_time 0.028584

DDRO_PARAMETERS
a_0 8
b_0i 1 1 1 0 1 1 1 1 1 1 1 1 1 0 1 1 1 1 1 1 1 1 1 1 1 1 1 1 1 1 1 1 1 1 1 1 1 1 1 1 1 1 1 1 1 1 1 1 1 1 1 1 1 1 1 1 1 1 1 1 1 1 1 1 1 1 1 1 1 1 1 1 1 1 1 0 1 1 1 1 1 1 1 1 1 1 0 1 1 1 1 1 1 1 1 1 1 1 1 1
a_i 64.40 13.30 21.00 16.10 34.30 0.00 61.60 7.00 0.00 31.50 0.00 0.00 13.30 37.10 69.30 65.10 6.30 0.00 0.00 7.00 12.60 37.80 22.40 4.90 56.70 22.40 12.60 0.00 33.60 28.70 0.00 14.70 41.30 2.10 0.00 0.00 10.50 12.60 14.00 30.10 51.80 27.30 37.10 28.00 43.40 55.30 63.00 0.00 7.70 53.90 0.00 51.80 53.20 0.00 28.00 15.40 9.80 15.40 14.00 36.40 10.50 23.10 62.30 66.50 28.70 8.40 37.10 2.10 0.00 0.00 0.70 4.20 0.00 37.80 0.00 0.00 17.50 3.50 36.40 0.00 0.00 35.00 60.20 50.40 57.40 30.80 0.00 61.60 35.70 0.70 0.00 29.40 6.30 0.00 9.10 0.00 0.00 60.20 53.90 0.00
b_ij
0 0.00 0.49 0.42 3.26 0.18 3.29 0.60 0.00 1.61 0.00 0.00 2.87 3.29 0.00 3.01 1.09 0.00 0.00 3.12 0.00 2.56 2.56 2.84 1.54 0.00 0.00 1.05 2.31 0.00 1.30 1.47 1.09 2.94 0.46 1.58 2.94 0.04 0.95 0.35 1.54 3.36 1.16 0.00 0.00 0.67 2.38 0.49 2.77 1.93 0.00 3.50 0.00 0.00 2.52 2.66 3.50 2.73 0.00 3.50 3.26 0.00 2.28 3.15 3.01 0.91 1.33 1.93 0.00 2.77 3.29 3.22 2.63 0.28 2.73 2.63 1.54 0.14 0.00 0.32 1.68 0.00 1.93 0.67 0.81 3.08 0.81 0.00 3.01 1.09 0.95 0.00 3.22 0.00 3.36 1.40 2.56 2.45 3.08 0.00 0.77
1 0.49 0.00 0.28 0.00 0.00 3.19 0.00 0.11 1.37 1.89 2.98 3.12 1.93 2.56 0.11 2.59 2.59 1.79 0.00 2.84 1.68 0.00 2.49 2.84 2.31 1.51 3.05 0.53 2.77 2.59 0.91 0.00 1.09 0.60 1.89 1.37 0.00 0.11 0.18 0.14 2.24 0.39 0.67 1.75 0.00 0.00 0.74 0.56 0.00 1.37 0.00 0.39 2.28 1.58 0.07 0.84 2.59 1.23 0.00 0.00 0.88 3.47 2.31 3.08 0.91 2.21 2.45 0.98 0.49 0.00 0.98 0.00 2.73 3.22 3.29 3.50 2.28 1.65 2.77 3.15 3.08 0.00 0.63 0.77 0.00 0.00 0.56 0.00 0.95 1.75 1.44 0.00 2.14 1.86 3.08 2.84 1.05 3.33 0.32 0.00
2 0.42 0.28 0.00 0.88 3.36 0.14 2.70 1.12 2.38 0.21 0.42 0.00 1.79 0.11 0.00 0.00 0.00 2.49 2.52 2.00 0.35 0.21 1.75 0.00 0.98 0.00 1.65 2.38 0.00 0.00 2.07 1.79 0.88 0.18 0.14 2.35 3.01 1.47 0.00 1.96 3.26 2.10 0.46 1.33 0.60 0.00 0.00 3.15 0.00 2.14 1.82 0.67 1.93 3.29 0.56 0.00 2.63 1.86 3.15 0.25 2.00 1.68 0.00 2.91 0.00 1.40 3.22 1.65 2.70 1.23 2.49 3.36 2.45 0.32 0.00 3.15 2.00 1.79 0.00 1.72 1.68 0.00 0.00 0.00 0.14 1.89 0.70 2.00 3.15 2.42 0.63 1.37 0.49 3.33 0.60 0.00 1.02 3.08 0.00 0.14
3 3.26 0.00 0.88 0.00 1.54 1.40 0.00 0.95 0.67 0.77 0.00 0.00 0.39 2.70 0.42 0.00 0.98 3.47 1.37 0.00 0.00 0.39 0.00 2.00 1.47 3.01 2.28 1.33 2.84 2.17 0.25 2.21 1.58 0.98 0.00 0.28 1.26 1.23 0.53 0.56 0.00 3.19 0.42 0.53 0.00 2.14 0.00 0.28 2.63 0.00 0.14 1.09 0.00 0.00 1.33 2.10 1.16 0.56 0.04 2.91 2.45 0.25 1.33 2.38 0.00 1.19 0.46 2.98 0.00 0.00 2.31 0.11 0.00 0.00 0.00 0.35 0.70 0.00 0.39 2.84 0.00 0.39 0.00 0.32 0.21 0.14 3.15 0.00 2.10 0.77 0.53 0.00 2.94 0.53 2.10 2.31 1.93 0.00 0.00 2.31
4 0.18 0.00 3.36 1.54 0.00 0.00 1.51 0.74 3.36 0.81 0.00 1.33 1.86 0.46 0.00 0.21 0.21 0.00 1.44 0.07 2.24 2.24 2.00 0.84 3.22 1.02 0.91 2.14 1.89 2.84 3.33 2.00 3.26 1.75 1.51 1.65 1.09 2.94 2.98 1.79 0.00 0.00 0.00 2.28 0.95 2.98 2.31 2.59 0.95 0.00 1.16 0.11 1.40 0.00 2.94 3.05 0.00 3.15 0.84 1.51 0.98 0.53 0.11 0.56 0.14 2.03 0.00 2.21 0.00 0.42 0.60 0.88 3.05 3.50 1.82 0.00 0.00 0.49 2.14 2.52 0.00 3.29 1.47 2.10 0.00 1.75 0.00 0.95 0.74 3.36 0.18 2.03 1.68 2.49 0.00 2.07 3.33 2.14 0.11 0.00
5 3.29 3.19 0.14 1.40 0.00 0.00 0.00 0.46 0.00 3.19 2.52 2.17 0.00 0.00 1.79 2.03 0.00 0.18 1.44 0.00 2.73 2.28 0.00 1.19 0.88 0.04 0.00 0.00 2.98 0.49 0.32 1.44 0.00 3.33 2.45 0.00 0.88 1.86 2.87 0.84 3.47 0.67 2.66 1.12 1.33 0.00 0.28 0.11 2.38 0.00 2.49 0.00 2.59 2.52 2.00 0.00 0.00 0.18 0.00 2.14 0.00 0.00 1.26 2.24 0.95 0.14 2.28 0.00 2.87 0.00 0.39 0.49 3.19 1.75 0.32 0.56 2.00 1.82 2.38 2.45 0.91 2.31 2.73 2.59 1.89 2.14 2.66 1.96 2.98 0.28 2.21 0.56 1.26 3.12 2.52 1.19 1.23 2.24 1.16 1.72
6 0.60 0.00 2.70 0.00 1.51 0.00 0.00 0.00 2.94 1.44 0.53 2.42 0.53 0.00 2.87 0.49 1.82 0.00 2.24 2.49 1.44 1.82 0.53 2.63 3.40 0.00 1.16 1.26 0.07 1.79 1.86 1.51 1.54 0.00 0.00 1.51 2.77 1.16 1.96 0.70 0.00 0.00 0.00 0.39 1.33 0.11 0.46 0.00 2.10 0.00 1.58 1.65 0.00 0.00 0.70 0.77 0.00 1.93 2.59 1.02 0.00 1.61 0.00 2.38 2.10 1.09 2.66 0.00 0.91 0.67 0.00 2.28 0.00 3.50 0.00 0.00 1.93 3.36 3.43 0.07 0.00 0.60 0.07 2.91 3.08 1.61 2.49 1.54 1.72 0.00 2.70 0.18 0.00 3.40 3.40 0.91 2.59 2.24 0.67 0.00
7 0.00 0.11 1.12 0.95 0.74 0.46 0.00 0.00 3.33 2.56 2.10 0.70 3.50 0.00 2.31 0.00 1.30 3.33 1.72 0.00 0.00 3.29 1.68 3.05 0.04 0.42 2.03 2.38 0.25 0.28 2.63 3.01 1.12 0.53 2.70 0.11 1.16 1.23 0.00 0.11 3.08 3.01 2.87 0.60 2.63 0.00 0.00 2.94 1.37 2.14 3.47 2.70 2.42 2.45 0.77 1.30 3.43 1.44 0.00 0.00 2.94 0.25 0.18 1.72 0.00 1.58 2.35 3.22 0.49 0.35 3.33 0.63 3.33 3.50 2.73 2.14 0.00 0.88 3.43 1.72 0.00 0.00 2.56 0.42 3.12 0.56 0.00 2.10 0.00 2.59 0.00 2.28 0.00 0.00 0.67 2.94 0.21 3.33 2.94 2.98
8 1.61 1.37 2.38 0.67 3.36 0.00 2.94 3.33 0.00 2.31 0.21 1.47 0.95 0.98 0.32 2.84 0.39 0.84 0.00 1.79 0.63 1.44 0.00 0.00 0.00 1.44 0.00 2.87 2.24 1.12 0.25 1.54 0.00 0.00 0.00 0.00 0.00 0.11 2.17 1.93 2.38 2.49 3.36 0.00 0.00 0.70 2.94 2.17 0.00 3.33 0.98 1.72 2.21 2.03 0.28 3.05 0.00 1.93 2.52 1.93 1.89 2.21 2.45 0.77 1.33 0.00 1.44 0.00 2.56 0.32 0.04 1.16 0.14 2.98 0.74 2.45 3.19 1.47 0.00 2.63 0.25 2.94 1.54 1.23 0.35 0.00 2.73 0.00 0.00 0.00 2.77 0.21 0.00 1.33 0.00 2.66 0.14 0.21 2.73 2.91
9 0.00 1.89 0.21 0.77 0.81 3.19 1.44 2.56 2.31 0.00 2.42 0.56 0.00 0.00 3.05 1.58 1.89 1.23 0.00 1.61 0.00 0.49 2.35 0.00 2.52 3.50 0.60 0.77 0.00 2.49 2.80 0.00 2.52 3.40 3.33 0.21 2.49 2.94 0.00 0.25 0.91 3.19 0.00 2.31 1.65 0.63 3.12 2.87 0.63 0.81 0.00 2.17 0.88 0.98 0.00 0.00 0.53 3.22 3.19 3.26 2.87 0.00 0.28 0.00 0.00 0.00 2.24 2.28 0.00 1.65 3.50 1.16 1.89 2.03 2.10 2.49 0.39 0.00 0.00 2.31 0.56 1.51 3.33 1.23 0.00 3.50 0.00 0.60 1.12 0.00 2.21 2.49 0.67 1.47 1.96 3.22 2.45 1.96 0.00 3.08
10 0.00 2.98 0.42 0.00 0.00 2.52 0.53 2.10 0.21 2.42 0.00 0.67 1.51 1.61 0.46 0.49 0.84 2.42 0.28 1.54 3.33 0.00 0.67 3.15 1.02 0.42 2.52 3.33 3.12 0.70 2.59 0.00 0.67 2.66 0.00 2.94 0.00 3.12 2.73 2.00 0.42 1.02 0.32 0.91 2.66 0.00 2.03 1.58 0.00 0.63 0.70 1.33 2.28 0.32 2.31 0.53 2.28 1.75 0.00 1.96 2.00 2.17 0.00 2.35 2.21 0.39 0.00 3.12 0.00 2.07 2.84 2.59 2.17 1.75 3.22 1.37 0.18 0.32 0.00 2.10 3.01 0.60 0.00 0.00 0.00 1.02 0.00 0.74 0.11 1.44 2.52 2.10 0.74 0.00 1.68 1.19 1.82 2.63 0.63 0.07
11 2.87 3.12 0.00 0.00 1.33 2.17 2.42 0.70 1.47 0.56 0.67 0.00 3.12 2.45 0.56 0.63 2.80 0.00 2.80 2.28 2.49 2.70 0.60 2.03 1.65 2.63 3.08 1.61 1.96 2.52 0.14 1.37 0.00 2.35 0.00 0.53 2.98 3.08 1.23 1.05 3.19 1.33 2.73 0.00 0.00 1.09 0.00 1.89 0.42 2.70 0.00 2.70 0.00 0.00 1.96 0.39 0.00 2.59 0.00 1.33 2.00 3.26 2.31 1.89 1.33 0.00 2.14 2.63 0.25 0.39 0.67 0.39 0.00 2.38 1.02 1.65 0.00 0.00 0.91 1.12 2.91 1.33 0.95 2.38 2.00 2.80 0.49 1.19 1.23 0.00 3.01 0.00 0.63 2.77 2.66 1.89 2.35 2.59 0.00 0.60
12 3.29 1.93 1.79 0.39 1.86 0.00 0.53 3.50 0.95 0.00 1.51 3.12 0.00 0.39 1.02 0.00 2.24 2.14 2.31 2.77 3.40 3.40 0.42 1.26 1.30 0.00 0.53 1.19 2.45 0.00 0.00 1.05 2.00 0.39 3.36 0.00 0.00 0.00 1.19 1.82 3.01 0.42 0.77 0.00 0.00 2.80 2.21 0.04 1.23 1.79 0.00 0.00 0.00 1.75 1.19 2.84 0.00 3.50 3.29 0.00 0.53 0.00 2.66 0.11 1.79 0.95 2.35 3.33 0.00 1.23 0.00 0.00 1.09 0.00 3.15 1.19 0.00 1.26 0.84 0.42 1.54 0.00 0.56 2.80 0.00 2.56 0.39 0.00 3.05 2.94 3.19 3.43 2.59 1.16 1.75 3.33 1.12 2.00 1.19 0.70
13 0.00 2.56 0.11 2.70 0.46 0.00 0.00 0.00 0.98 0.00 1.61 2.45 0.39 0.00 0.00 0.11 2.10 1.54 2.49 0.00 2.03 3.36 0.00 0.00 0.00 1.12 2.35 0.00 0.00 3.29 0.00 3.08 1.47 0.00 0.00 0.00 2.03 2.98 0.00 3.40 1.58 0.00 0.00 3.01 2.42 0.39 0.60 2.80 3.15 2.35 1.54 2.35 0.00 0.00 0.67 0.63 0.91 0.00 2.03 1.61 1.86 0.07 0.14 0.42 0.00 0.07 1.40 2.70 0.32 0.00 2.35 2.63 1.72 0.95 3.12 0.95 1.37 0.46 0.00 1.44 0.04 0.00 1.37 0.46 0.04 2.59 2.66 2.98 0.00 0.00 0.60 0.00 2.52 1.61 0.70 0.04 0.00 0.60 0.00 0.00
14 3.01 0.11 0.00 0.42 0.00 1.79 2.87 2.31 0.32 3.05 0.46 0.56 1.02 0.00 0.00 0.00 0.00 0.00 0.49 3.43 0.00 0.00 0.67 2.03 0.00 1.72 0.00 2.63 2.94 1.26 0.00 2.38 1.44 1.12 1.05 3.29 0.00 0.49 1.82 0.04 0.77 3.47 1.09 1.40 2.52 2.00 0.00 0.00 0.00 0.28 3.43 3.29 0.00 0.67 2.03 3.19 1.05 2.80 0.00 0.00 2.38 2.21 0.88 1.26 0.39 0.67 0.00 2.87 1.72 3.50 0.14 0.00 0.32 0.14 2.07 3.40 1.26 2.21 1.12 1.37 0.00 0.39 0.28 1.19 0.49 0.00 1.16 2.28 0.00 2.03 3.26 0.00 0.00 0.00 0.00 1.09 3.47 1.75 2.38 1.79
15 1.09 2.59 0.00 0.00 0.21 2.03 0.49 0.00 2.84 1.58 0.49 0.63 0.00 0.11 0.00 0.00 3.26 2.45 1.12 2.10 2.17 2.10 0.84 0.00 0.00 2.87 1.51 0.00 2.35 2.63 2.80 2.84 1.86 0.00 2.45 2.87 1.05 2.00 0.07 3.43 0.00 1.40 3.22 0.00 1.16 0.11 1.86 0.00 0.46 2.66 2.66 0.14 1.12 0.00 2.63 2.91 1.93 2.28 1.16 1.72 3.22 2.56 1.23 3.05 3.05 2.98 1.51 0.32 1.65 2.80 2.10 1.86 1.93 2.28 3.40 0.00 1.89 0.00 1.93 1.02 0.95 0.00 2.66 2.87 2.35 0.60 0.00 2.07 1.82 0.49 0.00 0.11 0.00 0.88 2.87 0.42 0.18 2.87 1.61 0.00
16 0.00 2.59 0.00 0.98 0.21 0.00 1.82 1.30 0.39 1.89 0.84 2.80 2.24 2.10 0.00 3.26 0.00 3.15 0.00 2.56 2.42 3.43 0.56 0.91 0.07 1.30 0.00 0.00 0.00 1.09 1.33 0.00 0.00 0.00 3.26 0.00 0.14 2.52 0.25 0.49 1.19 0.95 1.02 0.00 2.70 0.32 0.88 1.40 2.66 0.88 2.56 2.03 3.40 3.12 1.72 3.33 0.21 0.77 0.00 0.00 0.00 1.12 0.67 0.56 0.00 1.96 0.14 1.23 0.46 0.21 0.00 0.84 0.00 1.47 0.39 2.73 1.44 0.77 0.00 2.52 2.73 3.47 3.15 3.12 2.42 0.00 2.94 0.00 2.31 2.07 2.84 0.00 3.22 0.00 1.82 0.00 2.17 0.91 1.16 0.74
17 0.00 1.79 2.49 3.47 0.00 0.18 0.00 3.33 0.84 1.23 2.42 0.00 2.14 1.54 0.00 2.45 3.15 0.00 2.17 0.00 0.00 0.67 0.88 1.89 0.00 0.00 2.73 2.24 1.72 1.16 3.01 0.00 0.00 0.35 0.77 2.91 3.50 0.00 2.73 2.56 0.00 1.51 0.91 0.21 1.72 0.00 0.07 0.00 0.04 2.87 0.00 0.00 0.00 2.63 0.60 0.00 0.00 0.84 0.07 2.56 0.00 1.40 3.33 2.03 0.00 1.54 1.54 0.00 1.30 0.39 2.91 3.26 0.00 2.35 0.25 2.21 1.16 2.07 1.86 2.45 0.95 1.54 0.00 0.00 0.00 2.21 0.70 2.77 0.56 0.07 1.72 2.49 0.04 2.56 0.00 0.00 1.47 1.30 2.91 1.12
18 3.12 0.00 2.52 1.37 1.44 1.44 2.24 1.72 0.00 0.00 0.28 2.80 2.31 2.49 0.49 1.12 0.00 2.17 0.00 2.31 2.80 0.63 2.14 3.05 0.00 0.42 0.00 2.73 0.00 2.14 0.00 3.50 2.42 0.00 3.15 0.35 0.70 3.36 2.63 1.72 0.00 1.09 0.00 0.56 0.95 1.16 3.50 2.98 0.39 3.50 0.00 2.63 2.14 2.98 2.17 0.88 2.10 2.87 0.00 0.60 0.00 0.18 0.00 0.70 0.00 0.00 0.00 3.22 0.00 2.52 0.00 0.88 0.04 3.15 1.79 1.86 0.00 1.40 0.00 2.31 2.14 0.39 1.82 1.30 0.88 3.50 0.00 0.49 0.00 1.09 0.00 0.00 0.00 1.16 2.00 3.26 1.61 2.07 1.79 2.42
19 0.00 2.84 2.00 0.00 0.07 0.00 2.49 0.00 1.79 1.61 1.54 2.28 2.77 0.00 3.43 2.10 2.56 0.00 2.31 0.00 3.40 0.00 3.50 0.07 0.11 1.79 2.80 2.87 0.60 0.00 0.88 3.19 3.29 0.42 3.26 0.00 0.00 0.00 0.70 0.98 2.80 0.00 1.82 0.84 0.49 1.44 0.70 0.00 2.52 1.05 2.28 0.11 0.00 2.52 1.09 0.70 1.93 0.81 0.21 2.14 2.98 2.70 0.00 1.40 2.17 0.81 0.00 1.26 0.00 0.74 2.80 1.40 0.28 0.00 1.44 3.43 2.91 0.00 1.61 2.94 1.37 2.24 0.42 0.11 0.00 0.91 1.33 2.73 1.79 1.26 0.07 1.23 3.29 1.30 1.89 2.59 0.74 2.07 0.39 1.54
20 2.56 1.68 0.35 0.00 2.24 2.73 1.44 0.00 0.63 0.00 3.33 2.49 3.40 2.03 0.00 2.17 2.42 0.00 2.80 3.40 0.00 0.25 0.00 1.82 2.00 2.56 1.02 0.00 1.79 3.43 0.00 0.00 2.03 3.29 0.00 3.05 2.91 2.45 0.00 0.77 1.02 3.01 2.77 2.59 0.00 2.98 0.56 1.86 0.00 0.53 1.40 2.07 1.65 0.00 3.01 2.00 3.26 2.21 2.94 3.36 0.91 1.82 0.00 1.02 1.96 0.70 1.68 0.21 3.15 2.77 1.05 1.19 2.63 1.30 0.00 3.15 0.95 1.65 0.00 1.82 0.95 0.49 0.00 0.39 0.00 0.74 2.10 1.72 1.51 0.00 0.00 0.00 3.08 2.24 3.36 0.56 3.43 1.12 0.60 0.81
21 2.56 0.00 0.21 0.39 2.24 2.28 1.82 3.29 1.44 0.49 0.00 2.70 3.40 3.36 0.00 2.10 3.43 0.67 0.63 0.00 0.25 0.00 1.26 0.25 2.77 1.93 0.00 0.00 1.72 2.10 1.51 0.00 0.00 2.38 0.98 2.35 2.91 2.03 0.00 0.53 2.07 0.81 0.00 0.00 0.00 1.40 3.36 3.43 0.95 0.04 3.12 2.84 3.36 2.07 0.42 2.45 0.00 0.00 1.09 0.00 1.82 2.91 0.70 2.91 0.74 2.03 3.47 0.00 3.01 0.00 2.52 0.46 3.33 1.58 2.98 1.44 1.96 0.60 3.29 0.21 0.63 0.00 1.33 0.00 0.39 3.43 2.70 2.98 3.40 0.42 2.49 0.00 3.01 0.00 0.04 1.37 1.61 0.81 2.42 0.98
22 2.84 2.49 1.75 0.00 2.00 0.00 0.53 1.68 0.00 2.35 0.67 0.60 0.42 0.00 0.67 0.84 0.56 0.88 2.14 3.50 0.00 1.26 0.00 1.79 0.00 3.33 0.98 0.00 0.77 0.00 2.17 3.29 0.00 0.63 2.56 0.49 2.70 2.59 3.08 1.40 1.09 0.00 3.05 3.01 1.61 1.93 1.19 0.00 1.51 0.67 0.91 2.42 0.28 0.00 3.26 0.00 0.04 1.65 0.00 1.79 0.00 2.52 0.00 2.31 2.24 3.33 0.00 0.42 0.49 3.12 0.46 0.88 3.40 0.00 0.00 0.00 3.08 0.28 0.00 0.81 1.40 3.19 0.28 1.33 2.70 0.00 2.59 3.26 0.18 1.05 0.00 2.35 0.00 1.68 0.00 1.23 2.59 0.32 0.49 2.42
23 1.54 2.84 0.00 2.00 0.84 1.19 2.63 3.05 0.00 0.00 3.15 2.03 1.26 0.00 2.03 0.00 0.91 1.89 3.05 0.07 1.82 0.25 1.79 0.00 2.24 2.56 2.77 0.00 2.52 1.82 1.12 3.22 3.01 0.63 0.00 0.00 2.84 0.00 2.31 0.00 1.68 3.08 1.30 1.30 0.00 0.00 2.70 2.70 0.25 0.00 3.47 0.95 2.63 3.33 1.26 1.23 0.00 0.00 1.54 0.04 1.65 1.58 0.11 0.81 2.94 1.19 0.00 3.50 0.00 1.58 1.33 0.00 2.70 0.00 0.32 1.58 0.00 1.37 0.00 2.28 0.21 0.00 0.53 0.00 2.45 0.00 0.84 1.75 0.98 0.00 0.00 0.00 0.14 2.56 2.31 0.00 0.00 0.00 1.26 2.98
24 0.00 2.31 0.98 1.47 3.22 0.88 3.40 0.04 0.00 2.52 1.02 1.65 1.30 0.00 0.00 0.00 0.07 0.00 0.00 0.11 2.00 2.77 0.00 2.24 0.00 1.05 1.82 0.00 0.04 1.54 2.80 2.45 2.14 0.04 0.04 2.49 2.38 2.56 1.40 2.59 2.31 0.14 0.35 3.43 3.43 0.14 3.47 2.56 0.00 1.82 0.00 3.19 1.96 2.00 0.53 0.00 1.54 2.63 1.19 0.00 0.00 0.53 1.09 2.63 1.40 1.51 1.37 0.00 0.00 0.00 1.26 3.15 2.03 0.42 2.98 2.00 0.35 2.10 2.10 0.00 3.19 3.40 1.65 1.19 1.82 0.00 0.60 0.00 0.70 0.00 1.61 0.39 1.19 0.49 1.33 0.00 1.12 0.60 0.00 0.00
25 0.00 1.51 0.00 3.01 1.02 0.04 0.00 0.42 1.44 3.50 0.42 2.63 0.00 1.12 1.72 2.87 1.30 0.00 0.42 1.79 2.56 1.93 3.33 2.56 1.05 0.00 2.03 0.00 3.43 3.15 0.00 0.39 0.84 0.00 0.00 1.93 2.70 2.17 1.26 1.58 0.67 0.00 0.07 2.87 1.09 0.67 2.66 0.49 2.17 1.79 2.49 0.63 1.26 0.35 3.05 0.63 1.02 0.88 1.09 0.00 1.75 0.04 0.00 0.00 0.00 0.00 3.12 3.01 0.00 0.21 0.53 3.47 0.28 0.21 3.29 0.00 0.28 2.17 2.49 2.24 2.66 2.38 1.12 0.00 2.63 1.37 1.23 2.80 3.47 0.11 3.05 1.54 3.15 1.72 0.39 2.73 2.00 0.00 0.00 0.00
26 1.05 3.05 1.65 2.28 0.91 0.00 1.16 2.03 0.00 0.60 2.52 3.08 0.53 2.35 0.00 1.51 0.00 2.73 0.00 2.80 1.02 0.00 0.98 2.77 1.82 2.03 0.00 0.63 0.56 0.25 0.00 3.08 3.19 2.59 1.47 3.43 2.14 1.02 0.39 0.00 0.81 2.56 2.73 2.21 0.74 2.42 3.05 0.00 1.89 0.60 2.14 0.00 0.00 0.00 0.00 2.03 0.00 2.38 0.07 1.96 0.39 0.00 3.08 2.07 0.00 0.00 2.07 2.03 1.65 2.87 2.45 0.00 0.00 0.00 0.00 1.79 0.00 0.00 1.44 2.17 1.44 0.00 1.72 2.73 0.74 3.29 2.87 0.00 2.63 1.19 1.44 0.00 3.22 0.91 0.00 2.98 2.98 0.00 1.72 3.43
27 2.31 0.53 2.38 1.33 2.14 0.00 1.26 2.38 2.87 0.77 3.33 1.61 1.19 0.00 2.63 0.00 0.00 2.24 2.73 2.87 0.00 0.00 0.00 0.00 0.00 0.00 0.63 0.00 3.26 0.00 0.91 3.19 1.72 2.45 0.00 0.60 1.19 2.63 2.91 0.67 0.00 0.77 0.77 0.77 0.00 1.05 0.00 3.15 0.00 1.12 0.28 1.61 2.31 3.43 2.91 0.95 1.30 2.94 1.82 0.00 2.38 2.66 2.80 0.28 2.28 1.54 2.07 0.53 0.00 0.70 2.21 0.00 2.45 2.35 3.22 1.44 2.98 0.74 2.80 0.00 0.00 0.04 0.14 1.86 3.29 0.00 2.38 2.24 0.67 1.82 2.56 2.35 0.88 3.08 2.70 1.82 0.46 2.94 3.33 1.93
28 0.00 2.77 0.00 2.84 1.89 2.98 0.07 0.25 2.24 0.00 3.12 1.96 2.45 0.00 2.94 2.35 0.00 1.72 0.00 0.60 1.79 1.72 0.77 2.52 0.04 3.43 0.56 3.26 0.00 1.05 1.16 0.39 0.00 0.67 2.24 3.40 0.18 2.77 2.91 1.93 0.77 0.00 0.32 2.10 0.42 2.49 0.84 2.45 0.00 0.84 2.35 0.28 2.70 0.00 0.00 0.00 2.00 0.56 2.66 3.29 3.12 0.63 0.00 2.45 0.63 1.96 2.24 0.00 0.00 1.61 2.87 0.46 0.98 0.98 2.14 3.01 2.24 2.03 0.60 2.00 2.98 1.93 1.23 2.17 1.96 3.33 0.00 1.72 0.00 2.00 1.47 0.00 0.00 1.44 2.10 0.46 1.12 1.12 3.01 1.09
29 1.30 2.59 0.00 2.17 2.84 0.49 1.79 0.28 1.12 2.49 0.70 2.52 0.00 3.29 1.26 2.63 1.09 1.16 2.14 0.00 3.43 2.10 0.00 1.82 1.54 3.15 0.25 0.00 1.05 0.00 1.86 0.35 0.00 2.17 1.68 1.65 0.00 0.00 2.31 0.00 3.43 1.40 0.07 1.86 1.68 2.80 1.47 2.98 3.40 0.77 0.00 1.86 2.45 0.00 0.00 1.12 0.11 0.00 2.94 0.04 2.73 1.72 0.00 0.00 1.79 2.31 0.95 3.08 0.11 3.01 1.40 0.21 2.10 0.00 1.65 0.00 0.00 3.01 1.44 0.00 3.01 2.77 2.03 1.26 3.47 1.79 0.00 0.25 0.60 0.00 0.00 3.40 2.42 0.00 0.04 1.75 0.42 3.08 1.93 2.70
30 1.47 0.91 2.07 0.25 3.33 0.32 1.86 2.63 0.25 2.80 2.59 0.14 0.00 0.00 0.00 2.80 1.33 3.01 0.00 0.88 0.00 1.51 2.17 1.12 2.80 0.00 0.00 0.91 1.16 1.86 0.00 0.00 0.21 0.00 0.00 1.72 3.08 0.00 1.79 0.00 2.17 0.00 3.12 0.56 3.01 0.00 1.09 2.63 1.23 1.33 2.66 0.00 2.63 0.46 0.00 2.45 1.79 0.00 2.66 0.00 1.61 0.00 0.74 0.00 3.26 0.07 2.80 2.59 0.00 2.31 0.56 0.11 0.21 1.16 0.39 0.60 0.18 0.49 0.00 0.25 1.82 1.33 0.00 2.94 3.01 0.60 0.00 1.37 3.22 2.98 0.00 0.00 0.00 2.03 2.03 0.60 0.53 0.00 1.33 0.25
31 1.09 0.00 1.79 2.21 2.00 1.44 1.51 3.01 1.54 0.00 0.00 1.37 1.05 3.08 2.38 2.84 0.00 0.00 3.50 3.19 0.00 0.00 3.29 3.22 2.45 0.39 3.08 3.19 0.39 0.35 0.00 0.00 1.30 2.49 1.93 0.04 0.00 0.11 1.93 2.35 0.00 1.54 2.63 0.00 2.31 0.00 0.00 1.96 2.87 0.84 0.00 2.66 1.72 0.42 0.74 3.40 0.00 3.36 2.31 1.16 0.00 0.74 2.00 2.66 1.33 0.00 0.00 1.72 1.02 0.00 1.47 2.45 2.49 2.77 0.00 1.61 2.21 0.60 3.29 2.56 2.17 2.00 0.00 1.09 0.74 0.00 3.08 1.86 0.42 1.02 1.12 3.12 2.63 0.21 0.00 0.00 0.25 1.68 2.28 2.42
32 2.94 1.09 0.88 1.58 3.26 0.00 1.54 1.12 0.00 2.52 0.67 0.00 2.00 1.47 1.44 1.86 0.00 0.00 2.42 3.29 2.03 0.00 0.00 3.01 2.14 0.84 3.19 1.72 0.00 0.00 0.21 1.30 0.00 3.12 0.42 0.74 0.77 0.00 1.47 3.08 0.00 2.45 2.56 0.00 1.93 0.84 2.10 2.42 1.26 0.60 0.04 3.22 2.03 0.00 0.00 0.00 0.00 3.05 0.00 1.47 0.00 0.88 0.35 0.07 2.35 0.53 2.80 1.30 1.68 2.49 0.00 2.56 0.00 1.40 1.72 0.00 3.19 1.05 3.36 3.01 0.00 1.12 2.66 0.00 2.10 2.73 1.30 2.03 0.00 0.00 0.00 0.77 2.63 2.98 3.01 1.86 0.18 0.60 0.00 0.07
33 0.46 0.60 0.18 0.98 1.75 3.33 0.00 0.53 0.00 3.40 2.66 2.35 0.39 0.00 1.12 0.00 0.00 0.35 0.00 0.42 3.29 2.38 0.63 0.63 0.04 0.00 2.59 2.45 0.67 2.17 0.00 2.49 3.12 0.00 0.28 2.35 2.91 0.70 1.23 0.00 2.66 0.63 0.00 1.72 2.66 3.29 0.00 0.46 3.36 1.02 3.50 0.00 0.00 2.73 0.00 3.26 2.00 0.00 0.49 2.56 1.75 2.80 2.84 0.00 0.53 0.49 2.52 3.29 2.52 0.49 0.00 0.00 0.07 0.95 1.37 0.00 3.08 0.00 2.73 0.18 2.87 3.47 1.16 3.33 2.42 0.04 0.00 0.00 0.00 0.00 0.18 2.07 1.37 0.00 1.09 0.70 0.00 2.24 0.00 2.98
34 1.58 1.89 0.14 0.00 1.51 2.45 0.00 2.70 0.00 3.33 0.00 0.00 3.36 0.00 1.05 2.45 3.26 0.77 3.15 3.26 0.00 0.98 2.56 0.00 0.04 0.00 1.47 0.00 2.24 1.68 0.00 1.93 0.42 0.28 0.00 0.00 1.40 0.00 3.36 1.68 2.77 0.56 2.42 0.00 2.70 0.53 2.03 0.00 2.31 2.73 0.00 2.98 1.58 0.00 0.00 2.49 1.05 0.00 0.84 3.22 0.00 1.30 0.00 2.10 0.11 1.23 2.56 0.00 0.60 1.79 0.04 0.00 0.39 2.73 0.00 0.18 1.61 1.89 0.53 3.05 0.00 0.00 0.00 0.00 0.70 2.42 1.30 0.00 0.63 1.23 1.26 2.00 0.07 0.39 3.08 0.00 0.00 0.39 2.84 0.00
35 2.94 1.37 2.35 0.28 1.65 0.00 1.51 0.11 0.00 0.21 2.94 0.53 0.00 0.00 3.29 2.87 0.00 2.91 0.35 0.00 3.05 2.35 0.49 0.00 2.49 1.93 3.43 0.60 3.40 1.65 1.72 0.04 0.74 2.35 0.00 0.00 1.33 0.00 0.42 0.00 0.53 0.70 0.00 0.32 0.60 1.33 0.00 1.02 3.33 0.39 3.08 0.25 3.15 1.93 0.00 0.00 1.93 3.33 2.07 1.82 3.19 1.58 1.37 0.00 1.65 1.51 0.98 3.36 0.00 1.68 0.00 3.29 2.35 2.42 3.15 0.00 0.00 0.84 0.14 0.77 0.00 0.00 1.33 1.40 0.00 3.40 0.00 0.14 0.56 0.00 1.72 2.52 0.00 1.40 0.18 0.00 1.44 3.40 2.31 0.88
36 0.04 0.00 3.01 1.26 1.09 0.88 2.77 1.16 0.00 2.49 0.00 2.98 0.00 2.03 0.00 1.05 0.14 3.50 0.70 0.00 2.91 2.91 2.70 2.84 2.38 2.70 2.14 1.19 0.18 0.00 3.08 0.00 0.77 2.91 1.40 1.33 0.00 0.00 0.00 0.00 0.39 0.11 2.07 0.07 0.25 2.77 1.58 1.61 1.44 0.98 1.58 0.00 0.00 2.42 1.96 1.26 0.70 1.61 2.24 0.00 0.00 2.10 0.28 0.00 0.67 0.25 1.12 2.49 2.66 0.00 0.18 2.77 1.37 0.00 3.33 0.00 2.00 0.00 3.12 2.77 0.00 1.79 0.00 2.14 0.00 3.19 1.16 2.38 1.40 3.26 1.65 2.59 0.11 1.79 3.36 0.00 0.00 0.00 3.01 1.65
37 0.95 0.11 1.47 1.23 2.94 1.86 1.16 1.23 0.11 2.94 3.12 3.08 0.00 2.98 0.49 2.00 2.52 0.00 3.36 0.00 2.45 2.03 2.59 0.00 2.56 2.17 1.02 2.63 2.77 0.00 0.00 0.11 0.00 0.70 0.00 0.00 0.00 0.00 1.65 3.47 0.00 0.00 1.16 3.15 0.04 3.29 2.98 0.00 1.86 0.00 3.36 0.21 0.00 1.09 3.22 0.42 0.84 2.31 2.42 0.00 0.00 0.00 0.00 0.07 0.95 1.12 2.38 1.79 0.70 1.86 0.00 2.52 2.14 0.95 3.05 0.00 1.89 0.00 0.07 3.29 2.91 0.95 0.91 2.45 0.60 3.43 0.42 1.51 0.00 0.00 1.82 1.19 0.28 2.45 2.63 3.40 0.00 0.81 1.19 2.73
38 0.35 0.18 0.00 0.53 2.98 2.87 1.96 0.00 2.17 0.00 2.73 1.23 1.19 0.00 1.82 0.07 0.25 2.73 2.63 0.70 0.00 0.00 3.08 2.31 1.40 1.26 0.39 2.91 2.91 2.31 1.79 1.93 1.47 1.23 3.36 0.42 0.00 1.65 0.00 3.19 0.63 3.29 0.18 1.79 0.81 2.07 0.91 0.00 0.00 0.00 2.66 0.14 0.00 0.00 1.79 3.43 3.08 0.00 0.00 2.35 0.00 0.32 0.00 1.40 0.56 2.80 0.00 0.00 1.75 2.98 0.28 0.00 1.82 0.00 0.00 0.00 0.00 3.15 0.77 0.49 2.94 1.96 1.96 1.89 2.52 2.17 0.00 2.17 1.54 0.00 1.26 0.00 0.81 0.00 3.08 2.73 3.29 0.00 0.00 0.91
39 1.54 0.14 1.96 0.56 1.79 0.84 0.70 0.11 1.93 0.25 2.00 1.05 1.82 3.40 0.04 3.43 0.49 2.56 1.72 0.98 0.77 0.53 1.40 0.00 2.59 1.58 0.00 0.67 1.93 0.00 0.00 2.35 3.08 0.00 1.68 0.00 0.00 3.47 3.19 0.00 3.29 2.66 3.15 2.28 0.00 0.00 0.00 0.00 0.00 2.35 0.07 1.93 3.36 0.91 2.87 3.05 1.58 0.00 0.00 0.00 1.05 2.31 2.07 0.00 1.86 2.10 0.07 0.00 2.31 3.19 0.00 0.00 0.00 2.94 1.33 0.00 1.12 3.12 3.43 2.03 0.00 0.28 2.80 3.43 0.00 3.40 0.70 3.29 3.15 0.11 0.00 0.00 3.43 2.35 2.17 0.00 0.00 1.05 3.43 0.00
40 3.36 2.24 3.26 0.00 0.00 3.47 0.00 3.08 2.38 0.91 0.42 3.19 3.01 1.58 0.77 0.00 1.19 0.00 0.00 2.80 1.02 2.07 1.09 1.68 2.31 0.67 0.81 0.00 0.77 3.43 2.17 0.00 0.00 2.66 2.77 0.53 0.39 0.00 0.63 3.29 0.00 0.00 1.82 2.21 0.00 3.40 0.00 0.00 0.67 2.98 0.00 3.15 0.56 3.29 0.00 0.00 2.03 0.00 0.60 3.33 0.88 0.95 0.00 3.47 1.40 3.08 0.14 0.81 1.96 3.47 2.14 0.60 0.42 1.51 2.21 0.60 0.88 0.04 2.73 0.00 2.98 0.42 0.00 0.00 2.38 2.24 0.39 1.02 1.02 3.26 2.24 1.96 1.12 0.49 3.22 0.00 1.23 0.00 2.98 2.07
41 1.16 0.39 2.10 3.19 0.00 0.67 0.00 3.01 2.49 3.19 1.02 1.33 0.42 0.00 3.47 1.40 0.95 1.51 1.09 0.00 3.01 0.81 0.00 3.08 0.14 0.00 2.56 0.77 0.00 1.40 0.00 1.54 2.45 0.63 0.56 0.70 0.11 0.00 3.29 2.66 0.00 0.00 3.50 3.05 2.56 0.91 2.17 3.15 0.88 2.80 1.86 2.84 2.56 3.26 0.00 2.21 0.00 0.00 3.33 0.60 0.00 0.14 0.00 0.25 3.40 0.00 3.08 0.00 0.18 0.00 1.51 3.01 2.07 3.43 0.00 0.00 0.21 0.00 0.00 1.89 2.94 1.54 0.63 2.00 2.31 0.84 0.00 3.22 0.04 2.63 0.00 1.75 2.70 1.68 0.00 2.28 0.00 0.07 0.00 2.21
42 0.00 0.67 0.46 0.42 0.00 2.66 0.00 2.87 3.36 0.00 0.32 2.73 0.77 0.00 1.09 3.22 1.02 0.91 0.00 1.82 2.77 0.00 3.05 1.30 0.35 0.07 2.73 0.77 0.32 0.07 3.12 2.63 2.56 0.00 2.42 0.00 2.07 1.16 0.18 3.15 1.82 3.50 0.00 2.66 2.70 2.35 0.00 3.15 1.30 0.35 1.30 1.65 0.00 0.18 1.82 0.00 1.30 2.42 3.08 1.23 0.00 3.29 1.79 1.33 3.15 3.01 0.95 0.35 1.65 2.45 0.00 2.87 3.29 1.09 3.15 0.00 3.36 2.87 3.15 2.70 2.87 0.00 3.43 0.00 0.00 3.01 0.46 0.00 3.22 0.00 0.53 0.00 0.07 1.05 3.12 2.07 0.18 0.00 1.37 0.00
43 0.00 1.75 1.33 0.53 2.28 1.12 0.39 0.60 0.00 2.31 0.91 0.00 0.00 3.01 1.40 0.00 0.00 0.21 0.56 0.84 2.59 0.00 3.01 1.30 3.43 2.87 2.21 0.77 2.10 1.86 0.56 0.00 0.00 1.72 0.00 0.32 0.07 3.15 1.79 2.28 2.21 3.05 2.66 0.00 2.14 2.38 3.47 0.00 2.52 0.07 3.01 0.49 1.86 1.16 3.50 1.51 1.26 0.00 1.05 2.17 0.00 0.74 0.28 1.40 0.00 0.56 0.00 1.86 0.00 1.37 3.12 2.80 1.40 0.00 3.43 1.16 0.00 3.43 1.44 0.00 2.59 1.30 2.52 1.72 0.00 0.00 0.00 1.19 2.07 2.77 2.28 0.18 2.03 0.00 0.60 2.31 3.50 2.03 1.19 3.29
44 0.67 0.00 0.60 0.00 0.95 1.33 1.33 2.63 0.00 1.65 2.66 0.00 0.00 2.42 2.52 1.16 2.70 1.72 0.95 0.49 0.00 0.00 1.61 0.00 3.43 1.09 0.74 0.00 0.42 1.68 3.01 2.31 1.93 2.66 2.70 0.60 0.25 0.04 0.81 0.00 0.00 2.56 2.70 2.14 0.00 2.07 0.00 1.47 2.94 0.28 0.00 1.12 1.12 0.42 3.22 2.00 0.00 2.70 0.53 1.05 3.15 0.25 2.07 3.08 0.21 0.11 0.00 2.31 1.72 0.25 1.82 0.00 0.00 2.80 0.00 0.00 0.00 1.05 2.84 1.61 1.89 0.88 2.52 1.93 0.49 0.00 3.01 0.11 0.00 0.00 0.00 1.68 0.56 2.10 2.38 2.42 1.02 1.30 0.56 3.50
45 2.38 0.00 0.00 2.14 2.98 0.00 0.11 0.00 0.70 0.63 0.00 1.09 2.80 0.39 2.00 0.11 0.32 0.00 1.16 1.44 2.98 1.40 1.93 0.00 0.14 0.67 2.42 1.05 2.49 2.80 0.00 0.00 0.84 3.29 0.53 1.33 2.77 3.29 2.07 0.00 3.40 0.91 2.35 2.38 2.07 0.00 1.58 0.25 1.37 0.00 1.54 2.45 0.00 0.00 0.00 0.00 2.17 1.23 2.98 0.49 0.60 0.00 2.28 1.09 0.32 1.54 0.00 1.58 0.67 2.59 1.86 0.95 1.93 1.58 0.00 1.44 2.14 2.42 0.00 0.56 0.67 3.22 0.00 0.00 3.19 1.93 0.00 2.31 2.45 1.61 3.50 1.72 3.05 0.84 0.00 0.88 2.98 2.49 2.77 2.21
46 0.49 0.74 0.00 0.00 2.31 0.28 0.46 0.00 2.94 3.12 2.03 0.00 2.21 0.60 0.00 1.86 0.88 0.07 3.50 0.70 0.56 3.36 1.19 2.70 3.47 2.66 3.05 0.00 0.84 1.47 1.09 0.00 2.10 0.00 2.03 0.00 1.58 2.98 0.91 0.00 0.00 2.17 0.00 3.47 0.00 1.58 0.00 2.31 3.40 1.65 2.10 2.70 0.00 0.84 3.40 0.00 2.49 0.00 3.43 0.00 0.07 0.00 1.68 1.65 1.61 2.70 1.47 2.14 0.00 0.84 3.05 2.31 3.47 0.00 2.52 2.31 0.49 1.96 3.08 2.35 0.00 2.17 0.70 3.47 3.33 0.81 2.07 0.00 1.96 0.00 3.40 2.24 0.00 0.00 2.28 0.11 2.70 2.10 0.14 3.19
47 2.77 0.56 3.15 0.28 2.59 0.11 0.00 2.94 2.17 2.87 1.58 1.89 0.04 2.80 0.00 0.00 1.40 0.00 2.98 0.00 1.86 3.43 0.00 2.70 2.56 0.49 0.00 3.15 2.45 2.98 2.63 1.96 2.42 0.46 0.00 1.02 1.61 0.00 0.00 0.00 0.00 3.15 3.15 0.00 1.47 0.25 2.31 0.00 0.00 0.67 0.00 2.73 0.00 0.11 3.29 2.14 1.72 0.70 0.88 0.25 0.70 2.73 0.35 1.79 0.00 2.84 1.68 1.54 2.73 1.93 0.00 0.00 2.59 0.56 0.00 0.00 1.79 3.01 0.46 0.95 3.19 0.49 0.00 3.26 0.11 3.29 0.00 0.00 0.14 0.00 1.23 1.65 1.89 3.01 2.73 1.47 0.95 2.17 2.80 0.00
48 1.93 0.00 0.00 2.63 0.95 2.38 2.10 1.37 0.00 0.63 0.00 0.42 1.23 3.15 0.00 0.46 2.66 0.04 0.39 2.52 0.00 0.95 1.51 0.25 0.00 2.17 1.89 0.00 0.00 3.40 1.23 2.87 1.26 3.36 2.31 3.33 1.44 1.86 0.00 0.00 0.67 0.88 1.30 2.52 2.94 1.37 3.40 0.00 0.00 2.49 2.45 0.56 2.10 0.53 0.95 0.00 1.79 3.33 1.58 3.36 2.21 0.00 0.81 3.08 2.10 0.00 0.98 0.00 2.38 0.88 0.00 0.00 2.87 1.61 2.45 0.00 2.70 2.17 0.00 2.77 0.00 1.58 0.00 0.74 0.00 1.96 2.56 0.88 0.00 1.37 0.04 0.63 0.32 3.33 0.32 2.17 0.98 0.28 3.36 0.60
49 0.00 1.37 2.14 0.00 0.00 0.00 0.00 2.14 3.33 0.81 0.63 2.70 1.79 2.35 0.28 2.66 0.88 2.87 3.50 1.05 0.53 0.04 0.67 0.00 1.82 1.79 0.60 1.12 0.84 0.77 1.33 0.84 0.60 1.02 2.73 0.39 0.98 0.00 0.00 2.35 2.98 2.80 0.35 0.07 0.28 0.00 1.65 0.67 2.49 0.00 1.47 2.84 0.00 1.54 0.00 2.80 1.12 2.03 1.40 3.22 2.66 0.00 1.65 3.19 2.84 3.12 3.47 2.21 0.00 0.95 3.12 2.98 0.00 0.00 0.00 0.00 0.53 0.77 0.00 3.08 1.26 0.00 0.18 1.61 0.00 2.87 0.00 2.35 2.59 0.00 0.42 2.17 0.00 0.56 0.00 2.03 0.74 1.05 2.17 1.89
50 3.50 0.00 1.82 0.14 1.16 2.49 1.58 3.47 0.98 0.00 0.70 0.00 0.00 1.54 3.43 2.66 2.56 0.00 0.00 2.28 1.40 3.12 0.91 3.47 0.00 2.49 2.14 0.28 2.35 0.00 2.66 0.00 0.04 3.50 0.00 3.08 1.58 3.36 2.66 0.07 0.00 1.86 1.30 3.01 0.00 1.54 2.10 0.00 2.45 1.47 0.00 1.86 2.42 2.73 0.42 2.10 0.49 0.00 2.87 1.58 3.15 0.00 0.00 3.12 2.91 0.49 0.00 0.74 0.00 0.00 1.33 0.00 0.18 2.21 3.12 0.00 0.00 1.30 0.00 1.09 0.00 0.81 0.32 3.33 1.02 1.23 0.00 1.72 0.77 3.26 2.63 2.45 2.94 2.84 3.36 3.19 0.00 2.21 2.70 2.10
51 0.00 0.39 0.67 1.09 0.11 0.00 1.65 2.70 1.72 2.17 1.33 2.70 0.00 2.35 3.29 0.14 2.03 0.00 2.63 0.11 2.07 2.84 2.42 0.95 3.19 0.63 0.00 1.61 0.28 1.86 0.00 2.66 3.22 0.00 2.98 0.25 0.00 0.21 0.14 1.93 3.15 2.84 1.65 0.49 1.12 2.45 2.70 2.73 0.56 2.84 1.86 0.00 2.73 0.70 1.30 2.07 0.04 0.49 0.00 1.65 0.49 3.15 2.38 0.00 0.98 1.12 1.30 0.60 2.42 2.38 0.25 0.74 1.09 0.00 1.30 0.00 2.73 3.40 1.09 2.49 0.00 0.00 0.53 0.00 0.00 1.02 0.00 0.98 1.05 0.46 0.00 3.15 1.89 0.00 3.01 3.19 1.47 0.56 0.11 1.61
52 0.00 2.28 1.93 0.00 1.40 2.59 0.00 2.42 2.21 0.88 2.28 0.00 0.00 0.00 0.00 1.12 3.40 0.00 2.14 0.00 1.65 3.36 0.28 2.63 1.96 1.26 0.00 2.31 2.70 2.45 2.63 1.72 2.03 0.00 1.58 3.15 0.00 0.00 0.00 3.36 0.56 2.56 0.00 1.86 1.12 0.00 0.00 0.00 2.10 0.00 2.42 2.73 0.00 1.65 0.39 0.56 2.21 2.28 0.67 0.98 3.08 1.75 0.84 3.22 2.21 3.50 0.39 0.77 1.96 0.49 3.43 0.00 2.56 0.77 1.65 0.56 3.50 1.33 3.47 0.00 0.00 0.00 0.00 0.00 0.91 2.21 0.14 0.00 0.00 0.88 0.00 0.00 0.00 0.04 2.10 0.46 1.51 2.80 1.75 0.04
53 2.52 1.58 3.29 0.00 0.00 2.52 0.00 2.45 2.03 0.98 0.32 0.00 1.75 0.00 0.67 0.00 3.12 2.63 2.98 2.52 0.00 2.07 0.00 3.33 2.00 0.35 0.00 3.43 0.00 0.00 0.46 0.42 0.00 2.73 0.00 1.93 2.42 1.09 0.00 0.91 3.29 3.26 0.18 1.16 0.42 0.00 0.84 0.11 0.53 1.54 2.73 0.70 1.65 0.00 1.09 1.09 2.14 0.00 0.67 3.01 1.65 0.53 2.38 0.00 1.89 0.00 1.93 0.00 0.00 3.22 1.47 2.66 0.00 2.42 0.25 0.00 1.30 0.00 2.73 2.21 1.54 0.49 0.91 2.42 0.91 1.09 0.00 1.40 1.05 0.00 1.54 0.00 2.42 2.66 2.42 3.50 2.21 0.00 0.91 0.56
54 2.66 0.07 0.56 1.33 2.94 2.00 0.70 0.77 0.28 0.00 2.31 1.96 1.19 0.67 2.03 2.63 1.72 0.60 2.17 1.09 3.01 0.42 3.26 1.26 0.53 3.05 0.00 2.91 0.00 0.00 0.00 0.74 0.00 0.00 0.00 0.00 1.96 3.22 1.79 2.87 0.00 0.00 1.82 3.50 3.22 0.00 3.40 3.29 0.95 0.00 0.42 1.30 0.39 1.09 0.00 0.00 0.39 0.14 0.32 1.65 1.68 1.72 2.21 2.63 0.00 0.81 2.17 0.42 0.81 3.47 0.70 0.39 2.98 0.77 2.21 2.00 0.07 3.15 1.40 2.14 0.00 0.00 2.07 3.40 1.89 0.77 0.00 1.89 0.00 0.00 3.33 1.68 0.00 2.66 0.00 2.07 0.00 0.00 0.00 3.50
55 3.50 0.84 0.00 2.10 3.05 0.00 0.77 1.30 3.05 0.00 0.53 0.39 2.84 0.63 3.19 2.91 3.33 0.00 0.88 0.70 2.00 2.45 0.00 1.23 0.00 0.63 2.03 0.95 0.00 1.12 2.45 3.40 0.00 3.26 2.49 0.00 1.26 0.42 3.43 3.05 0.00 2.21 0.00 1.51 2.00 0.00 0.00 2.14 0.00 2.80 2.10 2.07 0.56 1.09 0.00 0.00 0.00 0.00 1.40 1.93 0.00 3.19 1.86 0.56 2.00 2.03 2.35 0.81 3.33 2.49 0.35 0.00 0.00 0.00 1.72 0.00 1.37 0.25 2.03 0.39 0.00 2.42 3.40 1.19 0.00 2.07 1.44 1.19 0.42 3.19 0.88 0.88 1.12 1.82 1.16 0.00 0.84 0.07 3.33 2.07
56 2.73 2.59 2.63 1.16 0.00 0.00 0.00 3.43 0.00 0.53 2.28 0.00 0.00 0.91 1.05 1.93 0.21 0.00 2.10 1.93 3.26 0.00 0.04 0.00 1.54 1.02 0.00 1.30 2.00 0.11 1.79 0.00 0.00 2.00 1.05 1.93 0.70 0.84 3.08 1.58 2.03 0.00 1.30 1.26 0.00 2.17 2.49 1.72 1.79 1.12 0.49 0.04 2.21 2.14 0.39 0.00 0.00 0.00 2.42 0.25 0.67 2.31 2.42 2.42 0.63 1.30 2.56 0.74 0.42 2.87 0.00 1.65 1.96 0.60 1.37 1.96 3.29 1.89 0.25 3.22 0.00 2.98 3.19 0.46 0.00 1.30 2.77 1.44 0.00 1.75 2.49 1.09 3.05 1.12 1.30 3.12 0.00 2.21 0.42 1.79
57 0.00 1.23 1.86 0.56 3.15 0.18 1.93 1.44 1.93 3.22 1.75 2.59 3.50 0.00 2.80 2.28 0.77 0.84 2.87 0.81 2.21 0.00 1.65 0.00 2.63 0.88 2.38 2.94 0.56 0.00 0.00 3.36 3.05 0.00 0.00 3.33 1.61 2.31 0.00 0.00 0.00 0.00 2.42 0.00 2.70 1.23 0.00 0.70 3.33 2.03 0.00 0.49 2.28 0.00 0.14 0.00 0.00 0.00 1.58 2.38 2.59 2.24 0.00 2.35 0.21 0.74 0.84 1.79 0.77 1.16 0.00 2.59 0.00 0.00 1.40 0.84 2.00 0.39 3.36 0.42 0.70 3.47 0.11 0.60 0.00 2.80 2.00 1.16 0.60 1.65 0.53 0.46 0.88 1.61 0.00 2.45 3.50 0.00 1.05 0.88
58 3.50 0.00 3.15 0.04 0.84 0.00 2.59 0.00 2.52 3.19 0.00 0.00 3.29 2.03 0.00 1.16 0.00 0.07 0.00 0.21 2.94 1.09 0.00 1.54 1.19 1.09 0.07 1.82 2.66 2.94 2.66 2.31 0.00 0.49 0.84 2.07 2.24 2.42 0.00 0.00 0.60 3.33 3.08 1.05 0.53 2.98 3.43 0.88 1.58 1.40 2.87 0.00 0.67 0.67 0.32 1.40 2.42 1.58 0.00 1.30 1.40 3.36 2.66 1.12 1.79 0.67 0.00 0.98 2.28 1.19 2.70 3.43 0.00 0.00 0.00 0.00 1.19 0.00 0.18 1.82 2.38 3.43 2.35 0.32 3.36 0.67 3.12 2.84 2.03 2.66 1.93 0.63 0.00 0.74 1.93 0.91 0.00 0.00 3.29 1.89
59 3.26 0.00 0.25 2.91 1.51 2.14 1.02 0.00 1.93 3.26 1.96 1.33 0.00 1.61 0.00 1.72 0.00 2.56 0.60 2.14 3.36 0.00 1.79 0.04 0.00 0.00 1.96 0.00 3.29 0.04 0.00 1.16 1.47 2.56 3.22 1.82 0.00 0.00 2.35 0.00 3.33 0.60 1.23 2.17 1.05 0.49 0.00 0.25 3.36 3.22 1.58 1.65 0.98 3.01 1.65 1.93 0.25 2.38 1.30 0.00 1.05 2.28 1.72 2.49 0.39 0.00 0.88 0.56 2.70 2.24 0.00 0.00 2.59 2.17 2.80 2.59 0.04 1.33 1.75 0.00 0.00 2.21 0.00 1.12 0.00 3.33 0.77 3.22 1.51 1.09 3.50 0.67 0.00 0.00 3.47 2.07 0.00 2.24 0.88 0.56
60 0.00 0.88 2.00 2.45 0.98 0.00 0.00 2.94 1.89 2.87 2.00 2.00 0.53 1.86 2.38 3.22 0.00 0.00 0.00 2.98 0.91 1.82 0.00 1.65 0.00 1.75 0.39 2.38 3.12 2.73 1.61 0.00 0.00 1.75 0.00 3.19 0.00 0.00 0.00 1.05 0.88 0.00 0.00 0.00 3.15 0.60 0.07 0.70 2.21 2.66 3.15 0.49 3.08 1.65 1.68 0.00 0.67 2.59 1.40 1.05 0.00 0.81 1.16 0.00 0.00 1.89 0.00 0.00 0.60 2.91 2.98 2.10 2.14 0.91 0.74 2.35 2.21 0.00 0.00 0.00 0.25 0.84 0.00 2.24 3.12 2.87 0.00 2.21 0.18 0.00 2.31 1.09 2.52 2.94 3.29 2.24 0.00 2.49 2.28 3.50
61 2.28 3.47 1.68 0.25 0.53 0.00 1.61 0.25 2.21 0.00 2.17 3.26 0.00 0.07 2.21 2.56 1.12 1.40 0.18 2.70 1.82 2.91 2.52 1.58 0.53 0.04 0.00 2.66 0.63 1.72 0.00 0.74 0.88 2.80 1.30 1.58 2.10 0.00 0.32 2.31 0.95 0.14 3.29 0.74 0.25 0.00 0.00 2.73 0.00 0.00 0.00 3.15 1.75 0.53 1.72 3.19 2.31 2.24 3.36 2.28 0.81 0.00 2.14 0.00 1.02 3.26 0.60 1.16 0.11 0.00 0.00 2.80 1.16 0.67 3.47 1.72 2.77 0.42 0.00 3.29 1.58 2.38 0.00 0.77 1.75 2.52 1.26 1.89 1.30 1.96 1.61 1.47 1.47 3.33 2.73 1.54 0.00 3.50 0.56 0.84
62 3.15 2.31 0.00 1.33 0.11 1.26 0.00 0.18 2.45 0.28 0.00 2.31 2.66 0.14 0.88 1.23 0.67 3.33 0.00 0.00 0.00 0.70 0.00 0.11 1.09 0.00 3.08 2.80 0.00 0.00 0.74 2.00 0.35 2.84 0.00 1.37 0.28 0.00 0.00 2.07 0.00 0.00 1.79 0.28 2.07 2.28 1.68 0.35 0.81 1.65 0.00 2.38 0.84 2.38 2.21 1.86 2.42 0.00 2.66 1.72 1.16 2.14 0.00 2.70 0.11 1.72 0.00 2.21 1.02 0.00 2.14 2.66 2.28 1.75 0.00 0.00 0.00 0.00 1.23 0.00 0.28 2.70 0.63 1.26 2.00 0.53 3.36 0.35 1.54 1.51 1.93 3.36 0.00 2.00 1.26 3.05 3.29 0.39 1.30 3.33
63 3.01 3.08 2.91 2.38 0.56 2.24 2.38 1.72 0.77 0.00 2.35 1.89 0.11 0.42 1.26 3.05 0.56 2.03 0.70 1.40 1.02 2.91 2.31 0.81 2.63 0.00 2.07 0.28 2.45 0.00 0.00 2.66 0.07 0.00 2.10 0.00 0.00 0.07 1.40 0.00 3.47 0.25 1.33 1.40 3.08 1.09 1.65 1.79 3.08 3.19 3.12 0.00 3.22 0.00 2.63 0.56 2.42 2.35 1.12 2.49 0.00 0.00 2.70 0.00 0.49 1.02 2.24 2.14 1.12 0.00 0.00 0.74 3.33 2.21 0.39 0.00 0.00 0.21 0.00 1.16 2.70 1.33 1.47 0.00 2.73 0.60 3.22 1.93 3.22 1.82 1.79 3.29 2.52 0.00 3.05 1.68 0.67 0.39 2.87 3.29
64 0.91 0.91 0.00 0.00 0.14 0.95 2.10 0.00 1.33 0.00 2.21 1.33 1.79 0.00 0.39 3.05 0.00 0.00 0.00 2.17 1.96 0.74 2.24 2.94 1.40 0.00 0.00 2.28 0.63 1.79 3.26 1.33 2.35 0.53 0.11 1.65 0.67 0.95 0.56 1.86 1.40 3.40 3.15 0.00 0.21 0.32 1.61 0.00 2.10 2.84 2.91 0.98 2.21 1.89 0.00 2.00 0.63 0.21 1.79 0.39 0.00 1.02 0.11 0.49 0.00 0.00 0.00 2.87 2.87 3.29 1.54 0.14 0.00 2.03 2.42 3.01 2.98 0.00 1.26 0.32 0.00 3.29 0.28 1.82 0.00 1.16 1.44 3.01 1.26 2.87 3.05 0.04 0.00 1.05 2.94 1.37 2.31 2.03 2.42 0.60
65 1.33 2.21 1.40 1.19 2.03 0.14 1.09 1.58 0.00 0.00 0.39 0.00 0.95 0.07 0.67 2.98 1.96 1.54 0.00 0.81 0.70 2.03 3.33 1.19 1.51 0.00 0.00 1.54 1.96 2.31 0.07 0.00 0.53 0.49 1.23 1.51 0.25 1.12 2.80 2.10 3.08 0.00 3.01 0.56 0.11 1.54 2.70 2.84 0.00 3.12 0.49 1.12 3.50 0.00 0.81 2.03 1.30 0.74 0.67 0.00 1.89 3.26 1.72 1.02 0.00 0.00 3.26 0.00 0.00 0.00 2.98 1.40 1.12 0.00 0.60 0.00 0.00 0.00 1.61 1.16 1.61 0.00 0.21 0.91 1.16 0.00 0.53 3.29 2.00 1.40 0.00 0.00 3.50 0.91 0.00 2.80 0.00 2.03 0.00 3.08
66 1.93 2.45 3.22 0.46 0.00 2.28 2.66 2.35 1.44 2.24 0.00 2.14 2.35 1.40 0.00 1.51 0.14 1.54 0.00 0.00 1.68 3.47 0.00 0.00 1.37 3.12 2.07 2.07 2.24 0.95 2.80 0.00 2.80 2.52 2.56 0.98 1.12 2.38 0.00 0.07 0.14 3.08 0.95 0.00 0.00 0.00 1.47 1.68 0.98 3.47 0.00 1.30 0.39 1.93 2.17 2.35 2.56 0.84 0.00 0.88 0.00 0.60 0.00 2.24 0.00 3.26 0.00 0.00 1.68 2.59 1.02 0.00 3.19 0.00 0.91 1.09 0.00 0.53 0.00 1.75 1.61 2.45 1.51 3.22 1.30 1.86 0.00 0.00 1.09 2.77 1.33 3.19 2.66 0.00 0.00 0.00 0.00 0.00 2.94 0.32
67 0.00 0.98 1.65 2.98 2.21 0.00 0.00 3.22 0.00 2.28 3.12 2.63 3.33 2.70 2.87 0.32 1.23 0.00 3.22 1.26 0.21 0.00 0.42 3.50 0.00 3.01 2.03 0.53 0.00 3.08 2.59 1.72 1.30 3.29 0.00 3.36 2.49 1.79 0.00 0.00 0.81 0.00 0.35 1.86 2.31 1.58 2.14 1.54 0.00 2.21 0.74 0.60 0.77 0.00 0.42 0.81 0.74 1.79 0.98 0.56 0.00 1.16 2.21 2.14 2.87 0.00 0.00 0.00 2.31 0.81 1.12 1.05 0.67 0.00 0.95 0.21 1.19 3.22 1.02 0.00 0.74 2.45 1.68 0.95 0.67 0.00 3.08 2.35 1.26 0.28 0.88 2.66 1.86 3.40 3.22 3.50 2.87 0.00 3.47 0.00
68 2.77 0.49 2.70 0.00 0.00 2.87 0.91 0.49 2.56 0.00 0.00 0.25 0.00 0.32 1.72 1.65 0.46 1.30 0.00 0.00 3.15 3.01 0.49 0.00 0.00 0.00 1.65 0.00 0.00 0.11 0.00 1.02 1.68 2.52 0.60 0.00 2.66 0.70 1.75 2.31 1.96 0.18 1.65 0.00 1.72 0.67 0.00 2.73 2.38 0.00 0.00 2.42 1.96 0.00 0.81 3.33 0.42 0.77 2.28 2.70 0.60 0.11 1.02 1.12 2.87 0.00 1.68 2.31 0.00 2.10 0.74 2.24 1.65 0.53 1.47 2.80 2.10 1.26 0.00 2.35 1.58 2.10 0.00 1.72 0.25 0.00 1.61 3.08 2.84 3.26 0.00 0.00 0.81 0.00 0.42 0.00 0.00 2.00 3.29 1.75
69 3.29 0.00 1.23 0.00 0.42 0.00 0.67 0.35 0.32 1.65 2.07 0.39 1.23 0.00 3.50 2.80 0.21 0.39 2.52 0.74 2.77 0.00 3.12 1.58 0.00 0.21 2.87 0.70 1.61 3.01 2.31 0.00 2.49 0.49 1.79 1.68 0.00 1.86 2.98 3.19 3.47 0.00 2.45 1.37 0.25 2.59 0.84 1.93 0.88 0.95 0.00 2.38 0.49 3.22 3.47 2.49 2.87 1.16 1.19 2.24 2.91 0.00 0.00 0.00 3.29 0.00 2.59 0.81 2.10 0.00 1.51 1.72 0.81 2.80 3.19 1.02 2.03 0.00 1.82 0.18 0.60 1.30 0.00 3.47 0.77 0.84 0.39 0.25 3.22 0.00 3.05 2.94 2.14 0.00 3.29 2.10 2.07 0.00 1.47 3.29
70 3.22 0.98 2.49 2.31 0.60 0.39 0.00 3.33 0.04 3.50 2.84 0.67 0.00 2.35 0.14 2.10 0.00 2.91 0.00 2.80 1.05 2.52 0.46 1.33 1.26 0.53 2.45 2.21 2.87 1.40 0.56 1.47 0.00 0.00 0.04 0.00 0.18 0.00 0.28 0.00 2.14 1.51 0.00 3.12 1.82 1.86 3.05 0.00 0.00 3.12 1.33 0.25 3.43 1.47 0.70 0.35 0.00 0.00 2.70 0.00 2.98 0.00 2.14 0.00 1.54 2.98 1.02 1.12 0.74 1.51 0.00 2.94 3.36 1.58 0.00 1.33 2.45 0.00 2.84 2.14 1.16 0.00 0.00 0.00 0.00 2.84 0.00 2.56 1.58 3.05 0.00 0.00 0.00 2.14 2.38 0.00 2.73 1.40 1.79 2.49
71 2.63 0.00 3.36 0.11 0.88 0.49 2.28 0.63 1.16 1.16 2.59 0.39 0.00 2.63 0.00 1.86 0.84 3.26 0.88 1.40 1.19 0.46 0.88 0.00 3.15 3.47 0.00 0.00 0.46 0.21 0.11 2.45 2.56 0.00 0.00 3.29 2.77 2.52 0.00 0.00 0.60 3.01 2.87 2.80 0.00 0.95 2.31 0.00 0.00 2.98 0.00 0.74 0.00 2.66 0.39 0.00 1.65 2.59 3.43 0.00 2.10 2.80 2.66 0.74 0.14 1.40 0.00 1.05 2.24 1.72 2.94 0.00 2.14 0.00 2.03 0.00 2.84 1.37 0.00 0.98 2.42 0.39 0.00 1.82 2.28 1.16 0.00 3.40 0.00 2.42 0.00 1.68 1.58 1.40 1.82 0.32 0.42 0.00 0.00 0.74
72 0.28 2.73 2.45 0.00 3.05 3.19 0.00 3.33 0.14 1.89 2.17 0.00 1.09 1.72 0.32 1.93 0.00 0.00 0.04 0.28 2.63 3.33 3.40 2.70 2.03 0.28 0.00 2.45 0.98 2.10 0.21 2.49 0.00 0.07 0.39 2.35 1.37 2.14 1.82 0.00 0.42 2.07 3.29 1.40 0.00 1.93 3.47 2.59 2.87 0.00 0.18 1.09 2.56 0.00 2.98 0.00 1.96 0.00 0.00 2.59 2.14 1.16 2.28 3.33 0.00 1.12 3.19 0.67 1.65 0.81 3.36 2.14 0.00 1.79 1.58 0.00 0.00 3.40 0.00 3.43 0.00 1.65 2.21 3.43 0.21 0.07 2.21 0.00 0.00 1.68 1.89 0.00 1.89 2.07 3.47 0.00 3.29 1.79 1.51 0.00
73 2.73 3.22 0.32 0.00 3.50 1.75 3.50 3.50 2.98 2.03 1.75 2.38 0.00 0.95 0.14 2.28 1.47 2.35 3.15 0.00 1.30 1.58 0.00 0.00 0.42 0.21 0.00 2.35 0.98 0.00 1.16 2.77 1.40 0.95 2.73 2.42 0.00 0.95 0.00 2.94 1.51 3.43 1.09 0.00 2.80 1.58 0.00 0.56 1.61 0.00 2.21 0.00 0.77 2.42 0.77 0.00 0.60 0.00 0.00 2.17 0.91 0.67 1.75 2.21 2.03 0.00 0.00 0.00 0.53 2.80 1.58 0.00 1.79 0.00 2.73 3.05 1.02 0.21 2.35 0.11 1.68 0.21 1.82 0.00 0.11 1.72 1.37 0.00 2.17 0.00 1.82 0.00 0.07 1.96 1.58 2.94 0.00 0.00 3.47 2.91
74 2.63 3.29 0.00 0.00 1.82 0.32 0.00 2.73 0.74 2.10 3.22 1.02 3.15 3.12 2.07 3.40 0.39 0.25 1.79 1.44 0.00 2.98 0.00 0.32 2.98 3.29 0.00 3.22 2.14 1.65 0.39 0.00 1.72 1.37 0.00 3.15 3.33 3.05 0.00 1.33 2.21 0.00 3.15 3.43 0.00 0.00 2.52 0.00 2.45 0.00 3.12 1.30 1.65 0.25 2.21 1.72 1.37 1.40 0.00 2.80 0.74 3.47 0.00 0.39 2.42 0.60 0.91 0.95 1.47 3.19 0.00 2.03 1.58 2.73 0.00 0.00 0.00 0.00 3.40 0.07 0.21 0.00 0.77 1.79 3.01 3.08 0.46 1.75 2.94 2.56 0.11 2.24 0.77 0.11 3.19 0.00 0.00 3.12 0.00 3.05
75 1.54 3.50 3.15 0.35 0.00 0.56 0.00 2.14 2.45 2.49 1.37 1.65 1.19 0.95 3.40 0.00 2.73 2.21 1.86 3.43 3.15 1.44 0.00 1.58 2.00 0.00 1.79 1.44 3.01 0.00 0.60 1.61 0.00 0.00 0.18 0.00 0.00 0.00 0.00 0.00 0.60 0.00 0.00 1.16 0.00 1.44 2.31 0.00 0.00 0.00 0.00 0.00 0.56 0.00 2.00 0.00 1.96 0.84 0.00 2.59 2.35 1.72 0.00 0.00 3.01 0.00 1.09 0.21 2.80 1.02 1.33 0.00 0.00 3.05 0.00 0.00 0.00 0.00 0.00 1.51 0.74 2.24 1.23 0.00 0.32 1.68 0.00 0.00 0.70 0.67 0.00 0.63 0.11 2.38 3.29 2.31 1.75 2.87 0.00 1.44
76 0.14 2.28 2.00 0.70 0.00 2.00 1.93 0.00 3.19 0.39 0.18 0.00 0.00 1.37 1.26 1.89 1.44 1.16 0.00 2.91 0.95 1.96 3.08 0.00 0.35 0.28 0.00 2.98 2.24 0.00 0.18 2.21 3.19 3.08 1.61 0.00 2.00 1.89 0.00 1.12 0.88 0.21 3.36 0.00 0.00 2.14 0.49 1.79 2.70 0.53 0.00 2.73 3.50 1.30 0.07 1.37 3.29 2.00 1.19 0.04 2.21 2.77 0.00 0.00 2.98 0.00 0.00 1.19 2.10 2.03 2.45 2.84 0.00 1.02 0.00 0.00 0.00 1.82 2.84 2.87 1.26 2.77 1.30 0.00 1.30 3.22 0.00 2.38 3.43 3.01 2.28 2.80 1.96 1.89 3.19 0.00 0.49 2.59 0.00 0.32
77 0.00 1.65 1.79 0.00 0.49 1.82 3.36 0.88 1.47 0.00 0.32 0.00 1.26 0.46 2.21 0.00 0.77 2.07 1.40 0.00 1.65 0.60 0.28 1.37 2.10 2.17 0.00 0.74 2.03 3.01 0.49 0.60 1.05 0.00 1.89 0.84 0.00 0.00 3.15 3.12 0.04 0.00 2.87 3.43 1.05 2.42 1.96 3.01 2.17 0.77 1.30 3.40 1.33 0.00 3.15 0.25 1.89 0.39 0.00 1.33 0.00 0.42 0.00 0.21 0.00 0.00 0.53 3.22 1.26 0.00 0.00 1.37 3.40 0.21 0.00 0.00 1.82 0.00 3.05 1.51 2.45 2.98 0.00 0.00 2.80 0.84 3.50 1.37 1.79 2.21 1.12 0.00 0.07 0.00 2.38 1.96 0.00 3.40 0.00 0.88
78 0.32 2.77 0.00 0.39 2.14 2.38 3.43 3.43 0.00 0.00 0.00 0.91 0.84 0.00 1.12 1.93 0.00 1.86 0.00 1.61 0.00 3.29 0.00 0.00 2.10 2.49 1.44 2.80 0.60 1.44 0.00 3.29 3.36 2.73 0.53 0.14 3.12 0.07 0.77 3.43 2.73 0.00 3.15 1.44 2.84 0.00 3.08 0.46 0.00 0.00 0.00 1.09 3.47 2.73 1.40 2.03 0.25 3.36 0.18 1.75 0.00 0.00 1.23 0.00 1.26 1.61 0.00 1.02 0.00 1.82 2.84 0.00 0.00 2.35 3.40 0.00 2.84 3.05 0.00 0.00 0.00 1.79 0.00 1.93 1.51 2.14 2.45 0.35 0.07 2.03 3.15 0.11 2.70 1.37 3.47 0.00 0.07 1.37 2.94 0.42
79 1.68 3.15 1.72 2.84 2.52 2.45 0.07 1.72 2.63 2.31 2.10 1.12 0.42 1.44 1.37 1.02 2.52 2.45 2.31 2.94 1.82 0.21 0.81 2.28 0.00 2.24 2.17 0.00 2.00 0.00 0.25 2.56 3.01 0.18 3.05 0.77 2.77 3.29 0.49 2.03 0.00 1.89 2.70 0.00 1.61 0.56 2.35 0.95 2.77 3.08 1.09 2.49 0.00 2.21 2.14 0.39 3.22 0.42 1.82 0.00 0.00 3.29 0.00 1.16 0.32 1.16 1.75 0.00 2.35 0.18 2.14 0.98 3.43 0.11 0.07 1.51 2.87 1.51 0.00 0.00 0.00 0.18 0.00 2.03 2.59 0.00 0.39 1.02 0.00 2.91 0.00 0.00 1.58 3.40 2.49 2.73 1.33 0.00 0.00 2.31
80 0.00 3.08 1.68 0.00 0.00 0.91 0.00 0.00 0.25 0.56 3.01 2.91 1.54 0.04 0.00 0.95 2.73 0.95 2.14 1.37 0.95 0.63 1.40 0.21 3.19 2.66 1.44 0.00 2.98 3.01 1.82 2.17 0.00 2.87 0.00 0.00 0.00 2.91 2.94 0.00 2.98 2.94 2.87 2.59 1.89 0.67 0.00 3.19 0.00 1.26 0.00 0.00 0.00 1.54 0.00 0.00 0.00 0.70 2.38 0.00 0.25 1.58 0.28 2.70 0.00 1.61 1.61 0.74 1.58 0.60 1.16 2.42 0.00 1.68 0.21 0.74 1.26 2.45 0.00 0.00 0.00 0.04 0.95 1.23 1.54 1.58 0.00 2.35 1.16 2.38 0.00 0.14 2.59 2.21 2.52 3.05 2.42 2.84 2.03 1.89
81 1.93 0.00 0.00 0.39 3.29 2.31 0.60 0.00 2.94 1.51 0.60 1.33 0.00 0.00 0.39 0.00 3.47 1.54 0.39 2.24 0.49 0.00 3.19 0.00 3.40 2.38 0.00 0.04 1.93 2.77 1.33 2.00 1.12 3.47 0.00 0.00 1.79 0.95 1.96 0.28 0.42 1.54 0.00 1.30 0.88 3.22 2.17 0.49 1.58 0.00 0.81 0.00 0.00 0.49 0.00 2.42 2.98 3.47 3.43 2.21 0.84 2.38 2.70 1.33 3.29 0.00 2.45 2.45 2.10 1.30 0.00 0.39 1.65 0.21 0.00 2.24 2.77 2.98 1.79 0.18 0.04 0.00 1.75 0.46 0.00 0.25 3.15 0.00 1.02 0.00 3.19 0.00 1.26 2.63 0.21 0.00 3.26 1.68 2.10 3.22
82 0.67 0.63 0.00 0.00 1.47 2.73 0.07 2.56 1.54 3.33 0.00 0.95 0.56 1.37 0.28 2.66 3.15 0.00 1.82 0.42 0.00 1.33 0.28 0.53 1.65 1.12 1.72 0.14 1.23 2.03 0.00 0.00 2.66 1.16 0.00 1.33 0.00 0.91 1.96 2.80 0.00 0.63 3.43 2.52 2.52 0.00 0.70 0.00 0.00 0.18 0.32 0.53 0.00 0.91 2.07 3.40 3.19 0.11 2.35 0.00 0.00 0.00 0.63 1.47 0.28 0.21 1.51 1.68 0.00 0.00 0.00 0.00 2.21 1.82 0.77 1.23 1.30 0.00 0.00 0.00 0.95 1.75 0.00 3.47 2.94 0.00 0.00 0.60 3.22 2.07 2.00 1.51 1.23 0.00 1.89 1.44 3.05 3.40 0.00 1.05
83 0.81 0.77 0.00 0.32 2.10 2.59 2.91 0.42 1.23 1.23 0.00 2.38 2.80 0.46 1.19 2.87 3.12 0.00 1.30 0.11 0.39 0.00 1.33 0.00 1.19 0.00 2.73 1.86 2.17 1.26 2.94 1.09 0.00 3.33 0.00 1.40 2.14 2.45 1.89 3.43 0.00 2.00 0.00 1.72 1.93 0.00 3.47 3.26 0.74 1.61 3.33 0.00 0.00 2.42 3.40 1.19 0.46 0.60 0.32 1.12 2.24 0.77 1.26 0.00 1.82 0.91 3.22 0.95 1.72 3.47 0.00 1.82 3.43 0.00 1.79 0.00 0.00 0.00 1.93 2.03 1.23 0.46 3.47 0.00 1.16 3.05 2.98 1.40 0.00 3.08 1.89 1.44 2.24 2.66 2.21 2.31 0.42 3.43 2.56 3.47
84 3.08 0.00 0.14 0.21 0.00 1.89 3.08 3.12 0.35 0.00 0.00 2.00 0.00 0.04 0.49 2.35 2.42 0.00 0.88 0.00 0.00 0.39 2.70 2.45 1.82 2.63 0.74 3.29 1.96 3.47 3.01 0.74 2.10 2.42 0.70 0.00 0.00 0.60 2.52 0.00 2.38 2.31 0.00 0.00 0.49 3.19 3.33 0.11 0.00 0.00 1.02 0.00 0.91 0.91 1.89 0.00 0.00 0.00 3.36 0.00 3.12 1.75 2.00 2.73 0.00 1.16 1.30 0.67 0.25 0.77 0.00 2.28 0.21 0.11 3.01 0.32 1.30 2.80 1.51 2.59 1.54 0.00 2.94 1.16 0.00 0.00 0.53 2.73 1.86 2.84 1.68 0.39 1.79 0.00 1.96 0.00 1.26 0.00 0.11 1.30
85 0.81 0.00 1.89 0.14 1.75 2.14 1.61 0.56 0.00 3.50 1.02 2.80 2.56 2.59 0.00 0.60 0.00 2.21 3.50 0.91 0.74 3.43 0.00 0.00 0.00 1.37 3.29 0.00 3.33 1.79 0.60 0.00 2.73 0.04 2.42 3.40 3.19 3.43 2.17 3.40 2.24 0.84 3.01 0.00 0.00 1.93 0.81 3.29 1.96 2.87 1.23 1.02 2.21 1.09 0.77 2.07 1.30 2.80 0.67 3.33 2.87 2.52 0.53 0.60 1.16 0.00 1.86 0.00 0.00 0.84 2.84 1.16 0.07 1.72 3.08 1.68 3.22 0.84 2.14 0.00 1.58 0.25 0.00 3.05 0.00 0.00 0.53 3.05 2.52 0.00 0.00 3.19 0.00 1.54 0.07 2.17 3.36 2.10 0.00 1.16
86 0.00 0.56 0.70 3.15 0.00 2.66 2.49 0.00 2.73 0.00 0.00 0.49 0.39 2.66 1.16 0.00 2.94 0.70 0.00 1.33 2.10 2.70 2.59 0.84 0.60 1.23 2.87 2.38 0.00 0.00 0.00 3.08 1.30 0.00 1.30 0.00 1.16 0.42 0.00 0.70 0.39 0.00 0.46 0.00 3.01 0.00 2.07 0.00 2.56 0.00 0.00 0.00 0.14 0.00 0.00 1.44 2.77 2.00 3.12 0.77 0.00 1.26 3.36 3.22 1.44 0.53 0.00 3.08 1.61 0.39 0.00 0.00 2.21 1.37 0.46 0.00 0.00 3.50 2.45 0.39 0.00 3.15 0.00 2.98 0.53 0.53 0.00 0.00 0.63 0.00 0.04 2.63 1.58 2.66 0.00 0.00 2.35 0.18 0.67 0.46
87 3.01 0.00 2.00 0.00 0.95 1.96 1.54 2.10 0.00 0.60 0.74 1.19 0.00 2.98 2.28 2.07 0.00 2.77 0.49 2.73 1.72 2.98 3.26 1.75 0.00 2.80 0.00 2.24 1.72 0.25 1.37 1.86 2.03 0.00 0.00 0.14 2.38 1.51 2.17 3.29 1.02 3.22 0.00 1.19 0.11 2.31 0.00 0.00 0.88 2.35 1.72 0.98 0.00 1.40 1.89 1.19 1.44 1.16 2.84 3.22 2.21 1.89 0.35 1.93 3.01 3.29 0.00 2.35 3.08 0.25 2.56 3.40 0.00 0.00 1.75 0.00 2.38 1.37 0.35 1.02 2.35 0.00 0.60 1.40 2.73 3.05 0.00 0.00 3.15 0.28 1.30 2.24 0.00 0.35 0.35 0.63 0.00 2.63 0.60 0.00
88 1.09 0.95 3.15 2.10 0.74 2.98 1.72 0.00 0.00 1.12 0.11 1.23 3.05 0.00 0.00 1.82 2.31 0.56 0.00 1.79 1.51 3.40 0.18 0.98 0.70 3.47 2.63 0.67 0.00 0.60 3.22 0.42 0.00 0.00 0.63 0.56 1.40 0.00 1.54 3.15 1.02 0.04 3.22 2.07 0.00 2.45 1.96 0.14 0.00 2.59 0.77 1.05 0.00 1.05 0.00 0.42 0.00 0.60 2.03 1.51 0.18 1.30 1.54 3.22 1.26 2.00 1.09 1.26 2.84 3.22 1.58 0.00 0.00 2.17 2.94 0.70 3.43 1.79 0.07 0.00 1.16 1.02 3.22 0.00 1.86 2.52 0.63 3.15 0.00 0.00 0.00 0.00 2.24 0.00 0.00 3.29 0.00 1.75 0.77 0.00
89 0.95 1.75 2.42 0.77 3.36 0.28 0.00 2.59 0.00 0.00 1.44 0.00 2.94 0.00 2.03 0.49 2.07 0.07 1.09 1.26 0.00 0.42 1.05 0.00 0.00 0.11 1.19 1.82 2.00 0.00 2.98 1.02 0.00 0.00 1.23 0.00 3.26 0.00 0.00 0.11 3.26 2.63 0.00 2.77 0.00 1.61 0.00 0.00 1.37 0.00 3.26 0.46 0.88 0.00 0.00 3.19 1.75 1.65 2.66 1.09 0.00 1.96 1.51 1.82 2.87 1.40 2.77 0.28 3.26 0.00 3.05 2.42 1.68 0.00 2.56 0.67 3.01 2.21 2.03 2.91 2.38 0.00 2.07 3.08 2.84 0.00 0.00 0.28 0.00 0.00 0.21 0.00 0.00 3.29 1.79 3.47 0.00 0.95 3.47 1.16
90 0.00 1.44 0.63 0.53 0.18 2.21 2.70 0.00 2.77 2.21 2.52 3.01 3.19 0.60 3.26 0.00 2.84 1.72 0.00 0.07 0.00 2.49 0.00 0.00 1.61 3.05 1.44 2.56 1.47 0.00 0.00 1.12 0.00 0.18 1.26 1.72 1.65 1.82 1.26 0.00 2.24 0.00 0.53 2.28 0.00 3.50 3.40 1.23 0.04 0.42 2.63 0.00 0.00 1.54 3.33 0.88 2.49 0.53 1.93 3.50 2.31 1.61 1.93 1.79 3.05 0.00 1.33 0.88 0.00 3.05 0.00 0.00 1.89 1.82 0.11 0.00 2.28 1.12 3.15 0.00 0.00 3.19 2.00 1.89 1.68 0.00 0.04 1.30 0.00 0.21 0.00 0.18 0.07 0.00 0.53 0.00 1.19 3.50 0.53 2.28
91 3.22 0.00 1.37 0.00 2.03 0.56 0.18 2.28 0.21 2.49 2.10 0.00 3.43 0.00 0.00 0.11 0.00 2.49 0.00 1.23 0.00 0.00 2.35 0.00 0.39 1.54 0.00 2.35 0.00 3.40 0.00 3.12 0.77 2.07 2.00 2.52 2.59 1.19 0.00 0.00 1.96 1.75 0.00 0.18 1.68 1.72 2.24 1.65 0.63 2.17 2.45 3.15 0.00 0.00 1.68 0.88 1.09 0.46 0.63 0.67 1.09 1.47 3.36 3.29 0.04 0.00 3.19 2.66 0.00 2.94 0.00 1.68 0.00 0.00 2.24 0.63 2.80 0.00 0.11 0.00 0.14 0.00 1.51 1.44 0.39 3.19 2.63 2.24 0.00 0.00 0.18 0.00 0.49 2.24 2.42 3.36 0.39 1.30 2.91 0.42
92 0.00 2.14 0.49 2.94 1.68 1.26 0.00 0.00 0.00 0.67 0.74 0.63 2.59 2.52 0.00 0.00 3.22 0.04 0.00 3.29 3.08 3.01 0.00 0.14 1.19 3.15 3.22 0.88 0.00 2.42 0.00 2.63 2.63 1.37 0.07 0.00 0.11 0.28 0.81 3.43 1.12 2.70 0.07 2.03 0.56 3.05 0.00 1.89 0.32 0.00 2.94 1.89 0.00 2.42 0.00 1.12 3.05 0.88 0.00 0.00 2.52 1.47 0.00 2.52 0.00 3.50 2.66 1.86 0.81 2.14 0.00 1.58 1.89 0.07 0.77 0.11 1.96 0.07 2.70 1.58 2.59 1.26 1.23 2.24 1.79 0.00 1.58 0.00 2.24 0.00 0.07 0.49 0.00 2.56 0.00 1.33 0.00 0.95 0.00 2.49
93 3.36 1.86 3.33 0.53 2.49 3.12 3.40 0.00 1.33 1.47 0.00 2.77 1.16 1.61 0.00 0.88 0.00 2.56 1.16 1.30 2.24 0.00 1.68 2.56 0.49 1.72 0.91 3.08 1.44 0.00 2.03 0.21 2.98 0.00 0.39 1.40 1.79 2.45 0.00 2.35 0.49 1.68 1.05 0.00 2.10 0.84 0.00 3.01 3.33 0.56 2.84 0.00 0.04 2.66 2.66 1.82 1.12 1.61 0.74 0.00 2.94 3.33 2.00 0.00 1.05 0.91 0.00 3.40 0.00 0.00 2.14 1.40 2.07 1.96 0.11 2.38 1.89 0.00 1.37 3.40 2.21 2.63 0.00 2.66 0.00 1.54 2.66 0.35 0.00 3.29 0.00 2.24 2.56 0.00 3.47 3.01 0.81 2.17 1.47 0.00
94 1.40 3.08 0.60 2.10 0.00 2.52 3.40 0.67 0.00 1.96 1.68 2.66 1.75 0.70 0.00 2.87 1.82 0.00 2.00 1.89 3.36 0.04 0.00 2.31 1.33 0.39 0.00 2.70 2.10 0.04 2.03 0.00 3.01 1.09 3.08 0.18 3.36 2.63 3.08 2.17 3.22 0.00 3.12 0.60 2.38 0.00 2.28 2.73 0.32 0.00 3.36 3.01 2.10 2.42 0.00 1.16 1.30 0.00 1.93 3.47 3.29 2.73 1.26 3.05 2.94 0.00 0.00 3.22 0.42 3.29 2.38 1.82 3.47 1.58 3.19 3.29 3.19 2.38 3.47 2.49 2.52 0.21 1.89 2.21 1.96 0.07 0.00 0.35 0.00 1.79 0.53 2.42 0.00 3.47 0.00 1.05 1.30 0.04 2.80 0.00
95 2.56 2.84 0.00 2.31 2.07 1.19 0.91 2.94 2.66 3.22 1.19 1.89 3.33 0.04 1.09 0.42 0.00 0.00 3.26 2.59 0.56 1.37 1.23 0.00 0.00 2.73 2.98 1.82 0.46 1.75 0.60 0.00 1.86 0.70 0.00 0.00 0.00 3.40 2.73 0.00 0.00 2.28 2.07 2.31 2.42 0.88 0.11 1.47 2.17 2.03 3.19 3.19 0.46 3.50 2.07 0.00 3.12 2.45 0.91 2.07 2.24 1.54 3.05 1.68 1.37 2.80 0.00 3.50 0.00 2.10 0.00 0.32 0.00 2.94 0.00 2.31 0.00 1.96 0.00 2.73 3.05 0.00 1.44 2.31 0.00 2.17 0.00 0.63 3.29 3.47 0.00 3.36 1.33 3.01 1.05 0.00 1.05 0.77 1.16 3.01
96 2.45 1.05 1.02 1.93 3.33 1.23 2.59 0.21 0.14 2.45 1.82 2.35 1.12 0.00 3.47 0.18 2.17 1.47 1.61 0.74 3.43 1.61 2.59 0.00 1.12 2.00 2.98 0.46 1.12 0.42 0.53 0.25 0.18 0.00 0.00 1.44 0.00 0.00 3.29 0.00 1.23 0.00 0.18 3.50 1.02 2.98 2.70 0.95 0.98 0.74 0.00 1.47 1.51 2.21 0.00 0.84 0.00 3.50 0.00 0.00 0.00 0.00 3.29 0.67 2.31 0.00 0.00 2.87 0.00 2.07 2.73 0.42 3.29 0.00 0.00 1.75 0.49 0.00 0.07 1.33 2.42 3.26 3.05 0.42 1.26 3.36 2.35 0.00 0.00 0.00 1.19 0.39 0.00 0.81 1.30 1.05 0.00 2.28 1.23 3.12
97 3.08 3.33 3.08 0.00 2.14 2.24 2.24 3.33 0.21 1.96 2.63 2.59 2.00 0.60 1.75 2.87 0.91 1.30 2.07 2.07 1.12 0.81 0.32 0.00 0.60 0.00 0.00 2.94 1.12 3.08 0.00 1.68 0.60 2.24 0.39 3.40 0.00 0.81 0.00 1.05 0.00 0.07 0.00 2.03 1.30 2.49 2.10 2.17 0.28 1.05 2.21 0.56 2.80 0.00 0.00 0.07 2.21 0.00 0.00 2.24 2.49 3.50 0.39 0.39 2.03 2.03 0.00 0.00 2.00 0.00 1.40 0.00 1.79 0.00 3.12 2.87 2.59 3.40 1.37 0.00 2.84 1.68 3.40 3.43 0.00 2.10 0.18 2.63 1.75 0.95 3.50 1.30 0.95 2.17 0.04 0.77 2.28 0.00 0.00 1.72
98 0.00 0.32 0.00 0.00 0.11 1.16 0.67 2.94 2.73 0.00 0.63 0.00 1.19 0.00 2.38 1.61 1.16 2.91 1.79 0.39 0.60 2.42 0.49 1.26 0.00 0.00 1.72 3.33 3.01 1.93 1.33 2.28 0.00 0.00 2.84 2.31 3.01 1.19 0.00 3.43 2.98 0.00 1.37 1.19 0.56 2.77 0.14 2.80 3.36 2.17 2.70 0.11 1.75 0.91 0.00 3.33 0.42 1.05 3.29 0.88 2.28 0.56 1.30 2.87 2.42 0.00 2.94 3.47 3.29 1.47 1.79 0.00 1.51 3.47 0.00 0.00 0.00 0.00 2.94 0.00 2.03 2.10 0.00 2.56 0.11 0.00 0.67 0.60 0.77 3.47 0.53 2.91 0.00 1.47 2.80 1.16 1.23 0.00 0.00 0.00
99 0.77 0.00 0.14 2.31 0.00 1.72 0.00 2.98 2.91 3.08 0.07 0.60 0.70 0.00 1.79 0.00 0.74 1.12 2.42 1.54 0.81 0.98 2.42 2.98 0.00 0.00 3.43 1.93 1.09 2.70 0.25 2.42 0.07 2.98 0.00 0.88 1.65 2.73 0.91 0.00 2.07 2.21 0.00 3.29 3.50 2.21 3.19 0.00 0.60 1.89 2.10 1.61 0.04 0.56 3.50 2.07 1.79 0.88 1.89 0.56 3.50 0.84 3.33 3.29 0.60 3.08 0.32 0.00 1.75 3.29 2.49 0.74 0.00 2.91 3.05 1.44 0.32 0.88 0.42 2.31 1.89 3.22 1.05 3.47 1.30 1.16 0.46 0.00 0.00 1.16 2.28 0.42 2.49 0.00 0.00 3.01 3.12 1.72 0.00 0.00

ITEMS
nominal_profits 92.00 19.00 30.00 23.00 49.00 0.00 88.00 10.00 0.00 45.00 0.00 0.00 19.00 53.00 99.00 93.00 9.00 0.00 0.00 10.00 18.00 54.00 32.00 7.00 81.00 32.00 18.00 0.00 48.00 41.00 0.00 21.00 59.00 3.00 0.00 0.00 15.00 18.00 20.00 43.00 74.00 39.00 53.00 40.00 62.00 79.00 90.00 0.00 11.00 77.00 0.00 74.00 76.00 0.00 40.00 22.00 14.00 22.00 20.00 52.00 15.00 33.00 89.00 95.00 41.00 12.00 53.00 3.00 0.00 0.00 1.00 6.00 0.00 54.00 0.00 0.00 25.00 5.00 52.00 0.00 0.00 50.00 86.00 72.00 82.00 44.00 0.00 88.00 51.00 1.00 0.00 42.00 9.00 0.00 13.00 0.00 0.00 86.00 77.00 0.00
weights 27 25 32 35 24 15 19 29 38 6 45 11 34 41 38 28 4 39 36 29 1 41 34 3 15 22 35 42 19 45 23 18 21 40 23 38 27 49 18 24 50 40 14 25 12 29 38 16 45 9 48 50 39 23 15 17 48 34 43 46 42 39 21 16 9 31 48 19 6 31 50 19 43 9 29 48 36 31 39 14 37 46 40 46 50 33 10 41 18 1 17 8 43 1 40 44 22 45 20 14
capacity 382
k_max 31

COMMENTS
original_pairwise_profits
0 0.00 14.00 12.00 93.00 5.00 94.00 17.00 0.00 46.00 0.00 0.00 82.00 94.00 0.00 86.00 31.00 0.00 0.00 89.00 0.00 73.00 73.00 81.00 44.00 0.00 0.00 30.00 66.00 0.00 37.00 42.00 31.00 84.00 13.00 45.00 84.00 1.00 27.00 10.00 44.00 96.00 33.00 0.00 0.00 19.00 68.00 14.00 79.00 55.00 0.00 100.00 0.00 0.00 72.00 76.00 100.00 78.00 0.00 100.00 93.00 0.00 65.00 90.00 86.00 26.00 38.00 55.00 0.00 79.00 94.00 92.00 75.00 8.00 78.00 75.00 44.00 4.00 0.00 9.00 48.00 0.00 55.00 19.00 23.00 88.00 23.00 0.00 86.00 31.00 27.00 0.00 92.00 0.00 96.00 40.00 73.00 70.00 88.00 0.00 22.00
1 14.00 0.00 8.00 0.00 0.00 91.00 0.00 3.00 39.00 54.00 85.00 89.00 55.00 73.00 3.00 74.00 74.00 51.00 0.00 81.00 48.00 0.00 71.00 81.00 66.00 43.00 87.00 15.00 79.00 74.00 26.00 0.00 31.00 17.00 54.00 39.00 0.00 3.00 5.00 4.00 64.00 11.00 19.00 50.00 0.00 0.00 21.00 16.00 0.00 39.00 0.00 11.00 65.00 45.00 2.00 24.00 74.00 35.00 0.00 0.00 25.00 99.00 66.00 88.00 26.00 63.00 70.00 28.00 14.00 0.00 28.00 0.00 78.00 92.00 94.00 100.00 65.00 47.00 79.00 90.00 88.00 0.00 18.00 22.00 0.00 0.00 16.00 0.00 27.00 50.00 41.00 0.00 61.00 53.00 88.00 81.00 30.00 95.00 9.00 0.00
2 12.00 8.00 0.00 25.00 96.00 4.00 77.00 32.00 68.00 6.00 12.00 0.00 51.00 3.00 0.00 0.00 0.00 71.00 72.00 57.00 10.00 6.00 50.00 0.00 28.00 0.00 47.00 68.00 0.00 0.00 59.00 51.00 25.00 5.00 4.00 67.00 86.00 42.00 0.00 56.00 93.00 60.00 13.00 38.00 17.00 0.00 0.00 90.00 0.00 61.00 52.00 19.00 55.00 94.00 16.00 0.00 75.00 53.00 90.00 7.00 57.00 48.00 0.00 83.00 0.00 40.00 92.00 47.00 77.00 35.00 71.00 96.00 70.00 9.00 0.00 90.00 57.00 51.00 0.00 49.00 48.00 0.00 0.00 0.00 4.00 54.00 20.00 57.00 90.00 69.00 18.00 39.00 14.00 95.00 17.00 0.00 29.00 88.00 0.00 4.00
3 93.00 0.00 25.00 0.00 44.00 40.00 0.00 27.00 19.00 22.00 0.00 0.00 11.00 77.00 12.00 0.00 28.00 99.00 39.00 0.00 0.00 11.00 0.00 57.00 42.00 86.00 65.00 38.00 81.00 62.00 7.00 63.00 45.00 28.00 0.00 8.00 36.00 35.00 15.00 16.00 0.00 91.00 12.00 15.00 0.00 61.00 0.00 8.00 75.00 0.00 4.00 31.00 0.00 0.00 38.00 60.00 33.00 16.00 1.00 83.00 70.00 7.00 38.00 68.00 0.00 34.00 13.00 85.00 0.00 0.00 66.00 3.00 0.00 0.00 0.00 10.00 20.00 0.00 11.00 81.00 0.00 11.00 0.00 9.00 6.00 4.00 90.00 0.00 60.00 22.00 15.00 0.00 84.00 15.00 60.00 66.00 55.00 0.00 0.00 66.00
4 5.00 0.00 96.00 44.00 0.00 0.00 43.00 21.00 96.00 23.00 0.00 38.00 53.00 13.00 0.00 6.00 6.00 0.00 41.00 2.00 64.00 64.00 57.00 24.00 92.00 29.00 26.00 61.00 54.00 81.00 95.00 57.00 93.00 50.00 43.00 47.00 31.00 84.00 85.00 51.00 0.00 0.00 0.00 65.00 27.00 85.00 66.00 74.00 27.00 0.00 33.00 3.00 40.00 0.00 84.00 87.00 0.00 90.00 24.00 43.00 28.00 15.00 3.00 16.00 4.00 58.00 0.00 63.00 0.00 12.00 17.00 25.00 87.00 100.00 52.00 0.00 0.00 14.00 61.00 72.00 0.00 94.00 42.00 60.00 0.00 50.00 0.00 27.00 21.00 96.00 5.00 58.00 48.00 71.00 0.00 59.00 95.00 61.00 3.00 0.00
5 94.00 91.00 4.00 40.00 0.00 0.00 0.00 13.00 0.00 91.00 72.00 62.00 0.00 0.00 51.00 58.00 0.00 5.00 41.00 0.00 78.00 65.00 0.00 34.00 25.00 1.00 0.00 0.00 85.00 14.00 9.00 41.00 0.00 95.00 70.00 0.00 25.00 53.00 82.00 24.00 99.00 19.00 76.00 32.00 38.00 0.00 8.00 3.00 68.00 0.00 71.00 0.00 74.00 72.00 57.00 0.00 0.00 5.00 0.00 61.00 0.00 0.00 36.00 64.00 27.00 4.00 65.00 0.00 82.00 0.00 11.00 14.00 91.00 50.00 9.00 16.00 57.00 52.00 68.00 70.00 26.00 66.00 78.00 74.00 54.00 61.00 76.00 56.00 85.00 8.00 63.00 16.00 36.00 89.00 72.00 34.00 35.00 64.00 33.00 49.00
6 17.00 0.00 77.00 0.00 43.00 0.00 0.00 0.00 84.00 41.00 15.00 69.00 15.00 0.00 82.00 14.00 52.00 0.00 64.00 71.00 41.00 52.00 15.00 75.00 97.00 0.00 33.00 36.00 2.00 51.00 53.00 43.00 44.00 0.00 0.00 43.00 79.00 33.00 56.00 20.00 0.00 0.00 0.00 11.00 38.00 3.00 13.00 0.00 60.00 0.00 45.00 47.00 0.00 0.00 20.00 22.00 0.00 55.00 74.00 29.00 0.00 46.00 0.00 68.00 60.00 31.00 76.00 0.00 26.00 19.00 0.00 65.00 0.00 100.00 0.00 0.00 55.00 96.00 98.00 2.00 0.00 17.00 2.00 83.00 88.00 46.00 71.00 44.00 49.00 0.00 77.00 5.00 0.00 97.00 97.00 26.00 74.00 64.00 19.00 0.00
7 0.00 3.00 32.00 27.00 21.00 13.00 0.00 0.00 95.00 73.00 60.00 20.00 100.00 0.00 66.00 0.00 37.00 95.00 49.00 0.00 0.00 94.00 48.00 87.00 1.00 12.00 58.00 68.00 7.00 8.00 75.00 86.00 32.00 15.00 77.00 3.00 33.00 35.00 0.00 3.00 88.00 86.00 82.00 17.00 75.00 0.00 0.00 84.00 39.00 61.00 99.00 77.00 69.00 70.00 22.00 37.00 98.00 41.00 0.00 0.00 84.00 7.00 5.00 49.00 0.00 45.00 67.00 92.00 14.00 10.00 95.00 18.00 95.00 100.00 78.00 61.00 0.00 25.00 98.00 49.00 0.00 0.00 73.00 12.00 89.00 16.00 0.00 60.00 0.00 74.00 0.00 65.00 0.00 0.00 19.00 84.00 6.00 95.00 84.00 85.00
8 46.00 39.00 68.00 19.00 96.00 0.00 84.00 95.00 0.00 66.00 6.00 42.00 27.00 28.00 9.00 81.00 11.00 24.00 0.00 51.00 18.00 41.00 0.00 0.00 0.00 41.00 0.00 82.00 64.00 32.00 7.00 44.00 0.00 0.00 0.00 0.00 0.00 3.00 62.00 55.00 68.00 71.00 96.00 0.00 0.00 20.00 84.00 62.00 0.00 95.00 28.00 49.00 63.00 58.00 8.00 87.00 0.00 55.00 72.00 55.00 54.00 63.00 70.00 22.00 38.00 0.00 41.00 0.00 73.00 9.00 1.00 33.00 4.00 85.00 21.00 70.00 91.00 42.00 0.00 75.00 7.00 84.00 44.00 35.00 10.00 0.00 78.00 0.00 0.00 0.00 79.00 6.00 0.00 38.00 0.00 76.00 4.00 6.00 78.00 83.00
9 0.00 54.00 6.00 22.00 23.00 91.00 41.00 73.00 66.00 0.00 69.00 16.00 0.00 0.00 87.00 45.00 54.00 35.00 0.00 46.00 0.00 14.00 67.00 0.00 72.00 100.00 17.00 22.00 0.00 71.00 80.00 0.00 72.00 97.00 95.00 6.00 71.00 84.00 0.00 7.00 26.00 91.00 0.00 66.00 47.00 18.00 89.00 82.00 18.00 23.00 0.00 62.00 25.00 28.00 0.00 0.00 15.00 92.00 91.00 93.00 82.00 0.00 8.00 0.00 0.00 0.00 64.00 65.00 0.00 47.00 100.00 33.00 54.00 58.00 60.00 71.00 11.00 0.00 0.00 66.00 16.00 43.00 95.00 35.00 0.00 100.00 0.00 17.00 32.00 0.00 63.00 71.00 19.00 42.00 56.00 92.00 70.00 56.00 0.00 88.00
10 0.00 85.00 12.00 0.00 0.00 72.00 15.00 60.00 6.00 69.00 0.00 19.00 43.00 46.00 13.00 14.00 24.00 69.00 8.00 44.00 95.00 0.00 19.00 90.00 29.00 12.00 72.00 95.00 89.00 20.00 74.00 0.00 19.00 76.00 0.00 84.00 0.00 89.00 78.00 57.00 12.00 29.00 9.00 26.00 76.00 0.00 58.00 45.00 0.00 18.00 20.00 38.00 65.00 9.00 66.00 15.00 65.00 50.00 0.00 56.00 57.00 62.00 0.00 67.00 63.00 11.00 0.00 89.00 0.00 59.00 81.00 74.00 62.00 50.00 92.00 39.00 5.00 9.00 0.00 60.00 86.00 17.00 0.00 0.00 0.00 29.00 0.00 21.00 3.00 41.00 72.00 60.00 21.00 0.00 48.00 34.00 52.00 75.00 18.00 2.00
11 82.00 89.00 0.00 0.00 38.00 62.00 69.00 20.00 42.00 16.00 19.00 0.00 89.00 70.00 16.00 18.00 80.00 0.00 80.00 65.00 71.00 77.00 17.00 58.00 47.00 75.00 88.00 46.00 56.00 72.00 4.00 39.00 0.00 67.00 0.00 15.00 85.00 88.00 35.00 30.00 91.00 38.00 78.00 0.00 0.00 31.00 0.00 54.00 12.00 77.00 0.00 77.00 0.00 0.00 56.00 11.00 0.00 74.00 0.00 38.00 57.00 93.00 66.00 54.00 38.00 0.00 61.00 75.00 7.00 11.00 19.00 11.00 0.00 68.00 29.00 47.00 0.00 0.00 26.00 32.00 83.00 38.00 27.00 68.00 57.00 80.00 14.00 34.00 35.00 0.00 86.00 0.00 18.00 79.00 76.00 54.00 67.00 74.00 0.00 17.00
12 94.00 55.00 51.00 11.00 53.00 0.00 15.00 100.00 27.00 0.00 43.00 89.00 0.00 11.00 29.00 0.00 64.00 61.00 66.00 79.00 97.00 97.00 12.00 36.00 37.00 0.00 15.00 34.00 70.00 0.00 0.00 30.00 57.00 11.00 96.00 0.00 0.00 0.00 34.00 52.00 86.00 12.00 22.00 0.00 0.00 80.00 63.00 1.00 35.00 51.00 0.00 0.00 0.00 50.00 34.00 81.00 0.00 100.00 94.00 0.00 15.00 0.00 76.00 3.00 51.00 27.00 67.00 95.00 0.00 35.00 0.00 0.00 31.00 0.00 90.00 34.00 0.00 36.00 24.00 12.00 44.00 0.00 16.00 80.00 0.00 73.00 11.00 0.00 87.00 84.00 91.00 98.00 74.00 33.00 50.00 95.00 32.00 57.00 34.00 20.00
13 0.00 73.00 3.00 77.00 13.00 0.00 0.00 0.00 28.00 0.00 46.00 70.00 11.00 0.00 0.00 3.00 60.00 44.00 71.00 0.00 58.00 96.00 0.00 0.00 0.00 32.00 67.00 0.00 0.00 94.00 0.00 88.00 42.00 0.00 0.00 0.00 58.00 85.00 0.00 97.00 45.00 0.00 0.00 86.00 69.00 11.00 17.00 80.00 90.00 67.00 44.00 67.00 0.00 0.00 19.00 18.00 26.00 0.00 58.00 46.00 53.00 2.00 4.00 12.00 0.00 2.00 40.00 77.00 9.00 0.00 67.00 75.00 49.00 27.00 89.00 27.00 39.00 13.00 0.00 41.00 1.00 0.00 39.00 13.00 1.00 74.00 76.00 85.00 0.00 0.00 17.00 0.00 72.00 46.00 20.00 1.00 0.00 17.00 0.00 0.00
14 86.00 3.00 0.00 12.00 0.00 51.00 82.00 66.00 9.00 87.00 13.00 16.00 29.00 0.00 0.00 0.00 0.00 0.00 14.00 98.00 0.00 0.00 19.00 58.00 0.00 49.00 0.00 75.00 84.00 36.00 0.00 68.00 41.00 32.00 30.00 94.00 0.00 14.00 52.00 1.00 22.00 99.00 31.00 40.00 72.00 57.00 0.00 0.00 0.00 8.00 98.00 94.00 0.00 19.00 58.00 91.00 30.00 80.00 0.00 0.00 68.00 63.00 25.00 36.00 11.00 19.00 0.00 82.00 49.00 100.00 4.00 0.00 9.00 4.00 59.00 97.00 36.00 63.00 32.00 39.00 0.00 11.00 8.00 34.00 14.00 0.00 33.00 65.00 0.00 58.00 93.00 0.00 0.00 0.00 0.00 31.00 99.00 50.00 68.00 51.00
15 31.00 74.00 0.00 0.00 6.00 58.00 14.00 0.00 81.00 45.00 14.00 18.00 0.00 3.00 0.00 0.00 93.00 70.00 32.00 60.00 62.00 60.00 24.00 0.00 0.00 82.00 43.00 0.00 67.00 75.00 80.00 81.00 53.00 0.00 70.00 82.00 30.00 57.00 2.00 98.00 0.00 40.00 92.00 0.00 33.00 3.00 53.00 0.00 13.00 76.00 76.00 4.00 32.00 0.00 75.00 83.00 55.00 65.00 33.00 49.00 92.00 73.00 35.00 87.00 87.00 85.00 43.00 9.00 47.00 80.00 60.00 53.00 55.00 65.00 97.00 0.00 54.00 0.00 55.00 29.00 27.00 0.00 76.00 82.00 67.00 17.00 0.00 59.00 52.00 14.00 0.00 3.00 0.00 25.00 82.00 12.00 5.00 82.00 46.00 0.00
16 0.00 74.00 0.00 28.00 6.00 0.00 52.00 37.00 11.00 54.00 24.00 80.00 64.00 60.00 0.00 93.00 0.00 90.00 0.00 73.00 69.00 98.00 16.00 26.00 2.00 37.00 0.00 0.00 0.00 31.00 38.00 0.00 0.00 0.00 93.00 0.00 4.00 72.00 7.00 14.00 34.00 27.00 29.00 0.00 77.00 9.00 25.00 40.00 76.00 25.00 73.00 58.00 97.00 89.00 49.00 95.00 6.00 22.00 0.00 0.00 0.00 32.00 19.00 16.00 0.00 56.00 4.00 35.00 13.00 6.00 0.00 24.00 0.00 42.00 11.00 78.00 41.00 22.00 0.00 72.00 78.00 99.00 90.00 89.00 69.00 0.00 84.00 0.00 66.00 59.00 81.00 0.00 92.00 0.00 52.00 0.00 62.00 26.00 33.00 21.00
17 0.00 51.00 71.00 99.00 0.00 5.00 0.00 95.00 24.00 35.00 69.00 0.00 61.00 44.00 0.00 70.00 90.00 0.00 62.00 0.00 0.00 19.00 25.00 54.00 0.00 0.00 78.00 64.00 49.00 33.00 86.00 0.00 0.00 10.00 22.00 83.00 100.00 0.00 78.00 73.00 0.00 43.00 26.00 6.00 49.00 0.00 2.00 0.00 1.00 82.00 0.00 0.00 0.00 75.00 17.00 0.00 0.00 24.00 2.00 73.00 0.00 40.00 95.00 58.00 0.00 44.00 44.00 0.00 37.00 11.00 83.00 93.00 0.00 67.00 7.00 63.00 33.00 59.00 53.00 70.00 27.00 44.00 0.00 0.00 0.00 63.00 20.00 79.00 16.00 2.00 49.00 71.00 1.00 73.00 0.00 0.00 42.00 37.00 83.00 32.00
18 89.00 0.00 72.00 39.00 41.00 41.00 64.00 49.00 0.00 0.00 8.00 80.00 66.00 71.00 14.00 32.00 0.00 62.00 0.00 66.00 80.00 18.00 61.00 87.00 0.00 12.00 0.00 78.00 0.00 61.00 0.00 100.00 69.00 0.00 90.00 10.00 20.00 96.00 75.00 49.00 0.00 31.00 0.00 16.00 27.00 33.00 100.00 85.00 11.00 100.00 0.00 75.00 61.00 85.00 62.00 25.00 60.00 82.00 0.00 17.00 0.00 5.00 0.00 20.00 0.00 0.00 0.00 92.00 0.00 72.00 0.00 25.00 1.00 90.00 51.00 53.00 0.00 40.00 0.00 66.00 61.00 11.00 52.00 37.00 25.00 100.00 0.00 14.00 0.00 31.00 0.00 0.00 0.00 33.00 57.00 93.00 46.00 59.00 51.00 69.00
19 0.00 81.00 57.00 0.00 2.00 0.00 71.00 0.00 51.00 46.00 44.00 65.00 79.00 0.00 98.00 60.00 73.00 0.00 66.00 0.00 97.00 0.00 100.00 2.00 3.00 51.00 80.00 82.00 17.00 0.00 25.00 91.00 94.00 12.00 93.00 0.00 0.00 0.00 20.00 28.00 80.00 0.00 52.00 24.00 14.00 41.00 20.00 0.00 72.00 30.00 65.00 3.00 0.00 72.00 31.00 20.00 55.00 23.00 6.00 61.00 85.00 77.00 0.00 40.00 62.00 23.00 0.00 36.00 0.00 21.00 80.00 40.00 8.00 0.00 41.00 98.00 83.00 0.00 46.00 84.00 39.00 64.00 12.00 3.00 0.00 26.00 38.00 78.00 51.00 36.00 2.00 35.00 94.00 37.00 54.00 74.00 21.00 59.00 11.00 44.00
20 73.00 48.00 10.00 0.00 64.00 78.00 41.00 0.00 18.00 0.00 95.00 71.00 97.00 58.00 0.00 62.00 69.00 0.00 80.00 97.00 0.00 7.00 0.00 52.00 57.00 73.00 29.00 0.00 51.00 98.00 0.00 0.00 58.00 94.00 0.00 87.00 83.00 70.00 0.00 22.00 29.00 86.00 79.00 74.00 0.00 85.00 16.00 53.00 0.00 15.00 40.00 59.00 47.00 0.00 86.00 57.00 93.00 63.00 84.00 96.00 26.00 52.00 0.00 29.00 56.00 20.00 48.00 6.00 90.00 79.00 30.00 34.00 75.00 37.00 0.00 90.00 27.00 47.00 0.00 52.00 27.00 14.00 0.00 11.00 0.00 21.00 60.00 49.00 43.00 0.00 0.00 0.00 88.00 64.00 96.00 16.00 98.00 32.00 17.00 23.00
21 73.00 0.00 6.00 11.00 64.00 65.00 52.00 94.00 41.00 14.00 0.00 77.00 97.00 96.00 0.00 60.00 98.00 19.00 18.00 0.00 7.00 0.00 36.00 7.00 79.00 55.00 0.00 0.00 49.00 60.00 43.00 0.00 0.00 68.00 28.00 67.00 83.00 58.00 0.00 15.00 59.00 23.00 0.00 0.00 0.00 40.00 96.00 98.00 27.00 1.00 89.00 81.00 96.00 59.00 12.00 70.00 0.00 0.00 31.00 0.00 52.00 83.00 20.00 83.00 21.00 58.00 99.00 0.00 86.00 0.00 72.00 13.00 95.00 45.00 85.00 41.00 56.00 17.00 94.00 6.00 18.00 0.00 38.00 0.00 11.00 98.00 77.00 85.00 97.00 12.00 71.00 0.00 86.00 0.00 1.00 39.00 46.00 23.00 69.00 28.00
22 81.00 71.00 50.00 0.00 57.00 0.00 15.00 48.00 0.00 67.00 19.00 17.00 12.00 0.00 19.00 24.00 16.00 25.00 61.00 100.00 0.00 36.00 0.00 51.00 0.00 95.00 28.00 0.00 22.00 0.00 62.00 94.00 0.00 18.00 73.00 14.00 77.00 74.00 88.00 40.00 31.00 0.00 87.00 86.00 46.00 55.00 34.00 0.00 43.00 19.00 26.00 69.00 8.00 0.00 93.00 0.00 1.00 47.00 0.00 51.00 0.00 72.00 0.00 66.00 64.00 95.00 0.00 12.00 14.00 89.00 13.00 25.00 97.00 0.00 0.00 0.00 88.00 8.00 0.00 23.00 40.00 91.00 8.00 38.00 77.00 0.00 74.00 93.00 5.00 30.00 0.00 67.00 0.00 48.00 0.00 35.00 74.00 9.00 14.00 69.00
23 44.00 81.00 0.00 57.00 24.00 34.00 75.00 87.00 0.00 0.00 90.00 58.00 36.00 0.00 58.00 0.00 26.00 54.00 87.00 2.00 52.00 7.00 51.00 0.00 64.00 73.00 79.00 0.00 72.00 52.00 32.00 92.00 86.00 18.00 0.00 0.00 81.00 0.00 66.00 0.00 48.00 88.00 37.00 37.00 0.00 0.00 77.00 77.00 7.00 0.00 99.00 27.00 75.00 95.00 36.00 35.00 0.00 0.00 44.00 1.00 47.00 45.00 3.00 23.00 84.00 34.00 0.00 100.00 0.00 45.00 38.00 0.00 77.00 0.00 9.00 45.00 0.00 39.00 0.00 65.00 6.00 0.00 15.00 0.00 70.00 0.00 24.00 50.00 28.00 0.00 0.00 0.00 4.00 73.00 66.00 0.00 0.00 0.00 36.00 85.00
24 0.00 66.00 28.00 42.00 92.00 25.00 97.00 1.00 0.00 72.00 29.00 47.00 37.00 0.00 0.00 0.00 2.00 0.00 0.00 3.00 57.00 79.00 0.00 64.00 0.00 30.00 52.00 0.00 1.00 44.00 80.00 70.00 61.00 1.00 1.00 71.00 68.00 73.00 40.00 74.00 66.00 4.00 10.00 98.00 98.00 4.00 99.00 73.00 0.00 52.00 0.00 91.00 56.00 57.00 15.00 0.00 44.00 75.00 34.00 0.00 0.00 15.00 31.00 75.00 40.00 43.00 39.00 0.00 0.00 0.00 36.00 90.00 58.00 12.00 85.00 57.00 10.00 60.00 60.00 0.00 91.00 97.00 47.00 34.00 52.00 0.00 17.00 0.00 20.00 0.00 46.00 11.00 34.00 14.00 38.00 0.00 32.00 17.00 0.00 0.00
25 0.00 43.00 0.00 86.00 29.00 1.00 0.00 12.00 41.00 100.00 12.00 75.00 0.00 32.00 49.00 82.00 37.00 0.00 12.00 51.00 73.00 55.00 95.00 73.00 30.00 0.00 58.00 0.00 98.00 90.00 0.00 11.00 24.00 0.00 0.00 55.00 77.00 62.00 36.00 45.00 19.00 0.00 2.00 82.00 31.00 19.00 76.00 14.00 62.00 51.00 71.00 18.00 36.00 10.00 87.00 18.00 29.00 25.00 31.00 0.00 50.00 1.00 0.00 0.00 0.00 0.00 89.00 86.00 0.00 6.00 15.00 99.00 8.00 6.00 94.00 0.00 8.00 62.00 71.00 64.00 76.00 68.00 32.00 0.00 75.00 39.00 35.00 80.00 99.00 3.00 87.00 44.00 90.00 49.00 11.00 78.00 57.00 0.00 0.00 0.00
26 30.00 87.00 47.00 65.00 26.00 0.00 33.00 58.00 0.00 17.00 72.00 88.00 15.00 67.00 0.00 43.00 0.00 78.00 0.00 80.00 29.00 0.00 28.00 79.00 52.00 58.00 0.00 18.00 16.00 7.00 0.00 88.00 91.00 74.00 42.00 98.00 61.00 29.00 11.00 0.00 23.00 73.00 78.00 63.00 21.00 69.00 87.00 0.00 54.00 17.00 61.00 0.00 0.00 0.00 0.00 58.00 0.00 68.00 2.00 56.00 11.00 0.00 88.00 59.00 0.00 0.00 59.00 58.00 47.00 82.00 70.00 0.00 0.00 0.00 0.00 51.00 0.00 0.00 41.00 62.00 41.00 0.00 49.00 78.00 21.00 94.00 82.00 0.00 75.00 34.00 41.00 0.00 92.00 26.00 0.00 85.00 85.00 0.00 49.00 98.00
27 66.00 15.00 68.00 38.00 61.00 0.00 36.00 68.00 82.00 22.00 95.00 46.00 34.00 0.00 75.00 0.00 0.00 64.00 78.00 82.00 0.00 0.00 0.00 0.00 0.00 0.00 18.00 0.00 93.00 0.00 26.00 91.00 49.00 70.00 0.00 17.00 34.00 75.00 83.00 19.00 0.00 22.00 22.00 22.00 0.00 30.00 0.00 90.00 0.00 32.00 8.00 46.00 66.00 98.00 83.00 27.00 37.00 84.00 52.00 0.00 68.00 76.00 80.00 8.00 65.00 44.00 59.00 15.00 0.00 20.00 63.00 0.00 70.00 67.00 92.00 41.00 85.00 21.00 80.00 0.00 0.00 1.00 4.00 53.00 94.00 0.00 68.00 64.00 19.00 52.00 73.00 67.00 25.00 88.00 77.00 52.00 13.00 84.00 95.00 55.00
28 0.00 79.00 0.00 81.00 54.00 85.00 2.00 7.00 64.00 0.00 89.00 56.00 70.00 0.00 84.00 67.00 0.00 49.00 0.00 17.00 51.00 49.00 22.00 72.00 1.00 98.00 16.00 93.00 0.00 30.00 33.00 11.00 0.00 19.00 64.00 97.00 5.00 79.00 83.00 55.00 22.00 0.00 9.00 60.00 12.00 71.00 24.00 70.00 0.00 24.00 67.00 8.00 77.00 0.00 0.00 0.00 57.00 16.00 76.00 94.00 89.00 18.00 0.00 70.00 18.00 56.00 64.00 0.00 0.00 46.00 82.00 13.00 28.00 28.00 61.00 86.00 64.00 58.00 17.00 57.00 85.00 55.00 35.00 62.00 56.00 95.00 0.00 49.00 0.00 57.00 42.00 0.00 0.00 41.00 60.00 13.00 32.00 32.00 86.00 31.00
29 37.00 74.00 0.00 62.00 81.00 14.00 51.00 8.00 32.00 71.00 20.00 72.00 0.00 94.00 36.00 75.00 31.00 33.00 61.00 0.00 98.00 60.00 0.00 52.00 44.00 90.00 7.00 0.00 30.00 0.00 53.00 10.00 0.00 62.00 48.00 47.00 0.00 0.00 66.00 0.00 98.00 40.00 2.00 53.00 48.00 80.00 42.00 85.00 97.00 22.00 0.00 53.00 70.00 0.00 0.00 32.00 3.00 0.00 84.00 1.00 78.00 49.00 0.00 0.00 51.00 66.00 27.00 88.00 3.00 86.00 40.00 6.00 60.00 0.00 47.00 0.00 0.00 86.00 41.00 0.00 86.00 79.00 58.00 36.00 99.00 51.00 0.00 7.00 17.00 0.00 0.00 97.00 69.00 0.00 1.00 50.00 12.00 88.00 55.00 77.00
30 42.00 26.00 59.00 7.00 95.00 9.00 53.00 75.00 7.00 80.00 74.00 4.00 0.00 0.00 0.00 80.00 38.00 86.00 0.00 25.00 0.00 43.00 62.00 32.00 80.00 0.00 0.00 26.00 33.00 53.00 0.00 0.00 6.00 0.00 0.00 49.00 88.00 0.00 51.00 0.00 62.00 0.00 89.00 16.00 86.00 0.00 31.00 75.00 35.00 38.00 76.00 0.00 75.00 13.00 0.00 70.00 51.00 0.00 76.00 0.00 46.00 0.00 21.00 0.00 93.00 2.00 80.00 74.00 0.00 66.00 16.00 3.00 6.00 33.00 11.00 17.00 5.00 14.00 0.00 7.00 52.00 38.00 0.00 84.00 86.00 17.00 0.00 39.00 92.00 85.00 0.00 0.00 0.00 58.00 58.00 17.00 15.00 0.00 38.00 7.00
31 31.00 0.00 51.00 63.00 57.00 41.00 43.00 86.00 44.00 0.00 0.00 39.00 30.00 88.00 68.00 81.00 0.00 0.00 100.00 91.00 0.00 0.00 94.00 92.00 70.00 11.00 88.00 91.00 11.00 10.00 0.00 0.00 37.00 71.00 55.00 1.00 0.00 3.00 55.00 67.00 0.00 44.00 75.00 0.00 66.00 0.00 0.00 56.00 82.00 24.00 0.00 76.00 49.00 12.00 21.00 97.00 0.00 96.00 66.00 33.00 0.00 21.00 57.00 76.00 38.00 0.00 0.00 49.00 29.00 0.00 42.00 70.00 71.00 79.00 0.00 46.00 63.00 17.00 94.00 73.00 62.00 57.00 0.00 31.00 21.00 0.00 88.00 53.00 12.00 29.00 32.00 89.00 75.00 6.00 0.00 0.00 7.00 48.00 65.00 69.00
32 84.00 31.00 25.00 45.00 93.00 0.00 44.00 32.00 0.00 72.00 19.00 0.00 57.00 42.00 41.00 53.00 0.00 0.00 69.00 94.00 58.00 0.00 0.00 86.00 61.00 24.00 91.00 49.00 0.00 0.00 6.00 37.00 0.00 89.00 12.00 21.00 22.00 0.00 42.00 88.00 0.00 70.00 73.00 0.00 55.00 24.00 60.00 69.00 36.00 17.00 1.00 92.00 58.00 0.00 0.00 0.00 0.00 87.00 0.00 42.00 0.00 25.00 10.00 2.00 67.00 15.00 80.00 37.00 48.00 71.00 0.00 73.00 0.00 40.00 49.00 0.00 91.00 30.00 96.00 86.00 0.00 32.00 76.00 0.00 60.00 78.00 37.00 58.00 0.00 0.00 0.00 22.00 75.00 85.00 86.00 53.00 5.00 17.00 0.00 2.00
33 13.00 17.00 5.00 28.00 50.00 95.00 0.00 15.00 0.00 97.00 76.00 67.00 11.00 0.00 32.00 0.00 0.00 10.00 0.00 12.00 94.00 68.00 18.00 18.00 1.00 0.00 74.00 70.00 19.00 62.00 0.00 71.00 89.00 0.00 8.00 67.00 83.00 20.00 35.00 0.00 76.00 18.00 0.00 49.00 76.00 94.00 0.00 13.00 96.00 29.00 100.00 0.00 0.00 78.00 0.00 93.00 57.00 0.00 14.00 73.00 50.00 80.00 81.00 0.00 15.00 14.00 72.00 94.00 72.00 14.00 0.00 0.00 2.00 27.00 39.00 0.00 88.00 0.00 78.00 5.00 82.00 99.00 33.00 95.00 69.00 1.00 0.00 0.00 0.00 0.00 5.00 59.00 39.00 0.00 31.00 20.00 0.00 64.00 0.00 85.00
34 45.00 54.00 4.00 0.00 43.00 70.00 0.00 77.00 0.00 95.00 0.00 0.00 96.00 0.00 30.00 70.00 93.00 22.00 90.00 93.00 0.00 28.00 73.00 0.00 1.00 0.00 42.00 0.00 64.00 48.00 0.00 55.00 12.00 8.00 0.00 0.00 40.00 0.00 96.00 48.00 79.00 16.00 69.00 0.00 77.00 15.00 58.00 0.00 66.00 78.00 0.00 85.00 45.00 0.00 0.00 71.00 30.00 0.00 24.00 92.00 0.00 37.00 0.00 60.00 3.00 35.00 73.00 0.00 17.00 51.00 1.00 0.00 11.00 78.00 0.00 5.00 46.00 54.00 15.00 87.00 0.00 0.00 0.00 0.00 20.00 69.00 37.00 0.00 18.00 35.00 36.00 57.00 2.00 11.00 88.00 0.00 0.00 11.00 81.00 0.00
35 84.00 39.00 67.00 8.00 47.00 0.00 43.00 3.00 0.00 6.00 84.00 15.00 0.00 0.00 94.00 82.00 0.00 83.00 10.00 0.00 87.00 67.00 14.00 0.00 71.00 55.00 98.00 17.00 97.00 47.00 49.00 1.00 21.00 67.00 0.00 0.00 38.00 0.00 12.00 0.00 15.00 20.00 0.00 9.00 17.00 38.00 0.00 29.00 95.00 11.00 88.00 7.00 90.00 55.00 0.00 0.00 55.00 95.00 59.00 52.00 91.00 45.00 39.00 0.00 47.00 43.00 28.00 96.00 0.00 48.00 0.00 94.00 67.00 69.00 90.00 0.00 0.00 24.00 4.00 22.00 0.00 0.00 38.00 40.00 0.00 97.00 0.00 4.00 16.00 0.00 49.00 72.00 0.00 40.00 5.00 0.00 41.00 97.00 66.00 25.00
36 1.00 0.00 86.00 36.00 31.00 25.00 79.00 33.00 0.00 71.00 0.00 85.00 0.00 58.00 0.00 30.00 4.00 100.00 20.00 0.00 83.00 83.00 77.00 81.00 68.00 77.00 61.00 34.00 5.00 0.00 88.00 0.00 22.00 83.00 40.00 38.00 0.00 0.00 0.00 0.00 11.00 3.00 59.00 2.00 7.00 79.00 45.00 46.00 41.00 28.00 45.00 0.00 0.00 69.00 56.00 36.00 20.00 46.00 64.00 0.00 0.00 60.00 8.00 0.00 19.00 7.00 32.00 71.00 76.00 0.00 5.00 79.00 39.00 0.00 95.00 0.00 57.00 0.00 89.00 79.00 0.00 51.00 0.00 61.00 0.00 91.00 33.00 68.00 40.00 93.00 47.00 74.00 3.00 51.00 96.00 0.00 0.00 0.00 86.00 47.00
37 27.00 3.00 42.00 35.00 84.00 53.00 33.00 35.00 3.00 84.00 89.00 88.00 0.00 85.00 14.00 57.00 72.00 0.00 96.00 0.00 70.00 58.00 74.00 0.00 73.00 62.00 29.00 75.00 79.00 0.00 0.00 3.00 0.00 20.00 0.00 0.00 0.00 0.00 47.00 99.00 0.00 0.00 33.00 90.00 1.00 94.00 85.00 0.00 53.00 0.00 96.00 6.00 0.00 31.00 92.00 12.00 24.00 66.00 69.00 0.00 0.00 0.00 0.00 2.00 27.00 32.00 68.00 51.00 20.00 53.00 0.00 72.00 61.00 27.00 87.00 0.00 54.00 0.00 2.00 94.00 83.00 27.00 26.00 70.00 17.00 98.00 12.00 43.00 0.00 0.00 52.00 34.00 8.00 70.00 75.00 97.00 0.00 23.00 34.00 78.00
38 10.00 5.00 0.00 15.00 85.00 82.00 56.00 0.00 62.00 0.00 78.00 35.00 34.00 0.00 52.00 2.00 7.00 78.00 75.00 20.00 0.00 0.00 88.00 66.00 40.00 36.00 11.00 83.00 83.00 66.00 51.00 55.00 42.00 35.00 96.00 12.00 0.00 47.00 0.00 91.00 18.00 94.00 5.00 51.00 23.00 59.00 26.00 0.00 0.00 0.00 76.00 4.00 0.00 0.00 51.00 98.00 88.00 0.00 0.00 67.00 0.00 9.00 0.00 40.00 16.00 80.00 0.00 0.00 50.00 85.00 8.00 0.00 52.00 0.00 0.00 0.00 0.00 90.00 22.00 14.00 84.00 56.00 56.00 54.00 72.00 62.00 0.00 62.00 44.00 0.00 36.00 0.00 23.00 0.00 88.00 78.00 94.00 0.00 0.00 26.00
39 44.00 4.00 56.00 16.00 51.00 24.00 20.00 3.00 55.00 7.00 57.00 30.00 52.00 97.00 1.00 98.00 14.00 73.00 49.00 28.00 22.00 15.00 40.00 0.00 74.00 45.00 0.00 19.00 55.00 0.00 0.00 67.00 88.00 0.00 48.00 0.00 0.00 99.00 91.00 0.00 94.00 76.00 90.00 65.00 0.00 0.00 0.00 0.00 0.00 67.00 2.00 55.00 96.00 26.00 82.00 87.00 45.00 0.00 0.00 0.00 30.00 66.00 59.00 0.00 53.00 60.00 2.00 0.00 66.00 91.00 0.00 0.00 0.00 84.00 38.00 0.00 32.00 89.00 98.00 58.00 0.00 8.00 80.00 98.00 0.00 97.00 20.00 94.00 90.00 3.00 0.00 0.00 98.00 67.00 62.00 0.00 0.00 30.00 98.00 0.00
40 96.00 64.00 93.00 0.00 0.00 99.00 0.00 88.00 68.00 26.00 12.00 91.00 86.00 45.00 22.00 0.00 34.00 0.00 0.00 80.00 29.00 59.00 31.00 48.00 66.00 19.00 23.00 0.00 22.00 98.00 62.00 0.00 0.00 76.00 79.00 15.00 11.00 0.00 18.00 94.00 0.00 0.00 52.00 63.00 0.00 97.00 0.00 0.00 19.00 85.00 0.00 90.00 16.00 94.00 0.00 0.00 58.00 0.00 17.00 95.00 25.00 27.00 0.00 99.00 40.00 88.00 4.00 23.00 56.00 99.00 61.00 17.00 12.00 43.00 63.00 17.00 25.00 1.00 78.00 0.00 85.00 12.00 0.00 0.00 68.00 64.00 11.00 29.00 29.00 93.00 64.00 56.00 32.00 14.00 92.00 0.00 35.00 0.00 85.00 59.00
41 33.00 11.00 60.00 91.00 0.00 19.00 0.00 86.00 71.00 91.00 29.00 38.00 12.00 0.00 99.00 40.00 27.00 43.00 31.00 0.00 86.00 23.00 0.00 88.00 4.00 0.00 73.00 22.00 0.00 40.00 0.00 44.00 70.00 18.00 16.00 20.00 3.00 0.00 94.00 76.00 0.00 0.00 100.00 87.00 73.00 26.00 62.00 90.00 25.00 80.00 53.00 81.00 73.00 93.00 0.00 63.00 0.00 0.00 95.00 17.00 0.00 4.00 0.00 7.00 97.00 0.00 88.00 0.00 5.00 0.00 43.00 86.00 59.00 98.00 0.00 0.00 6.00 0.00 0.00 54.00 84.00 44.00 18.00 57.00 66.00 24.00 0.00 92.00 1.00 75.00 0.00 50.00 77.00 48.00 0.00 65.00 0.00 2.00 0.00 63.00
42 0.00 19.00 13.00 12.00 0.00 76.00 0.00 82.00 96.00 0.00 9.00 78.00 22.00 0.00 31.00 92.00 29.00 26.00 0.00 52.00 79.00 0.00 87.00 37.00 10.00 2.00 78.00 22.00 9.00 2.00 89.00 75.00 73.00 0.00 69.00 0.00 59.00 33.00 5.00 90.00 52.00 100.00 0.00 76.00 77.00 67.00 0.00 90.00 37.00 10.00 37.00 47.00 0.00 5.00 52.00 0.00 37.00 69.00 88.00 35.00 0.00 94.00 51.00 38.00 90.00 86.00 27.00 10.00 47.00 70.00 0.00 82.00 94.00 31.00 90.00 0.00 96.00 82.00 90.00 77.00 82.00 0.00 98.00 0.00 0.00 86.00 13.00 0.00 92.00 0.00 15.00 0.00 2.00 30.00 89.00 59.00 5.00 0.00 39.00 0.00
43 0.00 50.00 38.00 15.00 65.00 32.00 11.00 17.00 0.00 66.00 26.00 0.00 0.00 86.00 40.00 0.00 0.00 6.00 16.00 24.00 74.00 0.00 86.00 37.00 98.00 82.00 63.00 22.00 60.00 53.00 16.00 0.00 0.00 49.00 0.00 9.00 2.00 90.00 51.00 65.00 63.00 87.00 76.00 0.00 61.00 68.00 99.00 0.00 72.00 2.00 86.00 14.00 53.00 33.00 100.00 43.00 36.00 0.00 30.00 62.00 0.00 21.00 8.00 40.00 0.00 16.00 0.00 53.00 0.00 39.00 89.00 80.00 40.00 0.00 98.00 33.00 0.00 98.00 41.00 0.00 74.00 37.00 72.00 49.00 0.00 0.00 0.00 34.00 59.00 79.00 65.00 5.00 58.00 0.00 17.00 66.00 100.00 58.00 34.00 94.00
44 19.00 0.00 17.00 0.00 27.00 38.00 38.00 75.00 0.00 47.00 76.00 0.00 0.00 69.00 72.00 33.00 77.00 49.00 27.00 14.00 0.00 0.00 46.00 0.00 98.00 31.00 21.00 0.00 12.00 48.00 86.00 66.00 55.00 76.00 77.00 17.00 7.00 1.00 23.00 0.00 0.00 73.00 77.00 61.00 0.00 59.00 0.00 42.00 84.00 8.00 0.00 32.00 32.00 12.00 92.00 57.00 0.00 77.00 15.00 30.00 90.00 7.00 59.00 88.00 6.00 3.00 0.00 66.00 49.00 7.00 52.00 0.00 0.00 80.00 0.00 0.00 0.00 30.00 81.00 46.00 54.00 25.00 72.00 55.00 14.00 0.00 86.00 3.00 0.00 0.00 0.00 48.00 16.00 60.00 68.00 69.00 29.00 37.00 16.00 100.00
45 68.00 0.00 0.00 61.00 85.00 0.00 3.00 0.00 20.00 18.00 0.00 31.00 80.00 11.00 57.00 3.00 9.00 0.00 33.00 41.00 85.00 40.00 55.00 0.00 4.00 19.00 69.00 30.00 71.00 80.00 0.00 0.00 24.00 94.00 15.00 38.00 79.00 94.00 59.00 0.00 97.00 26.00 67.00 68.00 59.00 0.00 45.00 7.00 39.00 0.00 44.00 70.00 0.00 0.00 0.00 0.00 62.00 35.00 85.00 14.00 17.00 0.00 65.00 31.00 9.00 44.00 0.00 45.00 19.00 74.00 53.00 27.00 55.00 45.00 0.00 41.00 61.00 69.00 0.00 16.00 19.00 92.00 0.00 0.00 91.00 55.00 0.00 66.00 70.00 46.00 100.00 49.00 87.00 24.00 0.00 25.00 85.00 71.00 79.00 63.00
46 14.00 21.00 0.00 0.00 66.00 8.00 13.00 0.00 84.00 89.00 58.00 0.00 63.00 17.00 0.00 53.00 25.00 2.00 100.00 20.00 16.00 96.00 34.00 77.00 99.00 76.00 87.00 0.00 24.00 42.00 31.00 0.00 60.00 0.00 58.00 0.00 45.00 85.00 26.00 0.00 0.00 62.00 0.00 99.00 0.00 45.00 0.00 66.00 97.00 47.00 60.00 77.00 0.00 24.00 97.00 0.00 71.00 0.00 98.00 0.00 2.00 0.00 48.00 47.00 46.00 77.00 42.00 61.00 0.00 24.00 87.00 66.00 99.00 0.00 72.00 66.00 14.00 56.00 88.00 67.00 0.00 62.00 20.00 99.00 95.00 23.00 59.00 0.00 56.00 0.00 97.00 64.00 0.00 0.00 65.00 3.00 77.00 60.00 4.00 91.00
47 79.00 16.00 90.00 8.00 74.00 3.00 0.00 84.00 62.00 82.00 45.00 54.00 1.00 80.00 0.00 0.00 40.00 0.00 85.00 0.00 53.00 98.00 0.00 77.00 73.00 14.00 0.00 90.00 70.00 85.00 75.00 56.00 69.00 13.00 0.00 29.00 46.00 0.00 0.00 0.00 0.00 90.00 90.00 0.00 42.00 7.00 66.00 0.00 0.00 19.00 0.00 78.00 0.00 3.00 94.00 61.00 49.00 20.00 25.00 7.00 20.00 78.00 10.00 51.00 0.00 81.00 48.00 44.00 78.00 55.00 0.00 0.00 74.00 16.00 0.00 0.00 51.00 86.00 13.00 27.00 91.00 14.00 0.00 93.00 3.00 94.00 0.00 0.00 4.00 0.00 35.00 47.00 54.00 86.00 78.00 42.00 27.00 62.00 80.00 0.00
48 55.00 0.00 0.00 75.00 27.00 68.00 60.00 39.00 0.00 18.00 0.00 12.00 35.00 90.00 0.00 13.00 76.00 1.00 11.00 72.00 0.00 27.00 43.00 7.00 0.00 62.00 54.00 0.00 0.00 97.00 35.00 82.00 36.00 96.00 66.00 95.00 41.00 53.00 0.00 0.00 19.00 25.00 37.00 72.00 84.00 39.00 97.00 0.00 0.00 71.00 70.00 16.00 60.00 15.00 27.00 0.00 51.00 95.00 45.00 96.00 63.00 0.00 23.00 88.00 60.00 0.00 28.00 0.00 68.00 25.00 0.00 0.00 82.00 46.00 70.00 0.00 77.00 62.00 0.00 79.00 0.00 45.00 0.00 21.00 0.00 56.00 73.00 25.00 0.00 39.00 1.00 18.00 9.00 95.00 9.00 62.00 28.00 8.00 96.00 17.00
49 0.00 39.00 61.00 0.00 0.00 0.00 0.00 61.00 95.00 23.00 18.00 77.00 51.00 67.00 8.00 76.00 25.00 82.00 100.00 30.00 15.00 1.00 19.00 0.00 52.00 51.00 17.00 32.00 24.00 22.00 38.00 24.00 17.00 29.00 78.00 11.00 28.00 0.00 0.00 67.00 85.00 80.00 10.00 2.00 8.00 0.00 47.00 19.00 71.00 0.00 42.00 81.00 0.00 44.00 0.00 80.00 32.00 58.00 40.00 92.00 76.00 0.00 47.00 91.00 81.00 89.00 99.00 63.00 0.00 27.00 89.00 85.00 0.00 0.00 0.00 0.00 15.00 22.00 0.00 88.00 36.00 0.00 5.00 46.00 0.00 82.00 0.00 67.00 74.00 0.00 12.00 62.00 0.00 16.00 0.00 58.00 21.00 30.00 62.00 54.00
50 100.00 0.00 52.00 4.00 33.00 71.00 45.00 99.00 28.00 0.00 20.00 0.00 0.00 44.00 98.00 76.00 73.00 0.00 0.00 65.00 40.00 89.00 26.00 99.00 0.00 71.00 61.00 8.00 67.00 0.00 76.00 0.00 1.00 100.00 0.00 88.00 45.00 96.00 76.00 2.00 0.00 53.00 37.00 86.00 0.00 44.00 60.00 0.00 70.00 42.00 0.00 53.00 69.00 78.00 12.00 60.00 14.00 0.00 82.00 45.00 90.00 0.00 0.00 89.00 83.00 14.00 0.00 21.00 0.00 0.00 38.00 0.00 5.00 63.00 89.00 0.00 0.00 37.00 0.00 31.00 0.00 23.00 9.00 95.00 29.00 35.00 0.00 49.00 22.00 93.00 75.00 70.00 84.00 81.00 96.00 91.00 0.00 63.00 77.00 60.00
51 0.00 11.00 19.00 31.00 3.00 0.00 47.00 77.00 49.00 62.00 38.00 77.00 0.00 67.00 94.00 4.00 58.00 0.00 75.00 3.00 59.00 81.00 69.00 27.00 91.00 18.00 0.00 46.00 8.00 53.00 0.00 76.00 92.00 0.00 85.00 7.00 0.00 6.00 4.00 55.00 90.00 81.00 47.00 14.00 32.00 70.00 77.00 78.00 16.00 81.00 53.00 0.00 78.00 20.00 37.00 59.00 1.00 14.00 0.00 47.00 14.00 90.00 68.00 0.00 28.00 32.00 37.00 17.00 69.00 68.00 7.00 21.00 31.00 0.00 37.00 0.00 78.00 97.00 31.00 71.00 0.00 0.00 15.00 0.00 0.00 29.00 0.00 28.00 30.00 13.00 0.00 90.00 54.00 0.00 86.00 91.00 42.00 16.00 3.00 46.00
52 0.00 65.00 55.00 0.00 40.00 74.00 0.00 69.00 63.00 25.00 65.00 0.00 0.00 0.00 0.00 32.00 97.00 0.00 61.00 0.00 47.00 96.00 8.00 75.00 56.00 36.00 0.00 66.00 77.00 70.00 75.00 49.00 58.00 0.00 45.00 90.00 0.00 0.00 0.00 96.00 16.00 73.00 0.00 53.00 32.00 0.00 0.00 0.00 60.00 0.00 69.00 78.00 0.00 47.00 11.00 16.00 63.00 65.00 19.00 28.00 88.00 50.00 24.00 92.00 63.00 100.00 11.00 22.00 56.00 14.00 98.00 0.00 73.00 22.00 47.00 16.00 100.00 38.00 99.00 0.00 0.00 0.00 0.00 0.00 26.00 63.00 4.00 0.00 0.00 25.00 0.00 0.00 0.00 1.00 60.00 13.00 43.00 80.00 50.00 1.00
53 72.00 45.00 94.00 0.00 0.00 72.00 0.00 70.00 58.00 28.00 9.00 0.00 50.00 0.00 19.00 0.00 89.00 75.00 85.00 72.00 0.00 59.00 0.00 95.00 57.00 10.00 0.00 98.00 0.00 0.00 13.00 12.00 0.00 78.00 0.00 55.00 69.00 31.00 0.00 26.00 94.00 93.00 5.00 33.00 12.00 0.00 24.00 3.00 15.00 44.00 78.00 20.00 47.00 0.00 31.00 31.00 61.00 0.00 19.00 86.00 47.00 15.00 68.00 0.00 54.00 0.00 55.00 0.00 0.00 92.00 42.00 76.00 0.00 69.00 7.00 0.00 37.00 0.00 78.00 63.00 44.00 14.00 26.00 69.00 26.00 31.00 0.00 40.00 30.00 0.00 44.00 0.00 69.00 76.00 69.00 100.00 63.00 0.00 26.00 16.00
54 76.00 2.00 16.00 38.00 84.00 57.00 20.00 22.00 8.00 0.00 66.00 56.00 34.00 19.00 58.00 75.00 49.00 17.00 62.00 31.00 86.00 12.00 93.00 36.00 15.00 87.00 0.00 83.00 0.00 0.00 0.00 21.00 0.00 0.00 0.00 0.00 56.00 92.00 51.00 82.00 0.00 0.00 52.00 100.00 92.00 0.00 97.00 94.00 27.00 0.00 12.00 37.00 11.00 31.00 0.00 0.00 11.00 4.00 9.00 47.00 48.00 49.00 63.00 75.00 0.00 23.00 62.00 12.00 23.00 99.00 20.00 11.00 85.00 22.00 63.00 57.00 2.00 90.00 40.00 61.00 0.00 0.00 59.00 97.00 54.00 22.00 0.00 54.00 0.00 0.00 95.00 48.00 0.00 76.00 0.00 59.00 0.00 0.00 0.00 100.00
55 100.00 24.00 0.00 60.00 87.00 0.00 22.00 37.00 87.00 0.00 15.00 11.00 81.00 18.00 91.00 83.00 95.00 0.00 25.00 20.00 57.00 70.00 0.00 35.00 0.00 18.00 58.00 27.00 0.00 32.00 70.00 97.00 0.00 93.00 71.00 0.00 36.00 12.00 98.00 87.00 0.00 63.00 0.00 43.00 57.00 0.00 0.00 61.00 0.00 80.00 60.00 59.00 16.00 31.00 0.00 0.00 0.00 0.00 40.00 55.00 0.00 91.00 53.00 16.00 57.00 58.00 67.00 23.00 95.00 71.00 10.00 0.00 0.00 0.00 49.00 0.00 39.00 7.00 58.00 11.00 0.00 69.00 97.00 34.00 0.00 59.00 41.00 34.00 12.00 91.00 25.00 25.00 32.00 52.00 33.00 0.00 24.00 2.00 95.00 59.00
56 78.00 74.00 75.00 33.00 0.00 0.00 0.00 98.00 0.00 15.00 65.00 0.00 0.00 26.00 30.00 55.00 6.00 0.00 60.00 55.00 93.00 0.00 1.00 0.00 44.00 29.00 0.00 37.00 57.00 3.00 51.00 0.00 0.00 57.00 30.00 55.00 20.00 24.00 88.00 45.00 58.00 0.00 37.00 36.00 0.00 62.00 71.00 49.00 51.00 32.00 14.00 1.00 63.00 61.00 11.00 0.00 0.00 0.00 69.00 7.00 19.00 66.00 69.00 69.00 18.00 37.00 73.00 21.00 12.00 82.00 0.00 47.00 56.00 17.00 39.00 56.00 94.00 54.00 7.00 92.00 0.00 85.00 91.00 13.00 0.00 37.00 79.00 41.00 0.00 50.00 71.00 31.00 87.00 32.00 37.00 89.00 0.00 63.00 12.00 51.00
57 0.00 35.00 53.00 16.00 90.00 5.00 55.00 41.00 55.00 92.00 50.00 74.00 100.00 0.00 80.00 65.00 22.00 24.00 82.00 23.00 63.00 0.00 47.00 0.00 75.00 25.00 68.00 84.00 16.00 0.00 0.00 96.00 87.00 0.00 0.00 95.00 46.00 66.00 0.00 0.00 0.00 0.00 69.00 0.00 77.00 35.00 0.00 20.00 95.00 58.00 0.00 14.00 65.00 0.00 4.00 0.00 0.00 0.00 45.00 68.00 74.00 64.00 0.00 67.00 6.00 21.00 24.00 51.00 22.00 33.00 0.00 74.00 0.00 0.00 40.00 24.00 57.00 11.00 96.00 12.00 20.00 99.00 3.00 17.00 0.00 80.00 57.00 33.00 17.00 47.00 15.00 13.00 25.00 46.00 0.00 70.00 100.00 0.00 30.00 25.00
58 100.00 0.00 90.00 1.00 24.00 0.00 74.00 0.00 72.00 91.00 0.00 0.00 94.00 58.00 0.00 33.00 0.00 2.00 0.00 6.00 84.00 31.00 0.00 44.00 34.00 31.00 2.00 52.00 76.00 84.00 76.00 66.00 0.00 14.00 24.00 59.00 64.00 69.00 0.00 0.00 17.00 95.00 88.00 30.00 15.00 85.00 98.00 25.00 45.00 40.00 82.00 0.00 19.00 19.00 9.00 40.00 69.00 45.00 0.00 37.00 40.00 96.00 76.00 32.00 51.00 19.00 0.00 28.00 65.00 34.00 77.00 98.00 0.00 0.00 0.00 0.00 34.00 0.00 5.00 52.00 68.00 98.00 67.00 9.00 96.00 19.00 89.00 81.00 58.00 76.00 55.00 18.00 0.00 21.00 55.00 26.00 0.00 0.00 94.00 54.00
59 93.00 0.00 7.00 83.00 43.00 61.00 29.00 0.00 55.00 93.00 56.00 38.00 0.00 46.00 0.00 49.00 0.00 73.00 17.00 61.00 96.00 0.00 51.00 1.00 0.00 0.00 56.00 0.00 94.00 1.00 0.00 33.00 42.00 73.00 92.00 52.00 0.00 0.00 67.00 0.00 95.00 17.00 35.00 62.00 30.00 14.00 0.00 7.00 96.00 92.00 45.00 47.00 28.00 86.00 47.00 55.00 7.00 68.00 37.00 0.00 30.00 65.00 49.00 71.00 11.00 0.00 25.00 16.00 77.00 64.00 0.00 0.00 74.00 62.00 80.00 74.00 1.00 38.00 50.00 0.00 0.00 63.00 0.00 32.00 0.00 95.00 22.00 92.00 43.00 31.00 100.00 19.00 0.00 0.00 99.00 59.00 0.00 64.00 25.00 16.00
60 0.00 25.00 57.00 70.00 28.00 0.00 0.00 84.00 54.00 82.00 57.00 57.00 15.00 53.00 68.00 92.00 0.00 0.00 0.00 85.00 26.00 52.00 0.00 47.00 0.00 50.00 11.00 68.00 89.00 78.00 46.00 0.00 0.00 50.00 0.00 91.00 0.00 0.00 0.00 30.00 25.00 0.00 0.00 0.00 90.00 17.00 2.00 20.00 63.00 76.00 90.00 14.00 88.00 47.00 48.00 0.00 19.00 74.00 40.00 30.00 0.00 23.00 33.00 0.00 0.00 54.00 0.00 0.00 17.00 83.00 85.00 60.00 61.00 26.00 21.00 67.00 63.00 0.00 0.00 0.00 7.00 24.00 0.00 64.00 89.00 82.00 0.00 63.00 5.00 0.00 66.00 31.00 72.00 84.00 94.00 64.00 0.00 71.00 65.00 100.00
61 65.00 99.00 48.00 7.00 15.00 0.00 46.00 7.00 63.00 0.00 62.00 93.00 0.00 2.00 63.00 73.00 32.00 40.00 5.00 77.00 52.00 83.00 72.00 45.00 15.00 1.00 0.00 76.00 18.00 49.00 0.00 21.00 25.00 80.00 37.00 45.00 60.00 0.00 9.00 66.00 27.00 4.00 94.00 21.00 7.00 0.00 0.00 78.00 0.00 0.00 0.00 90.00 50.00 15.00 49.00 91.00 66.00 64.00 96.00 65.00 23.00 0.00 61.00 0.00 29.00 93.00 17.00 33.00 3.00 0.00 0.00 80.00 33.00 19.00 99.00 49.00 79.00 12.00 0.00 94.00 45.00 68.00 0.00 22.00 50.00 72.00 36.00 54.00 37.00 56.00 46.00 42.00 42.00 95.00 78.00 44.00 0.00 100.00 16.00 24.00
62 90.00 66.00 0.00 38.00 3.00 36.00 0.00 5.00 70.00 8.00 0.00 66.00 76.00 4.00 25.00 35.00 19.00 95.00 0.00 0.00 0.00 20.00 0.00 3.00 31.00 0.00 88.00 80.00 0.00 0.00 21.00 57.00 10.00 81.00 0.00 39.00 8.00 0.00 0.00 59.00 0.00 0.00 51.00 8.00 59.00 65.00 48.00 10.00 23.00 47.00 0.00 68.00 24.00 68.00 63.00 53.00 69.00 0.00 76.00 49.00 33.00 61.00 0.00 77.00 3.00 49.00 0.00 63.00 29.00 0.00 61.00 76.00 65.00 50.00 0.00 0.00 0.00 0.00 35.00 0.00 8.00 77.00 18.00 36.00 57.00 15.00 96.00 10.00 44.00 43.00 55.00 96.00 0.00 57.00 36.00 87.00 94.00 11.00 37.00 95.00
63 86.00 88.00 83.00 68.00 16.00 64.00 68.00 49.00 22.00 0.00 67.00 54.00 3.00 12.00 36.00 87.00 16.00 58.00 20.00 40.00 29.00 83.00 66.00 23.00 75.00 0.00 59.00 8.00 70.00 0.00 0.00 76.00 2.00 0.00 60.00 0.00 0.00 2.00 40.00 0.00 99.00 7.00 38.00 40.00 88.00 31.00 47.00 51.00 88.00 91.00 89.00 0.00 92.00 0.00 75.00 16.00 69.00 67.00 32.00 71.00 0.00 0.00 77.00 0.00 14.00 29.00 64.00 61.00 32.00 0.00 0.00 21.00 95.00 63.00 11.00 0.00 0.00 6.00 0.00 33.00 77.00 38.00 42.00 0.00 78.00 17.00 92.00 55.00 92.00 52.00 51.00 94.00 72.00 0.00 87.00 48.00 19.00 11.00 82.00 94.00
64 26.00 26.00 0.00 0.00 4.00 27.00 60.00 0.00 38.00 0.00 63.00 38.00 51.00 0.00 11.00 87.00 0.00 0.00 0.00 62.00 56.00 21.00 64.00 84.00 40.00 0.00 0.00 65.00 18.00 51.00 93.00 38.00 67.00 15.00 3.00 47.00 19.00 27.00 16.00 53.00 40.00 97.00 90.00 0.00 6.00 9.00 46.00 0.00 60.00 81.00 83.00 28.00 63.00 54.00 0.00 57.00 18.00 6.00 51.00 11.00 0.00 29.00 3.00 14.00 0.00 0.00 0.00 82.00 82.00 94.00 44.00 4.00 0.00 58.00 69.00 86.00 85.00 0.00 36.00 9.00 0.00 94.00 8.00 52.00 0.00 33.00 41.00 86.00 36.00 82.00 87.00 1.00 0.00 30.00 84.00 39.00 66.00 58.00 69.00 17.00
65 38.00 63.00 40.00 34.00 58.00 4.00 31.00 45.00 0.00 0.00 11.00 0.00 27.00 2.00 19.00 85.00 56.00 44.00 0.00 23.00 20.00 58.00 95.00 34.00 43.00 0.00 0.00 44.00 56.00 66.00 2.00 0.00 15.00 14.00 35.00 43.00 7.00 32.00 80.00 60.00 88.00 0.00 86.00 16.00 3.00 44.00 77.00 81.00 0.00 89.00 14.00 32.00 100.00 0.00 23.00 58.00 37.00 21.00 19.00 0.00 54.00 93.00 49.00 29.00 0.00 0.00 93.00 0.00 0.00 0.00 85.00 40.00 32.00 0.00 17.00 0.00 0.00 0.00 46.00 33.00 46.00 0.00 6.00 26.00 33.00 0.00 15.00 94.00 57.00 40.00 0.00 0.00 100.00 26.00 0.00 80.00 0.00 58.00 0.00 88.00
66 55.00 70.00 92.00 13.00 0.00 65.00 76.00 67.00 41.00 64.00 0.00 61.00 67.00 40.00 0.00 43.00 4.00 44.00 0.00 0.00 48.00 99.00 0.00 0.00 39.00 89.00 59.00 59.00 64.00 27.00 80.00 0.00 80.00 72.00 73.00 28.00 32.00 68.00 0.00 2.00 4.00 88.00 27.00 0.00 0.00 0.00 42.00 48.00 28.00 99.00 0.00 37.00 11.00 55.00 62.00 67.00 73.00 24.00 0.00 25.00 0.00 17.00 0.00 64.00 0.00 93.00 0.00 0.00 48.00 74.00 29.00 0.00 91.00 0.00 26.00 31.00 0.00 15.00 0.00 50.00 46.00 70.00 43.00 92.00 37.00 53.00 0.00 0.00 31.00 79.00 38.00 91.00 76.00 0.00 0.00 0.00 0.00 0.00 84.00 9.00
67 0.00 28.00 47.00 85.00 63.00 0.00 0.00 92.00 0.00 65.00 89.00 75.00 95.00 77.00 82.00 9.00 35.00 0.00 92.00 36.00 6.00 0.00 12.00 100.00 0.00 86.00 58.00 15.00 0.00 88.00 74.00 49.00 37.00 94.00 0.00 96.00 71.00 51.00 0.00 0.00 23.00 0.00 10.00 53.00 66.00 45.00 61.00 44.00 0.00 63.00 21.00 17.00 22.00 0.00 12.00 23.00 21.00 51.00 28.00 16.00 0.00 33.00 63.00 61.00 82.00 0.00 0.00 0.00 66.00 23.00 32.00 30.00 19.00 0.00 27.00 6.00 34.00 92.00 29.00 0.00 21.00 70.00 48.00 27.00 19.00 0.00 88.00 67.00 36.00 8.00 25.00 76.00 53.00 97.00 92.00 100.00 82.00 0.00 99.00 0.00
68 79.00 14.00 77.00 0.00 0.00 82.00 26.00 14.00 73.00 0.00 0.00 7.00 0.00 9.00 49.00 47.00 13.00 37.00 0.00 0.00 90.00 86.00 14.00 0.00 0.00 0.00 47.00 0.00 0.00 3.00 0.00 29.00 48.00 72.00 17.00 0.00 76.00 20.00 50.00 66.00 56.00 5.00 47.00 0.00 49.00 19.00 0.00 78.00 68.00 0.00 0.00 69.00 56.00 0.00 23.00 95.00 12.00 22.00 65.00 77.00 17.00 3.00 29.00 32.00 82.00 0.00 48.00 66.00 0.00 60.00 21.00 64.00 47.00 15.00 42.00 80.00 60.00 36.00 0.00 67.00 45.00 60.00 0.00 49.00 7.00 0.00 46.00 88.00 81.00 93.00 0.00 0.00 23.00 0.00 12.00 0.00 0.00 57.00 94.00 50.00
69 94.00 0.00 35.00 0.00 12.00 0.00 19.00 10.00 9.00 47.00 59.00 11.00 35.00 0.00 100.00 80.00 6.00 11.00 72.00 21.00 79.00 0.00 89.00 45.00 0.00 6.00 82.00 20.00 46.00 86.00 66.00 0.00 71.00 14.00 51.00 48.00 0.00 53.00 85.00 91.00 99.00 0.00 70.00 39.00 7.00 74.00 24.00 55.00 25.00 27.00 0.00 68.00 14.00 92.00 99.00 71.00 82.00 33.00 34.00 64.00 83.00 0.00 0.00 0.00 94.00 0.00 74.00 23.00 60.00 0.00 43.00 49.00 23.00 80.00 91.00 29.00 58.00 0.00 52.00 5.00 17.00 37.00 0.00 99.00 22.00 24.00 11.00 7.00 92.00 0.00 87.00 84.00 61.00 0.00 94.00 60.00 59.00 0.00 42.00 94.00
70 92.00 28.00 71.00 66.00 17.00 11.00 0.00 95.00 1.00 100.00 81.00 19.00 0.00 67.00 4.00 60.00 0.00 83.00 0.00 80.00 30.00 72.00 13.00 38.00 36.00 15.00 70.00 63.00 82.00 40.00 16.00 42.00 0.00 0.00 1.00 0.00 5.00 0.00 8.00 0.00 61.00 43.00 0.00 89.00 52.00 53.00 87.00 0.00 0.00 89.00 38.00 7.00 98.00 42.00 20.00 10.00 0.00 0.00 77.00 0.00 85.00 0.00 61.00 0.00 44.00 85.00 29.00 32.00 21.00 43.00 0.00 84.00 96.00 45.00 0.00 38.00 70.00 0.00 81.00 61.00 33.00 0.00 0.00 0.00 0.00 81.00 0.00 73.00 45.00 87.00 0.00 0.00 0.00 61.00 68.00 0.00 78.00 40.00 51.00 71.00
71 75.00 0.00 96.00 3.00 25.00 14.00 65.00 18.00 33.00 33.00 74.00 11.00 0.00 75.00 0.00 53.00 24.00 93.00 25.00 40.00 34.00 13.00 25.00 0.00 90.00 99.00 0.00 0.00 13.00 6.00 3.00 70.00 73.00 0.00 0.00 94.00 79.00 72.00 0.00 0.00 17.00 86.00 82.00 80.00 0.00 27.00 66.00 0.00 0.00 85.00 0.00 21.00 0.00 76.00 11.00 0.00 47.00 74.00 98.00 0.00 60.00 80.00 76.00 21.00 4.00 40.00 0.00 30.00 64.00 49.00 84.00 0.00 61.00 0.00 58.00 0.00 81.00 39.00 0.00 28.00 69.00 11.00 0.00 52.00 65.00 33.00 0.00 97.00 0.00 69.00 0.00 48.00 45.00 40.00 52.00 9.00 12.00 0.00 0.00 21.00
72 8.00 78.00 70.00 0.00 87.00 91.00 0.00 95.00 4.00 54.00 62.00 0.00 31.00 49.00 9.00 55.00 0.00 0.00 1.00 8.00 75.00 95.00 97.00 77.00 58.00 8.00 0.00 70.00 28.00 60.00 6.00 71.00 0.00 2.00 11.00 67.00 39.00 61.00 52.00 0.00 12.00 59.00 94.00 40.00 0.00 55.00 99.00 74.00 82.00 0.00 5.00 31.00 73.00 0.00 85.00 0.00 56.00 0.00 0.00 74.00 61.00 33.00 65.00 95.00 0.00 32.00 91.00 19.00 47.00 23.00 96.00 61.00 0.00 51.00 45.00 0.00 0.00 97.00 0.00 98.00 0.00 47.00 63.00 98.00 6.00 2.00 63.00 0.00 0.00 48.00 54.00 0.00 54.00 59.00 99.00 0.00 94.00 51.00 43.00 0.00
73 78.00 92.00 9.00 0.00 100.00 50.00 100.00 100.00 85.00 58.00 50.00 68.00 0.00 27.00 4.00 65.00 42.00 67.00 90.00 0.00 37.00 45.00 0.00 0.00 12.00 6.00 0.00 67.00 28.00 0.00 33.00 79.00 40.00 27.00 78.00 69.00 0.00 27.00 0.00 84.00 43.00 98.00 31.00 0.00 80.00 45.00 0.00 16.00 46.00 0.00 63.00 0.00 22.00 69.00 22.00 0.00 17.00 0.00 0.00 62.00 26.00 19.00 50.00 63.00 58.00 0.00 0.00 0.00 15.00 80.00 45.00 0.00 51.00 0.00 78.00 87.00 29.00 6.00 67.00 3.00 48.00 6.00 52.00 0.00 3.00 49.00 39.00 0.00 62.00 0.00 52.00 0.00 2.00 56.00 45.00 84.00 0.00 0.00 99.00 83.00
74 75.00 94.00 0.00 0.00 52.00 9.00 0.00 78.00 21.00 60.00 92.00 29.00 90.00 89.00 59.00 97.00 11.00 7.00 51.00 41.00 0.00 85.00 0.00 9.00 85.00 94.00 0.00 92.00 61.00 47.00 11.00 0.00 49.00 39.00 0.00 90.00 95.00 87.00 0.00 38.00 63.00 0.00 90.00 98.00 0.00 0.00 72.00 0.00 70.00 0.00 89.00 37.00 47.00 7.00 63.00 49.00 39.00 40.00 0.00 80.00 21.00 99.00 0.00 11.00 69.00 17.00 26.00 27.00 42.00 91.00 0.00 58.00 45.00 78.00 0.00 0.00 0.00 0.00 97.00 2.00 6.00 0.00 22.00 51.00 86.00 88.00 13.00 50.00 84.00 73.00 3.00 64.00 22.00 3.00 91.00 0.00 0.00 89.00 0.00 87.00
75 44.00 100.00 90.00 10.00 0.00 16.00 0.00 61.00 70.00 71.00 39.00 47.00 34.00 27.00 97.00 0.00 78.00 63.00 53.00 98.00 90.00 41.00 0.00 45.00 57.00 0.00 51.00 41.00 86.00 0.00 17.00 46.00 0.00 0.00 5.00 0.00 0.00 0.00 0.00 0.00 17.00 0.00 0.00 33.00 0.00 41.00 66.00 0.00 0.00 0.00 0.00 0.00 16.00 0.00 57.00 0.00 56.00 24.00 0.00 74.00 67.00 49.00 0.00 0.00 86.00 0.00 31.00 6.00 80.00 29.00 38.00 0.00 0.00 87.00 0.00 0.00 0.00 0.00 0.00 43.00 21.00 64.00 35.00 0.00 9.00 48.00 0.00 0.00 20.00 19.00 0.00 18.00 3.00 68.00 94.00 66.00 50.00 82.00 0.00 41.00
76 4.00 65.00 57.00 20.00 0.00 57.00 55.00 0.00 91.00 11.00 5.00 0.00 0.00 39.00 36.00 54.00 41.00 33.00 0.00 83.00 27.00 56.00 88.00 0.00 10.00 8.00 0.00 85.00 64.00 0.00 5.00 63.00 91.00 88.00 46.00 0.00 57.00 54.00 0.00 32.00 25.00 6.00 96.00 0.00 0.00 61.00 14.00 51.00 77.00 15.00 0.00 78.00 100.00 37.00 2.00 39.00 94.00 57.00 34.00 1.00 63.00 79.00 0.00 0.00 85.00 0.00 0.00 34.00 60.00 58.00 70.00 81.00 0.00 29.00 0.00 0.00 0.00 52.00 81.00 82.00 36.00 79.00 37.00 0.00 37.00 92.00 0.00 68.00 98.00 86.00 65.00 80.00 56.00 54.00 91.00 0.00 14.00 74.00 0.00 9.00
77 0.00 47.00 51.00 0.00 14.00 52.00 96.00 25.00 42.00 0.00 9.00 0.00 36.00 13.00 63.00 0.00 22.00 59.00 40.00 0.00 47.00 17.00 8.00 39.00 60.00 62.00 0.00 21.00 58.00 86.00 14.00 17.00 30.00 0.00 54.00 24.00 0.00 0.00 90.00 89.00 1.00 0.00 82.00 98.00 30.00 69.00 56.00 86.00 62.00 22.00 37.00 97.00 38.00 0.00 90.00 7.00 54.00 11.00 0.00 38.00 0.00 12.00 0.00 6.00 0.00 0.00 15.00 92.00 36.00 0.00 0.00 39.00 97.00 6.00 0.00 0.00 52.00 0.00 87.00 43.00 70.00 85.00 0.00 0.00 80.00 24.00 100.00 39.00 51.00 63.00 32.00 0.00 2.00 0.00 68.00 56.00 0.00 97.00 0.00 25.00
78 9.00 79.00 0.00 11.00 61.00 68.00 98.00 98.00 0.00 0.00 0.00 26.00 24.00 0.00 32.00 55.00 0.00 53.00 0.00 46.00 0.00 94.00 0.00 0.00 60.00 71.00 41.00 80.00 17.00 41.00 0.00 94.00 96.00 78.00 15.00 4.00 89.00 2.00 22.00 98.00 78.00 0.00 90.00 41.00 81.00 0.00 88.00 13.00 0.00 0.00 0.00 31.00 99.00 78.00 40.00 58.00 7.00 96.00 5.00 50.00 0.00 0.00 35.00 0.00 36.00 46.00 0.00 29.00 0.00 52.00 81.00 0.00 0.00 67.00 97.00 0.00 81.00 87.00 0.00 0.00 0.00 51.00 0.00 55.00 43.00 61.00 70.00 10.00 2.00 58.00 90.00 3.00 77.00 39.00 99.00 0.00 2.00 39.00 84.00 12.00
79 48.00 90.00 49.00 81.00 72.00 70.00 2.00 49.00 75.00 66.00 60.00 32.00 12.00 41.00 39.00 29.00 72.00 70.00 66.00 84.00 52.00 6.00 23.00 65.00 0.00 64.00 62.00 0.00 57.00 0.00 7.00 73.00 86.00 5.00 87.00 22.00 79.00 94.00 14.00 58.00 0.00 54.00 77.00 0.00 46.00 16.00 67.00 27.00 79.00 88.00 31.00 71.00 0.00 63.00 61.00 11.00 92.00 12.00 52.00 0.00 0.00 94.00 0.00 33.00 9.00 33.00 50.00 0.00 67.00 5.00 61.00 28.00 98.00 3.00 2.00 43.00 82.00 43.00 0.00 0.00 0.00 5.00 0.00 58.00 74.00 0.00 11.00 29.00 0.00 83.00 0.00 0.00 45.00 97.00 71.00 78.00 38.00 0.00 0.00 66.00
80 0.00 88.00 48.00 0.00 0.00 26.00 0.00 0.00 7.00 16.00 86.00 83.00 44.00 1.00 0.00 27.00 78.00 27.00 61.00 39.00 27.00 18.00 40.00 6.00 91.00 76.00 41.00 0.00 85.00 86.00 52.00 62.00 0.00 82.00 0.00 0.00 0.00 83.00 84.00 0.00 85.00 84.00 82.00 74.00 54.00 19.00 0.00 91.00 0.00 36.00 0.00 0.00 0.00 44.00 0.00 0.00 0.00 20.00 68.00 0.00 7.00 45.00 8.00 77.00 0.00 46.00 46.00 21.00 45.00 17.00 33.00 69.00 0.00 48.00 6.00 21.00 36.00 70.00 0.00 0.00 0.00 1.00 27.00 35.00 44.00 45.00 0.00 67.00 33.00 68.00 0.00 4.00 74.00 63.00 72.00 87.00 69.00 81.00 58.00 54.00
81 55.00 0.00 0.00 11.00 94.00 66.00 17.00 0.00 84.00 43.00 17.00 38.00 0.00 0.00 11.00 0.00 99.00 44.00 11.00 64.00 14.00 0.00 91.00 0.00 97.00 68.00 0.00 1.00 55.00 79.00 38.00 57.00 32.00 99.00 0.00 0.00 51.00 27.00 56.00 8.00 12.00 44.00 0.00 37.00 25.00 92.00 62.00 14.00 45.00 0.00 23.00 0.00 0.00 14.00 0.00 69.00 85.00 99.00 98.00 63.00 24.00 68.00 77.00 38.00 94.00 0.00 70.00 70.00 60.00 37.00 0.00 11.00 47.00 6.00 0.00 64.00 79.00 85.00 51.00 5.00 1.00 0.00 50.00 13.00 0.00 7.00 90.00 0.00 29.00 0.00 91.00 0.00 36.00 75.00 6.00 0.00 93.00 48.00 60.00 92.00
82 19.00 18.00 0.00 0.00 42.00 78.00 2.00 73.00 44.00 95.00 0.00 27.00 16.00 39.00 8.00 76.00 90.00 0.00 52.00 12.00 0.00 38.00 8.00 15.00 47.00 32.00 49.00 4.00 35.00 58.00 0.00 0.00 76.00 33.00 0.00 38.00 0.00 26.00 56.00 80.00 0.00 18.00 98.00 72.00 72.00 0.00 20.00 0.00 0.00 5.00 9.00 15.00 0.00 26.00 59.00 97.00 91.00 3.00 67.00 0.00 0.00 0.00 18.00 42.00 8.00 6.00 43.00 48.00 0.00 0.00 0.00 0.00 63.00 52.00 22.00 35.00 37.00 0.00 0.00 0.00 27.00 50.00 0.00 99.00 84.00 0.00 0.00 17.00 92.00 59.00 57.00 43.00 35.00 0.00 54.00 41.00 87.00 97.00 0.00 30.00
83 23.00 22.00 0.00 9.00 60.00 74.00 83.00 12.00 35.00 35.00 0.00 68.00 80.00 13.00 34.00 82.00 89.00 0.00 37.00 3.00 11.00 0.00 38.00 0.00 34.00 0.00 78.00 53.00 62.00 36.00 84.00 31.00 0.00 95.00 0.00 40.00 61.00 70.00 54.00 98.00 0.00 57.00 0.00 49.00 55.00 0.00 99.00 93.00 21.00 46.00 95.00 0.00 0.00 69.00 97.00 34.00 13.00 17.00 9.00 32.00 64.00 22.00 36.00 0.00 52.00 26.00 92.00 27.00 49.00 99.00 0.00 52.00 98.00 0.00 51.00 0.00 0.00 0.00 55.00 58.00 35.00 13.00 99.00 0.00 33.00 87.00 85.00 40.00 0.00 88.00 54.00 41.00 64.00 76.00 63.00 66.00 12.00 98.00 73.00 99.00
84 88.00 0.00 4.00 6.00 0.00 54.00 88.00 89.00 10.00 0.00 0.00 57.00 0.00 1.00 14.00 67.00 69.00 0.00 25.00 0.00 0.00 11.00 77.00 70.00 52.00 75.00 21.00 94.00 56.00 99.00 86.00 21.00 60.00 69.00 20.00 0.00 0.00 17.00 72.00 0.00 68.00 66.00 0.00 0.00 14.00 91.00 95.00 3.00 0.00 0.00 29.00 0.00 26.00 26.00 54.00 0.00 0.00 0.00 96.00 0.00 89.00 50.00 57.00 78.00 0.00 33.00 37.00 19.00 7.00 22.00 0.00 65.00 6.00 3.00 86.00 9.00 37.00 80.00 43.00 74.00 44.00 0.00 84.00 33.00 0.00 0.00 15.00 78.00 53.00 81.00 48.00 11.00 51.00 0.00 56.00 0.00 36.00 0.00 3.00 37.00
85 23.00 0.00 54.00 4.00 50.00 61.00 46.00 16.00 0.00 100.00 29.00 80.00 73.00 74.00 0.00 17.00 0.00 63.00 100.00 26.00 21.00 98.00 0.00 0.00 0.00 39.00 94.00 0.00 95.00 51.00 17.00 0.00 78.00 1.00 69.00 97.00 91.00 98.00 62.00 97.00 64.00 24.00 86.00 0.00 0.00 55.00 23.00 94.00 56.00 82.00 35.00 29.00 63.00 31.00 22.00 59.00 37.00 80.00 19.00 95.00 82.00 72.00 15.00 17.00 33.00 0.00 53.00 0.00 0.00 24.00 81.00 33.00 2.00 49.00 88.00 48.00 92.00 24.00 61.00 0.00 45.00 7.00 0.00 87.00 0.00 0.00 15.00 87.00 72.00 0.00 0.00 91.00 0.00 44.00 2.00 62.00 96.00 60.00 0.00 33.00
86 0.00 16.00 20.00 90.00 0.00 76.00 71.00 0.00 78.00 0.00 0.00 14.00 11.00 76.00 33.00 0.00 84.00 20.00 0.00 38.00 60.00 77.00 74.00 24.00 17.00 35.00 82.00 68.00 0.00 0.00 0.00 88.00 37.00 0.00 37.00 0.00 33.00 12.00 0.00 20.00 11.00 0.00 13.00 0.00 86.00 0.00 59.00 0.00 73.00 0.00 0.00 0.00 4.00 0.00 0.00 41.00 79.00 57.00 89.00 22.00 0.00 36.00 96.00 92.00 41.00 15.00 0.00 88.00 46.00 11.00 0.00 0.00 63.00 39.00 13.00 0.00 0.00 100.00 70.00 11.00 0.00 90.00 0.00 85.00 15.00 15.00 0.00 0.00 18.00 0.00 1.00 75.00 45.00 76.00 0.00 0.00 67.00 5.00 19.00 13.00
87 86.00 0.00 57.00 0.00 27.00 56.00 44.00 60.00 0.00 17.00 21.00 34.00 0.00 85.00 65.00 59.00 0.00 79.00 14.00 78.00 49.00 85.00 93.00 50.00 0.00 80.00 0.00 64.00 49.00 7.00 39.00 53.00 58.00 0.00 0.00 4.00 68.00 43.00 62.00 94.00 29.00 92.00 0.00 34.00 3.00 66.00 0.00 0.00 25.00 67.00 49.00 28.00 0.00 40.00 54.00 34.00 41.00 33.00 81.00 92.00 63.00 54.00 10.00 55.00 86.00 94.00 0.00 67.00 88.00 7.00 73.00 97.00 0.00 0.00 50.00 0.00 68.00 39.00 10.00 29.00 67.00 0.00 17.00 40.00 78.00 87.00 0.00 0.00 90.00 8.00 37.00 64.00 0.00 10.00 10.00 18.00 0.00 75.00 17.00 0.00
88 31.00 27.00 90.00 60.00 21.00 85.00 49.00 0.00 0.00 32.00 3.00 35.00 87.00 0.00 0.00 52.00 66.00 16.00 0.00 51.00 43.00 97.00 5.00 28.00 20.00 99.00 75.00 19.00 0.00 17.00 92.00 12.00 0.00 0.00 18.00 16.00 40.00 0.00 44.00 90.00 29.00 1.00 92.00 59.00 0.00 70.00 56.00 4.00 0.00 74.00 22.00 30.00 0.00 30.00 0.00 12.00 0.00 17.00 58.00 43.00 5.00 37.00 44.00 92.00 36.00 57.00 31.00 36.00 81.00 92.00 45.00 0.00 0.00 62.00 84.00 20.00 98.00 51.00 2.00 0.00 33.00 29.00 92.00 0.00 53.00 72.00 18.00 90.00 0.00 0.00 0.00 0.00 64.00 0.00 0.00 94.00 0.00 50.00 22.00 0.00
89 27.00 50.00 69.00 22.00 96.00 8.00 0.00 74.00 0.00 0.00 41.00 0.00 84.00 0.00 58.00 14.00 59.00 2.00 31.00 36.00 0.00 12.00 30.00 0.00 0.00 3.00 34.00 52.00 57.00 0.00 85.00 29.00 0.00 0.00 35.00 0.00 93.00 0.00 0.00 3.00 93.00 75.00 0.00 79.00 0.00 46.00 0.00 0.00 39.00 0.00 93.00 13.00 25.00 0.00 0.00 91.00 50.00 47.00 76.00 31.00 0.00 56.00 43.00 52.00 82.00 40.00 79.00 8.00 93.00 0.00 87.00 69.00 48.00 0.00 73.00 19.00 86.00 63.00 58.00 83.00 68.00 0.00 59.00 88.00 81.00 0.00 0.00 8.00 0.00 0.00 6.00 0.00 0.00 94.00 51.00 99.00 0.00 27.00 99.00 33.00
90 0.00 41.00 18.00 15.00 5.00 63.00 77.00 0.00 79.00 63.00 72.00 86.00 91.00 17.00 93.00 0.00 81.00 49.00 0.00 2.00 0.00 71.00 0.00 0.00 46.00 87.00 41.00 73.00 42.00 0.00 0.00 32.00 0.00 5.00 36.00 49.00 47.00 52.00 36.00 0.00 64.00 0.00 15.00 65.00 0.00 100.00 97.00 35.00 1.00 12.00 75.00 0.00 0.00 44.00 95.00 25.00 71.00 15.00 55.00 100.00 66.00 46.00 55.00 51.00 87.00 0.00 38.00 25.00 0.00 87.00 0.00 0.00 54.00 52.00 3.00 0.00 65.00 32.00 90.00 0.00 0.00 91.00 57.00 54.00 48.00 0.00 1.00 37.00 0.00 6.00 0.00 5.00 2.00 0.00 15.00 0.00 34.00 100.00 15.00 65.00
91 92.00 0.00 39.00 0.00 58.00 16.00 5.00 65.00 6.00 71.00 60.00 0.00 98.00 0.00 0.00 3.00 0.00 71.00 0.00 35.00 0.00 0.00 67.00 0.00 11.00 44.00 0.00 67.00 0.00 97.00 0.00 89.00 22.00 59.00 57.00 72.00 74.00 34.00 0.00 0.00 56.00 50.00 0.00 5.00 48.00 49.00 64.00 47.00 18.00 62.00 70.00 90.00 0.00 0.00 48.00 25.00 31.00 13.00 18.00 19.00 31.00 42.00 96.00 94.00 1.00 0.00 91.00 76.00 0.00 84.00 0.00 48.00 0.00 0.00 64.00 18.00 80.00 0.00 3.00 0.00 4.00 0.00 43.00 41.00 11.00 91.00 75.00 64.00 0.00 0.00 5.00 0.00 14.00 64.00 69.00 96.00 11.00 37.00 83.00 12.00
92 0.00 61.00 14.00 84.00 48.00 36.00 0.00 0.00 0.00 19.00 21.00 18.00 74.00 72.00 0.00 0.00 92.00 1.00 0.00 94.00 88.00 86.00 0.00 4.00 34.00 90.00 92.00 25.00 0.00 69.00 0.00 75.00 75.00 39.00 2.00 0.00 3.00 8.00 23.00 98.00 32.00 77.00 2.00 58.00 16.00 87.00 0.00 54.00 9.00 0.00 84.00 54.00 0.00 69.00 0.00 32.00 87.00 25.00 0.00 0.00 72.00 42.00 0.00 72.00 0.00 100.00 76.00 53.00 23.00 61.00 0.00 45.00 54.00 2.00 22.00 3.00 56.00 2.00 77.00 45.00 74.00 36.00 35.00 64.00 51.00 0.00 45.00 0.00 64.00 0.00 2.00 14.00 0.00 73.00 0.00 38.00 0.00 27.00 0.00 71.00
93 96.00 53.00 95.00 15.00 71.00 89.00 97.00 0.00 38.00 42.00 0.00 79.00 33.00 46.00 0.00 25.00 0.00 73.00 33.00 37.00 64.00 0.00 48.00 73.00 14.00 49.00 26.00 88.00 41.00 0.00 58.00 6.00 85.00 0.00 11.00 40.00 51.00 70.00 0.00 67.00 14.00 48.00 30.00 0.00 60.00 24.00 0.00 86.00 95.00 16.00 81.00 0.00 1.00 76.00 76.00 52.00 32.00 46.00 21.00 0.00 84.00 95.00 57.00 0.00 30.00 26.00 0.00 97.00 0.00 0.00 61.00 40.00 59.00 56.00 3.00 68.00 54.00 0.00 39.00 97.00 63.00 75.00 0.00 76.00 0.00 44.00 76.00 10.00 0.00 94.00 0.00 64.00 73.00 0.00 99.00 86.00 23.00 62.00 42.00 0.00
94 40.00 88.00 17.00 60.00 0.00 72.00 97.00 19.00 0.00 56.00 48.00 76.00 50.00 20.00 0.00 82.00 52.00 0.00 57.00 54.00 96.00 1.00 0.00 66.00 38.00 11.00 0.00 77.00 60.00 1.00 58.00 0.00 86.00 31.00 88.00 5.00 96.00 75.00 88.00 62.00 92.00 0.00 89.00 17.00 68.00 0.00 65.00 78.00 9.00 0.00 96.00 86.00 60.00 69.00 0.00 33.00 37.00 0.00 55.00 99.00 94.00 78.00 36.00 87.00 84.00 0.00 0.00 92.00 12.00 94.00 68.00 52.00 99.00 45.00 91.00 94.00 91.00 68.00 99.00 71.00 72.00 6.00 54.00 63.00 56.00 2.00 0.00 10.00 0.00 51.00 15.00 69.00 0.00 99.00 0.00 30.00 37.00 1.00 80.00 0.00
95 73.00 81.00 0.00 66.00 59.00 34.00 26.00 84.00 76.00 92.00 34.00 54.00 95.00 1.00 31.00 12.00 0.00 0.00 93.00 74.00 16.00 39.00 35.00 0.00 0.00 78.00 85.00 52.00 13.00 50.00 17.00 0.00 53.00 20.00 0.00 0.00 0.00 97.00 78.00 0.00 0.00 65.00 59.00 66.00 69.00 25.00 3.00 42.00 62.00 58.00 91.00 91.00 13.00 100.00 59.00 0.00 89.00 70.00 26.00 59.00 64.00 44.00 87.00 48.00 39.00 80.00 0.00 100.00 0.00 60.00 0.00 9.00 0.00 84.00 0.00 66.00 0.00 56.00 0.00 78.00 87.00 0.00 41.00 66.00 0.00 62.00 0.00 18.00 94.00 99.00 0.00 96.00 38.00 86.00 30.00 0.00 30.00 22.00 33.00 86.00
96 70.00 30.00 29.00 55.00 95.00 35.00 74.00 6.00 4.00 70.00 52.00 67.00 32.00 0.00 99.00 5.00 62.00 42.00 46.00 21.00 98.00 46.00 74.00 0.00 32.00 57.00 85.00 13.00 32.00 12.00 15.00 7.00 5.00 0.00 0.00 41.00 0.00 0.00 94.00 0.00 35.00 0.00 5.00 100.00 29.00 85.00 77.00 27.00 28.00 21.00 0.00 42.00 43.00 63.00 0.00 24.00 0.00 100.00 0.00 0.00 0.00 0.00 94.00 19.00 66.00 0.00 0.00 82.00 0.00 59.00 78.00 12.00 94.00 0.00 0.00 50.00 14.00 0.00 2.00 38.00 69.00 93.00 87.00 12.00 36.00 96.00 67.00 0.00 0.00 0.00 34.00 11.00 0.00 23.00 37.00 30.00 0.00 65.00 35.00 89.00
97 88.00 95.00 88.00 0.00 61.00 64.00 64.00 95.00 6.00 56.00 75.00 74.00 57.00 17.00 50.00 82.00 26.00 37.00 59.00 59.00 32.00 23.00 9.00 0.00 17.00 0.00 0.00 84.00 32.00 88.00 0.00 48.00 17.00 64.00 11.00 97.00 0.00 23.00 0.00 30.00 0.00 2.00 0.00 58.00 37.00 71.00 60.00 62.00 8.00 30.00 63.00 16.00 80.00 0.00 0.00 2.00 63.00 0.00 0.00 64.00 71.00 100.00 11.00 11.00 58.00 58.00 0.00 0.00 57.00 0.00 40.00 0.00 51.00 0.00 89.00 82.00 74.00 97.00 39.00 0.00 81.00 48.00 97.00 98.00 0.00 60.00 5.00 75.00 50.00 27.00 100.00 37.00 27.00 62.00 1.00 22.00 65.00 0.00 0.00 49.00
98 0.00 9.00 0.00 0.00 3.00 33.00 19.00 84.00 78.00 0.00 18.00 0.00 34.00 0.00 68.00 46.00 33.00 83.00 51.00 11.00 17.00 69.00 14.00 36.00 0.00 0.00 49.00 95.00 86.00 55.00 38.00 65.00 0.00 0.00 81.00 66.00 86.00 34.00 0.00 98.00 85.00 0.00 39.00 34.00 16.00 79.00 4.00 80.00 96.00 62.00 77.00 3.00 50.00 26.00 0.00 95.00 12.00 30.00 94.00 25.00 65.00 16.00 37.00 82.00 69.00 0.00 84.00 99.00 94.00 42.00 51.00 0.00 43.00 99.00 0.00 0.00 0.00 0.00 84.00 0.00 58.00 60.00 0.00 73.00 3.00 0.00 19.00 17.00 22.00 99.00 15.00 83.00 0.00 42.00 80.00 33.00 35.00 0.00 0.00 0.00
99 22.00 0.00 4.00 66.00 0.00 49.00 0.00 85.00 83.00 88.00 2.00 17.00 20.00 0.00 51.00 0.00 21.00 32.00 69.00 44.00 23.00 28.00 69.00 85.00 0.00 0.00 98.00 55.00 31.00 77.00 7.00 69.00 2.00 85.00 0.00 25.00 47.00 78.00 26.00 0.00 59.00 63.00 0.00 94.00 100.00 63.00 91.00 0.00 17.00 54.00 60.00 46.00 1.00 16.00 100.00 59.00 51.00 25.00 54.00 16.00 100.00 24.00 95.00 94.00 17.00 88.00 9.00 0.00 50.00 94.00 71.00 21.00 0.00 83.00 87.00 41.00 9.00 25.00 12.00 66.00 54.00 92.00 30.00 99.00 37.00 33.00 13.00 0.00 0.00 33.00 65.00 12.00 71.00 0.00 0.00 86.00 89.00 49.00 0.00 0.00
mcp_obj 31
mcp_gap 0
mcp_x 0 0 0 0 0 1 1 0 0 1 0 1 0 0 0 0 1 0 0 0 1 0 0 1 1 0 0 0 1 0 0 1 0 0 0 0 0 0 1 0 0 0 1 0 1 0 0 1 0 1 0 0 0 0 1 1 0 0 0 0 0 0 0 1 1 0 0 1 1 0 0 1 0 1 0 0 0 0 0 1 0 0 0 0 0 0 1 0 1 1 1 1 0 1 0 0 0 0 0 1
